domain,item_id,item_name,sub_type,base_price,current_price,competitor_price,price_ratio,total_capacity,inventory_remaining,inventory_ratio,occupancy_rate,days_remaining,is_weekend,season,season_multiplier,special_event,event_multiplier,customer_segment,price_sensitivity,purchase_frequency,conversion_rate,booking_velocity,demand_score,units_booked
flight,FLT-01,JetExpress 9W-110,HYD -> MAA,3600.0,4550.0,4990.0,1.097,140,6,0.043,0.96,1,0,Standard,1.0,Normal Day,1.0,Corporate Traveler,0.28,3.8,0.66,6.5,83.1,6
flight,FLT-02,Vistara Line UK-992,DEL -> BLR,6800.0,8380.0,12650.0,1.51,160,27,0.169,0.83,3,1,Vacation Peak,1.3,Weekend,1.15,Corporate Traveler,0.2,8.2,0.777,8.5,100.0,12
flight,FLT-03,Vistara Line UK-821,MAA -> DEL,6400.0,8480.0,18940.0,2.233,160,4,0.025,0.974,1,0,Festival Surge,1.45,Major Event,1.55,Corporate Traveler,0.23,0.7,0.775,4.5,100.0,4
flight,FLT-04,JetExpress 9W-110,HYD -> MAA,3600.0,4190.0,4260.0,1.017,140,27,0.193,0.805,11,1,Low Traffic,0.85,Weekend,1.15,Student Traveler,1.49,0.7,0.432,4.5,57.98,5
flight,FLT-05,Vistara Line UK-821,MAA -> DEL,6400.0,8340.0,6900.0,0.827,160,20,0.125,0.876,3,0,Low Traffic,0.85,Normal Day,1.0,Corporate Traveler,0.43,4.6,0.527,6.5,64.34,8
flight,FLT-06,Vistara Line UK-821,MAA -> DEL,6400.0,8420.0,18140.0,2.154,160,6,0.037,0.962,1,0,Festival Surge,1.45,Major Event,1.55,Corporate Traveler,0.22,4.1,0.776,2.5,100.0,5
flight,FLT-07,JetExpress 9W-110,HYD -> MAA,3600.0,3710.0,9680.0,2.609,140,42,0.3,0.697,1,1,Festival Surge,1.45,Major Event,1.55,Corporate Traveler,0.26,4.4,0.774,13.5,100.0,16
flight,FLT-08,SkyWings 6E-204,DEL -> BOM,5500.0,6470.0,14080.0,2.176,180,51,0.283,0.718,1,1,Festival Surge,1.45,Festival,1.5,Leisure Flyer,1.12,1.2,0.731,8.5,100.0,14
flight,FLT-01,Vistara Line UK-821,MAA -> DEL,6400.0,7880.0,11750.0,1.491,160,4,0.025,0.978,1,0,Low Traffic,0.85,Festival,1.5,Student Traveler,1.47,0.6,0.625,2.5,86.74,3
flight,FLT-02,AeroIndia AI-303,DEL -> DXB,14500.0,17080.0,17680.0,1.035,220,63,0.286,0.714,4,0,Standard,1.0,Normal Day,1.0,Corporate Traveler,0.15,8.6,0.649,5.5,80.55,8
flight,FLT-03,SkyWings 6E-204,DEL -> BOM,5500.0,6900.0,8840.0,1.281,180,35,0.194,0.804,2,1,Standard,1.0,Weekend,1.15,Leisure Flyer,1.09,1.3,0.607,7.5,81.3,11
flight,FLT-04,Vistara Line UK-992,DEL -> BLR,6800.0,5950.0,5870.0,0.987,160,124,0.775,0.224,44,0,Standard,1.0,Normal Day,1.0,Corporate Traveler,0.22,14.7,0.414,3.5,45.68,4
flight,FLT-05,AeroIndia AI-801,BOM -> GOA,4200.0,4360.0,4680.0,1.073,150,80,0.533,0.464,30,1,Standard,1.0,Weekend,1.15,Leisure Flyer,1.14,2.4,0.375,1.5,46.79,0
flight,FLT-06,SkyWings 6E-204,DEL -> BOM,5500.0,6150.0,10260.0,1.668,180,46,0.256,0.747,4,1,Vacation Peak,1.3,Weekend,1.15,Corporate Traveler,0.21,10.2,0.776,8.5,100.0,12
flight,FLT-07,JetExpress 9W-110,HYD -> MAA,3600.0,4580.0,4630.0,1.011,140,12,0.086,0.913,1,0,Standard,1.0,Normal Day,1.0,Student Traveler,1.37,0.6,0.528,7.5,71.43,7
flight,FLT-08,SkyWings 6E-204,DEL -> BOM,5500.0,6510.0,6110.0,0.939,180,49,0.272,0.728,5,0,Standard,1.0,Normal Day,1.0,Corporate Traveler,0.25,4.9,0.59,8.5,72.42,11
flight,FLT-01,JetExpress 9W-110,HYD -> MAA,3600.0,4470.0,10940.0,2.447,140,10,0.071,0.928,3,1,Festival Surge,1.45,Holiday,1.35,Leisure Flyer,1.1,0.5,0.732,11.5,100.0,10
flight,FLT-02,SkyWings 6E-512,BLR -> DEL,6200.0,7280.0,10600.0,1.456,180,34,0.189,0.811,2,0,Vacation Peak,1.3,Normal Day,1.0,Corporate Traveler,0.28,8.1,0.732,7.5,93.97,12
flight,FLT-03,AeroIndia AI-801,BOM -> GOA,4200.0,5380.0,6690.0,1.243,150,8,0.053,0.946,5,1,Standard,1.0,Weekend,1.15,Corporate Traveler,0.23,9.7,0.713,3.5,90.63,6
flight,FLT-04,SkyWings 6E-512,BLR -> DEL,6200.0,7000.0,17880.0,2.554,180,50,0.278,0.725,11,1,Festival Surge,1.45,Major Event,1.55,Student Traveler,1.4,0.4,0.717,19.5,100.0,29
flight,FLT-05,Vistara Line UK-821,MAA -> DEL,6400.0,7400.0,7570.0,1.023,160,37,0.231,0.768,9,1,Low Traffic,0.85,Weekend,1.15,Last-minute Rush,0.1,0.2,0.55,2.5,65.29,4
flight,FLT-06,JetExpress 9W-110,HYD -> MAA,3600.0,4220.0,5750.0,1.363,140,50,0.357,0.645,11,0,Vacation Peak,1.3,Normal Day,1.0,Corporate Traveler,0.23,9.9,0.705,4.5,89.43,7
flight,FLT-07,AeroIndia AI-303,DEL -> DXB,14500.0,17130.0,17770.0,1.037,220,57,0.259,0.741,6,0,Standard,1.0,Normal Day,1.0,Leisure Flyer,1.11,1.1,0.487,5.5,63.31,5
flight,FLT-08,JetExpress 9W-110,HYD -> MAA,3600.0,4330.0,10750.0,2.483,140,11,0.079,0.92,19,0,Festival Surge,1.45,Major Event,1.55,Last-minute Rush,0.16,2.2,0.779,6.5,100.0,11
flight,FLT-01,JetExpress 9W-110,HYD -> MAA,3600.0,4270.0,5970.0,1.398,140,24,0.171,0.826,4,1,Vacation Peak,1.3,Weekend,1.15,Corporate Traveler,0.3,11.6,0.772,9.5,100.0,14
flight,FLT-02,Vistara Line UK-821,MAA -> DEL,6400.0,6990.0,7690.0,1.1,160,69,0.431,0.568,24,1,Standard,1.0,Weekend,1.15,Student Traveler,1.44,3.1,0.425,3.5,56.5,4
flight,FLT-03,AeroIndia AI-801,BOM -> GOA,4200.0,5310.0,6640.0,1.25,150,11,0.073,0.925,2,0,Low Traffic,0.85,Holiday,1.35,Last-minute Rush,0.18,1.0,0.689,3.5,86.7,4
flight,FLT-04,AeroIndia AI-303,DEL -> DXB,14500.0,17840.0,21440.0,1.202,220,43,0.195,0.804,7,1,Standard,1.0,Weekend,1.15,Student Traveler,1.44,2.1,0.482,3.5,65.16,4
flight,FLT-05,AeroIndia AI-801,BOM -> GOA,4200.0,5050.0,4290.0,0.85,150,42,0.28,0.718,5,1,Low Traffic,0.85,Weekend,1.15,Student Traveler,1.41,3.5,0.497,9.5,67.08,11
flight,FLT-06,SkyWings 6E-512,BLR -> DEL,6200.0,7440.0,9180.0,1.234,180,43,0.239,0.762,9,1,Standard,1.0,Weekend,1.15,Student Traveler,1.41,0.2,0.534,4.5,72.71,5
flight,FLT-07,JetExpress 9W-110,HYD -> MAA,3600.0,4030.0,9310.0,2.31,140,48,0.343,0.656,8,0,Festival Surge,1.45,Major Event,1.55,Corporate Traveler,0.24,5.6,0.775,10.5,100.0,17
flight,FLT-08,JetExpress 9W-110,HYD -> MAA,3600.0,3980.0,4290.0,1.078,140,45,0.321,0.68,5,1,Low Traffic,0.85,Weekend,1.15,Student Traveler,1.35,1.5,0.51,10.5,68.65,9
flight,FLT-01,JetExpress 9W-110,HYD -> MAA,3600.0,3710.0,4300.0,1.159,140,67,0.479,0.524,37,1,Low Traffic,0.85,Weekend,1.15,Student Traveler,1.42,0.5,0.381,5.5,49.76,4
flight,FLT-02,SkyWings 6E-204,DEL -> BOM,5500.0,7110.0,17050.0,2.398,180,12,0.067,0.933,2,0,Festival Surge,1.45,Festival,1.5,Student Traveler,1.43,0.5,0.715,8.5,100.0,12
flight,FLT-03,AeroIndia AI-801,BOM -> GOA,4200.0,4750.0,5690.0,1.198,150,65,0.433,0.563,32,1,Vacation Peak,1.3,Weekend,1.15,Corporate Traveler,0.29,18.7,0.571,2.5,69.78,3
flight,FLT-04,SkyWings 6E-512,BLR -> DEL,6200.0,7430.0,15480.0,2.083,180,31,0.172,0.828,2,1,Festival Surge,1.45,Major Event,1.55,Corporate Traveler,0.3,19.1,0.772,4.5,100.0,8
flight,FLT-05,SkyWings 6E-204,DEL -> BOM,5500.0,6300.0,6850.0,1.087,180,59,0.328,0.672,11,1,Standard,1.0,Weekend,1.15,Student Traveler,1.39,0.5,0.463,2.5,61.91,2
flight,FLT-06,AeroIndia AI-801,BOM -> GOA,4200.0,4900.0,11290.0,2.304,150,31,0.207,0.793,4,1,Vacation Peak,1.3,Festival,1.5,Last-minute Rush,0.16,3.0,0.779,9.5,100.0,14
flight,FLT-07,AeroIndia AI-801,BOM -> GOA,4200.0,4950.0,4040.0,0.816,150,46,0.307,0.692,17,0,Low Traffic,0.85,Normal Day,1.0,Leisure Flyer,1.08,0.3,0.342,2.5,41.44,2
flight,FLT-08,SkyWings 6E-512,BLR -> DEL,6200.0,7700.0,10380.0,1.348,180,4,0.022,0.98,4,0,Vacation Peak,1.3,Normal Day,1.0,Corporate Traveler,0.18,7.4,0.762,10.5,97.7,4
flight,FLT-01,SkyWings 6E-204,DEL -> BOM,5500.0,6800.0,11060.0,1.626,180,17,0.094,0.904,11,1,Standard,1.0,Holiday,1.35,Last-minute Rush,0.26,1.8,0.774,6.5,100.0,11
flight,FLT-02,SkyWings 6E-204,DEL -> BOM,5500.0,5530.0,12850.0,2.324,180,90,0.5,0.5,40,0,Festival Surge,1.45,Holiday,1.35,Last-minute Rush,0.16,0.8,0.779,6.5,100.0,10
flight,FLT-03,Vistara Line UK-992,DEL -> BLR,6800.0,8260.0,12200.0,1.477,160,13,0.081,0.92,3,1,Standard,1.0,Holiday,1.35,Corporate Traveler,0.28,17.0,0.773,5.5,100.0,11
flight,FLT-04,JetExpress 9W-110,HYD -> MAA,3600.0,4380.0,4160.0,0.95,140,34,0.243,0.754,3,1,Low Traffic,0.85,Weekend,1.15,Student Traveler,1.36,0.2,0.456,7.5,60.57,5
flight,FLT-05,Vistara Line UK-821,MAA -> DEL,6400.0,7740.0,7350.0,0.95,160,25,0.156,0.845,4,0,Standard,1.0,Normal Day,1.0,Last-minute Rush,0.12,0.7,0.586,7.5,70.85,8
flight,FLT-06,SkyWings 6E-512,BLR -> DEL,6200.0,6870.0,6070.0,0.884,180,34,0.189,0.811,9,0,Low Traffic,0.85,Normal Day,1.0,Corporate Traveler,0.26,7.1,0.567,1.5,68.96,2
flight,FLT-07,JetExpress 9W-110,HYD -> MAA,3600.0,3960.0,3680.0,0.929,140,46,0.329,0.675,7,0,Low Traffic,0.85,Normal Day,1.0,Last-minute Rush,0.1,3.1,0.512,1.5,59.51,2
flight,FLT-08,AeroIndia AI-303,DEL -> DXB,14500.0,19540.0,18160.0,0.929,220,13,0.059,0.942,2,0,Standard,1.0,Normal Day,1.0,Leisure Flyer,1.12,0.5,0.553,7.5,73.38,11
flight,FLT-01,JetExpress 9W-110,HYD -> MAA,3600.0,4610.0,9430.0,2.046,140,3,0.021,0.98,3,0,Festival Surge,1.45,Festival,1.5,Corporate Traveler,0.17,4.1,0.778,9.5,100.0,3
flight,FLT-02,SkyWings 6E-512,BLR -> DEL,6200.0,8060.0,8390.0,1.041,180,4,0.022,0.98,8,1,Low Traffic,0.85,Weekend,1.15,Leisure Flyer,1.12,0.0,0.516,1.5,67.78,2
flight,FLT-03,Vistara Line UK-992,DEL -> BLR,6800.0,7860.0,7540.0,0.959,160,29,0.181,0.819,17,0,Standard,1.0,Normal Day,1.0,Student Traveler,1.38,0.6,0.402,1.5,52.62,2
flight,FLT-04,Vistara Line UK-992,DEL -> BLR,6800.0,8520.0,20060.0,2.354,160,18,0.113,0.885,4,0,Festival Surge,1.45,Major Event,1.55,Corporate Traveler,0.24,5.3,0.775,5.5,100.0,6
flight,FLT-05,JetExpress 9W-110,HYD -> MAA,3600.0,4010.0,4740.0,1.182,140,42,0.3,0.703,17,1,Standard,1.0,Weekend,1.15,Leisure Flyer,1.07,0.2,0.484,1.5,62.69,2
flight,FLT-06,AeroIndia AI-801,BOM -> GOA,4200.0,4820.0,3900.0,0.809,150,56,0.373,0.63,19,0,Low Traffic,0.85,Normal Day,1.0,Student Traveler,1.42,2.9,0.332,2.5,42.5,3
flight,FLT-07,SkyWings 6E-204,DEL -> BOM,5500.0,5510.0,5070.0,0.92,180,91,0.506,0.493,29,1,Low Traffic,0.85,Weekend,1.15,Leisure Flyer,1.1,0.3,0.333,1.5,40.13,1
flight,FLT-08,Vistara Line UK-992,DEL -> BLR,6800.0,9000.0,21770.0,2.419,160,3,0.019,0.98,2,0,Festival Surge,1.45,Major Event,1.55,Leisure Flyer,1.05,1.1,0.734,6.5,100.0,3
flight,FLT-01,JetExpress 9W-110,HYD -> MAA,3600.0,3830.0,4950.0,1.292,140,64,0.457,0.543,32,0,Vacation Peak,1.3,Normal Day,1.0,Leisure Flyer,1.12,3.8,0.449,2.5,57.82,3
flight,FLT-02,SkyWings 6E-512,BLR -> DEL,6200.0,7550.0,6380.0,0.845,180,52,0.289,0.711,4,0,Standard,1.0,Normal Day,1.0,Corporate Traveler,0.25,4.7,0.595,8.5,73.07,11
flight,FLT-03,SkyWings 6E-204,DEL -> BOM,5500.0,7420.0,8630.0,1.163,180,28,0.156,0.843,2,0,Vacation Peak,1.3,Normal Day,1.0,Leisure Flyer,1.14,0.1,0.542,5.5,71.92,6
flight,FLT-04,JetExpress 9W-110,HYD -> MAA,3600.0,4320.0,4490.0,1.039,140,36,0.257,0.741,5,0,Standard,1.0,Normal Day,1.0,Student Traveler,1.39,2.5,0.52,7.5,70.38,8
flight,FLT-05,SkyWings 6E-512,BLR -> DEL,6200.0,6780.0,15200.0,2.242,180,50,0.278,0.721,8,1,Festival Surge,1.45,Holiday,1.35,Last-minute Rush,0.12,0.1,0.781,2.5,100.0,2
flight,FLT-06,SkyWings 6E-512,BLR -> DEL,6200.0,7160.0,7410.0,1.035,180,62,0.344,0.654,11,0,Low Traffic,0.85,Holiday,1.35,Corporate Traveler,0.24,4.5,0.61,4.5,75.36,7
flight,FLT-07,SkyWings 6E-204,DEL -> BOM,5500.0,5520.0,5660.0,1.025,180,109,0.606,0.394,30,1,Low Traffic,0.85,Weekend,1.15,Corporate Traveler,0.25,7.8,0.477,4.5,55.45,4
flight,FLT-08,AeroIndia AI-801,BOM -> GOA,4200.0,5290.0,6720.0,1.27,150,16,0.107,0.896,7,0,Standard,1.0,Holiday,1.35,Corporate Traveler,0.19,9.7,0.682,5.5,85.69,8
flight,FLT-01,JetExpress 9W-110,HYD -> MAA,3600.0,4250.0,4010.0,0.944,140,50,0.357,0.644,27,0,Low Traffic,0.85,Normal Day,1.0,Corporate Traveler,0.28,16.2,0.55,7.5,66.6,10
flight,FLT-02,SkyWings 6E-204,DEL -> BOM,5500.0,6760.0,10880.0,1.609,180,47,0.261,0.738,13,0,Vacation Peak,1.3,Holiday,1.35,Corporate Traveler,0.22,4.6,0.776,8.5,100.0,16
flight,FLT-03,AeroIndia AI-801,BOM -> GOA,4200.0,4500.0,5730.0,1.273,150,50,0.333,0.668,11,0,Standard,1.0,Normal Day,1.0,Corporate Traveler,0.27,6.2,0.641,1.5,80.17,1
flight,FLT-04,SkyWings 6E-204,DEL -> BOM,5500.0,6120.0,5650.0,0.923,180,47,0.261,0.738,20,1,Low Traffic,0.85,Weekend,1.15,Student Traveler,1.37,0.9,0.428,5.5,56.52,8
flight,FLT-05,JetExpress 9W-110,HYD -> MAA,3600.0,3980.0,4060.0,1.02,140,48,0.343,0.661,16,0,Standard,1.0,Normal Day,1.0,Corporate Traveler,0.27,13.4,0.603,8.5,74.5,10
flight,FLT-06,SkyWings 6E-512,BLR -> DEL,6200.0,6640.0,7640.0,1.151,180,85,0.472,0.527,20,1,Standard,1.0,Weekend,1.15,Corporate Traveler,0.16,10.5,0.593,2.5,72.09,4
flight,FLT-07,AeroIndia AI-801,BOM -> GOA,4200.0,4990.0,4220.0,0.846,150,47,0.313,0.689,10,0,Low Traffic,0.85,Normal Day,1.0,Last-minute Rush,0.12,1.1,0.49,2.5,56.33,4
flight,FLT-08,AeroIndia AI-303,DEL -> DXB,14500.0,16700.0,18910.0,1.132,220,79,0.359,0.639,18,0,Standard,1.0,Normal Day,1.0,Corporate Traveler,0.25,5.8,0.552,4.5,66.63,4
flight,FLT-01,JetExpress 9W-445,BOM -> CCU,5800.0,7000.0,8530.0,1.219,180,44,0.244,0.753,10,1,Standard,1.0,Weekend,1.15,Corporate Traveler,0.19,8.8,0.61,3.5,74.95,4
flight,FLT-02,JetExpress 9W-110,HYD -> MAA,3600.0,4230.0,5480.0,1.296,140,49,0.35,0.653,9,0,Vacation Peak,1.3,Normal Day,1.0,Corporate Traveler,0.23,7.5,0.658,3.5,82.49,6
flight,FLT-03,Vistara Line UK-992,DEL -> BLR,6800.0,8950.0,18440.0,2.06,160,4,0.025,0.977,3,1,Festival Surge,1.45,Festival,1.5,Last-minute Rush,0.2,1.1,0.777,12.5,100.0,4
flight,FLT-04,AeroIndia AI-303,DEL -> DXB,14500.0,15530.0,32060.0,2.064,220,104,0.473,0.528,21,0,Vacation Peak,1.3,Major Event,1.55,Corporate Traveler,0.24,6.0,0.775,9.5,100.0,14
flight,FLT-05,SkyWings 6E-204,DEL -> BOM,5500.0,6650.0,9860.0,1.483,180,21,0.117,0.882,1,0,Vacation Peak,1.3,Normal Day,1.0,Corporate Traveler,0.2,10.7,0.777,4.5,100.0,9
flight,FLT-06,AeroIndia AI-801,BOM -> GOA,4200.0,4610.0,10570.0,2.293,150,34,0.227,0.773,10,0,Festival Surge,1.45,Major Event,1.55,Leisure Flyer,1.0,0.3,0.737,12.5,100.0,19
flight,FLT-07,Vistara Line UK-821,MAA -> DEL,6400.0,6880.0,16460.0,2.392,160,50,0.312,0.687,21,1,Festival Surge,1.45,Holiday,1.35,Corporate Traveler,0.26,5.2,0.774,8.5,100.0,14
flight,FLT-08,AeroIndia AI-801,BOM -> GOA,4200.0,4830.0,4780.0,0.99,150,53,0.353,0.65,19,0,Standard,1.0,Normal Day,1.0,Leisure Flyer,1.11,0.5,0.391,0.5,48.98,1
flight,FLT-01,Vistara Line UK-992,DEL -> BLR,6800.0,8360.0,7480.0,0.895,160,23,0.144,0.856,2,0,Low Traffic,0.85,Normal Day,1.0,Student Traveler,1.38,3.0,0.475,8.5,63.63,7
flight,FLT-02,Vistara Line UK-821,MAA -> DEL,6400.0,8080.0,18390.0,2.276,160,18,0.113,0.89,5,1,Festival Surge,1.45,Holiday,1.35,Student Traveler,1.38,1.0,0.718,7.5,100.0,11
flight,FLT-03,SkyWings 6E-512,BLR -> DEL,6200.0,8530.0,10400.0,1.219,180,4,0.022,0.98,3,0,Standard,1.0,Holiday,1.35,Student Traveler,1.37,1.2,0.609,3.5,83.56,4
flight,FLT-04,AeroIndia AI-801,BOM -> GOA,4200.0,4480.0,4220.0,0.942,150,55,0.367,0.634,30,0,Low Traffic,0.85,Normal Day,1.0,Last-minute Rush,0.17,0.8,0.417,5.5,45.87,4
flight,FLT-05,SkyWings 6E-204,DEL -> BOM,5500.0,6300.0,7150.0,1.135,180,72,0.4,0.6,29,0,Vacation Peak,1.3,Normal Day,1.0,Last-minute Rush,0.17,0.1,0.557,3.5,66.78,3
flight,FLT-06,JetExpress 9W-445,BOM -> CCU,5800.0,6640.0,7170.0,1.08,180,43,0.239,0.763,9,0,Standard,1.0,Normal Day,1.0,Leisure Flyer,1.15,1.6,0.47,3.5,61.13,3
flight,FLT-07,Vistara Line UK-821,MAA -> DEL,6400.0,7540.0,6480.0,0.859,160,23,0.144,0.853,4,1,Low Traffic,0.85,Weekend,1.15,Corporate Traveler,0.28,6.5,0.619,8.5,76.94,12
flight,FLT-08,JetExpress 9W-445,BOM -> CCU,5800.0,6360.0,14770.0,2.322,180,79,0.439,0.562,21,1,Festival Surge,1.45,Festival,1.5,Leisure Flyer,1.15,0.9,0.729,8.5,100.0,12
flight,FLT-01,AeroIndia AI-801,BOM -> GOA,4200.0,4930.0,5110.0,1.037,150,32,0.213,0.787,6,0,Standard,1.0,Normal Day,1.0,Corporate Traveler,0.27,4.0,0.669,3.5,84.33,5
flight,FLT-02,AeroIndia AI-303,DEL -> DXB,14500.0,15980.0,20930.0,1.31,220,85,0.386,0.612,12,0,Vacation Peak,1.3,Normal Day,1.0,Corporate Traveler,0.18,4.6,0.63,3.5,77.89,5
flight,FLT-03,JetExpress 9W-445,BOM -> CCU,5800.0,6980.0,7570.0,1.085,180,25,0.139,0.863,16,0,Standard,1.0,Normal Day,1.0,Corporate Traveler,0.29,9.4,0.559,2.5,68.05,3
flight,FLT-04,AeroIndia AI-303,DEL -> DXB,14500.0,17200.0,23280.0,1.353,220,56,0.255,0.744,14,0,Vacation Peak,1.3,Normal Day,1.0,Corporate Traveler,0.27,4.5,0.674,3.5,85.2,5
flight,FLT-05,JetExpress 9W-110,HYD -> MAA,3600.0,4450.0,8270.0,1.858,140,42,0.3,0.7,6,1,Vacation Peak,1.3,Major Event,1.55,Leisure Flyer,1.1,2.8,0.732,6.5,100.0,12
flight,FLT-06,Vistara Line UK-821,MAA -> DEL,6400.0,6610.0,6920.0,1.047,160,93,0.581,0.421,16,1,Low Traffic,0.85,Weekend,1.15,Leisure Flyer,1.11,0.7,0.368,2.5,45.57,2
flight,FLT-07,SkyWings 6E-512,BLR -> DEL,6200.0,7890.0,12920.0,1.638,180,4,0.022,0.98,2,1,Standard,1.0,Major Event,1.55,Corporate Traveler,0.3,3.7,0.772,10.5,100.0,4
flight,FLT-08,SkyWings 6E-204,DEL -> BOM,5500.0,6620.0,8820.0,1.332,180,53,0.294,0.706,19,1,Vacation Peak,1.3,Weekend,1.15,Leisure Flyer,1.15,2.4,0.5,1.5,65.57,2
flight,FLT-01,SkyWings 6E-204,DEL -> BOM,5500.0,6150.0,6150.0,1.0,180,44,0.244,0.755,4,0,Standard,1.0,Normal Day,1.0,Corporate Traveler,0.19,16.0,0.584,1.5,70.99,1
flight,FLT-02,AeroIndia AI-801,BOM -> GOA,4200.0,4900.0,4310.0,0.88,150,38,0.253,0.75,4,0,Low Traffic,0.85,Normal Day,1.0,Leisure Flyer,1.09,0.8,0.495,7.5,64.41,6
flight,FLT-03,JetExpress 9W-445,BOM -> CCU,5800.0,6950.0,5760.0,0.829,180,32,0.178,0.822,2,0,Low Traffic,0.85,Normal Day,1.0,Corporate Traveler,0.22,5.0,0.582,5.5,70.97,9
flight,FLT-04,JetExpress 9W-110,HYD -> MAA,3600.0,4390.0,5510.0,1.255,140,49,0.35,0.647,16,0,Vacation Peak,1.3,Normal Day,1.0,Leisure Flyer,1.15,0.2,0.56,5.5,74.65,7
flight,FLT-05,Vistara Line UK-821,MAA -> DEL,6400.0,7420.0,8040.0,1.084,160,47,0.294,0.707,15,1,Standard,1.0,Weekend,1.15,Corporate Traveler,0.21,8.8,0.597,4.5,73.18,6
flight,FLT-06,JetExpress 9W-445,BOM -> CCU,5800.0,7330.0,6930.0,0.945,180,15,0.083,0.917,5,1,Standard,1.0,Weekend,1.15,Last-minute Rush,0.16,1.7,0.637,8.5,78.8,12
flight,FLT-07,SkyWings 6E-512,BLR -> DEL,6200.0,7290.0,9070.0,1.244,180,71,0.394,0.604,30,0,Low Traffic,0.85,Festival,1.5,Corporate Traveler,0.21,13.0,0.639,2.5,79.39,3
flight,FLT-08,AeroIndia AI-303,DEL -> DXB,14500.0,17730.0,17110.0,0.965,220,38,0.173,0.826,1,0,Standard,1.0,Normal Day,1.0,Leisure Flyer,1.05,0.9,0.587,11.5,77.89,13
flight,FLT-01,AeroIndia AI-303,DEL -> DXB,14500.0,14580.0,15750.0,1.08,220,98,0.445,0.556,44,1,Low Traffic,0.85,Weekend,1.15,Corporate Traveler,0.28,3.1,0.445,4.5,50.88,4
flight,FLT-02,Vistara Line UK-992,DEL -> BLR,6800.0,8690.0,18950.0,2.181,160,23,0.144,0.854,15,1,Festival Surge,1.45,Major Event,1.55,Corporate Traveler,0.26,2.5,0.774,5.5,100.0,11
flight,FLT-03,SkyWings 6E-204,DEL -> BOM,5500.0,5940.0,10050.0,1.692,180,74,0.411,0.589,25,1,Vacation Peak,1.3,Weekend,1.15,Corporate Traveler,0.23,9.5,0.697,3.5,88.29,4
flight,FLT-04,Vistara Line UK-821,MAA -> DEL,6400.0,7090.0,8190.0,1.155,160,75,0.469,0.533,36,1,Standard,1.0,Weekend,1.15,Last-minute Rush,0.18,1.5,0.557,3.5,66.93,5
flight,FLT-05,SkyWings 6E-512,BLR -> DEL,6200.0,7400.0,15000.0,2.027,180,29,0.161,0.837,5,0,Festival Surge,1.45,Holiday,1.35,Corporate Traveler,0.29,14.8,0.772,7.5,100.0,13
flight,FLT-06,SkyWings 6E-204,DEL -> BOM,5500.0,6000.0,6030.0,1.005,180,69,0.383,0.616,29,0,Standard,1.0,Normal Day,1.0,Corporate Traveler,0.27,3.6,0.482,4.5,56.35,5
flight,FLT-07,SkyWings 6E-512,BLR -> DEL,6200.0,7780.0,10350.0,1.33,180,33,0.183,0.818,12,0,Vacation Peak,1.3,Normal Day,1.0,Corporate Traveler,0.26,9.8,0.658,1.5,82.59,2
flight,FLT-08,Vistara Line UK-821,MAA -> DEL,6400.0,8240.0,7410.0,0.899,160,3,0.019,0.98,9,0,Low Traffic,0.85,Normal Day,1.0,Last-minute Rush,0.14,2.1,0.57,3.5,68.57,3
flight,FLT-01,AeroIndia AI-801,BOM -> GOA,4200.0,5130.0,6220.0,1.212,150,24,0.16,0.842,4,0,Standard,1.0,Normal Day,1.0,Student Traveler,1.44,1.4,0.562,7.5,77.09,7
flight,FLT-02,JetExpress 9W-110,HYD -> MAA,3600.0,4500.0,6960.0,1.547,140,26,0.186,0.814,27,1,Vacation Peak,1.3,Weekend,1.15,Leisure Flyer,1.12,1.1,0.607,1.5,81.52,2
flight,FLT-03,AeroIndia AI-303,DEL -> DXB,14500.0,16460.0,18410.0,1.118,220,94,0.427,0.571,11,1,Standard,1.0,Weekend,1.15,Leisure Flyer,1.07,0.2,0.504,2.5,65.56,3
flight,FLT-04,SkyWings 6E-512,BLR -> DEL,6200.0,7900.0,8030.0,1.016,180,45,0.25,0.75,6,0,Standard,1.0,Normal Day,1.0,Leisure Flyer,1.14,0.6,0.495,8.5,64.85,9
flight,FLT-05,SkyWings 6E-512,BLR -> DEL,6200.0,7710.0,17290.0,2.243,180,33,0.183,0.816,5,1,Festival Surge,1.45,Festival,1.5,Last-minute Rush,0.06,1.4,0.784,6.5,100.0,10
flight,FLT-06,Vistara Line UK-992,DEL -> BLR,6800.0,8730.0,8090.0,0.927,160,27,0.169,0.831,3,0,Low Traffic,0.85,Normal Day,1.0,Last-minute Rush,0.16,1.1,0.62,6.5,76.18,5
flight,FLT-07,AeroIndia AI-303,DEL -> DXB,14500.0,16960.0,16400.0,0.967,220,77,0.35,0.648,2,0,Low Traffic,0.85,Normal Day,1.0,Leisure Flyer,1.17,3.7,0.479,8.5,62.65,7
flight,FLT-08,SkyWings 6E-204,DEL -> BOM,5500.0,6790.0,14760.0,2.174,180,32,0.178,0.822,21,0,Festival Surge,1.45,Major Event,1.55,Leisure Flyer,1.12,0.5,0.731,8.5,100.0,12
flight,FLT-01,SkyWings 6E-204,DEL -> BOM,5500.0,6030.0,9580.0,1.589,180,65,0.361,0.636,22,0,Vacation Peak,1.3,Normal Day,1.0,Leisure Flyer,1.09,4.4,0.596,5.5,79.56,6
flight,FLT-02,Vistara Line UK-992,DEL -> BLR,6800.0,8420.0,8300.0,0.986,160,26,0.163,0.838,7,1,Low Traffic,0.85,Weekend,1.15,Corporate Traveler,0.24,8.7,0.535,2.5,64.07,3
flight,FLT-03,Vistara Line UK-992,DEL -> BLR,6800.0,7890.0,6910.0,0.876,160,43,0.269,0.732,17,0,Low Traffic,0.85,Normal Day,1.0,Corporate Traveler,0.22,5.4,0.49,1.5,57.17,2
flight,FLT-04,SkyWings 6E-512,BLR -> DEL,6200.0,7230.0,8590.0,1.188,180,70,0.389,0.61,10,1,Standard,1.0,Weekend,1.15,Leisure Flyer,1.07,3.3,0.432,1.5,54.88,1
flight,FLT-05,SkyWings 6E-204,DEL -> BOM,5500.0,6360.0,6960.0,1.094,180,53,0.294,0.708,9,0,Standard,1.0,Normal Day,1.0,Corporate Traveler,0.26,2.4,0.64,6.5,80.0,11
flight,FLT-06,AeroIndia AI-303,DEL -> DXB,14500.0,15880.0,30770.0,1.938,220,87,0.395,0.605,23,0,Festival Surge,1.45,Holiday,1.35,Corporate Traveler,0.28,4.7,0.773,5.5,100.0,10
flight,FLT-07,Vistara Line UK-992,DEL -> BLR,6800.0,8120.0,18970.0,2.336,160,16,0.1,0.898,11,0,Festival Surge,1.45,Festival,1.5,Corporate Traveler,0.21,5.5,0.776,5.5,100.0,10
flight,FLT-08,SkyWings 6E-204,DEL -> BOM,5500.0,6550.0,8610.0,1.315,180,23,0.128,0.874,11,0,Standard,1.0,Holiday,1.35,Leisure Flyer,1.09,2.6,0.621,9.5,83.28,10
flight,FLT-01,SkyWings 6E-512,BLR -> DEL,6200.0,7300.0,16770.0,2.297,180,50,0.278,0.72,18,1,Festival Surge,1.45,Festival,1.5,Leisure Flyer,1.11,1.6,0.731,11.5,100.0,15
flight,FLT-02,Vistara Line UK-992,DEL -> BLR,6800.0,8730.0,8680.0,0.994,160,13,0.081,0.919,2,0,Standard,1.0,Normal Day,1.0,Corporate Traveler,0.28,9.2,0.696,4.5,88.53,5
flight,FLT-03,JetExpress 9W-110,HYD -> MAA,3600.0,4150.0,5280.0,1.272,140,30,0.214,0.783,8,0,Vacation Peak,1.3,Normal Day,1.0,Corporate Traveler,0.22,14.6,0.735,4.5,93.89,6
flight,FLT-04,JetExpress 9W-110,HYD -> MAA,3600.0,4200.0,5450.0,1.298,140,15,0.107,0.894,18,1,Low Traffic,0.85,Major Event,1.55,Leisure Flyer,1.15,2.6,0.683,6.5,93.14,9
flight,FLT-05,Vistara Line UK-821,MAA -> DEL,6400.0,7310.0,8020.0,1.097,160,40,0.25,0.75,13,1,Standard,1.0,Weekend,1.15,Student Traveler,1.34,0.3,0.492,3.5,65.81,5
flight,FLT-06,JetExpress 9W-445,BOM -> CCU,5800.0,6150.0,7520.0,1.223,180,81,0.45,0.553,45,0,Vacation Peak,1.3,Normal Day,1.0,Student Traveler,1.37,0.6,0.466,4.5,62.24,5
flight,FLT-07,Vistara Line UK-821,MAA -> DEL,6400.0,7240.0,8260.0,1.141,160,76,0.475,0.526,32,0,Standard,1.0,Festival,1.5,Leisure Flyer,1.08,0.6,0.519,6.5,67.91,8
flight,FLT-08,AeroIndia AI-801,BOM -> GOA,4200.0,5230.0,6150.0,1.176,150,20,0.133,0.867,5,1,Standard,1.0,Weekend,1.15,Corporate Traveler,0.26,5.7,0.653,4.5,81.94,8
flight,FLT-01,SkyWings 6E-512,BLR -> DEL,6200.0,6750.0,6100.0,0.904,180,73,0.406,0.594,16,0,Standard,1.0,Normal Day,1.0,Leisure Flyer,1.13,1.9,0.504,6.5,66.07,6
flight,FLT-02,Vistara Line UK-821,MAA -> DEL,6400.0,7840.0,9950.0,1.269,160,13,0.081,0.92,2,1,Standard,1.0,Weekend,1.15,Leisure Flyer,1.0,0.7,0.703,9.5,94.98,13
flight,FLT-03,JetExpress 9W-445,BOM -> CCU,5800.0,6290.0,4920.0,0.782,180,50,0.278,0.725,6,0,Low Traffic,0.85,Normal Day,1.0,Corporate Traveler,0.25,5.1,0.472,1.5,54.62,1
flight,FLT-04,SkyWings 6E-204,DEL -> BOM,5500.0,6370.0,6410.0,1.006,180,38,0.211,0.788,6,0,Low Traffic,0.85,Normal Day,1.0,Student Traveler,1.38,0.1,0.468,5.5,62.52,4
flight,FLT-05,JetExpress 9W-445,BOM -> CCU,5800.0,6990.0,6790.0,0.971,180,39,0.217,0.785,4,0,Standard,1.0,Normal Day,1.0,Last-minute Rush,0.2,1.3,0.594,4.5,72.64,4
flight,FLT-06,Vistara Line UK-821,MAA -> DEL,6400.0,7170.0,7680.0,1.071,160,31,0.194,0.809,2,0,Standard,1.0,Normal Day,1.0,Leisure Flyer,1.13,0.4,0.483,6.5,62.96,7
flight,FLT-07,SkyWings 6E-512,BLR -> DEL,6200.0,7240.0,7780.0,1.075,180,34,0.189,0.812,8,0,Standard,1.0,Normal Day,1.0,Corporate Traveler,0.2,8.1,0.627,2.5,77.51,4
flight,FLT-08,AeroIndia AI-303,DEL -> DXB,14500.0,17750.0,39380.0,2.219,220,59,0.268,0.732,8,1,Festival Surge,1.45,Major Event,1.55,Student Traveler,1.35,0.2,0.719,7.5,100.0,8
flight,FLT-01,SkyWings 6E-512,BLR -> DEL,6200.0,6290.0,7670.0,1.219,180,77,0.428,0.573,7,1,Standard,1.0,Weekend,1.15,Leisure Flyer,1.06,1.0,0.504,3.5,65.52,3
flight,FLT-02,SkyWings 6E-512,BLR -> DEL,6200.0,7620.0,8750.0,1.148,180,32,0.178,0.824,6,0,Standard,1.0,Normal Day,1.0,Student Traveler,1.4,0.9,0.438,4.5,58.23,4
flight,FLT-03,SkyWings 6E-512,BLR -> DEL,6200.0,6430.0,6410.0,0.997,180,100,0.556,0.443,45,0,Standard,1.0,Normal Day,1.0,Corporate Traveler,0.27,9.7,0.46,4.5,53.0,5
flight,FLT-04,SkyWings 6E-512,BLR -> DEL,6200.0,7550.0,9470.0,1.254,180,39,0.217,0.785,7,1,Standard,1.0,Weekend,1.15,Corporate Traveler,0.3,5.3,0.633,2.5,79.25,5
flight,FLT-05,JetExpress 9W-445,BOM -> CCU,5800.0,6930.0,15800.0,2.28,180,4,0.022,0.98,7,1,Festival Surge,1.45,Festival,1.5,Last-minute Rush,0.16,0.8,0.779,7.5,100.0,4
flight,FLT-06,SkyWings 6E-512,BLR -> DEL,6200.0,7420.0,16770.0,2.26,180,52,0.289,0.711,12,1,Festival Surge,1.45,Major Event,1.55,Leisure Flyer,1.17,0.7,0.728,6.5,100.0,9
flight,FLT-07,JetExpress 9W-445,BOM -> CCU,5800.0,6720.0,6810.0,1.013,180,64,0.356,0.642,6,0,Standard,1.0,Normal Day,1.0,Student Traveler,1.41,1.3,0.387,1.5,50.59,2
flight,FLT-08,Vistara Line UK-821,MAA -> DEL,6400.0,7150.0,16440.0,2.299,160,75,0.469,0.534,22,1,Festival Surge,1.45,Major Event,1.55,Corporate Traveler,0.24,14.6,0.775,6.5,100.0,8
flight,FLT-01,SkyWings 6E-204,DEL -> BOM,5500.0,6940.0,15090.0,2.174,180,21,0.117,0.881,1,0,Festival Surge,1.45,Festival,1.5,Last-minute Rush,0.21,5.2,0.776,6.5,100.0,10
flight,FLT-02,JetExpress 9W-110,HYD -> MAA,3600.0,4200.0,4650.0,1.107,140,40,0.286,0.717,5,0,Low Traffic,0.85,Holiday,1.35,Leisure Flyer,1.03,0.8,0.55,6.5,72.19,7
flight,FLT-03,SkyWings 6E-204,DEL -> BOM,5500.0,5960.0,6160.0,1.034,180,69,0.383,0.619,20,1,Low Traffic,0.85,Weekend,1.15,Leisure Flyer,1.14,0.3,0.406,3.5,51.51,2
flight,FLT-04,AeroIndia AI-303,DEL -> DXB,14500.0,18740.0,29730.0,1.586,220,33,0.15,0.851,2,1,Standard,1.0,Festival,1.5,Last-minute Rush,0.14,1.8,0.78,9.5,100.0,15
flight,FLT-05,Vistara Line UK-992,DEL -> BLR,6800.0,8080.0,9000.0,1.114,160,33,0.206,0.792,5,0,Standard,1.0,Normal Day,1.0,Leisure Flyer,1.04,0.4,0.555,7.5,73.11,10
flight,FLT-06,Vistara Line UK-821,MAA -> DEL,6400.0,7300.0,9280.0,1.271,160,53,0.331,0.669,15,1,Standard,1.0,Holiday,1.35,Leisure Flyer,1.14,1.3,0.559,8.5,74.39,11
flight,FLT-07,JetExpress 9W-110,HYD -> MAA,3600.0,4580.0,5770.0,1.26,140,44,0.314,0.683,14,0,Vacation Peak,1.3,Normal Day,1.0,Last-minute Rush,0.09,0.6,0.676,4.5,84.05,7
flight,FLT-08,JetExpress 9W-110,HYD -> MAA,3600.0,4420.0,6010.0,1.36,140,33,0.236,0.764,5,1,Vacation Peak,1.3,Weekend,1.15,Leisure Flyer,1.11,0.2,0.579,4.5,77.18,5
flight,FLT-01,JetExpress 9W-445,BOM -> CCU,5800.0,6970.0,8080.0,1.159,180,28,0.156,0.844,8,1,Standard,1.0,Weekend,1.15,Corporate Traveler,0.24,10.9,0.654,4.5,81.89,9
flight,FLT-02,Vistara Line UK-992,DEL -> BLR,6800.0,8230.0,8650.0,1.051,160,58,0.362,0.636,29,0,Standard,1.0,Normal Day,1.0,Leisure Flyer,1.04,2.1,0.494,5.5,63.91,7
flight,FLT-03,AeroIndia AI-801,BOM -> GOA,4200.0,5180.0,5930.0,1.145,150,48,0.32,0.678,8,0,Vacation Peak,1.3,Normal Day,1.0,Last-minute Rush,0.13,0.3,0.575,2.5,69.16,3
flight,FLT-04,Vistara Line UK-992,DEL -> BLR,6800.0,9020.0,19370.0,2.147,160,22,0.138,0.864,11,0,Festival Surge,1.45,Major Event,1.55,Leisure Flyer,1.1,7.8,0.732,7.5,100.0,11
flight,FLT-05,Vistara Line UK-992,DEL -> BLR,6800.0,7970.0,13740.0,1.724,160,45,0.281,0.717,17,1,Vacation Peak,1.3,Weekend,1.15,Corporate Traveler,0.29,5.4,0.772,5.5,100.0,10
flight,FLT-06,JetExpress 9W-445,BOM -> CCU,5800.0,7070.0,6910.0,0.977,180,47,0.261,0.741,2,0,Low Traffic,0.85,Normal Day,1.0,Student Traveler,1.4,0.7,0.424,6.5,56.06,7
flight,FLT-07,SkyWings 6E-204,DEL -> BOM,5500.0,6490.0,7740.0,1.193,180,43,0.239,0.761,10,0,Low Traffic,0.85,Holiday,1.35,Student Traveler,1.41,1.6,0.578,7.5,79.34,8
flight,FLT-08,SkyWings 6E-512,BLR -> DEL,6200.0,7280.0,6900.0,0.948,180,52,0.289,0.71,12,1,Low Traffic,0.85,Weekend,1.15,Leisure Flyer,1.06,1.5,0.438,4.5,55.6,4
flight,FLT-01,JetExpress 9W-110,HYD -> MAA,3600.0,4370.0,4130.0,0.945,140,38,0.271,0.73,5,0,Standard,1.0,Normal Day,1.0,Corporate Traveler,0.29,5.1,0.551,8.5,66.84,13
flight,FLT-02,SkyWings 6E-204,DEL -> BOM,5500.0,7200.0,14330.0,1.99,180,4,0.022,0.98,9,0,Festival Surge,1.45,Holiday,1.35,Corporate Traveler,0.23,8.0,0.775,8.5,100.0,4
flight,FLT-03,AeroIndia AI-303,DEL -> DXB,14500.0,17470.0,31680.0,1.813,220,38,0.173,0.829,11,0,Festival Surge,1.45,Holiday,1.35,Leisure Flyer,1.13,0.4,0.73,10.5,100.0,15
flight,FLT-04,AeroIndia AI-801,BOM -> GOA,4200.0,5070.0,11750.0,2.318,150,38,0.253,0.749,15,0,Festival Surge,1.45,Festival,1.5,Corporate Traveler,0.21,11.4,0.776,3.5,100.0,7
flight,FLT-05,Vistara Line UK-992,DEL -> BLR,6800.0,8130.0,12980.0,1.597,160,29,0.181,0.817,6,1,Vacation Peak,1.3,Weekend,1.15,Last-minute Rush,0.15,0.3,0.735,5.5,93.33,8
flight,FLT-06,SkyWings 6E-512,BLR -> DEL,6200.0,7090.0,7170.0,1.011,180,64,0.356,0.645,8,0,Standard,1.0,Normal Day,1.0,Last-minute Rush,0.13,0.2,0.548,2.5,65.16,3
flight,FLT-07,AeroIndia AI-303,DEL -> DXB,14500.0,16350.0,15420.0,0.943,220,86,0.391,0.611,8,0,Standard,1.0,Normal Day,1.0,Leisure Flyer,1.11,1.3,0.437,6.5,55.85,5
flight,FLT-08,AeroIndia AI-801,BOM -> GOA,4200.0,5300.0,6260.0,1.181,150,3,0.02,0.98,3,0,Low Traffic,0.85,Holiday,1.35,Last-minute Rush,0.15,1.9,0.705,4.5,88.92,3
flight,FLT-01,AeroIndia AI-303,DEL -> DXB,14500.0,17550.0,19080.0,1.087,220,28,0.127,0.873,1,0,Standard,1.0,Normal Day,1.0,Student Traveler,1.42,0.3,0.551,7.5,75.29,9
flight,FLT-02,SkyWings 6E-512,BLR -> DEL,6200.0,7020.0,6230.0,0.887,180,52,0.289,0.71,4,0,Low Traffic,0.85,Normal Day,1.0,Leisure Flyer,1.06,1.6,0.516,7.5,67.3,7
flight,FLT-03,SkyWings 6E-512,BLR -> DEL,6200.0,8350.0,13200.0,1.581,180,6,0.033,0.966,4,1,Standard,1.0,Festival,1.5,Corporate Traveler,0.26,8.8,0.774,6.5,100.0,6
flight,FLT-04,SkyWings 6E-512,BLR -> DEL,6200.0,6630.0,5630.0,0.849,180,82,0.456,0.546,14,0,Standard,1.0,Normal Day,1.0,Student Traveler,1.35,5.3,0.332,1.5,41.89,2
flight,FLT-05,JetExpress 9W-445,BOM -> CCU,5800.0,6120.0,14370.0,2.348,180,47,0.261,0.739,7,0,Festival Surge,1.45,Holiday,1.35,Last-minute Rush,0.11,0.3,0.781,10.5,100.0,20
flight,FLT-06,JetExpress 9W-110,HYD -> MAA,3600.0,4220.0,4920.0,1.166,140,31,0.221,0.776,8,1,Standard,1.0,Weekend,1.15,Leisure Flyer,1.1,1.2,0.465,2.5,60.06,4
flight,FLT-07,JetExpress 9W-445,BOM -> CCU,5800.0,6860.0,14390.0,2.098,180,33,0.183,0.818,3,0,Festival Surge,1.45,Holiday,1.35,Corporate Traveler,0.24,11.3,0.775,5.5,100.0,8
flight,FLT-08,JetExpress 9W-445,BOM -> CCU,5800.0,6700.0,5970.0,0.891,180,47,0.261,0.738,1,0,Low Traffic,0.85,Normal Day,1.0,Corporate Traveler,0.21,11.8,0.579,5.5,70.49,7
flight,FLT-01,Vistara Line UK-821,MAA -> DEL,6400.0,8020.0,9040.0,1.127,160,31,0.194,0.806,5,1,Standard,1.0,Weekend,1.15,Student Traveler,1.42,0.5,0.667,12.5,92.7,20
flight,FLT-02,AeroIndia AI-801,BOM -> GOA,4200.0,4890.0,10330.0,2.112,150,42,0.28,0.717,27,0,Festival Surge,1.45,Festival,1.5,Corporate Traveler,0.29,2.7,0.772,8.5,100.0,12
flight,FLT-03,SkyWings 6E-204,DEL -> BOM,5500.0,6040.0,8310.0,1.376,180,43,0.239,0.761,1,1,Standard,1.0,Weekend,1.15,Leisure Flyer,1.11,3.7,0.646,9.5,87.24,12
flight,FLT-04,SkyWings 6E-512,BLR -> DEL,6200.0,7820.0,8220.0,1.051,180,53,0.294,0.708,12,0,Standard,1.0,Normal Day,1.0,Last-minute Rush,0.21,3.9,0.558,3.5,67.22,5
flight,FLT-05,Vistara Line UK-992,DEL -> BLR,6800.0,7840.0,20780.0,2.651,160,33,0.206,0.794,2,0,Festival Surge,1.45,Festival,1.5,Corporate Traveler,0.28,4.6,0.773,9.5,100.0,15
flight,FLT-06,Vistara Line UK-821,MAA -> DEL,6400.0,8030.0,20550.0,2.559,160,13,0.081,0.916,2,0,Festival Surge,1.45,Major Event,1.55,Corporate Traveler,0.28,14.6,0.773,9.5,100.0,13
flight,FLT-07,JetExpress 9W-110,HYD -> MAA,3600.0,4180.0,4720.0,1.129,140,44,0.314,0.684,14,1,Standard,1.0,Weekend,1.15,Corporate Traveler,0.22,3.6,0.611,4.5,75.37,4
flight,FLT-08,Vistara Line UK-821,MAA -> DEL,6400.0,7510.0,12400.0,1.651,160,34,0.212,0.79,3,1,Vacation Peak,1.3,Weekend,1.15,Leisure Flyer,1.08,0.2,0.619,2.5,82.88,4
flight,FLT-01,SkyWings 6E-204,DEL -> BOM,5500.0,6280.0,9090.0,1.447,180,26,0.144,0.856,5,1,Standard,1.0,Weekend,1.15,Leisure Flyer,1.13,2.9,0.699,6.5,95.36,7
flight,FLT-02,JetExpress 9W-445,BOM -> CCU,5800.0,6730.0,9800.0,1.456,180,53,0.294,0.707,5,1,Vacation Peak,1.3,Weekend,1.15,Last-minute Rush,0.14,1.7,0.703,4.5,88.48,5
flight,FLT-03,AeroIndia AI-303,DEL -> DXB,14500.0,14390.0,12040.0,0.837,220,122,0.555,0.448,37,0,Low Traffic,0.85,Normal Day,1.0,Leisure Flyer,1.13,2.7,0.273,2.5,31.36,2
flight,FLT-04,SkyWings 6E-204,DEL -> BOM,5500.0,7120.0,10490.0,1.473,180,4,0.022,0.98,4,0,Low Traffic,0.85,Major Event,1.55,Leisure Flyer,1.07,0.9,0.733,10.5,100.0,4
flight,FLT-05,Vistara Line UK-821,MAA -> DEL,6400.0,7210.0,10430.0,1.447,160,59,0.369,0.63,11,0,Vacation Peak,1.3,Normal Day,1.0,Leisure Flyer,1.12,1.4,0.569,1.5,75.79,2
flight,FLT-06,SkyWings 6E-512,BLR -> DEL,6200.0,6730.0,6730.0,1.0,180,66,0.367,0.635,9,0,Standard,1.0,Normal Day,1.0,Student Traveler,1.36,0.1,0.38,0.5,49.15,1
flight,FLT-07,AeroIndia AI-303,DEL -> DXB,14500.0,16030.0,16800.0,1.048,220,70,0.318,0.684,3,0,Standard,1.0,Normal Day,1.0,Corporate Traveler,0.3,5.8,0.592,6.5,73.09,8
flight,FLT-08,Vistara Line UK-821,MAA -> DEL,6400.0,7200.0,6510.0,0.904,160,32,0.2,0.801,5,0,Low Traffic,0.85,Normal Day,1.0,Leisure Flyer,1.1,1.5,0.474,5.5,61.37,7
flight,FLT-01,Vistara Line UK-821,MAA -> DEL,6400.0,7840.0,15920.0,2.031,160,21,0.131,0.868,1,0,Festival Surge,1.45,Festival,1.5,Last-minute Rush,0.19,0.9,0.777,6.5,100.0,12
flight,FLT-02,JetExpress 9W-110,HYD -> MAA,3600.0,4170.0,4030.0,0.966,140,48,0.343,0.655,17,0,Standard,1.0,Normal Day,1.0,Student Traveler,1.34,0.1,0.357,2.5,45.54,1
flight,FLT-03,Vistara Line UK-992,DEL -> BLR,6800.0,7660.0,9600.0,1.253,160,38,0.237,0.764,4,1,Standard,1.0,Weekend,1.15,Leisure Flyer,1.15,0.3,0.575,8.5,76.88,7
flight,FLT-04,SkyWings 6E-512,BLR -> DEL,6200.0,7340.0,11340.0,1.545,180,51,0.283,0.714,6,1,Vacation Peak,1.3,Weekend,1.15,Last-minute Rush,0.18,0.0,0.676,1.5,84.74,2
flight,FLT-05,JetExpress 9W-110,HYD -> MAA,3600.0,4260.0,7080.0,1.662,140,21,0.15,0.852,13,1,Standard,1.0,Holiday,1.35,Leisure Flyer,1.04,0.5,0.735,16.5,100.0,21
flight,FLT-06,AeroIndia AI-801,BOM -> GOA,4200.0,5290.0,5210.0,0.985,150,28,0.187,0.813,22,1,Low Traffic,0.85,Weekend,1.15,Leisure Flyer,1.08,0.5,0.464,3.5,59.74,2
flight,FLT-07,SkyWings 6E-204,DEL -> BOM,5500.0,5570.0,14150.0,2.54,180,95,0.528,0.471,45,0,Festival Surge,1.45,Major Event,1.55,Leisure Flyer,1.15,2.7,0.729,12.5,100.0,15
flight,FLT-08,SkyWings 6E-204,DEL -> BOM,5500.0,6870.0,12250.0,1.783,180,28,0.156,0.846,11,0,Festival Surge,1.45,Holiday,1.35,Corporate Traveler,0.21,4.0,0.776,3.5,100.0,5
flight,FLT-01,SkyWings 6E-204,DEL -> BOM,5500.0,5930.0,8550.0,1.442,180,52,0.289,0.712,2,0,Vacation Peak,1.3,Normal Day,1.0,Corporate Traveler,0.24,6.3,0.737,6.5,94.28,9
flight,FLT-02,AeroIndia AI-801,BOM -> GOA,4200.0,4550.0,4600.0,1.011,150,54,0.36,0.638,19,1,Low Traffic,0.85,Weekend,1.15,Student Traveler,1.45,0.4,0.381,3.5,49.98,3
flight,FLT-03,SkyWings 6E-512,BLR -> DEL,6200.0,7640.0,9060.0,1.186,180,31,0.172,0.831,21,1,Standard,1.0,Weekend,1.15,Leisure Flyer,1.05,0.8,0.57,2.5,75.42,2
flight,FLT-04,Vistara Line UK-821,MAA -> DEL,6400.0,7970.0,16620.0,2.085,160,21,0.131,0.869,7,1,Festival Surge,1.45,Festival,1.5,Corporate Traveler,0.26,9.7,0.774,9.5,100.0,13
flight,FLT-05,JetExpress 9W-110,HYD -> MAA,3600.0,4460.0,9080.0,2.036,140,17,0.121,0.876,6,0,Vacation Peak,1.3,Festival,1.5,Last-minute Rush,0.12,2.9,0.781,5.5,100.0,10
flight,FLT-06,AeroIndia AI-801,BOM -> GOA,4200.0,5050.0,9620.0,1.905,150,32,0.213,0.789,1,0,Festival Surge,1.45,Holiday,1.35,Leisure Flyer,1.17,0.2,0.725,3.5,99.49,4
flight,FLT-07,JetExpress 9W-110,HYD -> MAA,3600.0,4330.0,4180.0,0.965,140,49,0.35,0.652,15,0,Standard,1.0,Normal Day,1.0,Corporate Traveler,0.18,4.6,0.564,6.5,67.96,9
flight,FLT-08,JetExpress 9W-110,HYD -> MAA,3600.0,4110.0,9360.0,2.277,140,30,0.214,0.789,4,0,Festival Surge,1.45,Major Event,1.55,Corporate Traveler,0.22,4.7,0.776,6.5,100.0,12
flight,FLT-01,SkyWings 6E-204,DEL -> BOM,5500.0,6090.0,5490.0,0.901,180,59,0.328,0.672,6,0,Standard,1.0,Normal Day,1.0,Corporate Traveler,0.33,3.3,0.579,4.5,71.38,4
flight,FLT-02,AeroIndia AI-303,DEL -> DXB,14500.0,17180.0,24980.0,1.454,220,28,0.127,0.871,2,0,Vacation Peak,1.3,Normal Day,1.0,Leisure Flyer,1.1,1.2,0.665,6.5,90.07,10
flight,FLT-03,SkyWings 6E-512,BLR -> DEL,6200.0,7260.0,7650.0,1.054,180,48,0.267,0.733,9,0,Standard,1.0,Normal Day,1.0,Last-minute Rush,0.15,0.0,0.511,1.5,59.74,2
flight,FLT-04,AeroIndia AI-801,BOM -> GOA,4200.0,5280.0,4810.0,0.911,150,31,0.207,0.795,6,0,Standard,1.0,Normal Day,1.0,Corporate Traveler,0.3,9.5,0.569,2.5,69.54,3
flight,FLT-05,Vistara Line UK-821,MAA -> DEL,6400.0,7830.0,7610.0,0.972,160,54,0.338,0.664,19,1,Low Traffic,0.85,Weekend,1.15,Last-minute Rush,0.18,0.4,0.483,1.5,55.84,2
flight,FLT-06,Vistara Line UK-992,DEL -> BLR,6800.0,7530.0,7240.0,0.961,160,58,0.362,0.64,9,0,Low Traffic,0.85,Normal Day,1.0,Leisure Flyer,1.16,0.4,0.425,1.5,54.52,1
flight,FLT-07,JetExpress 9W-110,HYD -> MAA,3600.0,4960.0,4860.0,0.98,140,8,0.057,0.943,3,0,Standard,1.0,Normal Day,1.0,Leisure Flyer,1.1,0.8,0.533,8.5,70.15,6
flight,FLT-08,SkyWings 6E-204,DEL -> BOM,5500.0,6370.0,4970.0,0.78,180,51,0.283,0.714,20,0,Low Traffic,0.85,Normal Day,1.0,Last-minute Rush,0.14,1.1,0.471,2.5,53.64,2
flight,FLT-01,JetExpress 9W-110,HYD -> MAA,3600.0,4240.0,3170.0,0.748,140,53,0.379,0.621,20,0,Low Traffic,0.85,Normal Day,1.0,Last-minute Rush,0.22,1.6,0.372,0.5,39.5,0
flight,FLT-02,AeroIndia AI-303,DEL -> DXB,14500.0,15250.0,21770.0,1.428,220,102,0.464,0.538,28,0,Vacation Peak,1.3,Normal Day,1.0,Student Traveler,1.38,0.5,0.466,1.5,62.28,2
flight,FLT-03,AeroIndia AI-801,BOM -> GOA,4200.0,5260.0,7090.0,1.348,150,15,0.1,0.9,2,1,Standard,1.0,Weekend,1.15,Student Traveler,1.38,2.6,0.592,5.5,81.1,7
flight,FLT-04,SkyWings 6E-512,BLR -> DEL,6200.0,7960.0,11050.0,1.388,180,15,0.083,0.914,9,0,Vacation Peak,1.3,Normal Day,1.0,Leisure Flyer,1.07,2.7,0.633,2.5,85.02,2
flight,FLT-05,SkyWings 6E-204,DEL -> BOM,5500.0,6170.0,9450.0,1.532,180,83,0.461,0.539,20,0,Standard,1.0,Major Event,1.55,Leisure Flyer,1.07,0.6,0.649,7.5,87.36,12
flight,FLT-06,Vistara Line UK-992,DEL -> BLR,6800.0,7370.0,7770.0,1.054,160,64,0.4,0.598,2,1,Standard,1.0,Weekend,1.15,Student Traveler,1.43,0.4,0.509,11.5,69.05,12
flight,FLT-07,JetExpress 9W-445,BOM -> CCU,5800.0,6110.0,6970.0,1.141,180,73,0.406,0.593,24,1,Standard,1.0,Weekend,1.15,Last-minute Rush,0.14,0.7,0.572,1.5,68.79,2
flight,FLT-08,SkyWings 6E-204,DEL -> BOM,5500.0,5920.0,6430.0,1.086,180,57,0.317,0.685,11,1,Low Traffic,0.85,Weekend,1.15,Corporate Traveler,0.28,3.4,0.494,2.5,58.25,1
flight,FLT-01,SkyWings 6E-512,BLR -> DEL,6200.0,7170.0,15090.0,2.105,180,71,0.394,0.605,42,1,Festival Surge,1.45,Festival,1.5,Corporate Traveler,0.27,4.0,0.773,7.5,100.0,11
flight,FLT-02,SkyWings 6E-204,DEL -> BOM,5500.0,6280.0,7250.0,1.154,180,43,0.239,0.761,13,1,Standard,1.0,Weekend,1.15,Leisure Flyer,1.08,0.3,0.465,1.5,59.79,2
flight,FLT-03,AeroIndia AI-303,DEL -> DXB,14500.0,16820.0,15800.0,0.939,220,73,0.332,0.666,2,0,Low Traffic,0.85,Normal Day,1.0,Leisure Flyer,1.16,0.0,0.403,5.5,51.1,4
flight,FLT-04,JetExpress 9W-445,BOM -> CCU,5800.0,6860.0,10610.0,1.547,180,28,0.156,0.844,13,0,Low Traffic,0.85,Major Event,1.55,Corporate Traveler,0.16,9.0,0.779,5.5,99.99,9
flight,FLT-05,AeroIndia AI-801,BOM -> GOA,4200.0,5110.0,11720.0,2.294,150,24,0.16,0.838,1,1,Festival Surge,1.45,Holiday,1.35,Leisure Flyer,1.07,1.0,0.733,5.5,100.0,7
flight,FLT-06,Vistara Line UK-992,DEL -> BLR,6800.0,8460.0,7920.0,0.936,160,3,0.019,0.98,6,1,Low Traffic,0.85,Weekend,1.15,Corporate Traveler,0.31,5.7,0.606,1.5,75.29,2
flight,FLT-07,Vistara Line UK-992,DEL -> BLR,6800.0,7090.0,6490.0,0.915,160,59,0.369,0.629,23,0,Low Traffic,0.85,Normal Day,1.0,Last-minute Rush,0.13,0.1,0.423,1.5,46.39,1
flight,FLT-08,SkyWings 6E-512,BLR -> DEL,6200.0,7490.0,14980.0,2.0,180,38,0.211,0.791,11,1,Vacation Peak,1.3,Festival,1.5,Corporate Traveler,0.21,6.5,0.776,9.5,100.0,13
flight,FLT-01,SkyWings 6E-512,BLR -> DEL,6200.0,7390.0,16910.0,2.288,180,39,0.217,0.784,15,0,Festival Surge,1.45,Major Event,1.55,Student Traveler,1.33,1.5,0.72,9.5,100.0,14
flight,FLT-02,SkyWings 6E-512,BLR -> DEL,6200.0,7930.0,8770.0,1.106,180,28,0.156,0.843,2,0,Standard,1.0,Normal Day,1.0,Leisure Flyer,1.04,2.1,0.533,3.5,69.81,3
flight,FLT-03,JetExpress 9W-110,HYD -> MAA,3600.0,4560.0,9280.0,2.035,140,15,0.107,0.892,3,1,Festival Surge,1.45,Holiday,1.35,Student Traveler,1.3,0.1,0.722,11.5,100.0,13
flight,FLT-04,SkyWings 6E-204,DEL -> BOM,5500.0,7430.0,15960.0,2.148,180,29,0.161,0.842,6,1,Festival Surge,1.45,Festival,1.5,Corporate Traveler,0.23,10.0,0.775,7.5,100.0,11
flight,FLT-05,AeroIndia AI-801,BOM -> GOA,4200.0,5460.0,5630.0,1.031,150,3,0.02,0.98,1,0,Standard,1.0,Normal Day,1.0,Leisure Flyer,1.09,0.4,0.62,6.5,83.15,3
flight,FLT-06,Vistara Line UK-992,DEL -> BLR,6800.0,7700.0,7020.0,0.912,160,54,0.338,0.664,2,0,Low Traffic,0.85,Normal Day,1.0,Leisure Flyer,1.12,1.2,0.451,7.5,57.99,6
flight,FLT-07,JetExpress 9W-110,HYD -> MAA,3600.0,4590.0,4980.0,1.085,140,6,0.043,0.954,1,0,Standard,1.0,Normal Day,1.0,Corporate Traveler,0.25,6.1,0.714,12.5,91.03,6
flight,FLT-08,JetExpress 9W-110,HYD -> MAA,3600.0,4170.0,4200.0,1.007,140,43,0.307,0.694,5,0,Standard,1.0,Normal Day,1.0,Leisure Flyer,1.11,1.1,0.478,6.5,62.0,4
flight,FLT-01,AeroIndia AI-303,DEL -> DXB,14500.0,18120.0,17040.0,0.94,220,44,0.2,0.799,3,0,Low Traffic,0.85,Normal Day,1.0,Leisure Flyer,1.07,0.4,0.525,5.5,68.8,8
flight,FLT-02,AeroIndia AI-801,BOM -> GOA,4200.0,4950.0,5860.0,1.184,150,39,0.26,0.742,6,0,Standard,1.0,Normal Day,1.0,Corporate Traveler,0.2,8.7,0.648,4.5,80.63,7
flight,FLT-03,AeroIndia AI-801,BOM -> GOA,4200.0,4750.0,5430.0,1.143,150,59,0.393,0.604,17,1,Standard,1.0,Weekend,1.15,Corporate Traveler,0.22,3.0,0.545,2.5,65.44,2
flight,FLT-04,Vistara Line UK-992,DEL -> BLR,6800.0,8500.0,13630.0,1.604,160,16,0.1,0.901,4,1,Vacation Peak,1.3,Weekend,1.15,Corporate Traveler,0.25,9.0,0.774,11.5,100.0,16
flight,FLT-05,AeroIndia AI-801,BOM -> GOA,4200.0,5200.0,5050.0,0.971,150,18,0.12,0.879,3,0,Standard,1.0,Normal Day,1.0,Leisure Flyer,1.19,0.9,0.464,3.5,60.53,4
flight,FLT-06,SkyWings 6E-512,BLR -> DEL,6200.0,7170.0,6990.0,0.975,180,47,0.261,0.738,11,0,Low Traffic,0.85,Normal Day,1.0,Leisure Flyer,1.16,1.8,0.434,0.5,55.76,1
flight,FLT-07,AeroIndia AI-801,BOM -> GOA,4200.0,4700.0,11890.0,2.53,150,36,0.24,0.76,8,0,Festival Surge,1.45,Festival,1.5,Last-minute Rush,0.18,1.1,0.778,7.5,100.0,11
flight,FLT-08,SkyWings 6E-204,DEL -> BOM,5500.0,6820.0,5750.0,0.843,180,40,0.222,0.779,4,0,Low Traffic,0.85,Normal Day,1.0,Student Traveler,1.37,1.1,0.473,7.5,63.15,5
flight,FLT-01,SkyWings 6E-512,BLR -> DEL,6200.0,6260.0,4990.0,0.797,180,113,0.628,0.373,45,1,Low Traffic,0.85,Weekend,1.15,Last-minute Rush,0.19,0.1,0.325,2.5,32.16,1
flight,FLT-02,Vistara Line UK-821,MAA -> DEL,6400.0,7800.0,19390.0,2.486,160,10,0.062,0.937,13,0,Festival Surge,1.45,Festival,1.5,Leisure Flyer,1.17,0.3,0.728,13.5,100.0,10
flight,FLT-03,Vistara Line UK-992,DEL -> BLR,6800.0,7700.0,10830.0,1.406,160,40,0.25,0.751,5,1,Standard,1.0,Weekend,1.15,Student Traveler,1.45,0.8,0.518,4.5,70.59,6
flight,FLT-04,JetExpress 9W-445,BOM -> CCU,5800.0,6740.0,17070.0,2.533,180,50,0.278,0.723,16,0,Festival Surge,1.45,Major Event,1.55,Last-minute Rush,0.12,0.7,0.781,8.5,100.0,14
flight,FLT-05,Vistara Line UK-992,DEL -> BLR,6800.0,8320.0,20180.0,2.425,160,10,0.062,0.936,1,1,Festival Surge,1.45,Festival,1.5,Leisure Flyer,1.08,0.3,0.733,12.5,100.0,10
flight,FLT-06,JetExpress 9W-110,HYD -> MAA,3600.0,4420.0,4730.0,1.07,140,27,0.193,0.806,2,0,Standard,1.0,Normal Day,1.0,Last-minute Rush,0.09,1.9,0.659,6.5,81.47,9
flight,FLT-07,JetExpress 9W-110,HYD -> MAA,3600.0,4470.0,5190.0,1.161,140,29,0.207,0.794,14,1,Standard,1.0,Weekend,1.15,Student Traveler,1.42,2.2,0.532,6.5,72.51,8
flight,FLT-08,Vistara Line UK-821,MAA -> DEL,6400.0,7660.0,6120.0,0.799,160,34,0.212,0.786,11,0,Low Traffic,0.85,Normal Day,1.0,Student Traveler,1.37,1.5,0.375,1.5,48.59,2
flight,FLT-01,JetExpress 9W-445,BOM -> CCU,5800.0,6810.0,7440.0,1.093,180,49,0.272,0.728,14,0,Standard,1.0,Normal Day,1.0,Leisure Flyer,1.08,1.7,0.459,2.5,58.95,2
flight,FLT-02,JetExpress 9W-445,BOM -> CCU,5800.0,6630.0,7440.0,1.122,180,36,0.2,0.8,12,0,Standard,1.0,Normal Day,1.0,Last-minute Rush,0.13,1.6,0.561,2.5,67.1,3
flight,FLT-03,SkyWings 6E-204,DEL -> BOM,5500.0,7060.0,15170.0,2.149,180,23,0.128,0.87,5,1,Festival Surge,1.45,Festival,1.5,Student Traveler,1.38,2.3,0.718,4.5,100.0,7
flight,FLT-04,Vistara Line UK-821,MAA -> DEL,6400.0,7770.0,17780.0,2.288,160,3,0.019,0.98,1,0,Festival Surge,1.45,Festival,1.5,Last-minute Rush,0.18,1.9,0.778,6.5,100.0,3
flight,FLT-05,JetExpress 9W-110,HYD -> MAA,3600.0,4630.0,9990.0,2.158,140,9,0.064,0.932,2,0,Festival Surge,1.45,Holiday,1.35,Corporate Traveler,0.3,11.2,0.772,11.5,100.0,9
flight,FLT-06,SkyWings 6E-204,DEL -> BOM,5500.0,5920.0,5120.0,0.865,180,65,0.361,0.638,18,0,Low Traffic,0.85,Normal Day,1.0,Leisure Flyer,1.05,1.6,0.401,2.5,50.05,1
flight,FLT-07,AeroIndia AI-801,BOM -> GOA,4200.0,5000.0,6520.0,1.304,150,32,0.213,0.785,7,0,Vacation Peak,1.3,Normal Day,1.0,Last-minute Rush,0.14,2.5,0.676,2.5,84.52,4
flight,FLT-08,JetExpress 9W-110,HYD -> MAA,3600.0,4710.0,12520.0,2.658,140,3,0.021,0.98,2,0,Festival Surge,1.45,Major Event,1.55,Last-minute Rush,0.19,0.6,0.777,6.5,100.0,3
flight,FLT-01,SkyWings 6E-204,DEL -> BOM,5500.0,7230.0,9750.0,1.349,180,14,0.078,0.924,6,1,Standard,1.0,Weekend,1.15,Corporate Traveler,0.27,10.1,0.7,3.5,89.05,5
flight,FLT-02,AeroIndia AI-801,BOM -> GOA,4200.0,4250.0,4330.0,1.019,150,70,0.467,0.535,10,1,Low Traffic,0.85,Weekend,1.15,Leisure Flyer,1.06,2.0,0.399,0.5,49.74,1
flight,FLT-03,AeroIndia AI-303,DEL -> DXB,14500.0,19460.0,34550.0,1.775,220,18,0.082,0.916,14,0,Festival Surge,1.45,Holiday,1.35,Student Traveler,1.37,0.7,0.718,10.5,100.0,12
flight,FLT-04,JetExpress 9W-445,BOM -> CCU,5800.0,6670.0,6500.0,0.975,180,62,0.344,0.655,11,0,Standard,1.0,Normal Day,1.0,Corporate Traveler,0.29,9.8,0.549,1.5,66.47,1
flight,FLT-05,Vistara Line UK-992,DEL -> BLR,6800.0,8270.0,10040.0,1.214,160,22,0.138,0.865,2,1,Standard,1.0,Weekend,1.15,Last-minute Rush,0.14,2.5,0.697,7.5,87.66,10
flight,FLT-06,AeroIndia AI-801,BOM -> GOA,4200.0,4960.0,8400.0,1.694,150,20,0.133,0.864,4,0,Standard,1.0,Festival,1.5,Corporate Traveler,0.23,10.6,0.775,13.5,100.0,18
flight,FLT-07,SkyWings 6E-204,DEL -> BOM,5500.0,6560.0,7020.0,1.07,180,4,0.022,0.98,15,0,Standard,1.0,Normal Day,1.0,Leisure Flyer,1.08,2.4,0.594,5.5,79.15,4
flight,FLT-08,Vistara Line UK-821,MAA -> DEL,6400.0,7180.0,15130.0,2.107,160,51,0.319,0.681,13,1,Festival Surge,1.45,Holiday,1.35,Corporate Traveler,0.23,5.3,0.775,3.5,100.0,5
flight,FLT-01,AeroIndia AI-303,DEL -> DXB,14500.0,16550.0,15750.0,0.952,220,52,0.236,0.765,3,0,Low Traffic,0.85,Normal Day,1.0,Leisure Flyer,1.11,0.3,0.519,9.5,68.17,14
flight,FLT-02,Vistara Line UK-821,MAA -> DEL,6400.0,8590.0,11320.0,1.318,160,23,0.144,0.857,3,0,Vacation Peak,1.3,Normal Day,1.0,Student Traveler,1.36,1.7,0.584,9.5,79.86,12
flight,FLT-03,Vistara Line UK-821,MAA -> DEL,6400.0,8100.0,8020.0,0.99,160,34,0.212,0.79,3,0,Standard,1.0,Normal Day,1.0,Corporate Traveler,0.25,9.4,0.623,8.5,77.27,12
flight,FLT-04,JetExpress 9W-110,HYD -> MAA,3600.0,4470.0,7770.0,1.738,140,38,0.271,0.732,11,0,Festival Surge,1.45,Holiday,1.35,Leisure Flyer,1.12,1.6,0.731,8.5,100.0,14
flight,FLT-05,Vistara Line UK-992,DEL -> BLR,6800.0,7620.0,12220.0,1.604,160,70,0.438,0.563,18,1,Vacation Peak,1.3,Weekend,1.15,Corporate Traveler,0.23,6.1,0.661,3.5,82.94,5
flight,FLT-06,AeroIndia AI-801,BOM -> GOA,4200.0,4450.0,5170.0,1.162,150,72,0.48,0.517,18,0,Standard,1.0,Normal Day,1.0,Corporate Traveler,0.29,6.8,0.539,4.5,65.01,3
flight,FLT-07,AeroIndia AI-801,BOM -> GOA,4200.0,5360.0,5480.0,1.022,150,14,0.093,0.905,12,0,Standard,1.0,Normal Day,1.0,Corporate Traveler,0.2,6.5,0.606,2.5,74.36,4
flight,FLT-08,JetExpress 9W-110,HYD -> MAA,3600.0,4320.0,4530.0,1.049,140,47,0.336,0.668,4,0,Standard,1.0,Normal Day,1.0,Corporate Traveler,0.23,12.2,0.637,8.5,79.29,10
flight,FLT-01,AeroIndia AI-303,DEL -> DXB,14500.0,16570.0,15630.0,0.943,220,66,0.3,0.698,3,0,Standard,1.0,Normal Day,1.0,Corporate Traveler,0.26,10.2,0.563,8.5,68.36,9
flight,FLT-02,AeroIndia AI-801,BOM -> GOA,4200.0,5340.0,6710.0,1.257,150,13,0.087,0.915,1,0,Vacation Peak,1.3,Normal Day,1.0,Student Traveler,1.38,0.4,0.61,4.5,83.91,4
flight,FLT-03,SkyWings 6E-204,DEL -> BOM,5500.0,6530.0,9740.0,1.492,180,31,0.172,0.829,10,0,Low Traffic,0.85,Major Event,1.55,Leisure Flyer,1.13,0.2,0.71,9.5,96.99,11
flight,FLT-04,JetExpress 9W-445,BOM -> CCU,5800.0,7130.0,9630.0,1.351,180,26,0.144,0.855,12,0,Vacation Peak,1.3,Normal Day,1.0,Leisure Flyer,1.11,0.1,0.621,4.5,83.41,5
flight,FLT-05,AeroIndia AI-801,BOM -> GOA,4200.0,5520.0,5670.0,1.027,150,3,0.02,0.98,7,1,Standard,1.0,Weekend,1.15,Corporate Traveler,0.24,7.8,0.688,4.5,86.97,3
flight,FLT-06,SkyWings 6E-512,BLR -> DEL,6200.0,7790.0,11730.0,1.506,180,36,0.2,0.8,5,1,Vacation Peak,1.3,Weekend,1.15,Leisure Flyer,1.14,1.7,0.73,13.5,100.0,22
flight,FLT-07,AeroIndia AI-801,BOM -> GOA,4200.0,5160.0,7380.0,1.43,150,37,0.247,0.753,16,0,Standard,1.0,Major Event,1.55,Leisure Flyer,1.16,2.4,0.648,7.5,87.97,11
flight,FLT-08,AeroIndia AI-801,BOM -> GOA,4200.0,5050.0,5170.0,1.024,150,32,0.213,0.788,2,0,Standard,1.0,Normal Day,1.0,Student Traveler,1.38,1.5,0.526,6.5,71.3,7
flight,FLT-01,Vistara Line UK-992,DEL -> BLR,6800.0,9270.0,7620.0,0.822,160,14,0.087,0.913,1,0,Low Traffic,0.85,Normal Day,1.0,Leisure Flyer,1.12,0.5,0.457,6.5,58.93,5
flight,FLT-02,JetExpress 9W-445,BOM -> CCU,5800.0,6490.0,6840.0,1.054,180,49,0.272,0.728,5,0,Standard,1.0,Normal Day,1.0,Corporate Traveler,0.27,10.2,0.606,8.5,74.9,11
flight,FLT-03,Vistara Line UK-821,MAA -> DEL,6400.0,7290.0,7270.0,0.997,160,49,0.306,0.691,22,1,Low Traffic,0.85,Weekend,1.15,Leisure Flyer,1.09,0.0,0.433,3.5,55.09,2
flight,FLT-04,AeroIndia AI-801,BOM -> GOA,4200.0,5620.0,8980.0,1.598,150,11,0.073,0.924,6,0,Standard,1.0,Festival,1.5,Corporate Traveler,0.24,8.6,0.775,5.5,100.0,9
flight,FLT-05,SkyWings 6E-512,BLR -> DEL,6200.0,7920.0,16420.0,2.073,180,23,0.128,0.87,15,0,Festival Surge,1.45,Major Event,1.55,Leisure Flyer,1.1,0.1,0.732,7.5,100.0,11
flight,FLT-06,AeroIndia AI-801,BOM -> GOA,4200.0,5320.0,6090.0,1.145,150,41,0.273,0.726,14,1,Standard,1.0,Weekend,1.15,Leisure Flyer,1.04,1.4,0.488,3.5,62.97,3
flight,FLT-07,JetExpress 9W-445,BOM -> CCU,5800.0,6350.0,6870.0,1.082,180,61,0.339,0.659,18,0,Standard,1.0,Normal Day,1.0,Corporate Traveler,0.21,4.1,0.551,5.5,66.26,6
flight,FLT-08,AeroIndia AI-801,BOM -> GOA,4200.0,4980.0,6860.0,1.378,150,35,0.233,0.766,4,0,Vacation Peak,1.3,Normal Day,1.0,Last-minute Rush,0.17,2.0,0.743,8.5,94.72,11
flight,FLT-01,SkyWings 6E-204,DEL -> BOM,5500.0,7130.0,10280.0,1.442,180,41,0.228,0.774,3,0,Standard,1.0,Festival,1.5,Corporate Traveler,0.31,3.5,0.723,5.5,92.79,7
flight,FLT-02,AeroIndia AI-801,BOM -> GOA,4200.0,4930.0,4560.0,0.925,150,44,0.293,0.705,13,0,Standard,1.0,Normal Day,1.0,Corporate Traveler,0.23,5.5,0.516,1.5,61.17,1
flight,FLT-03,Vistara Line UK-992,DEL -> BLR,6800.0,7560.0,14840.0,1.963,160,52,0.325,0.676,10,0,Festival Surge,1.45,Holiday,1.35,Corporate Traveler,0.19,4.5,0.777,4.5,100.0,8
flight,FLT-04,JetExpress 9W-110,HYD -> MAA,3600.0,4540.0,4240.0,0.934,140,19,0.136,0.863,7,0,Low Traffic,0.85,Normal Day,1.0,Corporate Traveler,0.2,11.9,0.569,3.5,68.81,3
flight,FLT-05,Vistara Line UK-821,MAA -> DEL,6400.0,7530.0,8040.0,1.068,160,25,0.156,0.841,3,1,Standard,1.0,Weekend,1.15,Corporate Traveler,0.25,7.8,0.658,9.5,82.62,9
flight,FLT-06,AeroIndia AI-303,DEL -> DXB,14500.0,14610.0,25640.0,1.755,220,134,0.609,0.393,36,1,Festival Surge,1.45,Holiday,1.35,Last-minute Rush,0.12,0.6,0.777,8.5,99.51,15
flight,FLT-07,AeroIndia AI-303,DEL -> DXB,14500.0,17050.0,16660.0,0.977,220,30,0.136,0.866,8,0,Low Traffic,0.85,Normal Day,1.0,Leisure Flyer,1.05,1.1,0.474,2.5,61.0,3
flight,FLT-08,SkyWings 6E-512,BLR -> DEL,6200.0,6570.0,14140.0,2.152,180,49,0.272,0.729,8,0,Festival Surge,1.45,Holiday,1.35,Leisure Flyer,1.1,0.7,0.732,7.5,100.0,11
flight,FLT-01,Vistara Line UK-992,DEL -> BLR,6800.0,8180.0,12950.0,1.583,160,37,0.231,0.767,7,1,Standard,1.0,Festival,1.5,Leisure Flyer,1.11,0.6,0.674,7.5,91.47,8
flight,FLT-02,AeroIndia AI-801,BOM -> GOA,4200.0,4910.0,6050.0,1.232,150,29,0.193,0.804,6,0,Vacation Peak,1.3,Normal Day,1.0,Corporate Traveler,0.3,12.0,0.69,3.5,87.72,3
flight,FLT-03,SkyWings 6E-204,DEL -> BOM,5500.0,6000.0,15580.0,2.597,180,44,0.244,0.754,21,0,Festival Surge,1.45,Major Event,1.55,Student Traveler,1.36,0.9,0.719,10.5,100.0,15
flight,FLT-04,JetExpress 9W-445,BOM -> CCU,5800.0,7270.0,6970.0,0.959,180,40,0.222,0.777,8,0,Standard,1.0,Normal Day,1.0,Corporate Traveler,0.27,11.1,0.596,3.5,73.41,6
flight,FLT-05,Vistara Line UK-992,DEL -> BLR,6800.0,7590.0,8090.0,1.066,160,44,0.275,0.725,1,0,Standard,1.0,Normal Day,1.0,Student Traveler,1.46,0.4,0.48,9.5,64.89,10
flight,FLT-06,Vistara Line UK-992,DEL -> BLR,6800.0,8730.0,13750.0,1.575,160,6,0.037,0.962,8,1,Vacation Peak,1.3,Weekend,1.15,Last-minute Rush,0.14,1.9,0.741,1.5,94.22,3
flight,FLT-07,JetExpress 9W-110,HYD -> MAA,3600.0,4350.0,3640.0,0.837,140,17,0.121,0.878,1,0,Low Traffic,0.85,Normal Day,1.0,Corporate Traveler,0.24,9.0,0.61,5.5,75.29,8
flight,FLT-08,AeroIndia AI-303,DEL -> DXB,14500.0,17730.0,14820.0,0.836,220,26,0.118,0.881,6,1,Low Traffic,0.85,Weekend,1.15,Corporate Traveler,0.25,5.0,0.624,4.5,77.43,5
flight,FLT-01,JetExpress 9W-110,HYD -> MAA,3600.0,4220.0,4430.0,1.05,140,50,0.357,0.642,14,0,Standard,1.0,Normal Day,1.0,Leisure Flyer,1.06,0.9,0.486,2.5,62.83,2
flight,FLT-02,JetExpress 9W-110,HYD -> MAA,3600.0,4540.0,8810.0,1.941,140,7,0.05,0.947,1,0,Festival Surge,1.45,Holiday,1.35,Leisure Flyer,1.13,0.7,0.73,6.5,100.0,7
flight,FLT-03,AeroIndia AI-801,BOM -> GOA,4200.0,5250.0,8170.0,1.556,150,11,0.073,0.924,4,1,Vacation Peak,1.3,Weekend,1.15,Student Traveler,1.36,0.4,0.653,6.5,90.11,10
flight,FLT-04,AeroIndia AI-303,DEL -> DXB,14500.0,15880.0,33100.0,2.084,220,99,0.45,0.551,28,1,Festival Surge,1.45,Festival,1.5,Leisure Flyer,1.14,2.6,0.727,5.5,99.53,9
flight,FLT-05,JetExpress 9W-110,HYD -> MAA,3600.0,4090.0,7150.0,1.748,140,28,0.2,0.8,9,1,Festival Surge,1.45,Holiday,1.35,Corporate Traveler,0.24,6.0,0.775,4.5,100.0,8
flight,FLT-06,Vistara Line UK-992,DEL -> BLR,6800.0,8610.0,17480.0,2.03,160,19,0.119,0.879,7,1,Festival Surge,1.45,Holiday,1.35,Last-minute Rush,0.16,2.4,0.779,11.5,100.0,19
flight,FLT-07,AeroIndia AI-801,BOM -> GOA,4200.0,5380.0,8920.0,1.658,150,22,0.147,0.855,11,1,Standard,1.0,Major Event,1.55,Leisure Flyer,1.1,0.8,0.705,7.5,95.93,12
flight,FLT-08,SkyWings 6E-204,DEL -> BOM,5500.0,6240.0,6900.0,1.106,180,43,0.239,0.761,4,0,Standard,1.0,Normal Day,1.0,Last-minute Rush,0.15,5.3,0.619,8.5,76.02,13
flight,FLT-01,Vistara Line UK-992,DEL -> BLR,6800.0,8040.0,8820.0,1.097,160,42,0.263,0.738,7,0,Standard,1.0,Normal Day,1.0,Corporate Traveler,0.21,5.6,0.529,1.5,62.86,2
flight,FLT-02,JetExpress 9W-445,BOM -> CCU,5800.0,5960.0,6150.0,1.032,180,83,0.461,0.541,19,1,Standard,1.0,Weekend,1.15,Student Traveler,1.4,0.4,0.377,2.5,49.0,2
flight,FLT-03,AeroIndia AI-801,BOM -> GOA,4200.0,4940.0,7630.0,1.545,150,13,0.087,0.917,5,1,Vacation Peak,1.3,Weekend,1.15,Leisure Flyer,1.18,2.9,0.698,7.5,95.54,12
flight,FLT-04,Vistara Line UK-821,MAA -> DEL,6400.0,5670.0,10590.0,1.868,160,120,0.75,0.25,45,0,Festival Surge,1.45,Holiday,1.35,Leisure Flyer,1.1,2.1,0.567,6.5,75.25,8
flight,FLT-05,Vistara Line UK-992,DEL -> BLR,6800.0,7590.0,7130.0,0.939,160,66,0.412,0.587,15,1,Low Traffic,0.85,Weekend,1.15,Leisure Flyer,1.09,1.3,0.426,5.5,54.08,6
flight,FLT-06,Vistara Line UK-992,DEL -> BLR,6800.0,8690.0,9070.0,1.044,160,3,0.019,0.98,6,0,Standard,1.0,Normal Day,1.0,Student Traveler,1.31,0.2,0.487,3.5,64.91,3
flight,FLT-07,JetExpress 9W-445,BOM -> CCU,5800.0,6520.0,13830.0,2.121,180,72,0.4,0.598,29,1,Festival Surge,1.45,Festival,1.5,Student Traveler,1.37,1.4,0.718,8.5,100.0,14
flight,FLT-08,Vistara Line UK-821,MAA -> DEL,6400.0,6950.0,7580.0,1.091,160,61,0.381,0.619,3,0,Standard,1.0,Normal Day,1.0,Corporate Traveler,0.24,8.7,0.578,6.5,70.45,7
flight,FLT-01,Vistara Line UK-992,DEL -> BLR,6800.0,8650.0,10010.0,1.157,160,21,0.131,0.871,6,1,Standard,1.0,Weekend,1.15,Last-minute Rush,0.15,0.3,0.669,3.5,83.52,6
flight,FLT-02,SkyWings 6E-204,DEL -> BOM,5500.0,6040.0,7600.0,1.258,180,49,0.272,0.728,3,1,Standard,1.0,Weekend,1.15,Leisure Flyer,1.1,1.6,0.587,8.5,78.27,10
flight,FLT-03,Vistara Line UK-821,MAA -> DEL,6400.0,7770.0,10030.0,1.291,160,10,0.062,0.94,5,1,Low Traffic,0.85,Holiday,1.35,Last-minute Rush,0.13,0.2,0.757,12.5,96.47,10
flight,FLT-04,SkyWings 6E-204,DEL -> BOM,5500.0,6860.0,8540.0,1.245,180,24,0.133,0.867,8,0,Vacation Peak,1.3,Normal Day,1.0,Leisure Flyer,1.11,0.9,0.596,5.5,79.75,5
flight,FLT-05,JetExpress 9W-110,HYD -> MAA,3600.0,3950.0,4040.0,1.023,140,38,0.271,0.726,7,0,Standard,1.0,Normal Day,1.0,Leisure Flyer,1.08,1.1,0.51,7.5,66.56,8
flight,FLT-06,SkyWings 6E-512,BLR -> DEL,6200.0,7160.0,9090.0,1.27,180,49,0.272,0.729,5,0,Vacation Peak,1.3,Normal Day,1.0,Leisure Flyer,1.05,4.7,0.595,5.5,79.15,6
flight,FLT-07,Vistara Line UK-992,DEL -> BLR,6800.0,7410.0,9640.0,1.301,160,52,0.325,0.674,15,1,Standard,1.0,Weekend,1.15,Corporate Traveler,0.27,4.6,0.6,3.5,74.0,4
flight,FLT-08,Vistara Line UK-821,MAA -> DEL,6400.0,6940.0,5740.0,0.827,160,71,0.444,0.558,21,0,Low Traffic,0.85,Normal Day,1.0,Student Traveler,1.35,1.6,0.358,3.5,45.87,1
flight,FLT-01,SkyWings 6E-512,BLR -> DEL,6200.0,8000.0,10020.0,1.252,180,27,0.15,0.849,3,1,Standard,1.0,Weekend,1.15,Leisure Flyer,1.18,1.7,0.584,5.5,78.46,6
flight,FLT-02,AeroIndia AI-801,BOM -> GOA,4200.0,5550.0,11030.0,1.987,150,3,0.02,0.98,1,0,Festival Surge,1.45,Holiday,1.35,Corporate Traveler,0.27,3.9,0.773,9.5,100.0,3
flight,FLT-03,AeroIndia AI-801,BOM -> GOA,4200.0,4900.0,5500.0,1.122,150,42,0.28,0.72,7,1,Standard,1.0,Weekend,1.15,Student Traveler,1.41,1.9,0.506,2.5,68.45,2
flight,FLT-04,SkyWings 6E-204,DEL -> BOM,5500.0,6140.0,5010.0,0.816,180,41,0.228,0.772,19,0,Low Traffic,0.85,Normal Day,1.0,Leisure Flyer,1.19,1.0,0.369,4.5,46.24,5
flight,FLT-05,AeroIndia AI-801,BOM -> GOA,4200.0,4950.0,10470.0,2.115,150,8,0.053,0.95,4,1,Vacation Peak,1.3,Holiday,1.35,Corporate Traveler,0.25,3.6,0.774,5.5,100.0,8
flight,FLT-06,AeroIndia AI-801,BOM -> GOA,4200.0,4860.0,5810.0,1.195,150,34,0.227,0.775,4,1,Standard,1.0,Weekend,1.15,Corporate Traveler,0.2,10.3,0.706,6.5,89.37,7
flight,FLT-07,AeroIndia AI-303,DEL -> DXB,14500.0,16870.0,18020.0,1.068,220,45,0.205,0.794,9,0,Standard,1.0,Normal Day,1.0,Leisure Flyer,1.12,0.9,0.513,3.5,67.37,5
flight,FLT-08,SkyWings 6E-512,BLR -> DEL,6200.0,6870.0,7050.0,1.026,180,70,0.389,0.609,16,0,Standard,1.0,Normal Day,1.0,Leisure Flyer,1.05,7.4,0.561,4.5,74.06,6
flight,FLT-01,SkyWings 6E-512,BLR -> DEL,6200.0,6960.0,7300.0,1.049,180,46,0.256,0.747,4,0,Standard,1.0,Normal Day,1.0,Last-minute Rush,0.1,0.5,0.62,11.5,75.77,12
flight,FLT-02,AeroIndia AI-801,BOM -> GOA,4200.0,5550.0,6350.0,1.144,150,21,0.14,0.857,3,0,Standard,1.0,Normal Day,1.0,Corporate Traveler,0.23,5.4,0.659,10.5,82.65,16
flight,FLT-03,JetExpress 9W-445,BOM -> CCU,5800.0,7110.0,6940.0,0.976,180,21,0.117,0.884,6,0,Standard,1.0,Normal Day,1.0,Leisure Flyer,1.12,0.9,0.482,3.5,62.7,4
flight,FLT-04,JetExpress 9W-445,BOM -> CCU,5800.0,5990.0,7830.0,1.307,180,71,0.394,0.607,4,0,Low Traffic,0.85,Major Event,1.55,Corporate Traveler,0.25,4.6,0.692,12.5,87.61,19
flight,FLT-05,JetExpress 9W-110,HYD -> MAA,3600.0,4370.0,3760.0,0.86,140,30,0.214,0.787,3,1,Low Traffic,0.85,Weekend,1.15,Leisure Flyer,1.14,0.2,0.509,9.5,66.94,9
flight,FLT-06,JetExpress 9W-110,HYD -> MAA,3600.0,3490.0,7320.0,2.097,140,92,0.657,0.346,45,1,Festival Surge,1.45,Festival,1.5,Corporate Traveler,0.24,6.5,0.775,8.5,100.0,10
flight,FLT-07,JetExpress 9W-445,BOM -> CCU,5800.0,5660.0,6490.0,1.147,180,87,0.483,0.516,30,1,Standard,1.0,Weekend,1.15,Student Traveler,1.44,0.8,0.328,0.5,41.93,1
flight,FLT-08,Vistara Line UK-992,DEL -> BLR,6800.0,8270.0,21320.0,2.578,160,20,0.125,0.873,8,0,Festival Surge,1.45,Major Event,1.55,Corporate Traveler,0.24,5.6,0.775,7.5,100.0,12
flight,FLT-01,Vistara Line UK-992,DEL -> BLR,6800.0,8470.0,8730.0,1.031,160,28,0.175,0.822,19,0,Standard,1.0,Normal Day,1.0,Corporate Traveler,0.18,3.0,0.575,1.5,69.59,2
flight,FLT-02,JetExpress 9W-110,HYD -> MAA,3600.0,3920.0,4490.0,1.145,140,48,0.343,0.657,16,0,Standard,1.0,Normal Day,1.0,Corporate Traveler,0.28,2.2,0.501,1.5,59.2,1
flight,FLT-03,AeroIndia AI-801,BOM -> GOA,4200.0,4760.0,4080.0,0.857,150,58,0.387,0.615,19,0,Low Traffic,0.85,Normal Day,1.0,Last-minute Rush,0.13,0.6,0.359,2.5,36.88,2
flight,FLT-04,Vistara Line UK-992,DEL -> BLR,6800.0,7790.0,9170.0,1.177,160,55,0.344,0.656,30,1,Standard,1.0,Weekend,1.15,Corporate Traveler,0.29,10.0,0.613,4.5,76.17,6
flight,FLT-05,JetExpress 9W-110,HYD -> MAA,3600.0,4530.0,9270.0,2.046,140,30,0.214,0.789,5,0,Festival Surge,1.45,Holiday,1.35,Leisure Flyer,1.04,1.4,0.735,3.5,100.0,7
flight,FLT-06,Vistara Line UK-992,DEL -> BLR,6800.0,8160.0,11440.0,1.402,160,23,0.144,0.855,1,0,Low Traffic,0.85,Major Event,1.55,Leisure Flyer,1.08,0.6,0.687,9.5,93.15,10
flight,FLT-07,AeroIndia AI-303,DEL -> DXB,14500.0,16690.0,40730.0,2.44,220,29,0.132,0.869,2,1,Vacation Peak,1.3,Major Event,1.55,Corporate Traveler,0.2,2.5,0.777,6.5,100.0,8
flight,FLT-08,AeroIndia AI-801,BOM -> GOA,4200.0,5700.0,6300.0,1.105,150,3,0.02,0.98,1,1,Standard,1.0,Weekend,1.15,Leisure Flyer,1.11,0.4,0.57,6.5,75.81,3
flight,FLT-01,AeroIndia AI-801,BOM -> GOA,4200.0,5100.0,5560.0,1.09,150,28,0.187,0.811,10,0,Standard,1.0,Normal Day,1.0,Corporate Traveler,0.24,5.8,0.632,3.5,78.65,4
flight,FLT-02,SkyWings 6E-512,BLR -> DEL,6200.0,8070.0,20580.0,2.55,180,4,0.022,0.98,5,0,Festival Surge,1.45,Major Event,1.55,Corporate Traveler,0.22,4.2,0.776,5.5,100.0,4
flight,FLT-03,AeroIndia AI-303,DEL -> DXB,14500.0,17540.0,21980.0,1.253,220,18,0.082,0.918,11,1,Low Traffic,0.85,Festival,1.5,Corporate Traveler,0.23,7.8,0.726,6.5,92.58,10
flight,FLT-04,JetExpress 9W-445,BOM -> CCU,5800.0,6690.0,5810.0,0.868,180,77,0.428,0.572,9,0,Low Traffic,0.85,Normal Day,1.0,Last-minute Rush,0.11,1.8,0.421,2.5,45.92,2
flight,FLT-05,Vistara Line UK-821,MAA -> DEL,6400.0,7930.0,14970.0,1.888,160,39,0.244,0.758,8,0,Festival Surge,1.45,Festival,1.5,Corporate Traveler,0.26,9.7,0.774,7.5,100.0,10
flight,FLT-06,JetExpress 9W-110,HYD -> MAA,3600.0,4560.0,4110.0,0.901,140,3,0.021,0.98,1,0,Low Traffic,0.85,Normal Day,1.0,Student Traveler,1.4,3.1,0.499,9.5,67.36,3
flight,FLT-07,JetExpress 9W-110,HYD -> MAA,3600.0,4660.0,4510.0,0.968,140,20,0.143,0.859,6,1,Low Traffic,0.85,Weekend,1.15,Last-minute Rush,0.19,3.1,0.601,3.5,73.54,5
flight,FLT-08,SkyWings 6E-204,DEL -> BOM,5500.0,7050.0,15660.0,2.221,180,25,0.139,0.864,3,0,Festival Surge,1.45,Holiday,1.35,Corporate Traveler,0.24,12.3,0.775,8.5,100.0,11
flight,FLT-01,SkyWings 6E-204,DEL -> BOM,5500.0,5580.0,5490.0,0.984,180,101,0.561,0.439,23,1,Low Traffic,0.85,Weekend,1.15,Corporate Traveler,0.33,13.5,0.461,0.5,53.57,0
flight,FLT-02,AeroIndia AI-303,DEL -> DXB,14500.0,17610.0,16810.0,0.955,220,42,0.191,0.809,20,0,Standard,1.0,Normal Day,1.0,Corporate Traveler,0.3,7.2,0.528,6.5,63.43,6
flight,FLT-03,Vistara Line UK-821,MAA -> DEL,6400.0,7230.0,6480.0,0.896,160,50,0.312,0.688,18,0,Low Traffic,0.85,Normal Day,1.0,Last-minute Rush,0.12,0.3,0.485,2.5,55.72,3
flight,FLT-04,Vistara Line UK-821,MAA -> DEL,6400.0,7930.0,8190.0,1.033,160,34,0.212,0.79,10,0,Standard,1.0,Normal Day,1.0,Student Traveler,1.41,0.9,0.484,3.5,65.24,2
flight,FLT-05,Vistara Line UK-992,DEL -> BLR,6800.0,8540.0,7270.0,0.851,160,38,0.237,0.761,12,0,Low Traffic,0.85,Normal Day,1.0,Corporate Traveler,0.27,5.2,0.497,2.5,58.57,2
flight,FLT-06,SkyWings 6E-512,BLR -> DEL,6200.0,6900.0,7430.0,1.077,180,31,0.172,0.829,17,0,Standard,1.0,Normal Day,1.0,Corporate Traveler,0.24,3.3,0.484,1.5,56.4,1
flight,FLT-07,JetExpress 9W-110,HYD -> MAA,3600.0,4190.0,7840.0,1.871,140,39,0.279,0.72,2,0,Festival Surge,1.45,Holiday,1.35,Last-minute Rush,0.12,4.7,0.781,13.5,100.0,24
flight,FLT-08,JetExpress 9W-445,BOM -> CCU,5800.0,6300.0,9110.0,1.446,180,51,0.283,0.715,3,0,Vacation Peak,1.3,Normal Day,1.0,Student Traveler,1.43,0.4,0.61,9.5,84.17,12
flight,FLT-01,JetExpress 9W-445,BOM -> CCU,5800.0,7540.0,7240.0,0.96,180,17,0.094,0.908,1,0,Standard,1.0,Normal Day,1.0,Student Traveler,1.44,0.3,0.487,5.5,65.79,4
flight,FLT-02,AeroIndia AI-801,BOM -> GOA,4200.0,5570.0,6010.0,1.079,150,9,0.06,0.938,1,0,Standard,1.0,Normal Day,1.0,Last-minute Rush,0.08,0.1,0.687,6.5,85.71,9
flight,FLT-03,AeroIndia AI-303,DEL -> DXB,14500.0,18420.0,20200.0,1.097,220,30,0.136,0.863,11,0,Standard,1.0,Normal Day,1.0,Last-minute Rush,0.16,2.9,0.547,1.5,65.24,1
flight,FLT-04,Vistara Line UK-821,MAA -> DEL,6400.0,7160.0,7290.0,1.018,160,44,0.275,0.723,11,0,Standard,1.0,Normal Day,1.0,Leisure Flyer,1.13,0.1,0.407,3.5,51.56,4
flight,FLT-05,JetExpress 9W-110,HYD -> MAA,3600.0,4350.0,9130.0,2.099,140,14,0.1,0.897,5,0,Festival Surge,1.45,Holiday,1.35,Leisure Flyer,1.05,0.9,0.734,7.5,100.0,12
flight,FLT-06,AeroIndia AI-303,DEL -> DXB,14500.0,18060.0,19070.0,1.056,220,32,0.145,0.853,37,1,Low Traffic,0.85,Weekend,1.15,Last-minute Rush,0.2,0.1,0.48,3.5,55.47,5
flight,FLT-07,SkyWings 6E-204,DEL -> BOM,5500.0,6480.0,5980.0,0.923,180,43,0.239,0.759,4,0,Standard,1.0,Normal Day,1.0,Student Traveler,1.42,0.4,0.409,1.5,53.93,1
flight,FLT-08,SkyWings 6E-204,DEL -> BOM,5500.0,7290.0,15000.0,2.058,180,5,0.028,0.971,6,0,Festival Surge,1.45,Major Event,1.55,Student Traveler,1.39,0.5,0.717,7.5,100.0,5
flight,FLT-01,SkyWings 6E-204,DEL -> BOM,5500.0,6580.0,6970.0,1.059,180,40,0.222,0.779,1,0,Standard,1.0,Normal Day,1.0,Corporate Traveler,0.33,9.6,0.644,7.5,81.14,7
flight,FLT-02,SkyWings 6E-512,BLR -> DEL,6200.0,6690.0,8020.0,1.199,180,29,0.161,0.837,13,1,Low Traffic,0.85,Weekend,1.15,Leisure Flyer,1.11,1.1,0.518,4.5,67.99,1
flight,FLT-03,AeroIndia AI-303,DEL -> DXB,14500.0,19540.0,19700.0,1.008,220,18,0.082,0.919,2,0,Standard,1.0,Normal Day,1.0,Student Traveler,1.47,1.2,0.528,3.5,72.29,3
flight,FLT-04,Vistara Line UK-992,DEL -> BLR,6800.0,7270.0,8270.0,1.138,160,67,0.419,0.582,24,0,Standard,1.0,Normal Day,1.0,Leisure Flyer,1.08,0.0,0.491,7.5,63.72,10
flight,FLT-05,SkyWings 6E-512,BLR -> DEL,6200.0,8300.0,8290.0,0.999,180,25,0.139,0.859,6,1,Standard,1.0,Weekend,1.15,Leisure Flyer,1.09,0.3,0.457,2.5,58.7,1
flight,FLT-06,Vistara Line UK-992,DEL -> BLR,6800.0,7720.0,8560.0,1.109,160,37,0.231,0.769,5,0,Standard,1.0,Normal Day,1.0,Corporate Traveler,0.22,4.3,0.631,7.5,78.32,9
flight,FLT-07,SkyWings 6E-204,DEL -> BOM,5500.0,5860.0,6310.0,1.077,180,67,0.372,0.626,2,0,Standard,1.0,Normal Day,1.0,Leisure Flyer,1.12,0.9,0.523,9.5,68.87,13
flight,FLT-08,Vistara Line UK-821,MAA -> DEL,6400.0,6810.0,7660.0,1.125,160,64,0.4,0.602,16,0,Standard,1.0,Normal Day,1.0,Corporate Traveler,0.27,6.7,0.527,4.5,63.08,4
flight,FLT-01,SkyWings 6E-204,DEL -> BOM,5500.0,7080.0,7530.0,1.064,180,32,0.178,0.822,2,1,Standard,1.0,Weekend,1.15,Leisure Flyer,1.15,0.9,0.561,7.5,74.79,10
flight,FLT-02,AeroIndia AI-801,BOM -> GOA,4200.0,5080.0,7460.0,1.469,150,32,0.213,0.789,8,1,Vacation Peak,1.3,Weekend,1.15,Leisure Flyer,1.07,4.4,0.631,3.5,84.71,3
flight,FLT-03,JetExpress 9W-110,HYD -> MAA,3600.0,4370.0,7830.0,1.792,140,25,0.179,0.821,3,0,Standard,1.0,Major Event,1.55,Last-minute Rush,0.12,0.4,0.781,10.5,100.0,15
flight,FLT-04,Vistara Line UK-992,DEL -> BLR,6800.0,7640.0,11720.0,1.534,160,58,0.362,0.636,8,1,Vacation Peak,1.3,Weekend,1.15,Leisure Flyer,1.1,2.9,0.618,3.5,82.89,6
flight,FLT-05,Vistara Line UK-821,MAA -> DEL,6400.0,8140.0,8500.0,1.044,160,13,0.081,0.917,1,1,Low Traffic,0.85,Weekend,1.15,Corporate Traveler,0.29,13.9,0.656,5.5,82.53,5
flight,FLT-06,JetExpress 9W-110,HYD -> MAA,3600.0,4060.0,3990.0,0.983,140,43,0.307,0.691,2,0,Standard,1.0,Normal Day,1.0,Leisure Flyer,1.1,1.7,0.48,7.5,62.29,6
flight,FLT-07,AeroIndia AI-801,BOM -> GOA,4200.0,4880.0,4860.0,0.996,150,48,0.32,0.677,12,1,Low Traffic,0.85,Weekend,1.15,Leisure Flyer,1.14,1.2,0.452,4.5,58.34,6
flight,FLT-08,SkyWings 6E-204,DEL -> BOM,5500.0,6230.0,16470.0,2.644,180,24,0.133,0.868,1,1,Festival Surge,1.45,Major Event,1.55,Corporate Traveler,0.22,12.9,0.776,9.5,100.0,14
flight,FLT-01,AeroIndia AI-801,BOM -> GOA,4200.0,5160.0,11200.0,2.171,150,41,0.273,0.725,8,1,Festival Surge,1.45,Festival,1.5,Leisure Flyer,1.16,0.4,0.729,5.5,100.0,6
flight,FLT-02,Vistara Line UK-821,MAA -> DEL,6400.0,7330.0,8400.0,1.146,160,47,0.294,0.705,1,0,Standard,1.0,Normal Day,1.0,Last-minute Rush,0.1,2.4,0.572,6.5,68.57,8
flight,FLT-03,JetExpress 9W-110,HYD -> MAA,3600.0,3740.0,4960.0,1.326,140,58,0.414,0.585,5,1,Standard,1.0,Weekend,1.15,Last-minute Rush,0.15,0.9,0.632,7.5,77.86,6
flight,FLT-04,JetExpress 9W-445,BOM -> CCU,5800.0,7670.0,16820.0,2.193,180,5,0.028,0.97,2,1,Festival Surge,1.45,Major Event,1.55,Student Traveler,1.41,0.0,0.716,5.5,100.0,5
flight,FLT-05,Vistara Line UK-992,DEL -> BLR,6800.0,8380.0,10490.0,1.252,160,20,0.125,0.875,2,1,Standard,1.0,Weekend,1.15,Corporate Traveler,0.21,5.4,0.729,9.5,92.99,9
flight,FLT-06,AeroIndia AI-801,BOM -> GOA,4200.0,4890.0,11260.0,2.303,150,3,0.02,0.98,7,0,Festival Surge,1.45,Major Event,1.55,Student Traveler,1.39,1.9,0.717,11.5,100.0,3
flight,FLT-07,JetExpress 9W-110,HYD -> MAA,3600.0,4260.0,4960.0,1.164,140,36,0.257,0.746,24,1,Standard,1.0,Weekend,1.15,Leisure Flyer,1.1,0.5,0.574,6.5,76.33,4
flight,FLT-08,JetExpress 9W-110,HYD -> MAA,3600.0,4600.0,3830.0,0.833,140,18,0.129,0.875,6,0,Low Traffic,0.85,Normal Day,1.0,Student Traveler,1.39,1.6,0.428,2.5,56.58,3
flight,FLT-01,Vistara Line UK-821,MAA -> DEL,6400.0,7550.0,6570.0,0.87,160,33,0.206,0.795,5,0,Low Traffic,0.85,Normal Day,1.0,Last-minute Rush,0.2,1.0,0.587,8.5,71.54,9
flight,FLT-02,JetExpress 9W-445,BOM -> CCU,5800.0,6750.0,15620.0,2.314,180,51,0.283,0.716,9,0,Festival Surge,1.45,Festival,1.5,Corporate Traveler,0.24,15.0,0.775,3.5,100.0,5
flight,FLT-03,Vistara Line UK-992,DEL -> BLR,6800.0,8050.0,7510.0,0.933,160,60,0.375,0.624,8,1,Standard,1.0,Weekend,1.15,Corporate Traveler,0.22,11.1,0.522,3.5,61.93,3
flight,FLT-04,JetExpress 9W-110,HYD -> MAA,3600.0,4200.0,4190.0,0.998,140,47,0.336,0.664,7,0,Standard,1.0,Normal Day,1.0,Last-minute Rush,0.13,4.6,0.651,8.5,80.68,9
flight,FLT-05,SkyWings 6E-204,DEL -> BOM,5500.0,6380.0,10850.0,1.701,180,33,0.183,0.814,2,1,Festival Surge,1.45,Holiday,1.35,Student Traveler,1.37,0.6,0.718,3.5,100.0,5
flight,FLT-06,SkyWings 6E-204,DEL -> BOM,5500.0,6710.0,7090.0,1.057,180,51,0.283,0.716,19,0,Standard,1.0,Normal Day,1.0,Corporate Traveler,0.26,15.8,0.589,4.5,72.37,5
flight,FLT-07,Vistara Line UK-992,DEL -> BLR,6800.0,9060.0,15100.0,1.667,160,3,0.019,0.98,3,0,Standard,1.0,Major Event,1.55,Last-minute Rush,0.16,1.4,0.779,4.5,100.0,3
flight,FLT-08,SkyWings 6E-512,BLR -> DEL,6200.0,7610.0,16090.0,2.114,180,18,0.1,0.899,6,0,Festival Surge,1.45,Holiday,1.35,Leisure Flyer,1.11,0.5,0.731,5.5,100.0,6
flight,FLT-01,JetExpress 9W-445,BOM -> CCU,5800.0,7880.0,7490.0,0.951,180,13,0.072,0.926,12,0,Standard,1.0,Normal Day,1.0,Leisure Flyer,1.1,1.0,0.554,4.5,73.36,5
flight,FLT-02,SkyWings 6E-204,DEL -> BOM,5500.0,6180.0,7690.0,1.244,180,39,0.217,0.782,3,1,Standard,1.0,Weekend,1.15,Leisure Flyer,1.1,0.1,0.583,8.5,77.72,10
flight,FLT-03,Vistara Line UK-992,DEL -> BLR,6800.0,8410.0,17960.0,2.136,160,9,0.056,0.945,11,1,Festival Surge,1.45,Holiday,1.35,Corporate Traveler,0.27,8.1,0.773,7.5,100.0,9
flight,FLT-04,SkyWings 6E-204,DEL -> BOM,5500.0,6510.0,16040.0,2.464,180,37,0.206,0.792,16,0,Festival Surge,1.45,Festival,1.5,Leisure Flyer,1.07,3.0,0.733,11.5,100.0,15
flight,FLT-05,JetExpress 9W-110,HYD -> MAA,3600.0,3320.0,2980.0,0.898,140,96,0.686,0.312,30,0,Low Traffic,0.85,Normal Day,1.0,Corporate Traveler,0.29,13.6,0.391,6.5,42.86,6
flight,FLT-06,SkyWings 6E-204,DEL -> BOM,5500.0,6360.0,11320.0,1.78,180,46,0.256,0.745,3,1,Vacation Peak,1.3,Weekend,1.15,Corporate Traveler,0.23,6.9,0.775,3.5,100.0,5
flight,FLT-07,Vistara Line UK-992,DEL -> BLR,6800.0,7500.0,7620.0,1.016,160,41,0.256,0.745,12,1,Low Traffic,0.85,Weekend,1.15,Corporate Traveler,0.2,14.7,0.657,7.5,82.04,6
flight,FLT-08,Vistara Line UK-821,MAA -> DEL,6400.0,7840.0,7270.0,0.927,160,3,0.019,0.98,4,0,Low Traffic,0.85,Normal Day,1.0,Leisure Flyer,1.07,1.8,0.54,8.5,71.01,3
flight,FLT-01,AeroIndia AI-303,DEL -> DXB,14500.0,16810.0,20880.0,1.242,220,57,0.259,0.742,21,0,Vacation Peak,1.3,Normal Day,1.0,Student Traveler,1.4,0.2,0.541,5.5,73.65,5
flight,FLT-02,JetExpress 9W-445,BOM -> CCU,5800.0,6930.0,16250.0,2.345,180,41,0.228,0.774,16,0,Festival Surge,1.45,Festival,1.5,Corporate Traveler,0.19,6.1,0.777,4.5,100.0,7
flight,FLT-03,Vistara Line UK-992,DEL -> BLR,6800.0,7830.0,8560.0,1.093,160,26,0.163,0.836,21,0,Standard,1.0,Normal Day,1.0,Corporate Traveler,0.27,6.5,0.553,2.5,66.95,4
flight,FLT-04,AeroIndia AI-801,BOM -> GOA,4200.0,5330.0,8110.0,1.522,150,23,0.153,0.848,5,1,Vacation Peak,1.3,Weekend,1.15,Student Traveler,1.33,2.5,0.679,8.5,93.85,13
flight,FLT-05,AeroIndia AI-303,DEL -> DXB,14500.0,16830.0,16090.0,0.956,220,62,0.282,0.72,1,0,Low Traffic,0.85,Normal Day,1.0,Student Traveler,1.36,3.0,0.489,8.5,65.57,10
flight,FLT-06,AeroIndia AI-801,BOM -> GOA,4200.0,4870.0,4460.0,0.916,150,31,0.207,0.792,2,0,Low Traffic,0.85,Normal Day,1.0,Leisure Flyer,1.04,0.7,0.517,11.5,67.32,10
flight,FLT-07,JetExpress 9W-445,BOM -> CCU,5800.0,7040.0,7900.0,1.122,180,30,0.167,0.833,21,1,Low Traffic,0.85,Weekend,1.15,Corporate Traveler,0.23,8.1,0.542,2.5,65.06,2
flight,FLT-08,AeroIndia AI-303,DEL -> DXB,14500.0,17930.0,17450.0,0.973,220,61,0.277,0.721,2,0,Standard,1.0,Normal Day,1.0,Corporate Traveler,0.21,2.5,0.511,2.5,60.2,3
flight,FLT-01,JetExpress 9W-110,HYD -> MAA,3600.0,3950.0,5080.0,1.286,140,49,0.35,0.653,36,1,Standard,1.0,Weekend,1.15,Corporate Traveler,0.25,5.4,0.608,4.5,75.06,3
flight,FLT-02,JetExpress 9W-110,HYD -> MAA,3600.0,4350.0,4260.0,0.979,140,41,0.293,0.709,13,0,Standard,1.0,Normal Day,1.0,Corporate Traveler,0.28,6.6,0.575,2.5,70.38,4
flight,FLT-03,Vistara Line UK-821,MAA -> DEL,6400.0,8650.0,7350.0,0.85,160,5,0.031,0.97,2,0,Low Traffic,0.85,Normal Day,1.0,Last-minute Rush,0.12,0.3,0.621,10.5,76.1,5
flight,FLT-04,AeroIndia AI-801,BOM -> GOA,4200.0,4800.0,5380.0,1.121,150,38,0.253,0.744,3,1,Standard,1.0,Weekend,1.15,Last-minute Rush,0.15,3.3,0.779,14.5,100.0,21
flight,FLT-05,AeroIndia AI-303,DEL -> DXB,14500.0,16510.0,16280.0,0.986,220,63,0.286,0.715,23,0,Standard,1.0,Normal Day,1.0,Student Traveler,1.32,0.6,0.42,0.5,54.88,0
flight,FLT-06,Vistara Line UK-821,MAA -> DEL,6400.0,6630.0,5760.0,0.869,160,75,0.469,0.532,21,0,Standard,1.0,Normal Day,1.0,Last-minute Rush,0.09,1.9,0.501,2.5,57.78,4
flight,FLT-07,Vistara Line UK-821,MAA -> DEL,6400.0,7300.0,6340.0,0.868,160,45,0.281,0.719,15,0,Low Traffic,0.85,Normal Day,1.0,Leisure Flyer,1.12,0.8,0.397,3.5,49.96,3
flight,FLT-08,SkyWings 6E-204,DEL -> BOM,5500.0,6310.0,6510.0,1.032,180,54,0.3,0.701,16,0,Standard,1.0,Normal Day,1.0,Corporate Traveler,0.25,10.2,0.559,3.5,67.71,4
flight,FLT-01,AeroIndia AI-303,DEL -> DXB,14500.0,17110.0,14950.0,0.874,220,55,0.25,0.749,12,0,Low Traffic,0.85,Normal Day,1.0,Corporate Traveler,0.34,7.5,0.542,4.5,65.9,7
flight,FLT-02,Vistara Line UK-821,MAA -> DEL,6400.0,7090.0,9100.0,1.283,160,68,0.425,0.575,31,0,Vacation Peak,1.3,Normal Day,1.0,Leisure Flyer,1.13,0.1,0.507,3.5,66.49,3
flight,FLT-03,SkyWings 6E-204,DEL -> BOM,5500.0,7130.0,8050.0,1.129,180,19,0.106,0.893,2,1,Standard,1.0,Weekend,1.15,Last-minute Rush,0.19,2.3,0.68,4.5,85.45,3
flight,FLT-04,Vistara Line UK-821,MAA -> DEL,6400.0,7720.0,9210.0,1.193,160,36,0.225,0.773,6,1,Standard,1.0,Weekend,1.15,Student Traveler,1.45,2.2,0.54,2.5,73.85,3
flight,FLT-05,Vistara Line UK-992,DEL -> BLR,6800.0,8540.0,18000.0,2.108,160,44,0.275,0.724,9,1,Festival Surge,1.45,Festival,1.5,Corporate Traveler,0.27,5.0,0.773,11.5,100.0,15
flight,FLT-06,Vistara Line UK-821,MAA -> DEL,6400.0,7930.0,8320.0,1.049,160,28,0.175,0.823,1,1,Low Traffic,0.85,Weekend,1.15,Leisure Flyer,1.07,0.3,0.636,11.5,85.47,13
flight,FLT-07,AeroIndia AI-303,DEL -> DXB,14500.0,16540.0,17990.0,1.088,220,35,0.159,0.843,3,0,Standard,1.0,Normal Day,1.0,Student Traveler,1.37,1.5,0.521,8.5,70.42,10
flight,FLT-08,AeroIndia AI-303,DEL -> DXB,14500.0,17490.0,38140.0,2.181,220,43,0.195,0.803,9,1,Vacation Peak,1.3,Major Event,1.55,Corporate Traveler,0.24,4.2,0.775,5.5,100.0,7
flight,FLT-01,AeroIndia AI-801,BOM -> GOA,4200.0,4750.0,6830.0,1.438,150,50,0.333,0.668,12,1,Vacation Peak,1.3,Weekend,1.15,Corporate Traveler,0.28,7.6,0.716,2.5,91.55,5
flight,FLT-02,AeroIndia AI-801,BOM -> GOA,4200.0,5540.0,12080.0,2.181,150,3,0.02,0.98,3,0,Festival Surge,1.45,Holiday,1.35,Last-minute Rush,0.14,0.3,0.78,9.5,100.0,3
flight,FLT-03,SkyWings 6E-204,DEL -> BOM,5500.0,6620.0,7760.0,1.172,180,4,0.022,0.98,4,0,Standard,1.0,Normal Day,1.0,Corporate Traveler,0.16,9.6,0.779,9.5,100.0,4
flight,FLT-04,AeroIndia AI-801,BOM -> GOA,4200.0,5180.0,4360.0,0.842,150,28,0.187,0.815,5,0,Low Traffic,0.85,Normal Day,1.0,Corporate Traveler,0.25,5.5,0.448,1.5,51.06,0
flight,FLT-05,AeroIndia AI-801,BOM -> GOA,4200.0,4920.0,4650.0,0.945,150,17,0.113,0.884,11,0,Low Traffic,0.85,Normal Day,1.0,Student Traveler,1.41,1.2,0.352,1.5,45.36,2
flight,FLT-06,Vistara Line UK-821,MAA -> DEL,6400.0,8080.0,8560.0,1.059,160,16,0.1,0.903,1,0,Standard,1.0,Normal Day,1.0,Corporate Traveler,0.2,4.4,0.625,5.5,77.21,8
flight,FLT-07,SkyWings 6E-204,DEL -> BOM,5500.0,6070.0,7660.0,1.262,180,59,0.328,0.674,15,1,Low Traffic,0.85,Festival,1.5,Leisure Flyer,1.07,0.1,0.605,6.5,80.79,5
flight,FLT-08,AeroIndia AI-303,DEL -> DXB,14500.0,17070.0,25060.0,1.468,220,63,0.286,0.713,19,0,Standard,1.0,Holiday,1.35,Leisure Flyer,1.02,0.4,0.628,4.5,83.86,6
flight,FLT-01,Vistara Line UK-992,DEL -> BLR,6800.0,8590.0,7510.0,0.874,160,21,0.131,0.87,4,0,Standard,1.0,Normal Day,1.0,Corporate Traveler,0.18,3.2,0.622,9.5,76.59,11
flight,FLT-02,SkyWings 6E-204,DEL -> BOM,5500.0,6400.0,6770.0,1.058,180,41,0.228,0.775,3,0,Standard,1.0,Normal Day,1.0,Leisure Flyer,1.16,0.5,0.513,4.5,67.69,6
flight,FLT-03,SkyWings 6E-204,DEL -> BOM,5500.0,5960.0,5030.0,0.844,180,96,0.533,0.465,11,0,Low Traffic,0.85,Normal Day,1.0,Leisure Flyer,1.1,2.3,0.393,5.5,49.21,4
flight,FLT-04,Vistara Line UK-821,MAA -> DEL,6400.0,7470.0,6520.0,0.873,160,55,0.344,0.657,13,0,Low Traffic,0.85,Normal Day,1.0,Corporate Traveler,0.27,3.9,0.495,3.5,58.22,2
flight,FLT-05,SkyWings 6E-512,BLR -> DEL,6200.0,6870.0,7290.0,1.061,180,54,0.3,0.698,11,0,Standard,1.0,Normal Day,1.0,Corporate Traveler,0.32,8.1,0.54,3.5,65.33,5
flight,FLT-06,AeroIndia AI-801,BOM -> GOA,4200.0,5340.0,5570.0,1.043,150,14,0.093,0.907,7,0,Standard,1.0,Normal Day,1.0,Leisure Flyer,1.09,0.9,0.522,3.5,68.44,5
flight,FLT-07,AeroIndia AI-303,DEL -> DXB,14500.0,18080.0,21530.0,1.191,220,18,0.082,0.919,6,1,Low Traffic,0.85,Holiday,1.35,Student Traveler,1.41,3.1,0.577,4.5,79.05,7
flight,FLT-08,SkyWings 6E-204,DEL -> BOM,5500.0,6420.0,7980.0,1.243,180,57,0.317,0.684,4,0,Vacation Peak,1.3,Normal Day,1.0,Corporate Traveler,0.25,2.7,0.676,6.5,85.32,10
flight,FLT-01,JetExpress 9W-110,HYD -> MAA,3600.0,4000.0,3850.0,0.963,140,64,0.457,0.542,16,1,Low Traffic,0.85,Weekend,1.15,Corporate Traveler,0.26,3.1,0.453,1.5,51.83,2
flight,FLT-02,JetExpress 9W-110,HYD -> MAA,3600.0,4150.0,6180.0,1.489,140,26,0.186,0.814,5,0,Low Traffic,0.85,Major Event,1.55,Last-minute Rush,0.08,2.5,0.783,11.5,100.0,16
flight,FLT-03,AeroIndia AI-801,BOM -> GOA,4200.0,4760.0,4250.0,0.893,150,53,0.353,0.646,9,0,Low Traffic,0.85,Normal Day,1.0,Leisure Flyer,1.13,2.3,0.492,6.5,64.34,5
flight,FLT-04,JetExpress 9W-110,HYD -> MAA,3600.0,4740.0,4510.0,0.951,140,22,0.157,0.84,10,0,Standard,1.0,Normal Day,1.0,Leisure Flyer,1.15,1.0,0.396,3.5,49.99,4
flight,FLT-05,Vistara Line UK-821,MAA -> DEL,6400.0,8010.0,9500.0,1.186,160,50,0.312,0.685,21,1,Standard,1.0,Weekend,1.15,Last-minute Rush,0.13,0.2,0.472,1.5,53.73,2
flight,FLT-06,JetExpress 9W-445,BOM -> CCU,5800.0,7410.0,7190.0,0.97,180,15,0.083,0.918,5,1,Low Traffic,0.85,Weekend,1.15,Last-minute Rush,0.18,0.9,0.59,6.5,71.92,9
flight,FLT-07,SkyWings 6E-204,DEL -> BOM,5500.0,7690.0,7610.0,0.99,180,4,0.022,0.978,6,1,Standard,1.0,Weekend,1.15,Leisure Flyer,1.16,0.2,0.498,3.5,65.42,4
flight,FLT-08,Vistara Line UK-821,MAA -> DEL,6400.0,7630.0,9050.0,1.186,160,58,0.362,0.639,10,0,Vacation Peak,1.3,Normal Day,1.0,Last-minute Rush,0.2,0.6,0.608,4.5,74.76,7
flight,FLT-01,AeroIndia AI-801,BOM -> GOA,4200.0,4480.0,10450.0,2.333,150,61,0.407,0.595,30,0,Festival Surge,1.45,Festival,1.5,Corporate Traveler,0.24,6.8,0.775,8.5,100.0,13
flight,FLT-02,AeroIndia AI-303,DEL -> DXB,14500.0,17600.0,18950.0,1.077,220,39,0.177,0.822,1,0,Standard,1.0,Normal Day,1.0,Corporate Traveler,0.25,10.9,0.711,7.5,90.59,12
flight,FLT-03,SkyWings 6E-204,DEL -> BOM,5500.0,6720.0,5900.0,0.878,180,55,0.306,0.693,2,0,Standard,1.0,Normal Day,1.0,Leisure Flyer,1.08,2.2,0.547,11.5,72.13,15
flight,FLT-04,SkyWings 6E-512,BLR -> DEL,6200.0,7110.0,11130.0,1.565,180,27,0.15,0.852,2,1,Standard,1.0,Festival,1.5,Leisure Flyer,1.1,0.6,0.719,12.5,98.17,14
flight,FLT-05,AeroIndia AI-303,DEL -> DXB,14500.0,15740.0,24120.0,1.532,220,86,0.391,0.61,5,1,Standard,1.0,Festival,1.5,Student Traveler,1.42,0.7,0.561,4.5,76.75,4
flight,FLT-06,AeroIndia AI-303,DEL -> DXB,14500.0,15030.0,16820.0,1.119,220,95,0.432,0.57,35,1,Low Traffic,0.85,Weekend,1.15,Last-minute Rush,0.12,0.5,0.522,3.5,61.18,4
flight,FLT-07,AeroIndia AI-801,BOM -> GOA,4200.0,5470.0,5410.0,0.989,150,11,0.073,0.924,10,0,Standard,1.0,Normal Day,1.0,Corporate Traveler,0.24,9.9,0.602,2.5,74.05,4
flight,FLT-08,Vistara Line UK-992,DEL -> BLR,6800.0,7530.0,7770.0,1.032,160,59,0.369,0.628,20,0,Standard,1.0,Normal Day,1.0,Student Traveler,1.39,0.3,0.415,3.5,54.64,2
flight,FLT-01,AeroIndia AI-801,BOM -> GOA,4200.0,5100.0,5170.0,1.014,150,31,0.207,0.79,2,0,Standard,1.0,Normal Day,1.0,Leisure Flyer,1.15,0.1,0.506,5.5,66.45,6
flight,FLT-02,AeroIndia AI-303,DEL -> DXB,14500.0,18140.0,14430.0,0.795,220,47,0.214,0.786,12,0,Low Traffic,0.85,Normal Day,1.0,Leisure Flyer,1.05,0.3,0.428,6.5,54.14,5
flight,FLT-03,SkyWings 6E-204,DEL -> BOM,5500.0,6580.0,5080.0,0.772,180,54,0.3,0.698,3,0,Low Traffic,0.85,Normal Day,1.0,Corporate Traveler,0.27,9.9,0.545,8.5,65.8,8
flight,FLT-04,AeroIndia AI-801,BOM -> GOA,4200.0,4550.0,5120.0,1.125,150,32,0.213,0.79,10,0,Standard,1.0,Normal Day,1.0,Student Traveler,1.36,1.8,0.442,1.5,58.46,1
flight,FLT-05,SkyWings 6E-204,DEL -> BOM,5500.0,7100.0,14270.0,2.01,180,24,0.133,0.865,11,1,Festival Surge,1.45,Holiday,1.35,Leisure Flyer,1.11,0.8,0.731,2.5,100.0,5
flight,FLT-06,JetExpress 9W-110,HYD -> MAA,3600.0,4420.0,4540.0,1.027,140,10,0.071,0.93,5,0,Standard,1.0,Normal Day,1.0,Leisure Flyer,1.13,2.6,0.553,4.5,73.45,5
flight,FLT-07,JetExpress 9W-110,HYD -> MAA,3600.0,4830.0,5470.0,1.133,140,3,0.021,0.98,7,1,Standard,1.0,Weekend,1.15,Leisure Flyer,1.11,0.8,0.623,5.5,83.77,3
flight,FLT-08,JetExpress 9W-110,HYD -> MAA,3600.0,4630.0,5590.0,1.207,140,3,0.021,0.978,2,1,Standard,1.0,Weekend,1.15,Last-minute Rush,0.12,1.5,0.705,6.5,88.58,3
flight,FLT-01,AeroIndia AI-303,DEL -> DXB,14500.0,16230.0,18500.0,1.14,220,54,0.245,0.755,20,0,Standard,1.0,Normal Day,1.0,Leisure Flyer,1.09,1.2,0.48,3.5,62.24,4
flight,FLT-02,Vistara Line UK-821,MAA -> DEL,6400.0,7950.0,18560.0,2.335,160,5,0.031,0.969,9,0,Festival Surge,1.45,Major Event,1.55,Corporate Traveler,0.17,11.6,0.778,9.5,100.0,5
flight,FLT-03,AeroIndia AI-801,BOM -> GOA,4200.0,5030.0,5300.0,1.054,150,27,0.18,0.819,8,1,Standard,1.0,Weekend,1.15,Last-minute Rush,0.17,0.5,0.616,4.5,75.63,5
flight,FLT-04,AeroIndia AI-801,BOM -> GOA,4200.0,5950.0,8790.0,1.477,150,4,0.027,0.971,1,0,Standard,1.0,Major Event,1.55,Leisure Flyer,1.07,0.4,0.701,7.5,95.2,4
flight,FLT-05,SkyWings 6E-204,DEL -> BOM,5500.0,6260.0,6970.0,1.113,180,57,0.317,0.681,3,0,Standard,1.0,Normal Day,1.0,Leisure Flyer,1.1,0.7,0.425,5.5,54.01,5
flight,FLT-06,JetExpress 9W-445,BOM -> CCU,5800.0,6960.0,6980.0,1.003,180,48,0.267,0.735,2,0,Standard,1.0,Normal Day,1.0,Corporate Traveler,0.19,7.9,0.583,5.5,70.91,9
flight,FLT-07,SkyWings 6E-204,DEL -> BOM,5500.0,5950.0,6000.0,1.008,180,53,0.294,0.705,5,0,Standard,1.0,Normal Day,1.0,Last-minute Rush,0.17,0.4,0.604,7.5,73.91,8
flight,FLT-08,AeroIndia AI-801,BOM -> GOA,4200.0,5570.0,6920.0,1.242,150,3,0.02,0.98,4,1,Standard,1.0,Weekend,1.15,Student Traveler,1.3,1.9,0.655,9.5,89.93,3
flight,FLT-01,AeroIndia AI-303,DEL -> DXB,14500.0,17160.0,20080.0,1.17,220,45,0.205,0.797,5,0,Standard,1.0,Normal Day,1.0,Leisure Flyer,1.09,0.1,0.59,9.5,78.62,10
flight,FLT-02,SkyWings 6E-204,DEL -> BOM,5500.0,5840.0,5730.0,0.981,180,68,0.378,0.622,14,0,Low Traffic,0.85,Normal Day,1.0,Corporate Traveler,0.23,12.3,0.558,6.5,67.47,5
flight,FLT-03,JetExpress 9W-445,BOM -> CCU,5800.0,5670.0,5960.0,1.051,180,99,0.55,0.447,22,0,Standard,1.0,Normal Day,1.0,Corporate Traveler,0.23,9.5,0.554,9.5,66.88,12
flight,FLT-04,SkyWings 6E-204,DEL -> BOM,5500.0,6670.0,5470.0,0.82,180,28,0.156,0.845,2,0,Low Traffic,0.85,Normal Day,1.0,Last-minute Rush,0.16,0.7,0.591,7.5,71.82,8
flight,FLT-05,Vistara Line UK-821,MAA -> DEL,6400.0,6830.0,7150.0,1.047,160,41,0.256,0.744,5,0,Low Traffic,0.85,Normal Day,1.0,Corporate Traveler,0.21,14.9,0.614,7.5,75.7,6
flight,FLT-06,AeroIndia AI-303,DEL -> DXB,14500.0,16470.0,22940.0,1.393,220,38,0.173,0.825,6,1,Standard,1.0,Holiday,1.35,Leisure Flyer,1.1,0.3,0.688,9.5,93.38,12
flight,FLT-07,SkyWings 6E-204,DEL -> BOM,5500.0,6930.0,7920.0,1.143,180,31,0.172,0.83,3,1,Standard,1.0,Weekend,1.15,Corporate Traveler,0.23,2.7,0.724,12.5,92.36,22
flight,FLT-08,Vistara Line UK-992,DEL -> BLR,6800.0,8650.0,6760.0,0.782,160,33,0.206,0.794,14,0,Low Traffic,0.85,Normal Day,1.0,Student Traveler,1.35,0.2,0.376,2.5,48.47,3
flight,FLT-01,AeroIndia AI-303,DEL -> DXB,14500.0,17720.0,14600.0,0.824,220,22,0.1,0.9,9,0,Low Traffic,0.85,Normal Day,1.0,Corporate Traveler,0.2,11.6,0.575,3.5,69.74,5
flight,FLT-02,Vistara Line UK-992,DEL -> BLR,6800.0,7710.0,10720.0,1.39,160,52,0.325,0.677,12,0,Vacation Peak,1.3,Normal Day,1.0,Corporate Traveler,0.28,6.2,0.681,2.5,86.25,4
flight,FLT-03,SkyWings 6E-512,BLR -> DEL,6200.0,7980.0,11780.0,1.476,180,17,0.094,0.907,7,0,Standard,1.0,Major Event,1.55,Corporate Traveler,0.32,6.2,0.771,7.5,100.0,10
flight,FLT-04,AeroIndia AI-303,DEL -> DXB,14500.0,16850.0,19910.0,1.182,220,23,0.105,0.896,5,0,Standard,1.0,Normal Day,1.0,Leisure Flyer,1.15,0.5,0.619,10.5,83.51,16
flight,FLT-05,Vistara Line UK-992,DEL -> BLR,6800.0,7930.0,8400.0,1.059,160,37,0.231,0.767,12,0,Standard,1.0,Normal Day,1.0,Leisure Flyer,1.18,1.6,0.494,2.5,64.94,0
flight,FLT-06,Vistara Line UK-821,MAA -> DEL,6400.0,7640.0,8240.0,1.079,160,37,0.231,0.77,5,0,Standard,1.0,Normal Day,1.0,Leisure Flyer,1.15,0.7,0.542,5.5,71.98,7
flight,FLT-07,JetExpress 9W-110,HYD -> MAA,3600.0,4340.0,7980.0,1.839,140,14,0.1,0.903,2,1,Standard,1.0,Major Event,1.55,Corporate Traveler,0.25,6.6,0.774,3.5,100.0,4
flight,FLT-08,AeroIndia AI-303,DEL -> DXB,14500.0,17540.0,37490.0,2.137,220,56,0.255,0.746,1,0,Festival Surge,1.45,Festival,1.5,Last-minute Rush,0.11,3.6,0.781,7.5,100.0,12
flight,FLT-01,JetExpress 9W-445,BOM -> CCU,5800.0,6150.0,5420.0,0.881,180,94,0.522,0.479,19,0,Low Traffic,0.85,Normal Day,1.0,Corporate Traveler,0.24,13.3,0.481,1.5,55.89,1
flight,FLT-02,JetExpress 9W-445,BOM -> CCU,5800.0,6700.0,6070.0,0.906,180,63,0.35,0.648,25,0,Standard,1.0,Normal Day,1.0,Leisure Flyer,1.05,0.3,0.382,2.5,47.18,3
flight,FLT-03,SkyWings 6E-512,BLR -> DEL,6200.0,7600.0,18860.0,2.482,180,4,0.022,0.98,6,0,Festival Surge,1.45,Festival,1.5,Corporate Traveler,0.27,4.0,0.773,7.5,100.0,4
flight,FLT-04,Vistara Line UK-821,MAA -> DEL,6400.0,8230.0,7590.0,0.922,160,29,0.181,0.817,1,1,Low Traffic,0.85,Weekend,1.15,Leisure Flyer,1.07,3.0,0.538,5.5,70.66,6
flight,FLT-05,JetExpress 9W-110,HYD -> MAA,3600.0,3680.0,7200.0,1.957,140,27,0.193,0.804,5,1,Vacation Peak,1.3,Weekend,1.15,Student Traveler,1.39,2.5,0.717,6.5,100.0,11
flight,FLT-06,SkyWings 6E-204,DEL -> BOM,5500.0,6070.0,6760.0,1.114,180,68,0.378,0.62,33,1,Standard,1.0,Weekend,1.15,Student Traveler,1.36,1.4,0.465,4.5,61.91,5
flight,FLT-07,SkyWings 6E-512,BLR -> DEL,6200.0,7130.0,19380.0,2.718,180,48,0.267,0.732,17,1,Festival Surge,1.45,Festival,1.5,Leisure Flyer,1.07,1.6,0.733,9.5,100.0,11
flight,FLT-08,SkyWings 6E-512,BLR -> DEL,6200.0,6660.0,5960.0,0.895,180,81,0.45,0.551,7,0,Low Traffic,0.85,Normal Day,1.0,Leisure Flyer,1.06,0.2,0.417,3.5,52.52,2
flight,FLT-01,Vistara Line UK-992,DEL -> BLR,6800.0,7960.0,8240.0,1.035,160,37,0.231,0.766,5,0,Standard,1.0,Normal Day,1.0,Corporate Traveler,0.22,22.4,0.686,8.5,86.6,12
flight,FLT-02,Vistara Line UK-821,MAA -> DEL,6400.0,7080.0,7540.0,1.065,160,55,0.344,0.655,13,1,Standard,1.0,Weekend,1.15,Corporate Traveler,0.18,8.6,0.584,4.5,70.91,6
flight,FLT-03,Vistara Line UK-821,MAA -> DEL,6400.0,8260.0,8050.0,0.975,160,3,0.019,0.98,4,1,Low Traffic,0.85,Weekend,1.15,Corporate Traveler,0.21,11.0,0.74,10.5,94.57,3
flight,FLT-04,JetExpress 9W-110,HYD -> MAA,3600.0,3860.0,4310.0,1.117,140,26,0.186,0.813,6,0,Standard,1.0,Normal Day,1.0,Corporate Traveler,0.17,6.7,0.599,2.5,73.11,1
flight,FLT-05,Vistara Line UK-992,DEL -> BLR,6800.0,7310.0,9250.0,1.265,160,55,0.344,0.653,22,1,Standard,1.0,Weekend,1.15,Leisure Flyer,1.17,2.8,0.528,2.5,69.94,2
flight,FLT-06,SkyWings 6E-204,DEL -> BOM,5500.0,5550.0,5380.0,0.969,180,99,0.55,0.449,43,0,Standard,1.0,Normal Day,1.0,Leisure Flyer,1.07,0.4,0.346,2.5,41.88,2
flight,FLT-07,SkyWings 6E-204,DEL -> BOM,5500.0,6880.0,9200.0,1.337,180,14,0.078,0.92,12,0,Vacation Peak,1.3,Normal Day,1.0,Leisure Flyer,1.07,0.5,0.603,2.5,80.44,2
flight,FLT-08,Vistara Line UK-821,MAA -> DEL,6400.0,7640.0,8110.0,1.062,160,31,0.194,0.809,2,0,Standard,1.0,Normal Day,1.0,Corporate Traveler,0.26,7.4,0.62,7.5,76.97,8
flight,FLT-01,Vistara Line UK-821,MAA -> DEL,6400.0,8310.0,6240.0,0.751,160,5,0.031,0.972,1,0,Low Traffic,0.85,Normal Day,1.0,Leisure Flyer,1.18,2.1,0.459,6.5,59.74,4
flight,FLT-02,Vistara Line UK-821,MAA -> DEL,6400.0,7560.0,16320.0,2.159,160,42,0.263,0.74,4,0,Festival Surge,1.45,Major Event,1.55,Corporate Traveler,0.28,3.1,0.773,7.5,100.0,12
flight,FLT-03,JetExpress 9W-445,BOM -> CCU,5800.0,6570.0,7070.0,1.076,180,65,0.361,0.637,4,0,Standard,1.0,Normal Day,1.0,Last-minute Rush,0.18,0.2,0.632,7.5,78.12,9
flight,FLT-04,SkyWings 6E-204,DEL -> BOM,5500.0,5080.0,4150.0,0.817,180,142,0.789,0.213,45,0,Standard,1.0,Normal Day,1.0,Last-minute Rush,0.12,0.2,0.315,1.5,30.19,1
flight,FLT-05,Vistara Line UK-821,MAA -> DEL,6400.0,7660.0,16540.0,2.159,160,26,0.163,0.838,5,0,Festival Surge,1.45,Festival,1.5,Leisure Flyer,1.12,0.7,0.731,6.5,100.0,9
flight,FLT-06,JetExpress 9W-445,BOM -> CCU,5800.0,7440.0,16660.0,2.239,180,4,0.022,0.98,2,0,Festival Surge,1.45,Major Event,1.55,Leisure Flyer,1.11,0.4,0.731,8.5,100.0,4
flight,FLT-07,JetExpress 9W-110,HYD -> MAA,3600.0,4440.0,10030.0,2.259,140,8,0.057,0.943,3,1,Festival Surge,1.45,Festival,1.5,Corporate Traveler,0.24,10.6,0.775,7.5,100.0,8
flight,FLT-08,Vistara Line UK-821,MAA -> DEL,6400.0,7850.0,7920.0,1.009,160,19,0.119,0.883,2,0,Standard,1.0,Normal Day,1.0,Leisure Flyer,1.07,0.5,0.533,7.5,70.02,11
flight,FLT-01,SkyWings 6E-204,DEL -> BOM,5500.0,6000.0,6930.0,1.155,180,72,0.4,0.602,5,0,Standard,1.0,Normal Day,1.0,Corporate Traveler,0.24,5.7,0.585,7.5,71.56,12
flight,FLT-02,Vistara Line UK-821,MAA -> DEL,6400.0,7220.0,7290.0,1.01,160,37,0.231,0.766,9,0,Standard,1.0,Normal Day,1.0,Leisure Flyer,1.11,1.9,0.452,1.5,58.06,1
flight,FLT-03,SkyWings 6E-204,DEL -> BOM,5500.0,5830.0,5350.0,0.918,180,65,0.361,0.641,7,0,Low Traffic,0.85,Normal Day,1.0,Leisure Flyer,1.04,3.6,0.375,1.5,46.01,1
flight,FLT-04,Vistara Line UK-821,MAA -> DEL,6400.0,7010.0,10750.0,1.534,160,69,0.431,0.566,17,1,Vacation Peak,1.3,Weekend,1.15,Corporate Traveler,0.22,16.7,0.711,2.5,90.27,4
flight,FLT-05,JetExpress 9W-445,BOM -> CCU,5800.0,7180.0,9620.0,1.34,180,14,0.078,0.92,6,0,Vacation Peak,1.3,Normal Day,1.0,Corporate Traveler,0.29,4.4,0.684,1.5,86.82,1
flight,FLT-06,SkyWings 6E-512,BLR -> DEL,6200.0,8000.0,14500.0,1.812,180,4,0.022,0.98,1,0,Standard,1.0,Major Event,1.55,Corporate Traveler,0.26,10.2,0.774,3.5,100.0,4
flight,FLT-07,JetExpress 9W-445,BOM -> CCU,5800.0,7080.0,8470.0,1.196,180,15,0.083,0.915,8,0,Vacation Peak,1.3,Normal Day,1.0,Leisure Flyer,1.09,0.7,0.565,2.5,74.93,3
flight,FLT-08,AeroIndia AI-303,DEL -> DXB,14500.0,16990.0,17300.0,1.018,220,62,0.282,0.717,3,0,Standard,1.0,Normal Day,1.0,Leisure Flyer,1.05,0.1,0.514,5.5,66.95,7
flight,FLT-01,AeroIndia AI-801,BOM -> GOA,4200.0,4750.0,6250.0,1.316,150,22,0.147,0.855,5,1,Standard,1.0,Weekend,1.15,Leisure Flyer,1.06,3.9,0.598,5.5,79.66,6
flight,FLT-02,JetExpress 9W-445,BOM -> CCU,5800.0,7040.0,13680.0,1.943,180,4,0.022,0.98,6,1,Vacation Peak,1.3,Weekend,1.15,Last-minute Rush,0.1,1.7,0.782,2.5,100.0,4
flight,FLT-03,Vistara Line UK-821,MAA -> DEL,6400.0,7360.0,7880.0,1.071,160,38,0.237,0.763,1,0,Standard,1.0,Normal Day,1.0,Leisure Flyer,1.09,1.2,0.538,6.5,70.84,8
flight,FLT-04,AeroIndia AI-801,BOM -> GOA,4200.0,5480.0,7090.0,1.294,150,9,0.06,0.94,3,1,Standard,1.0,Weekend,1.15,Leisure Flyer,1.08,2.0,0.675,5.5,91.33,6
flight,FLT-05,JetExpress 9W-110,HYD -> MAA,3600.0,4210.0,9920.0,2.356,140,27,0.193,0.808,6,0,Festival Surge,1.45,Major Event,1.55,Student Traveler,1.4,2.6,0.717,3.5,100.0,4
flight,FLT-06,Vistara Line UK-821,MAA -> DEL,6400.0,8340.0,6990.0,0.838,160,12,0.075,0.926,1,0,Low Traffic,0.85,Normal Day,1.0,Leisure Flyer,1.11,0.5,0.528,9.5,69.45,12
flight,FLT-07,JetExpress 9W-445,BOM -> CCU,5800.0,6510.0,6950.0,1.068,180,40,0.222,0.779,8,1,Low Traffic,0.85,Weekend,1.15,Student Traveler,1.37,4.3,0.512,3.5,69.12,1
flight,FLT-08,JetExpress 9W-110,HYD -> MAA,3600.0,4490.0,6920.0,1.541,140,18,0.129,0.874,2,1,Standard,1.0,Major Event,1.55,Leisure Flyer,1.11,1.6,0.723,10.5,98.79,18
flight,FLT-01,Vistara Line UK-821,MAA -> DEL,6400.0,7930.0,9620.0,1.213,160,22,0.138,0.86,8,0,Standard,1.0,Normal Day,1.0,Student Traveler,1.37,0.8,0.498,4.5,66.91,2
flight,FLT-02,JetExpress 9W-110,HYD -> MAA,3600.0,4140.0,7040.0,1.7,140,58,0.414,0.589,9,0,Festival Surge,1.45,Holiday,1.35,Last-minute Rush,0.19,0.6,0.777,6.5,100.0,9
flight,FLT-03,JetExpress 9W-110,HYD -> MAA,3600.0,4440.0,7670.0,1.727,140,3,0.021,0.98,3,1,Standard,1.0,Festival,1.5,Leisure Flyer,1.06,2.2,0.734,8.5,100.0,3
flight,FLT-04,AeroIndia AI-801,BOM -> GOA,4200.0,5770.0,6020.0,1.043,150,8,0.053,0.944,3,1,Low Traffic,0.85,Weekend,1.15,Corporate Traveler,0.2,7.1,0.636,6.5,78.83,8
flight,FLT-05,Vistara Line UK-992,DEL -> BLR,6800.0,8110.0,17790.0,2.194,160,42,0.263,0.739,19,0,Festival Surge,1.45,Major Event,1.55,Corporate Traveler,0.26,3.5,0.774,4.5,100.0,6
flight,FLT-06,JetExpress 9W-110,HYD -> MAA,3600.0,4180.0,4610.0,1.103,140,33,0.236,0.766,32,1,Standard,1.0,Weekend,1.15,Corporate Traveler,0.21,6.1,0.556,4.5,67.0,6
flight,FLT-07,JetExpress 9W-445,BOM -> CCU,5800.0,8110.0,7490.0,0.924,180,4,0.022,0.98,1,1,Low Traffic,0.85,Weekend,1.15,Leisure Flyer,1.11,0.4,0.563,6.5,74.8,4
flight,FLT-08,Vistara Line UK-821,MAA -> DEL,6400.0,7940.0,6900.0,0.869,160,18,0.113,0.886,1,0,Low Traffic,0.85,Normal Day,1.0,Student Traveler,1.35,1.7,0.524,9.5,70.7,11
flight,FLT-01,Vistara Line UK-992,DEL -> BLR,6800.0,8180.0,12510.0,1.529,160,33,0.206,0.794,10,0,Vacation Peak,1.3,Normal Day,1.0,Last-minute Rush,0.08,0.2,0.718,4.5,90.36,6
flight,FLT-02,SkyWings 6E-204,DEL -> BOM,5500.0,7090.0,8550.0,1.206,180,34,0.189,0.809,6,1,Standard,1.0,Weekend,1.15,Leisure Flyer,1.1,0.9,0.559,2.5,74.14,1
flight,FLT-03,Vistara Line UK-821,MAA -> DEL,6400.0,8010.0,8920.0,1.114,160,31,0.194,0.809,1,0,Standard,1.0,Normal Day,1.0,Corporate Traveler,0.24,11.0,0.712,9.5,90.56,14
flight,FLT-04,JetExpress 9W-110,HYD -> MAA,3600.0,4090.0,4020.0,0.983,140,24,0.171,0.83,5,0,Low Traffic,0.85,Normal Day,1.0,Last-minute Rush,0.08,0.2,0.64,9.5,78.61,15
flight,FLT-05,JetExpress 9W-445,BOM -> CCU,5800.0,5590.0,5540.0,0.991,180,122,0.678,0.322,44,0,Standard,1.0,Normal Day,1.0,Corporate Traveler,0.18,13.5,0.466,2.5,53.27,2
flight,FLT-06,Vistara Line UK-821,MAA -> DEL,6400.0,6700.0,6330.0,0.945,160,77,0.481,0.517,20,0,Standard,1.0,Normal Day,1.0,Corporate Traveler,0.25,12.8,0.476,2.5,55.28,1
flight,FLT-07,SkyWings 6E-204,DEL -> BOM,5500.0,6540.0,7130.0,1.09,180,29,0.161,0.838,4,0,Standard,1.0,Normal Day,1.0,Leisure Flyer,1.16,1.0,0.497,8.5,65.21,11
flight,FLT-08,Vistara Line UK-821,MAA -> DEL,6400.0,7220.0,8270.0,1.145,160,43,0.269,0.733,18,1,Standard,1.0,Weekend,1.15,Corporate Traveler,0.25,7.0,0.583,5.5,71.38,6
flight,FLT-01,SkyWings 6E-512,BLR -> DEL,6200.0,7240.0,5540.0,0.765,180,77,0.428,0.571,4,0,Low Traffic,0.85,Normal Day,1.0,Leisure Flyer,1.1,4.3,0.389,6.5,48.53,4
flight,FLT-02,SkyWings 6E-204,DEL -> BOM,5500.0,6670.0,10860.0,1.628,180,16,0.089,0.911,3,0,Standard,1.0,Festival,1.5,Corporate Traveler,0.26,10.8,0.774,6.5,100.0,11
flight,FLT-03,SkyWings 6E-512,BLR -> DEL,6200.0,7410.0,12780.0,1.725,180,34,0.189,0.812,12,1,Vacation Peak,1.3,Weekend,1.15,Leisure Flyer,1.07,0.1,0.7,3.5,95.05,2
flight,FLT-04,Vistara Line UK-821,MAA -> DEL,6400.0,7690.0,8600.0,1.118,160,30,0.188,0.815,19,0,Standard,1.0,Normal Day,1.0,Leisure Flyer,1.12,1.5,0.416,0.5,52.76,1
flight,FLT-05,Vistara Line UK-992,DEL -> BLR,6800.0,7810.0,9660.0,1.237,160,78,0.487,0.513,18,0,Vacation Peak,1.3,Normal Day,1.0,Corporate Traveler,0.28,8.7,0.603,3.5,74.57,6
flight,FLT-06,AeroIndia AI-801,BOM -> GOA,4200.0,4280.0,9020.0,2.107,150,72,0.48,0.519,31,1,Festival Surge,1.45,Holiday,1.35,Leisure Flyer,1.12,1.0,0.698,3.5,95.15,5
flight,FLT-07,AeroIndia AI-801,BOM -> GOA,4200.0,5050.0,5590.0,1.107,150,45,0.3,0.701,20,1,Standard,1.0,Weekend,1.15,Leisure Flyer,1.05,1.5,0.471,3.5,60.46,2
flight,FLT-08,Vistara Line UK-821,MAA -> DEL,6400.0,9010.0,6720.0,0.746,160,7,0.044,0.953,1,0,Low Traffic,0.85,Normal Day,1.0,Leisure Flyer,1.07,1.1,0.471,2.5,60.61,3
flight,FLT-01,AeroIndia AI-801,BOM -> GOA,4200.0,4930.0,7240.0,1.469,150,19,0.127,0.875,23,1,Vacation Peak,1.3,Weekend,1.15,Last-minute Rush,0.1,0.7,0.738,3.5,93.43,5
flight,FLT-02,AeroIndia AI-303,DEL -> DXB,14500.0,15620.0,35410.0,2.267,220,104,0.473,0.528,45,1,Festival Surge,1.45,Major Event,1.55,Last-minute Rush,0.13,3.4,0.78,3.5,100.0,5
flight,FLT-03,SkyWings 6E-512,BLR -> DEL,6200.0,7920.0,8750.0,1.105,180,26,0.144,0.855,1,1,Standard,1.0,Weekend,1.15,Last-minute Rush,0.17,1.0,0.673,4.5,84.21,7
flight,FLT-04,Vistara Line UK-992,DEL -> BLR,6800.0,7690.0,11570.0,1.505,160,46,0.287,0.712,13,0,Vacation Peak,1.3,Normal Day,1.0,Last-minute Rush,0.1,0.3,0.7,6.5,87.79,10
flight,FLT-05,AeroIndia AI-303,DEL -> DXB,14500.0,17950.0,19250.0,1.072,220,49,0.223,0.779,14,0,Low Traffic,0.85,Holiday,1.35,Corporate Traveler,0.2,18.4,0.72,8.5,91.51,10
flight,FLT-06,AeroIndia AI-801,BOM -> GOA,4200.0,5050.0,5650.0,1.119,150,11,0.073,0.928,7,1,Standard,1.0,Weekend,1.15,Corporate Traveler,0.26,10.3,0.658,4.5,82.69,8
flight,FLT-07,JetExpress 9W-445,BOM -> CCU,5800.0,6550.0,7130.0,1.089,180,50,0.278,0.725,17,0,Standard,1.0,Normal Day,1.0,Leisure Flyer,1.1,0.1,0.478,3.5,61.89,2
flight,FLT-08,JetExpress 9W-445,BOM -> CCU,5800.0,6640.0,6480.0,0.976,180,35,0.194,0.806,3,1,Low Traffic,0.85,Weekend,1.15,Student Traveler,1.36,0.3,0.492,6.5,66.02,5
flight,FLT-01,Vistara Line UK-821,MAA -> DEL,6400.0,8010.0,11740.0,1.466,160,24,0.15,0.847,5,1,Vacation Peak,1.3,Weekend,1.15,Leisure Flyer,1.17,0.9,0.707,7.5,96.8,12
flight,FLT-02,JetExpress 9W-110,HYD -> MAA,3600.0,4640.0,3900.0,0.841,140,26,0.186,0.814,3,0,Low Traffic,0.85,Normal Day,1.0,Last-minute Rush,0.18,3.8,0.572,6.5,69.17,10
flight,FLT-03,JetExpress 9W-445,BOM -> CCU,5800.0,6260.0,8640.0,1.38,180,72,0.4,0.601,18,0,Vacation Peak,1.3,Normal Day,1.0,Leisure Flyer,1.14,2.5,0.6,8.5,80.55,13
flight,FLT-04,SkyWings 6E-204,DEL -> BOM,5500.0,6720.0,6870.0,1.022,180,37,0.206,0.795,2,0,Standard,1.0,Normal Day,1.0,Corporate Traveler,0.22,10.6,0.713,11.5,90.54,15
flight,FLT-05,JetExpress 9W-445,BOM -> CCU,5800.0,7070.0,6980.0,0.987,180,25,0.139,0.86,4,0,Standard,1.0,Normal Day,1.0,Corporate Traveler,0.22,6.7,0.621,9.5,76.83,13
flight,FLT-06,Vistara Line UK-992,DEL -> BLR,6800.0,8110.0,8930.0,1.101,160,39,0.244,0.756,3,0,Standard,1.0,Normal Day,1.0,Student Traveler,1.35,1.1,0.479,6.5,63.97,4
flight,FLT-07,JetExpress 9W-110,HYD -> MAA,3600.0,4590.0,5710.0,1.244,140,26,0.186,0.817,16,1,Standard,1.0,Weekend,1.15,Leisure Flyer,1.13,0.1,0.544,6.5,72.11,6
flight,FLT-08,SkyWings 6E-512,BLR -> DEL,6200.0,6930.0,8770.0,1.266,180,50,0.278,0.722,4,1,Standard,1.0,Weekend,1.15,Last-minute Rush,0.19,1.0,0.614,5.5,75.59,9
flight,FLT-01,JetExpress 9W-110,HYD -> MAA,3600.0,4260.0,8400.0,1.972,140,52,0.371,0.626,24,1,Festival Surge,1.45,Holiday,1.35,Leisure Flyer,1.11,1.7,0.69,5.5,93.85,8
flight,FLT-02,SkyWings 6E-512,BLR -> DEL,6200.0,8110.0,8730.0,1.076,180,12,0.067,0.934,5,0,Standard,1.0,Normal Day,1.0,Leisure Flyer,1.12,1.8,0.583,8.5,77.92,11
flight,FLT-03,SkyWings 6E-512,BLR -> DEL,6200.0,7360.0,18000.0,2.446,180,39,0.217,0.785,10,1,Festival Surge,1.45,Festival,1.5,Leisure Flyer,1.11,0.2,0.731,8.5,100.0,12
flight,FLT-04,JetExpress 9W-445,BOM -> CCU,5800.0,7690.0,7990.0,1.039,180,6,0.033,0.965,2,0,Standard,1.0,Normal Day,1.0,Corporate Traveler,0.3,13.3,0.751,8.5,96.94,6
flight,FLT-05,AeroIndia AI-303,DEL -> DXB,14500.0,16190.0,17050.0,1.053,220,50,0.227,0.774,4,1,Low Traffic,0.85,Weekend,1.15,Corporate Traveler,0.27,10.0,0.629,6.5,78.32,6
flight,FLT-06,SkyWings 6E-204,DEL -> BOM,5500.0,6340.0,6840.0,1.079,180,47,0.261,0.736,4,0,Standard,1.0,Normal Day,1.0,Student Traveler,1.41,2.8,0.576,10.5,78.94,14
flight,FLT-07,Vistara Line UK-821,MAA -> DEL,6400.0,8270.0,7840.0,0.948,160,24,0.15,0.852,4,0,Standard,1.0,Normal Day,1.0,Leisure Flyer,1.09,0.7,0.49,9.5,63.68,9
flight,FLT-08,Vistara Line UK-992,DEL -> BLR,6800.0,8240.0,9020.0,1.095,160,46,0.287,0.712,20,1,Low Traffic,0.85,Weekend,1.15,Student Traveler,1.48,0.1,0.434,3.5,58.19,3
flight,FLT-01,JetExpress 9W-110,HYD -> MAA,3600.0,4090.0,4730.0,1.156,140,42,0.3,0.703,7,1,Standard,1.0,Weekend,1.15,Student Traveler,1.33,1.8,0.503,4.5,67.44,4
flight,FLT-02,AeroIndia AI-303,DEL -> DXB,14500.0,18060.0,21510.0,1.191,220,24,0.109,0.889,9,0,Low Traffic,0.85,Festival,1.5,Corporate Traveler,0.26,8.2,0.719,6.5,91.8,9
flight,FLT-03,AeroIndia AI-801,BOM -> GOA,4200.0,4790.0,7620.0,1.591,150,34,0.227,0.773,3,1,Vacation Peak,1.3,Weekend,1.15,Last-minute Rush,0.12,0.3,0.778,4.5,99.61,9
flight,FLT-04,JetExpress 9W-445,BOM -> CCU,5800.0,7020.0,6960.0,0.991,180,41,0.228,0.774,12,0,Standard,1.0,Normal Day,1.0,Corporate Traveler,0.26,10.5,0.67,7.5,84.48,11
flight,FLT-05,JetExpress 9W-110,HYD -> MAA,3600.0,4330.0,5110.0,1.18,140,3,0.021,0.98,1,1,Standard,1.0,Weekend,1.15,Leisure Flyer,1.08,0.2,0.649,7.5,87.42,3
flight,FLT-06,JetExpress 9W-110,HYD -> MAA,3600.0,4400.0,5080.0,1.155,140,15,0.107,0.891,1,1,Low Traffic,0.85,Weekend,1.15,Corporate Traveler,0.27,5.2,0.748,13.5,96.28,15
flight,FLT-07,Vistara Line UK-992,DEL -> BLR,6800.0,7530.0,8410.0,1.117,160,53,0.331,0.669,4,0,Standard,1.0,Normal Day,1.0,Leisure Flyer,1.1,1.0,0.452,2.5,58.01,3
flight,FLT-08,AeroIndia AI-801,BOM -> GOA,4200.0,4610.0,5970.0,1.295,150,38,0.253,0.745,14,1,Standard,1.0,Weekend,1.15,Corporate Traveler,0.21,3.5,0.671,4.5,84.19,7
flight,FLT-01,SkyWings 6E-512,BLR -> DEL,6200.0,7420.0,6800.0,0.916,180,42,0.233,0.765,10,0,Standard,1.0,Normal Day,1.0,Leisure Flyer,1.18,0.9,0.42,0.5,53.89,0
flight,FLT-02,AeroIndia AI-303,DEL -> DXB,14500.0,19330.0,38810.0,2.008,220,14,0.064,0.936,2,0,Festival Surge,1.45,Holiday,1.35,Leisure Flyer,1.09,0.3,0.732,8.5,100.0,7
flight,FLT-03,Vistara Line UK-821,MAA -> DEL,6400.0,7740.0,9050.0,1.169,160,39,0.244,0.759,12,0,Vacation Peak,1.3,Normal Day,1.0,Leisure Flyer,1.1,0.4,0.508,5.5,66.44,5
flight,FLT-04,AeroIndia AI-801,BOM -> GOA,4200.0,5150.0,5360.0,1.041,150,16,0.107,0.896,4,1,Low Traffic,0.85,Weekend,1.15,Leisure Flyer,1.03,0.5,0.505,5.5,65.48,1
flight,FLT-05,SkyWings 6E-204,DEL -> BOM,5500.0,6800.0,7320.0,1.076,180,46,0.256,0.745,1,1,Low Traffic,0.85,Weekend,1.15,Leisure Flyer,1.07,1.1,0.522,11.5,68.29,11
flight,FLT-06,JetExpress 9W-445,BOM -> CCU,5800.0,6070.0,7360.0,1.213,180,43,0.239,0.759,6,0,Standard,1.0,Normal Day,1.0,Corporate Traveler,0.28,6.6,0.569,1.5,69.45,1
flight,FLT-07,AeroIndia AI-801,BOM -> GOA,4200.0,5520.0,6770.0,1.226,150,19,0.127,0.871,12,0,Standard,1.0,Holiday,1.35,Leisure Flyer,1.18,5.2,0.578,7.5,77.49,8
flight,FLT-08,JetExpress 9W-445,BOM -> CCU,5800.0,7150.0,6890.0,0.964,180,31,0.172,0.825,2,0,Standard,1.0,Normal Day,1.0,Corporate Traveler,0.23,7.6,0.679,10.5,85.57,15
flight,FLT-01,Vistara Line UK-992,DEL -> BLR,6800.0,7990.0,8790.0,1.1,160,34,0.212,0.789,15,0,Standard,1.0,Normal Day,1.0,Leisure Flyer,1.08,0.0,0.493,2.5,63.99,3
flight,FLT-02,SkyWings 6E-512,BLR -> DEL,6200.0,7650.0,7270.0,0.95,180,23,0.128,0.87,8,1,Low Traffic,0.85,Weekend,1.15,Leisure Flyer,1.1,0.1,0.459,2.5,59.15,4
flight,FLT-03,Vistara Line UK-992,DEL -> BLR,6800.0,8520.0,8800.0,1.033,160,3,0.019,0.98,1,0,Standard,1.0,Normal Day,1.0,Last-minute Rush,0.13,0.6,0.622,5.5,76.22,3
flight,FLT-04,JetExpress 9W-110,HYD -> MAA,3600.0,3890.0,4880.0,1.254,140,62,0.443,0.559,21,0,Vacation Peak,1.3,Normal Day,1.0,Student Traveler,1.37,0.4,0.488,2.5,65.48,2
flight,FLT-05,Vistara Line UK-992,DEL -> BLR,6800.0,8390.0,8170.0,0.974,160,36,0.225,0.773,9,0,Standard,1.0,Normal Day,1.0,Leisure Flyer,1.09,2.2,0.474,1.5,61.24,2
flight,FLT-06,AeroIndia AI-303,DEL -> DXB,14500.0,18080.0,23760.0,1.314,220,48,0.218,0.78,13,1,Standard,1.0,Holiday,1.35,Student Traveler,1.42,1.2,0.557,3.5,76.24,5
flight,FLT-07,AeroIndia AI-801,BOM -> GOA,4200.0,5020.0,11360.0,2.263,150,21,0.14,0.857,16,1,Festival Surge,1.45,Festival,1.5,Student Traveler,1.42,0.6,0.716,12.5,100.0,18
flight,FLT-08,AeroIndia AI-303,DEL -> DXB,14500.0,18200.0,44310.0,2.435,220,21,0.095,0.906,2,1,Festival Surge,1.45,Major Event,1.55,Corporate Traveler,0.23,9.6,0.775,12.5,100.0,20
flight,FLT-01,AeroIndia AI-801,BOM -> GOA,4200.0,4290.0,5290.0,1.233,150,78,0.52,0.481,29,0,Vacation Peak,1.3,Normal Day,1.0,Corporate Traveler,0.28,12.7,0.644,5.5,80.7,10
flight,FLT-02,Vistara Line UK-992,DEL -> BLR,6800.0,7640.0,8040.0,1.052,160,57,0.356,0.641,15,1,Standard,1.0,Weekend,1.15,Last-minute Rush,0.09,1.5,0.569,3.5,68.08,5
flight,FLT-03,JetExpress 9W-110,HYD -> MAA,3600.0,4040.0,3520.0,0.871,140,55,0.393,0.605,17,0,Standard,1.0,Normal Day,1.0,Student Traveler,1.42,3.8,0.372,3.5,48.44,2
flight,FLT-04,SkyWings 6E-204,DEL -> BOM,5500.0,6570.0,7200.0,1.096,180,24,0.133,0.866,10,0,Standard,1.0,Normal Day,1.0,Corporate Traveler,0.22,6.0,0.611,4.5,75.31,4
flight,FLT-05,SkyWings 6E-512,BLR -> DEL,6200.0,8060.0,8170.0,1.014,180,38,0.211,0.789,9,1,Standard,1.0,Weekend,1.15,Corporate Traveler,0.29,4.0,0.549,2.5,66.46,5
flight,FLT-06,SkyWings 6E-512,BLR -> DEL,6200.0,6870.0,10220.0,1.488,180,39,0.217,0.785,14,0,Vacation Peak,1.3,Normal Day,1.0,Last-minute Rush,0.11,0.2,0.669,0.5,83.15,0
flight,FLT-07,SkyWings 6E-512,BLR -> DEL,6200.0,7670.0,13180.0,1.718,180,4,0.022,0.98,5,1,Standard,1.0,Major Event,1.55,Corporate Traveler,0.29,6.5,0.772,9.5,100.0,4
flight,FLT-08,Vistara Line UK-821,MAA -> DEL,6400.0,6300.0,6390.0,1.014,160,92,0.575,0.427,22,1,Low Traffic,0.85,Weekend,1.15,Corporate Traveler,0.21,4.0,0.464,1.5,53.24,0
flight,FLT-01,AeroIndia AI-801,BOM -> GOA,4200.0,4810.0,4930.0,1.025,150,44,0.293,0.706,14,0,Standard,1.0,Normal Day,1.0,Student Traveler,1.35,0.4,0.422,3.5,55.5,2
flight,FLT-02,AeroIndia AI-303,DEL -> DXB,14500.0,16840.0,37900.0,2.251,220,75,0.341,0.661,15,0,Festival Surge,1.45,Major Event,1.55,Leisure Flyer,1.22,0.8,0.726,4.5,100.0,5
flight,FLT-03,AeroIndia AI-801,BOM -> GOA,4200.0,4970.0,4660.0,0.938,150,31,0.207,0.795,9,0,Standard,1.0,Normal Day,1.0,Last-minute Rush,0.11,1.6,0.487,1.5,55.92,2
flight,FLT-04,JetExpress 9W-445,BOM -> CCU,5800.0,6640.0,6850.0,1.032,180,47,0.261,0.738,1,1,Low Traffic,0.85,Weekend,1.15,Corporate Traveler,0.26,6.0,0.636,8.5,79.28,9
flight,FLT-05,AeroIndia AI-801,BOM -> GOA,4200.0,5350.0,8820.0,1.649,150,16,0.107,0.892,3,1,Vacation Peak,1.3,Weekend,1.15,Student Traveler,1.36,1.7,0.719,10.5,100.0,16
flight,FLT-06,Vistara Line UK-821,MAA -> DEL,6400.0,6870.0,8540.0,1.243,160,69,0.431,0.567,35,0,Standard,1.0,Normal Day,1.0,Corporate Traveler,0.25,15.4,0.466,1.5,53.8,0
flight,FLT-07,JetExpress 9W-110,HYD -> MAA,3600.0,3940.0,10160.0,2.579,140,34,0.243,0.756,27,0,Festival Surge,1.45,Festival,1.5,Last-minute Rush,0.19,0.3,0.777,3.5,100.0,7
flight,FLT-08,Vistara Line UK-821,MAA -> DEL,6400.0,8780.0,7950.0,0.905,160,23,0.144,0.855,14,1,Low Traffic,0.85,Weekend,1.15,Student Traveler,1.37,1.5,0.391,1.5,50.88,1
flight,FLT-01,JetExpress 9W-445,BOM -> CCU,5800.0,6700.0,6510.0,0.972,180,56,0.311,0.687,12,1,Low Traffic,0.85,Weekend,1.15,Last-minute Rush,0.25,1.0,0.535,2.5,64.12,3
flight,FLT-02,SkyWings 6E-204,DEL -> BOM,5500.0,6340.0,8850.0,1.396,180,29,0.161,0.84,2,0,Vacation Peak,1.3,Normal Day,1.0,Leisure Flyer,1.16,0.2,0.684,14.5,93.28,19
flight,FLT-03,AeroIndia AI-801,BOM -> GOA,4200.0,5280.0,5900.0,1.117,150,18,0.12,0.878,1,1,Standard,1.0,Weekend,1.15,Corporate Traveler,0.26,10.2,0.704,11.5,89.62,17
flight,FLT-04,SkyWings 6E-512,BLR -> DEL,6200.0,7080.0,6930.0,0.979,180,63,0.35,0.652,9,0,Standard,1.0,Normal Day,1.0,Leisure Flyer,1.12,0.6,0.411,4.5,52.1,2
flight,FLT-05,AeroIndia AI-303,DEL -> DXB,14500.0,14510.0,13710.0,0.945,220,124,0.564,0.435,35,0,Low Traffic,0.85,Normal Day,1.0,Leisure Flyer,1.12,0.0,0.357,4.5,43.89,5
flight,FLT-06,AeroIndia AI-801,BOM -> GOA,4200.0,5340.0,11030.0,2.066,150,3,0.02,0.98,4,1,Festival Surge,1.45,Holiday,1.35,Corporate Traveler,0.28,2.8,0.773,4.5,100.0,3
flight,FLT-07,JetExpress 9W-445,BOM -> CCU,5800.0,6690.0,14330.0,2.142,180,46,0.256,0.743,2,0,Festival Surge,1.45,Festival,1.5,Leisure Flyer,1.11,0.9,0.731,4.5,100.0,6
flight,FLT-08,SkyWings 6E-204,DEL -> BOM,5500.0,5560.0,8450.0,1.52,180,101,0.561,0.437,45,0,Vacation Peak,1.3,Normal Day,1.0,Corporate Traveler,0.27,12.2,0.674,0.5,85.13,1
flight,FLT-01,JetExpress 9W-445,BOM -> CCU,5800.0,6270.0,10420.0,1.662,180,46,0.256,0.747,3,0,Standard,1.0,Festival,1.5,Corporate Traveler,0.34,11.2,0.77,6.5,100.0,8
flight,FLT-02,SkyWings 6E-204,DEL -> BOM,5500.0,5970.0,7670.0,1.285,180,53,0.294,0.704,16,1,Standard,1.0,Weekend,1.15,Leisure Flyer,1.18,1.1,0.502,3.5,66.09,5
flight,FLT-03,Vistara Line UK-821,MAA -> DEL,6400.0,8890.0,8770.0,0.987,160,9,0.056,0.943,6,0,Standard,1.0,Normal Day,1.0,Leisure Flyer,1.1,0.9,0.54,5.5,71.3,8
flight,FLT-04,SkyWings 6E-204,DEL -> BOM,5500.0,6530.0,8620.0,1.32,180,24,0.133,0.867,19,1,Standard,1.0,Weekend,1.15,Leisure Flyer,1.06,1.9,0.556,2.5,73.29,4
flight,FLT-05,JetExpress 9W-110,HYD -> MAA,3600.0,4200.0,4340.0,1.033,140,41,0.293,0.704,19,0,Standard,1.0,Normal Day,1.0,Last-minute Rush,0.16,1.3,0.558,2.5,66.87,2
flight,FLT-06,Vistara Line UK-992,DEL -> BLR,6800.0,8260.0,9450.0,1.144,160,20,0.125,0.874,1,0,Standard,1.0,Normal Day,1.0,Leisure Flyer,1.09,0.3,0.572,10.5,76.01,12
flight,FLT-07,AeroIndia AI-801,BOM -> GOA,4200.0,5350.0,4800.0,0.897,150,35,0.233,0.767,8,0,Standard,1.0,Normal Day,1.0,Corporate Traveler,0.22,18.7,0.532,1.5,63.52,1
flight,FLT-08,Vistara Line UK-992,DEL -> BLR,6800.0,8840.0,22020.0,2.491,160,6,0.037,0.963,5,0,Festival Surge,1.45,Major Event,1.55,Corporate Traveler,0.28,10.0,0.773,4.5,100.0,6
flight,FLT-01,SkyWings 6E-512,BLR -> DEL,6200.0,7440.0,17320.0,2.328,180,45,0.25,0.747,15,1,Festival Surge,1.45,Major Event,1.55,Last-minute Rush,0.15,0.7,0.779,6.5,100.0,8
flight,FLT-02,AeroIndia AI-801,BOM -> GOA,4200.0,5620.0,7070.0,1.258,150,12,0.08,0.92,3,0,Vacation Peak,1.3,Normal Day,1.0,Student Traveler,1.38,0.4,0.55,4.5,74.81,7
flight,FLT-03,AeroIndia AI-303,DEL -> DXB,14500.0,18990.0,22940.0,1.208,220,23,0.105,0.894,1,1,Standard,1.0,Weekend,1.15,Corporate Traveler,0.25,4.4,0.585,2.5,71.66,1
flight,FLT-04,SkyWings 6E-512,BLR -> DEL,6200.0,7170.0,7810.0,1.089,180,53,0.294,0.708,10,0,Standard,1.0,Normal Day,1.0,Last-minute Rush,0.18,1.2,0.5,1.5,58.34,0
flight,FLT-05,AeroIndia AI-801,BOM -> GOA,4200.0,5100.0,10090.0,1.978,150,24,0.16,0.839,4,0,Festival Surge,1.45,Festival,1.5,Corporate Traveler,0.27,12.1,0.773,9.5,100.0,17
flight,FLT-06,JetExpress 9W-445,BOM -> CCU,5800.0,6620.0,7440.0,1.124,180,42,0.233,0.765,14,1,Standard,1.0,Weekend,1.15,Leisure Flyer,1.09,0.2,0.509,4.5,66.47,7
flight,FLT-07,JetExpress 9W-445,BOM -> CCU,5800.0,6990.0,8850.0,1.266,180,37,0.206,0.793,12,0,Low Traffic,0.85,Holiday,1.35,Corporate Traveler,0.26,3.7,0.592,3.5,72.82,6
flight,FLT-08,JetExpress 9W-110,HYD -> MAA,3600.0,4110.0,6220.0,1.513,140,31,0.221,0.781,13,1,Vacation Peak,1.3,Weekend,1.15,Corporate Traveler,0.32,5.9,0.724,5.5,92.93,8
flight,FLT-01,AeroIndia AI-303,DEL -> DXB,14500.0,18430.0,45340.0,2.46,220,8,0.036,0.962,5,0,Festival Surge,1.45,Festival,1.5,Leisure Flyer,1.05,0.3,0.734,6.5,100.0,8
flight,FLT-02,AeroIndia AI-801,BOM -> GOA,4200.0,5120.0,10930.0,2.135,150,38,0.253,0.745,4,1,Vacation Peak,1.3,Festival,1.5,Last-minute Rush,0.1,0.6,0.782,7.5,100.0,15
flight,FLT-03,AeroIndia AI-303,DEL -> DXB,14500.0,16050.0,16090.0,1.002,220,75,0.341,0.657,7,0,Standard,1.0,Normal Day,1.0,Corporate Traveler,0.23,8.7,0.538,1.5,64.48,1
flight,FLT-04,Vistara Line UK-992,DEL -> BLR,6800.0,8320.0,7980.0,0.959,160,22,0.138,0.865,7,1,Low Traffic,0.85,Weekend,1.15,Leisure Flyer,1.12,0.3,0.491,2.5,63.99,1
flight,FLT-05,SkyWings 6E-204,DEL -> BOM,5500.0,6210.0,13320.0,2.145,180,59,0.328,0.674,23,1,Festival Surge,1.45,Major Event,1.55,Corporate Traveler,0.29,23.3,0.772,4.5,100.0,8
flight,FLT-06,JetExpress 9W-445,BOM -> CCU,5800.0,6920.0,6160.0,0.89,180,38,0.211,0.789,4,0,Low Traffic,0.85,Normal Day,1.0,Corporate Traveler,0.28,6.3,0.55,7.5,66.63,10
flight,FLT-07,Vistara Line UK-821,MAA -> DEL,6400.0,7880.0,13110.0,1.664,160,18,0.113,0.89,1,1,Vacation Peak,1.3,Weekend,1.15,Leisure Flyer,1.11,0.2,0.731,7.5,100.0,13
flight,FLT-08,AeroIndia AI-801,BOM -> GOA,4200.0,4680.0,5740.0,1.226,150,45,0.3,0.702,3,0,Standard,1.0,Normal Day,1.0,Leisure Flyer,1.12,0.1,0.521,10.5,68.49,14
flight,FLT-01,JetExpress 9W-110,HYD -> MAA,3600.0,4420.0,7470.0,1.69,140,12,0.086,0.916,5,1,Vacation Peak,1.3,Weekend,1.15,Last-minute Rush,0.21,2.2,0.776,4.5,100.0,8
flight,FLT-02,SkyWings 6E-512,BLR -> DEL,6200.0,8120.0,16190.0,1.994,180,20,0.111,0.891,7,0,Festival Surge,1.45,Festival,1.5,Student Traveler,1.35,1.9,0.719,9.5,100.0,14
flight,FLT-03,AeroIndia AI-801,BOM -> GOA,4200.0,5100.0,7680.0,1.506,150,21,0.14,0.858,14,0,Standard,1.0,Major Event,1.55,Corporate Traveler,0.2,5.6,0.777,9.5,100.0,14
flight,FLT-04,JetExpress 9W-445,BOM -> CCU,5800.0,7530.0,6390.0,0.849,180,39,0.217,0.782,15,0,Standard,1.0,Normal Day,1.0,Student Traveler,1.39,0.5,0.413,2.5,54.4,2
flight,FLT-05,JetExpress 9W-445,BOM -> CCU,5800.0,6940.0,7610.0,1.097,180,57,0.317,0.686,8,1,Standard,1.0,Weekend,1.15,Corporate Traveler,0.33,3.7,0.62,3.5,77.52,5
flight,FLT-06,AeroIndia AI-303,DEL -> DXB,14500.0,15780.0,29970.0,1.899,220,58,0.264,0.738,13,1,Standard,1.0,Major Event,1.55,Corporate Traveler,0.2,15.1,0.777,6.5,100.0,11
flight,FLT-07,SkyWings 6E-512,BLR -> DEL,6200.0,7520.0,13980.0,1.859,180,23,0.128,0.871,3,0,Standard,1.0,Festival,1.5,Last-minute Rush,0.07,0.5,0.783,5.5,100.0,10
flight,FLT-08,JetExpress 9W-445,BOM -> CCU,5800.0,7350.0,14560.0,1.981,180,20,0.111,0.889,1,0,Festival Surge,1.45,Holiday,1.35,Leisure Flyer,1.14,4.0,0.73,6.5,100.0,9
flight,FLT-01,Vistara Line UK-992,DEL -> BLR,6800.0,8900.0,9550.0,1.073,160,32,0.2,0.8,4,0,Standard,1.0,Normal Day,1.0,Corporate Traveler,0.29,3.6,0.651,8.5,81.83,11
flight,FLT-02,JetExpress 9W-445,BOM -> CCU,5800.0,6500.0,15330.0,2.358,180,22,0.122,0.875,4,1,Festival Surge,1.45,Festival,1.5,Leisure Flyer,1.15,0.2,0.729,3.5,100.0,5
flight,FLT-03,Vistara Line UK-992,DEL -> BLR,6800.0,6940.0,11210.0,1.615,160,67,0.419,0.582,25,1,Vacation Peak,1.3,Weekend,1.15,Student Traveler,1.47,4.0,0.52,2.5,71.03,2
flight,FLT-04,Vistara Line UK-821,MAA -> DEL,6400.0,7810.0,8820.0,1.129,160,31,0.194,0.809,6,0,Standard,1.0,Normal Day,1.0,Student Traveler,1.43,1.1,0.474,0.5,63.78,0
flight,FLT-05,SkyWings 6E-204,DEL -> BOM,5500.0,6600.0,8150.0,1.235,180,26,0.144,0.856,1,1,Standard,1.0,Weekend,1.15,Corporate Traveler,0.23,5.9,0.725,4.5,92.54,7
flight,FLT-06,AeroIndia AI-303,DEL -> DXB,14500.0,17210.0,38510.0,2.238,220,68,0.309,0.689,23,0,Festival Surge,1.45,Major Event,1.55,Corporate Traveler,0.19,7.1,0.777,7.5,100.0,13
flight,FLT-07,Vistara Line UK-992,DEL -> BLR,6800.0,8680.0,20040.0,2.309,160,5,0.031,0.966,1,1,Festival Surge,1.45,Festival,1.5,Leisure Flyer,1.04,1.0,0.735,6.5,100.0,5
flight,FLT-08,AeroIndia AI-801,BOM -> GOA,4200.0,5280.0,4500.0,0.852,150,24,0.16,0.837,9,0,Low Traffic,0.85,Normal Day,1.0,Last-minute Rush,0.11,2.6,0.569,1.5,68.21,1
flight,FLT-01,JetExpress 9W-110,HYD -> MAA,3600.0,4300.0,4720.0,1.098,140,11,0.079,0.923,12,0,Standard,1.0,Normal Day,1.0,Corporate Traveler,0.26,11.4,0.569,0.5,69.31,1
flight,FLT-02,JetExpress 9W-445,BOM -> CCU,5800.0,6680.0,7480.0,1.12,180,51,0.283,0.717,22,1,Standard,1.0,Weekend,1.15,Leisure Flyer,1.08,1.1,0.516,3.5,67.44,4
flight,FLT-03,AeroIndia AI-303,DEL -> DXB,14500.0,17600.0,14960.0,0.85,220,26,0.118,0.88,4,0,Low Traffic,0.85,Normal Day,1.0,Corporate Traveler,0.23,10.1,0.615,7.5,75.97,11
flight,FLT-04,JetExpress 9W-110,HYD -> MAA,3600.0,3950.0,3410.0,0.863,140,58,0.414,0.582,16,0,Low Traffic,0.85,Normal Day,1.0,Corporate Traveler,0.26,4.1,0.456,2.5,52.34,2
flight,FLT-05,AeroIndia AI-303,DEL -> DXB,14500.0,15920.0,19700.0,1.237,220,61,0.277,0.722,3,1,Standard,1.0,Weekend,1.15,Corporate Traveler,0.26,5.3,0.691,8.5,87.67,9
flight,FLT-06,AeroIndia AI-303,DEL -> DXB,14500.0,16880.0,43490.0,2.576,220,29,0.132,0.869,11,0,Festival Surge,1.45,Major Event,1.55,Leisure Flyer,1.13,1.6,0.73,7.5,100.0,7
flight,FLT-07,JetExpress 9W-445,BOM -> CCU,5800.0,6990.0,10920.0,1.562,180,15,0.083,0.918,11,0,Low Traffic,0.85,Festival,1.5,Leisure Flyer,1.03,2.4,0.735,13.5,100.0,15
flight,FLT-08,JetExpress 9W-110,HYD -> MAA,3600.0,4090.0,6650.0,1.626,140,43,0.307,0.692,15,0,Standard,1.0,Major Event,1.55,Last-minute Rush,0.11,0.5,0.748,4.5,95.0,9
flight,FLT-01,AeroIndia AI-303,DEL -> DXB,14500.0,18610.0,18600.0,0.999,220,17,0.077,0.923,4,0,Standard,1.0,Normal Day,1.0,Corporate Traveler,0.24,9.1,0.624,7.5,77.36,10
flight,FLT-02,SkyWings 6E-512,BLR -> DEL,6200.0,8000.0,7410.0,0.926,180,31,0.172,0.826,17,0,Standard,1.0,Normal Day,1.0,Corporate Traveler,0.26,14.1,0.612,0.5,75.74,0
flight,FLT-03,AeroIndia AI-303,DEL -> DXB,14500.0,16170.0,15120.0,0.935,220,96,0.436,0.566,22,0,Standard,1.0,Normal Day,1.0,Last-minute Rush,0.22,2.7,0.515,3.5,60.86,4
flight,FLT-04,Vistara Line UK-821,MAA -> DEL,6400.0,8040.0,7910.0,0.984,160,24,0.15,0.851,19,0,Low Traffic,0.85,Normal Day,1.0,Leisure Flyer,1.02,1.9,0.416,3.5,52.07,6
flight,FLT-05,SkyWings 6E-204,DEL -> BOM,5500.0,5250.0,5060.0,0.964,180,106,0.589,0.414,34,0,Standard,1.0,Normal Day,1.0,Corporate Traveler,0.29,12.2,0.421,0.5,47.28,0
flight,FLT-06,JetExpress 9W-445,BOM -> CCU,5800.0,6560.0,7560.0,1.152,180,52,0.289,0.71,14,1,Standard,1.0,Weekend,1.15,Corporate Traveler,0.27,4.4,0.639,4.5,79.94,7
flight,FLT-07,JetExpress 9W-445,BOM -> CCU,5800.0,7410.0,8690.0,1.173,180,4,0.022,0.98,2,1,Standard,1.0,Weekend,1.15,Leisure Flyer,1.05,0.7,0.734,13.5,100.0,4
flight,FLT-08,SkyWings 6E-204,DEL -> BOM,5500.0,6370.0,14350.0,2.253,180,38,0.211,0.786,18,1,Festival Surge,1.45,Festival,1.5,Leisure Flyer,1.14,2.6,0.73,7.5,100.0,13
flight,FLT-01,AeroIndia AI-801,BOM -> GOA,4200.0,4760.0,6740.0,1.416,150,45,0.3,0.701,20,0,Vacation Peak,1.3,Normal Day,1.0,Corporate Traveler,0.2,2.5,0.641,1.5,79.59,0
flight,FLT-02,Vistara Line UK-992,DEL -> BLR,6800.0,7970.0,16700.0,2.095,160,34,0.212,0.787,25,0,Festival Surge,1.45,Holiday,1.35,Corporate Traveler,0.2,9.5,0.777,14.5,100.0,27
flight,FLT-03,JetExpress 9W-445,BOM -> CCU,5800.0,7530.0,15200.0,2.019,180,8,0.044,0.954,10,0,Festival Surge,1.45,Major Event,1.55,Last-minute Rush,0.16,1.9,0.779,5.5,100.0,8
flight,FLT-04,SkyWings 6E-512,BLR -> DEL,6200.0,7040.0,9110.0,1.294,180,46,0.256,0.744,2,1,Standard,1.0,Weekend,1.15,Leisure Flyer,1.05,0.5,0.647,12.5,86.93,15
flight,FLT-05,SkyWings 6E-204,DEL -> BOM,5500.0,6470.0,16890.0,2.611,180,27,0.15,0.849,3,0,Festival Surge,1.45,Major Event,1.55,Student Traveler,1.41,4.2,0.716,4.5,100.0,4
flight,FLT-06,AeroIndia AI-801,BOM -> GOA,4200.0,5420.0,10660.0,1.967,150,3,0.02,0.98,2,0,Festival Surge,1.45,Major Event,1.55,Last-minute Rush,0.15,0.4,0.779,2.5,100.0,3
flight,FLT-07,AeroIndia AI-303,DEL -> DXB,14500.0,17770.0,21300.0,1.199,220,39,0.177,0.822,16,1,Standard,1.0,Weekend,1.15,Leisure Flyer,1.05,0.8,0.503,3.5,65.36,3
flight,FLT-08,AeroIndia AI-801,BOM -> GOA,4200.0,5510.0,5270.0,0.956,150,10,0.067,0.932,7,0,Standard,1.0,Normal Day,1.0,Last-minute Rush,0.04,0.4,0.589,4.5,70.65,6
flight,FLT-01,AeroIndia AI-801,BOM -> GOA,4200.0,4720.0,4220.0,0.894,150,42,0.28,0.721,1,0,Low Traffic,0.85,Normal Day,1.0,Corporate Traveler,0.26,2.8,0.581,7.5,71.15,8
flight,FLT-02,AeroIndia AI-303,DEL -> DXB,14500.0,17750.0,45540.0,2.566,220,7,0.032,0.968,3,0,Festival Surge,1.45,Festival,1.5,Leisure Flyer,1.09,0.3,0.732,8.5,100.0,7
flight,FLT-03,JetExpress 9W-445,BOM -> CCU,5800.0,7620.0,14660.0,1.924,180,23,0.128,0.874,5,0,Festival Surge,1.45,Holiday,1.35,Leisure Flyer,1.14,0.3,0.73,4.5,100.0,8
flight,FLT-04,JetExpress 9W-445,BOM -> CCU,5800.0,6390.0,6660.0,1.042,180,51,0.283,0.717,16,1,Low Traffic,0.85,Weekend,1.15,Corporate Traveler,0.26,10.1,0.586,4.5,71.81,5
flight,FLT-05,AeroIndia AI-303,DEL -> DXB,14500.0,17060.0,23440.0,1.374,220,38,0.173,0.826,2,0,Vacation Peak,1.3,Normal Day,1.0,Corporate Traveler,0.29,6.4,0.749,9.5,96.49,14
flight,FLT-06,SkyWings 6E-512,BLR -> DEL,6200.0,7950.0,8550.0,1.075,180,16,0.089,0.911,4,0,Standard,1.0,Normal Day,1.0,Last-minute Rush,0.11,0.3,0.683,9.5,85.22,12
flight,FLT-07,JetExpress 9W-110,HYD -> MAA,3600.0,4010.0,4080.0,1.017,140,45,0.321,0.678,8,1,Standard,1.0,Weekend,1.15,Last-minute Rush,0.17,0.1,0.613,5.5,75.21,7
flight,FLT-08,AeroIndia AI-303,DEL -> DXB,14500.0,18860.0,25440.0,1.349,220,28,0.127,0.873,7,1,Standard,1.0,Holiday,1.35,Corporate Traveler,0.23,4.4,0.746,5.5,95.65,10
flight,FLT-01,JetExpress 9W-110,HYD -> MAA,3600.0,3740.0,5720.0,1.529,140,46,0.329,0.674,27,0,Vacation Peak,1.3,Normal Day,1.0,Last-minute Rush,0.1,2.2,0.697,2.5,87.36,2
flight,FLT-02,SkyWings 6E-204,DEL -> BOM,5500.0,6500.0,8290.0,1.275,180,31,0.172,0.829,1,1,Standard,1.0,Weekend,1.15,Corporate Traveler,0.17,9.9,0.771,10.5,98.94,14
flight,FLT-03,AeroIndia AI-303,DEL -> DXB,14500.0,16530.0,16430.0,0.994,220,75,0.341,0.66,5,0,Standard,1.0,Normal Day,1.0,Last-minute Rush,0.11,3.0,0.632,7.5,77.58,14
flight,FLT-04,Vistara Line UK-821,MAA -> DEL,6400.0,7580.0,7830.0,1.033,160,36,0.225,0.775,8,0,Standard,1.0,Normal Day,1.0,Corporate Traveler,0.23,16.2,0.6,0.5,73.69,1
flight,FLT-05,Vistara Line UK-992,DEL -> BLR,6800.0,8000.0,9510.0,1.189,160,26,0.163,0.84,3,0,Vacation Peak,1.3,Normal Day,1.0,Last-minute Rush,0.17,1.3,0.709,10.5,89.59,18
flight,FLT-06,Vistara Line UK-821,MAA -> DEL,6400.0,7530.0,11430.0,1.518,160,21,0.131,0.867,3,1,Vacation Peak,1.3,Weekend,1.15,Leisure Flyer,1.09,3.3,0.732,12.5,100.0,21
flight,FLT-07,AeroIndia AI-801,BOM -> GOA,4200.0,4480.0,4430.0,0.989,150,75,0.5,0.502,10,0,Standard,1.0,Normal Day,1.0,Last-minute Rush,0.12,0.5,0.473,4.5,53.84,4
flight,FLT-08,JetExpress 9W-445,BOM -> CCU,5800.0,6940.0,10500.0,1.513,180,22,0.122,0.879,2,0,Vacation Peak,1.3,Normal Day,1.0,Leisure Flyer,1.07,0.5,0.684,7.5,92.63,12
flight,FLT-01,SkyWings 6E-512,BLR -> DEL,6200.0,7160.0,11670.0,1.63,180,24,0.133,0.867,6,0,Low Traffic,0.85,Major Event,1.55,Corporate Traveler,0.19,6.0,0.777,9.5,100.0,16
flight,FLT-02,AeroIndia AI-303,DEL -> DXB,14500.0,16560.0,33440.0,2.019,220,64,0.291,0.711,45,0,Festival Surge,1.45,Holiday,1.35,Corporate Traveler,0.3,10.8,0.772,7.5,100.0,14
flight,FLT-03,JetExpress 9W-445,BOM -> CCU,5800.0,7050.0,8800.0,1.248,180,40,0.222,0.776,4,1,Standard,1.0,Weekend,1.15,Last-minute Rush,0.21,1.1,0.709,8.5,89.89,11
flight,FLT-04,Vistara Line UK-821,MAA -> DEL,6400.0,7430.0,7410.0,0.997,160,48,0.3,0.699,4,0,Standard,1.0,Normal Day,1.0,Leisure Flyer,1.13,2.0,0.527,6.5,69.48,7
flight,FLT-05,SkyWings 6E-512,BLR -> DEL,6200.0,8360.0,12960.0,1.55,180,4,0.022,0.98,5,1,Standard,1.0,Major Event,1.55,Last-minute Rush,0.16,2.2,0.779,8.5,100.0,4
flight,FLT-06,AeroIndia AI-303,DEL -> DXB,14500.0,17600.0,18450.0,1.048,220,50,0.227,0.772,12,0,Standard,1.0,Normal Day,1.0,Student Traveler,1.39,0.5,0.474,5.5,63.51,7
flight,FLT-07,SkyWings 6E-204,DEL -> BOM,5500.0,6880.0,8440.0,1.227,180,37,0.206,0.797,5,0,Vacation Peak,1.3,Normal Day,1.0,Student Traveler,1.45,2.5,0.686,12.5,95.82,12
flight,FLT-08,Vistara Line UK-821,MAA -> DEL,6400.0,7350.0,8350.0,1.136,160,29,0.181,0.816,24,0,Standard,1.0,Normal Day,1.0,Leisure Flyer,1.11,1.0,0.468,2.5,60.59,2
flight,FLT-01,JetExpress 9W-445,BOM -> CCU,5800.0,6700.0,6410.0,0.957,180,46,0.256,0.747,14,0,Standard,1.0,Normal Day,1.0,Student Traveler,1.45,1.5,0.437,2.5,58.5,1
flight,FLT-02,SkyWings 6E-512,BLR -> DEL,6200.0,8290.0,12170.0,1.468,180,4,0.022,0.98,1,1,Standard,1.0,Holiday,1.35,Student Traveler,1.48,2.5,0.672,11.5,93.93,4
flight,FLT-03,Vistara Line UK-821,MAA -> DEL,6400.0,7160.0,8470.0,1.183,160,33,0.206,0.792,10,0,Vacation Peak,1.3,Normal Day,1.0,Leisure Flyer,1.04,0.9,0.596,5.5,79.24,5
flight,FLT-04,SkyWings 6E-204,DEL -> BOM,5500.0,6490.0,10430.0,1.607,180,47,0.261,0.741,9,0,Standard,1.0,Festival,1.5,Student Traveler,1.43,0.2,0.603,4.5,83.12,6
flight,FLT-05,AeroIndia AI-303,DEL -> DXB,14500.0,17860.0,25160.0,1.409,220,35,0.159,0.843,12,1,Vacation Peak,1.3,Weekend,1.15,Corporate Traveler,0.25,7.3,0.73,3.5,93.31,5
flight,FLT-06,AeroIndia AI-801,BOM -> GOA,4200.0,5410.0,12750.0,2.357,150,16,0.107,0.894,3,0,Festival Surge,1.45,Major Event,1.55,Leisure Flyer,1.07,1.2,0.733,7.5,100.0,9
flight,FLT-07,Vistara Line UK-821,MAA -> DEL,6400.0,6620.0,13290.0,2.008,160,80,0.5,0.498,45,1,Festival Surge,1.45,Holiday,1.35,Last-minute Rush,0.07,3.6,0.783,5.5,100.0,8
flight,FLT-08,Vistara Line UK-821,MAA -> DEL,6400.0,7840.0,7840.0,1.0,160,18,0.113,0.888,3,1,Low Traffic,0.85,Weekend,1.15,Leisure Flyer,1.09,0.5,0.518,3.5,67.88,4
flight,FLT-01,AeroIndia AI-303,DEL -> DXB,14500.0,15450.0,36080.0,2.335,220,77,0.35,0.651,20,0,Festival Surge,1.45,Major Event,1.55,Leisure Flyer,1.02,0.3,0.736,13.5,100.0,19
flight,FLT-02,Vistara Line UK-992,DEL -> BLR,6800.0,8340.0,14430.0,1.73,160,39,0.244,0.757,13,1,Festival Surge,1.45,Festival,1.5,Leisure Flyer,1.08,0.3,0.733,7.5,100.0,7
flight,FLT-03,JetExpress 9W-110,HYD -> MAA,3600.0,4620.0,4030.0,0.872,140,15,0.107,0.895,4,0,Low Traffic,0.85,Normal Day,1.0,Corporate Traveler,0.18,4.8,0.665,12.5,83.09,15
flight,FLT-04,Vistara Line UK-821,MAA -> DEL,6400.0,7760.0,7570.0,0.976,160,43,0.269,0.734,4,0,Standard,1.0,Normal Day,1.0,Student Traveler,1.4,2.1,0.485,4.5,65.18,6
flight,FLT-05,SkyWings 6E-204,DEL -> BOM,5500.0,5580.0,7520.0,1.348,180,108,0.6,0.401,45,0,Vacation Peak,1.3,Normal Day,1.0,Corporate Traveler,0.21,7.1,0.523,0.5,62.04,0
flight,FLT-06,JetExpress 9W-445,BOM -> CCU,5800.0,6790.0,8340.0,1.228,180,45,0.25,0.748,15,1,Standard,1.0,Weekend,1.15,Leisure Flyer,1.02,0.5,0.515,1.5,66.88,2
flight,FLT-07,SkyWings 6E-512,BLR -> DEL,6200.0,7370.0,8680.0,1.178,180,42,0.233,0.766,11,1,Standard,1.0,Weekend,1.15,Leisure Flyer,1.11,1.1,0.561,4.5,74.48,4
flight,FLT-08,JetExpress 9W-110,HYD -> MAA,3600.0,4180.0,4690.0,1.122,140,42,0.3,0.699,8,1,Standard,1.0,Weekend,1.15,Corporate Traveler,0.22,10.7,0.717,8.5,91.18,11
flight,FLT-01,AeroIndia AI-801,BOM -> GOA,4200.0,4450.0,4040.0,0.908,150,76,0.507,0.491,39,0,Low Traffic,0.85,Normal Day,1.0,Leisure Flyer,1.04,0.2,0.284,4.5,32.38,4
flight,FLT-02,SkyWings 6E-204,DEL -> BOM,5500.0,6290.0,7680.0,1.221,180,40,0.222,0.778,4,1,Standard,1.0,Weekend,1.15,Last-minute Rush,0.09,0.9,0.676,9.5,84.07,15
flight,FLT-03,Vistara Line UK-992,DEL -> BLR,6800.0,7860.0,8780.0,1.117,160,29,0.181,0.82,14,0,Standard,1.0,Normal Day,1.0,Leisure Flyer,1.02,3.0,0.541,3.5,70.78,4
flight,FLT-04,AeroIndia AI-801,BOM -> GOA,4200.0,5120.0,5660.0,1.105,150,14,0.093,0.905,3,0,Standard,1.0,Normal Day,1.0,Leisure Flyer,1.12,0.3,0.565,7.5,75.19,8
flight,FLT-05,JetExpress 9W-445,BOM -> CCU,5800.0,7300.0,7840.0,1.074,180,45,0.25,0.748,9,1,Standard,1.0,Weekend,1.15,Corporate Traveler,0.23,16.1,0.588,1.5,71.94,3
flight,FLT-06,AeroIndia AI-801,BOM -> GOA,4200.0,5010.0,11580.0,2.311,150,37,0.247,0.756,8,0,Festival Surge,1.45,Major Event,1.55,Corporate Traveler,0.26,8.1,0.774,7.5,100.0,12
flight,FLT-07,Vistara Line UK-821,MAA -> DEL,6400.0,7020.0,8080.0,1.151,160,94,0.588,0.415,21,1,Standard,1.0,Weekend,1.15,Student Traveler,1.42,0.9,0.383,3.5,50.05,5
flight,FLT-08,Vistara Line UK-821,MAA -> DEL,6400.0,7080.0,6940.0,0.98,160,54,0.338,0.663,19,1,Low Traffic,0.85,Weekend,1.15,Leisure Flyer,1.11,0.5,0.419,2.5,53.17,1
flight,FLT-01,Vistara Line UK-992,DEL -> BLR,6800.0,8430.0,8220.0,0.975,160,34,0.212,0.788,9,0,Standard,1.0,Normal Day,1.0,Leisure Flyer,1.1,3.1,0.435,2.5,55.55,3
flight,FLT-02,AeroIndia AI-801,BOM -> GOA,4200.0,5450.0,4440.0,0.815,150,22,0.147,0.854,4,0,Low Traffic,0.85,Normal Day,1.0,Student Traveler,1.36,2.2,0.484,8.5,64.83,11
flight,FLT-03,JetExpress 9W-110,HYD -> MAA,3600.0,4650.0,10490.0,2.256,140,6,0.043,0.959,3,0,Festival Surge,1.45,Holiday,1.35,Corporate Traveler,0.24,7.9,0.775,6.5,100.0,6
flight,FLT-04,JetExpress 9W-445,BOM -> CCU,5800.0,6960.0,14500.0,2.083,180,38,0.211,0.788,9,0,Vacation Peak,1.3,Festival,1.5,Last-minute Rush,0.18,1.2,0.778,6.5,100.0,10
flight,FLT-05,Vistara Line UK-821,MAA -> DEL,6400.0,7040.0,5400.0,0.767,160,65,0.406,0.596,19,0,Low Traffic,0.85,Normal Day,1.0,Leisure Flyer,1.16,0.7,0.407,3.5,51.74,1
flight,FLT-06,Vistara Line UK-992,DEL -> BLR,6800.0,8100.0,9630.0,1.189,160,30,0.188,0.811,12,1,Standard,1.0,Weekend,1.15,Corporate Traveler,0.25,5.1,0.697,4.5,88.47,7
flight,FLT-07,AeroIndia AI-303,DEL -> DXB,14500.0,19020.0,37140.0,1.953,220,9,0.041,0.96,1,0,Festival Surge,1.45,Holiday,1.35,Student Traveler,1.42,0.1,0.716,7.5,100.0,9
flight,FLT-08,SkyWings 6E-204,DEL -> BOM,5500.0,7120.0,15520.0,2.18,180,6,0.033,0.969,5,1,Festival Surge,1.45,Festival,1.5,Leisure Flyer,1.13,3.0,0.73,10.5,100.0,6
flight,FLT-01,AeroIndia AI-801,BOM -> GOA,4200.0,5080.0,11150.0,2.195,150,28,0.187,0.814,5,1,Festival Surge,1.45,Festival,1.5,Corporate Traveler,0.27,6.1,0.773,8.5,100.0,15
flight,FLT-02,SkyWings 6E-204,DEL -> BOM,5500.0,6660.0,8100.0,1.216,180,13,0.072,0.926,3,1,Standard,1.0,Weekend,1.15,Corporate Traveler,0.24,5.8,0.718,7.5,91.48,10
flight,FLT-03,Vistara Line UK-992,DEL -> BLR,6800.0,7880.0,14900.0,1.891,160,39,0.244,0.758,12,0,Vacation Peak,1.3,Holiday,1.35,Last-minute Rush,0.16,1.4,0.779,3.5,100.0,5
flight,FLT-04,JetExpress 9W-445,BOM -> CCU,5800.0,7170.0,8100.0,1.13,180,25,0.139,0.86,4,1,Standard,1.0,Weekend,1.15,Corporate Traveler,0.2,8.0,0.7,7.5,88.43,13
flight,FLT-05,Vistara Line UK-992,DEL -> BLR,6800.0,7980.0,7370.0,0.924,160,46,0.287,0.71,5,0,Standard,1.0,Normal Day,1.0,Leisure Flyer,1.12,0.1,0.424,5.5,54.01,4
flight,FLT-06,SkyWings 6E-204,DEL -> BOM,5500.0,5590.0,6440.0,1.152,180,101,0.561,0.438,41,0,Vacation Peak,1.3,Normal Day,1.0,Student Traveler,1.44,5.9,0.428,3.5,56.98,5
flight,FLT-07,AeroIndia AI-801,BOM -> GOA,4200.0,5210.0,6650.0,1.276,150,3,0.02,0.98,2,1,Standard,1.0,Weekend,1.15,Corporate Traveler,0.2,13.2,0.729,7.5,92.85,3
flight,FLT-08,SkyWings 6E-204,DEL -> BOM,5500.0,6310.0,8230.0,1.304,180,57,0.317,0.681,4,0,Vacation Peak,1.3,Normal Day,1.0,Corporate Traveler,0.24,5.6,0.716,9.5,91.13,15
flight,FLT-01,AeroIndia AI-801,BOM -> GOA,4200.0,5150.0,6770.0,1.315,150,34,0.227,0.771,26,0,Standard,1.0,Festival,1.5,Corporate Traveler,0.2,7.6,0.777,9.5,100.0,18
flight,FLT-02,Vistara Line UK-992,DEL -> BLR,6800.0,7960.0,13020.0,1.636,160,40,0.25,0.749,4,1,Vacation Peak,1.3,Weekend,1.15,Leisure Flyer,1.11,0.0,0.63,3.5,84.76,5
flight,FLT-03,JetExpress 9W-110,HYD -> MAA,3600.0,3940.0,4210.0,1.069,140,49,0.35,0.649,10,0,Standard,1.0,Normal Day,1.0,Corporate Traveler,0.21,5.3,0.527,4.5,62.55,4
flight,FLT-04,Vistara Line UK-992,DEL -> BLR,6800.0,8240.0,8140.0,0.988,160,35,0.219,0.779,4,0,Standard,1.0,Normal Day,1.0,Student Traveler,1.37,1.4,0.467,4.5,62.4,3
flight,FLT-05,Vistara Line UK-821,MAA -> DEL,6400.0,6950.0,8420.0,1.212,160,56,0.35,0.65,9,0,Vacation Peak,1.3,Normal Day,1.0,Corporate Traveler,0.28,8.7,0.647,3.5,81.15,4
flight,FLT-06,Vistara Line UK-992,DEL -> BLR,6800.0,7600.0,10630.0,1.399,160,52,0.325,0.674,3,0,Standard,1.0,Holiday,1.35,Corporate Traveler,0.2,22.6,0.731,4.5,93.12,7
flight,FLT-07,AeroIndia AI-801,BOM -> GOA,4200.0,4590.0,7480.0,1.63,150,43,0.287,0.715,7,1,Vacation Peak,1.3,Weekend,1.15,Student Traveler,1.4,0.1,0.628,3.5,86.73,5
flight,FLT-08,AeroIndia AI-801,BOM -> GOA,4200.0,4710.0,9430.0,2.002,150,40,0.267,0.731,9,1,Festival Surge,1.45,Holiday,1.35,Corporate Traveler,0.22,12.0,0.776,11.5,100.0,16
flight,FLT-01,AeroIndia AI-801,BOM -> GOA,4200.0,5430.0,6860.0,1.263,150,3,0.02,0.98,10,1,Standard,1.0,Weekend,1.15,Last-minute Rush,0.1,1.2,0.668,2.5,82.94,3
flight,FLT-02,SkyWings 6E-512,BLR -> DEL,6200.0,7840.0,11820.0,1.508,180,26,0.144,0.857,1,1,Vacation Peak,1.3,Weekend,1.15,Leisure Flyer,1.05,0.0,0.711,7.5,96.6,10
flight,FLT-03,Vistara Line UK-821,MAA -> DEL,6400.0,7790.0,7640.0,0.981,160,29,0.181,0.819,12,0,Standard,1.0,Normal Day,1.0,Last-minute Rush,0.16,0.1,0.477,0.5,54.7,0
flight,FLT-04,Vistara Line UK-821,MAA -> DEL,6400.0,7230.0,16380.0,2.266,160,43,0.269,0.729,5,0,Festival Surge,1.45,Holiday,1.35,Leisure Flyer,1.12,0.2,0.731,5.5,100.0,9
flight,FLT-05,Vistara Line UK-821,MAA -> DEL,6400.0,7550.0,18460.0,2.445,160,23,0.144,0.854,7,0,Festival Surge,1.45,Festival,1.5,Student Traveler,1.41,0.7,0.716,10.5,100.0,15
flight,FLT-06,AeroIndia AI-801,BOM -> GOA,4200.0,4870.0,4980.0,1.023,150,27,0.18,0.818,10,0,Standard,1.0,Normal Day,1.0,Leisure Flyer,1.1,1.4,0.504,3.5,65.91,4
flight,FLT-07,SkyWings 6E-204,DEL -> BOM,5500.0,6520.0,15710.0,2.41,180,35,0.194,0.803,14,0,Festival Surge,1.45,Festival,1.5,Leisure Flyer,1.07,0.1,0.733,5.5,100.0,7
flight,FLT-08,SkyWings 6E-512,BLR -> DEL,6200.0,6910.0,7590.0,1.098,180,62,0.344,0.658,10,0,Standard,1.0,Normal Day,1.0,Last-minute Rush,0.12,1.2,0.623,6.5,76.36,10
flight,FLT-01,AeroIndia AI-303,DEL -> DXB,14500.0,16910.0,17990.0,1.064,220,49,0.223,0.777,9,1,Standard,1.0,Weekend,1.15,Corporate Traveler,0.27,5.3,0.64,5.5,80.08,6
flight,FLT-02,SkyWings 6E-204,DEL -> BOM,5500.0,6820.0,6070.0,0.89,180,54,0.3,0.702,24,0,Standard,1.0,Normal Day,1.0,Corporate Traveler,0.23,4.1,0.529,8.5,63.05,8
flight,FLT-03,Vistara Line UK-821,MAA -> DEL,6400.0,7130.0,8130.0,1.14,160,67,0.419,0.583,10,1,Standard,1.0,Weekend,1.15,Leisure Flyer,1.15,1.6,0.514,4.5,67.76,1
flight,FLT-04,Vistara Line UK-821,MAA -> DEL,6400.0,7680.0,10240.0,1.333,160,33,0.206,0.792,3,1,Standard,1.0,Weekend,1.15,Corporate Traveler,0.28,10.4,0.773,7.5,100.0,14
flight,FLT-05,Vistara Line UK-821,MAA -> DEL,6400.0,7320.0,6220.0,0.85,160,48,0.3,0.697,3,0,Low Traffic,0.85,Normal Day,1.0,Leisure Flyer,1.13,1.4,0.474,6.5,61.51,6
flight,FLT-06,AeroIndia AI-801,BOM -> GOA,4200.0,4330.0,5390.0,1.245,150,39,0.26,0.741,5,0,Standard,1.0,Normal Day,1.0,Corporate Traveler,0.28,8.0,0.682,4.5,86.44,6
flight,FLT-07,Vistara Line UK-992,DEL -> BLR,6800.0,7950.0,7690.0,0.967,160,17,0.106,0.891,4,0,Low Traffic,0.85,Normal Day,1.0,Leisure Flyer,1.18,0.9,0.496,9.5,65.32,10
flight,FLT-08,Vistara Line UK-821,MAA -> DEL,6400.0,7180.0,5750.0,0.801,160,45,0.281,0.716,7,0,Low Traffic,0.85,Normal Day,1.0,Corporate Traveler,0.26,9.9,0.541,3.5,65.14,5
flight,FLT-01,Vistara Line UK-992,DEL -> BLR,6800.0,7670.0,8410.0,1.096,160,61,0.381,0.621,2,0,Standard,1.0,Normal Day,1.0,Corporate Traveler,0.27,2.6,0.616,11.5,76.44,14
flight,FLT-02,JetExpress 9W-445,BOM -> CCU,5800.0,6770.0,6960.0,1.028,180,43,0.239,0.762,9,1,Low Traffic,0.85,Weekend,1.15,Leisure Flyer,1.12,0.5,0.461,2.5,59.54,2
flight,FLT-03,JetExpress 9W-445,BOM -> CCU,5800.0,7210.0,6460.0,0.896,180,38,0.211,0.786,3,1,Low Traffic,0.85,Weekend,1.15,Corporate Traveler,0.27,6.2,0.622,8.5,77.37,12
flight,FLT-04,SkyWings 6E-512,BLR -> DEL,6200.0,7020.0,8820.0,1.256,180,68,0.378,0.623,7,0,Vacation Peak,1.3,Normal Day,1.0,Leisure Flyer,1.06,0.9,0.613,7.5,81.83,7
flight,FLT-05,AeroIndia AI-801,BOM -> GOA,4200.0,5150.0,4960.0,0.963,150,44,0.293,0.709,7,0,Standard,1.0,Normal Day,1.0,Leisure Flyer,1.13,0.2,0.514,6.5,67.56,9
flight,FLT-06,AeroIndia AI-303,DEL -> DXB,14500.0,18160.0,21910.0,1.206,220,29,0.132,0.868,3,1,Low Traffic,0.85,Holiday,1.35,Last-minute Rush,0.14,0.0,0.633,2.5,77.97,2
flight,FLT-07,SkyWings 6E-512,BLR -> DEL,6200.0,7100.0,5590.0,0.787,180,58,0.322,0.677,21,0,Low Traffic,0.85,Normal Day,1.0,Corporate Traveler,0.2,14.7,0.527,3.5,62.58,4
flight,FLT-08,JetExpress 9W-110,HYD -> MAA,3600.0,4190.0,4500.0,1.074,140,39,0.279,0.718,4,0,Standard,1.0,Normal Day,1.0,Corporate Traveler,0.23,6.9,0.598,5.5,73.45,9
flight,FLT-01,Vistara Line UK-992,DEL -> BLR,6800.0,8660.0,9500.0,1.097,160,24,0.15,0.85,7,1,Standard,1.0,Weekend,1.15,Last-minute Rush,0.16,1.2,0.656,2.5,81.64,3
flight,FLT-02,SkyWings 6E-512,BLR -> DEL,6200.0,7350.0,9880.0,1.344,180,56,0.311,0.689,1,1,Vacation Peak,1.3,Weekend,1.15,Leisure Flyer,1.06,0.6,0.635,8.5,85.2,12
flight,FLT-03,Vistara Line UK-821,MAA -> DEL,6400.0,7140.0,11210.0,1.57,160,49,0.306,0.694,4,1,Vacation Peak,1.3,Weekend,1.15,Student Traveler,1.43,4.7,0.595,3.5,82.03,5
flight,FLT-04,AeroIndia AI-801,BOM -> GOA,4200.0,5050.0,7390.0,1.463,150,29,0.193,0.805,16,0,Standard,1.0,Holiday,1.35,Corporate Traveler,0.24,6.7,0.775,12.5,100.0,20
flight,FLT-05,SkyWings 6E-204,DEL -> BOM,5500.0,6730.0,11770.0,1.749,180,24,0.133,0.865,19,1,Festival Surge,1.45,Holiday,1.35,Student Traveler,1.39,1.1,0.666,4.5,92.39,6
flight,FLT-06,AeroIndia AI-801,BOM -> GOA,4200.0,4690.0,4740.0,1.011,150,48,0.32,0.677,5,0,Standard,1.0,Normal Day,1.0,Last-minute Rush,0.17,1.5,0.565,6.5,67.99,5
flight,FLT-07,JetExpress 9W-445,BOM -> CCU,5800.0,7080.0,8100.0,1.144,180,35,0.194,0.806,6,0,Vacation Peak,1.3,Normal Day,1.0,Student Traveler,1.4,0.5,0.542,1.5,73.73,1
flight,FLT-08,JetExpress 9W-445,BOM -> CCU,5800.0,6230.0,6230.0,1.0,180,69,0.383,0.614,11,1,Low Traffic,0.85,Weekend,1.15,Student Traveler,1.45,0.6,0.426,4.5,56.77,6
flight,FLT-01,AeroIndia AI-303,DEL -> DXB,14500.0,17310.0,18170.0,1.05,220,42,0.191,0.809,2,0,Standard,1.0,Normal Day,1.0,Student Traveler,1.46,0.9,0.469,7.5,63.27,6
flight,FLT-02,AeroIndia AI-303,DEL -> DXB,14500.0,17170.0,16010.0,0.932,220,49,0.223,0.776,9,0,Low Traffic,0.85,Normal Day,1.0,Last-minute Rush,0.14,2.1,0.52,4.5,61.05,5
flight,FLT-03,JetExpress 9W-445,BOM -> CCU,5800.0,6990.0,9300.0,1.33,180,43,0.239,0.761,2,1,Vacation Peak,1.3,Weekend,1.15,Leisure Flyer,1.17,0.5,0.556,2.5,74.15,4
flight,FLT-04,AeroIndia AI-303,DEL -> DXB,14500.0,15830.0,18090.0,1.143,220,77,0.35,0.648,15,1,Standard,1.0,Weekend,1.15,Leisure Flyer,1.07,1.3,0.546,2.5,71.91,4
flight,FLT-05,Vistara Line UK-821,MAA -> DEL,6400.0,8220.0,9360.0,1.139,160,24,0.15,0.847,2,1,Standard,1.0,Weekend,1.15,Leisure Flyer,1.04,0.9,0.58,8.5,76.85,10
flight,FLT-06,JetExpress 9W-445,BOM -> CCU,5800.0,6960.0,6610.0,0.95,180,55,0.306,0.694,7,0,Standard,1.0,Normal Day,1.0,Student Traveler,1.38,0.3,0.435,5.5,57.67,4
flight,FLT-07,JetExpress 9W-110,HYD -> MAA,3600.0,4240.0,10690.0,2.521,140,23,0.164,0.834,16,1,Festival Surge,1.45,Major Event,1.55,Corporate Traveler,0.3,8.7,0.772,5.5,100.0,9
flight,FLT-08,JetExpress 9W-110,HYD -> MAA,3600.0,4280.0,3620.0,0.846,140,38,0.271,0.732,5,0,Low Traffic,0.85,Normal Day,1.0,Corporate Traveler,0.22,7.2,0.581,7.5,70.87,9
flight,FLT-01,JetExpress 9W-110,HYD -> MAA,3600.0,4080.0,9920.0,2.431,140,48,0.343,0.659,22,1,Festival Surge,1.45,Festival,1.5,Leisure Flyer,1.1,5.0,0.732,7.5,100.0,10
flight,FLT-02,JetExpress 9W-110,HYD -> MAA,3600.0,4130.0,7320.0,1.772,140,24,0.171,0.829,3,1,Vacation Peak,1.3,Weekend,1.15,Corporate Traveler,0.29,5.5,0.772,9.5,100.0,15
flight,FLT-03,Vistara Line UK-821,MAA -> DEL,6400.0,7900.0,7960.0,1.008,160,18,0.113,0.885,15,0,Standard,1.0,Normal Day,1.0,Corporate Traveler,0.22,6.3,0.613,3.5,75.66,6
flight,FLT-04,SkyWings 6E-204,DEL -> BOM,5500.0,6830.0,5820.0,0.852,180,34,0.189,0.813,1,0,Low Traffic,0.85,Normal Day,1.0,Corporate Traveler,0.25,4.4,0.604,9.5,74.43,11
flight,FLT-05,SkyWings 6E-204,DEL -> BOM,5500.0,7160.0,10830.0,1.513,180,12,0.067,0.931,11,1,Standard,1.0,Major Event,1.55,Last-minute Rush,0.16,0.9,0.779,8.5,100.0,12
flight,FLT-06,JetExpress 9W-110,HYD -> MAA,3600.0,4110.0,4080.0,0.993,140,40,0.286,0.715,2,1,Low Traffic,0.85,Weekend,1.15,Corporate Traveler,0.23,4.8,0.639,8.5,79.5,9
flight,FLT-07,JetExpress 9W-110,HYD -> MAA,3600.0,4320.0,4850.0,1.123,140,14,0.1,0.902,3,0,Standard,1.0,Normal Day,1.0,Corporate Traveler,0.22,4.7,0.678,7.5,85.42,8
flight,FLT-08,AeroIndia AI-303,DEL -> DXB,14500.0,17140.0,18710.0,1.092,220,72,0.327,0.673,12,1,Standard,1.0,Weekend,1.15,Corporate Traveler,0.28,10.6,0.588,4.5,72.29,3
flight,FLT-01,JetExpress 9W-445,BOM -> CCU,5800.0,7460.0,5750.0,0.771,180,41,0.228,0.772,6,0,Low Traffic,0.85,Normal Day,1.0,Last-minute Rush,0.17,1.5,0.545,2.5,64.99,3
flight,FLT-02,Vistara Line UK-992,DEL -> BLR,6800.0,8170.0,9190.0,1.125,160,32,0.2,0.797,2,1,Standard,1.0,Weekend,1.15,Leisure Flyer,1.14,0.6,0.596,12.5,80.01,7
flight,FLT-03,SkyWings 6E-512,BLR -> DEL,6200.0,7770.0,7660.0,0.986,180,26,0.144,0.855,2,0,Low Traffic,0.85,Normal Day,1.0,Leisure Flyer,1.12,0.3,0.465,9.5,60.11,10
flight,FLT-04,SkyWings 6E-204,DEL -> BOM,5500.0,6360.0,9770.0,1.536,180,53,0.294,0.706,10,0,Standard,1.0,Festival,1.5,Student Traveler,1.36,2.1,0.648,9.5,89.36,14
flight,FLT-05,AeroIndia AI-801,BOM -> GOA,4200.0,4700.0,4830.0,1.028,150,38,0.253,0.747,7,1,Low Traffic,0.85,Weekend,1.15,Leisure Flyer,1.01,2.2,0.507,6.5,65.67,4
flight,FLT-06,JetExpress 9W-445,BOM -> CCU,5800.0,7090.0,13350.0,1.883,180,46,0.256,0.746,11,1,Vacation Peak,1.3,Holiday,1.35,Corporate Traveler,0.26,3.0,0.774,6.5,100.0,10
flight,FLT-07,Vistara Line UK-821,MAA -> DEL,6400.0,7880.0,10010.0,1.27,160,31,0.194,0.804,2,0,Vacation Peak,1.3,Normal Day,1.0,Leisure Flyer,1.09,0.5,0.593,4.5,79.09,5
flight,FLT-08,AeroIndia AI-303,DEL -> DXB,14500.0,18040.0,37030.0,2.053,220,18,0.082,0.918,2,1,Festival Surge,1.45,Festival,1.5,Leisure Flyer,1.09,0.1,0.732,5.5,100.0,7
flight,FLT-01,JetExpress 9W-110,HYD -> MAA,3600.0,4190.0,7070.0,1.687,140,32,0.229,0.772,1,1,Vacation Peak,1.3,Weekend,1.15,Leisure Flyer,1.06,2.3,0.731,6.5,99.54,11
flight,FLT-02,Vistara Line UK-821,MAA -> DEL,6400.0,6500.0,7600.0,1.169,160,110,0.688,0.314,35,1,Standard,1.0,Weekend,1.15,Corporate Traveler,0.23,14.6,0.525,3.5,62.49,2
flight,FLT-03,AeroIndia AI-801,BOM -> GOA,4200.0,5350.0,12930.0,2.417,150,21,0.14,0.859,4,0,Festival Surge,1.45,Major Event,1.55,Student Traveler,1.39,0.5,0.717,8.5,100.0,13
flight,FLT-04,SkyWings 6E-204,DEL -> BOM,5500.0,7040.0,13430.0,1.908,180,22,0.122,0.878,8,0,Festival Surge,1.45,Holiday,1.35,Corporate Traveler,0.31,10.7,0.771,2.5,100.0,4
flight,FLT-05,JetExpress 9W-110,HYD -> MAA,3600.0,4550.0,4060.0,0.892,140,23,0.164,0.835,1,1,Low Traffic,0.85,Weekend,1.15,Corporate Traveler,0.23,7.5,0.617,8.5,76.29,11
flight,FLT-06,JetExpress 9W-445,BOM -> CCU,5800.0,7220.0,6490.0,0.899,180,36,0.2,0.799,10,0,Low Traffic,0.85,Normal Day,1.0,Leisure Flyer,1.07,1.7,0.418,1.5,52.68,3
flight,FLT-07,JetExpress 9W-445,BOM -> CCU,5800.0,7350.0,7160.0,0.974,180,32,0.178,0.823,1,0,Standard,1.0,Normal Day,1.0,Student Traveler,1.34,0.6,0.459,3.5,60.93,2
flight,FLT-08,SkyWings 6E-204,DEL -> BOM,5500.0,6410.0,15150.0,2.363,180,22,0.122,0.88,6,1,Festival Surge,1.45,Holiday,1.35,Leisure Flyer,1.05,0.0,0.734,6.5,100.0,11
flight,FLT-01,Vistara Line UK-821,MAA -> DEL,6400.0,8150.0,7240.0,0.888,160,37,0.231,0.772,7,0,Standard,1.0,Normal Day,1.0,Last-minute Rush,0.19,0.9,0.532,2.5,63.18,2
flight,FLT-02,AeroIndia AI-303,DEL -> DXB,14500.0,17500.0,39230.0,2.242,220,38,0.173,0.827,14,1,Festival Surge,1.45,Festival,1.5,Last-minute Rush,0.11,0.6,0.781,5.5,100.0,8
flight,FLT-03,SkyWings 6E-512,BLR -> DEL,6200.0,7560.0,6740.0,0.892,180,20,0.111,0.888,4,0,Low Traffic,0.85,Normal Day,1.0,Leisure Flyer,1.14,4.4,0.532,4.5,70.35,6
flight,FLT-04,SkyWings 6E-512,BLR -> DEL,6200.0,8110.0,6740.0,0.831,180,35,0.194,0.807,18,0,Standard,1.0,Normal Day,1.0,Corporate Traveler,0.17,6.3,0.537,4.5,63.75,5
flight,FLT-05,AeroIndia AI-801,BOM -> GOA,4200.0,5080.0,4710.0,0.927,150,9,0.06,0.943,6,0,Low Traffic,0.85,Normal Day,1.0,Last-minute Rush,0.1,8.6,0.646,6.5,79.67,9
flight,FLT-06,AeroIndia AI-801,BOM -> GOA,4200.0,5490.0,5430.0,0.989,150,22,0.147,0.851,9,0,Standard,1.0,Normal Day,1.0,Leisure Flyer,1.12,0.6,0.451,1.5,58.01,1
flight,FLT-07,Vistara Line UK-821,MAA -> DEL,6400.0,6780.0,5920.0,0.873,160,55,0.344,0.657,11,0,Low Traffic,0.85,Normal Day,1.0,Leisure Flyer,1.18,0.3,0.392,1.5,49.72,2
flight,FLT-08,JetExpress 9W-110,HYD -> MAA,3600.0,3720.0,6800.0,1.828,140,71,0.507,0.491,31,1,Vacation Peak,1.3,Major Event,1.55,Student Traveler,1.38,0.8,0.63,5.5,86.85,6
flight,FLT-01,AeroIndia AI-303,DEL -> DXB,14500.0,16540.0,13180.0,0.797,220,83,0.377,0.624,17,0,Low Traffic,0.85,Normal Day,1.0,Leisure Flyer,1.13,0.0,0.368,6.5,45.7,3
flight,FLT-02,AeroIndia AI-303,DEL -> DXB,14500.0,16960.0,39780.0,2.346,220,91,0.414,0.587,16,1,Festival Surge,1.45,Festival,1.5,Leisure Flyer,1.13,3.4,0.73,6.5,100.0,8
flight,FLT-03,JetExpress 9W-445,BOM -> CCU,5800.0,6270.0,6910.0,1.102,180,63,0.35,0.65,5,0,Standard,1.0,Normal Day,1.0,Leisure Flyer,1.02,0.6,0.503,10.5,65.12,9
flight,FLT-04,SkyWings 6E-204,DEL -> BOM,5500.0,6820.0,11960.0,1.754,180,27,0.15,0.849,7,0,Standard,1.0,Major Event,1.55,Leisure Flyer,1.09,1.9,0.732,5.5,100.0,5
flight,FLT-05,AeroIndia AI-801,BOM -> GOA,4200.0,5060.0,10310.0,2.038,150,14,0.093,0.908,10,1,Festival Surge,1.45,Major Event,1.55,Leisure Flyer,1.14,0.8,0.73,5.5,100.0,10
flight,FLT-06,SkyWings 6E-204,DEL -> BOM,5500.0,7040.0,16640.0,2.364,180,4,0.022,0.98,6,0,Festival Surge,1.45,Festival,1.5,Student Traveler,1.43,0.8,0.715,8.5,100.0,4
flight,FLT-07,SkyWings 6E-204,DEL -> BOM,5500.0,6440.0,12880.0,2.0,180,40,0.222,0.775,7,1,Vacation Peak,1.3,Major Event,1.55,Last-minute Rush,0.17,1.1,0.778,11.5,100.0,18
flight,FLT-08,Vistara Line UK-821,MAA -> DEL,6400.0,8090.0,9690.0,1.198,160,15,0.094,0.908,14,1,Standard,1.0,Weekend,1.15,Last-minute Rush,0.14,0.4,0.651,2.5,80.64,4
flight,FLT-01,JetExpress 9W-445,BOM -> CCU,5800.0,7240.0,6270.0,0.866,180,50,0.278,0.721,4,0,Standard,1.0,Normal Day,1.0,Leisure Flyer,1.09,2.7,0.482,11.5,62.51,9
flight,FLT-02,Vistara Line UK-821,MAA -> DEL,6400.0,7140.0,12930.0,1.811,160,76,0.475,0.527,32,1,Festival Surge,1.45,Holiday,1.35,Student Traveler,1.45,2.2,0.679,8.5,94.76,6
flight,FLT-03,Vistara Line UK-992,DEL -> BLR,6800.0,7970.0,11520.0,1.445,160,40,0.25,0.747,26,0,Standard,1.0,Holiday,1.35,Corporate Traveler,0.35,1.7,0.653,9.5,82.56,13
flight,FLT-04,SkyWings 6E-204,DEL -> BOM,5500.0,7030.0,6500.0,0.925,180,29,0.161,0.84,18,0,Low Traffic,0.85,Normal Day,1.0,Corporate Traveler,0.21,4.8,0.564,1.5,68.23,3
flight,FLT-05,AeroIndia AI-303,DEL -> DXB,14500.0,16930.0,16930.0,1.0,220,76,0.345,0.653,1,0,Standard,1.0,Normal Day,1.0,Last-minute Rush,0.15,0.9,0.609,7.5,74.43,12
flight,FLT-06,JetExpress 9W-445,BOM -> CCU,5800.0,7040.0,7460.0,1.06,180,38,0.211,0.789,17,0,Standard,1.0,Normal Day,1.0,Corporate Traveler,0.24,10.3,0.649,4.5,81.16,6
flight,FLT-07,AeroIndia AI-303,DEL -> DXB,14500.0,15230.0,24320.0,1.597,220,91,0.414,0.585,22,1,Vacation Peak,1.3,Weekend,1.15,Corporate Traveler,0.28,7.7,0.723,3.5,92.52,7
flight,FLT-08,SkyWings 6E-204,DEL -> BOM,5500.0,6510.0,6980.0,1.072,180,27,0.15,0.852,1,0,Standard,1.0,Normal Day,1.0,Leisure Flyer,1.12,1.8,0.598,9.5,80.16,13
flight,FLT-01,AeroIndia AI-303,DEL -> DXB,14500.0,17390.0,42410.0,2.439,220,4,0.018,0.98,1,0,Festival Surge,1.45,Holiday,1.35,Corporate Traveler,0.28,3.4,0.773,6.5,100.0,4
flight,FLT-02,JetExpress 9W-445,BOM -> CCU,5800.0,6410.0,5590.0,0.872,180,68,0.378,0.621,10,0,Low Traffic,0.85,Normal Day,1.0,Leisure Flyer,1.04,0.7,0.43,5.5,54.37,8
flight,FLT-03,JetExpress 9W-110,HYD -> MAA,3600.0,4330.0,6220.0,1.436,140,44,0.314,0.687,8,0,Vacation Peak,1.3,Normal Day,1.0,Leisure Flyer,1.15,1.3,0.603,5.5,81.07,8
flight,FLT-04,AeroIndia AI-801,BOM -> GOA,4200.0,5390.0,5840.0,1.083,150,18,0.12,0.883,6,1,Standard,1.0,Weekend,1.15,Corporate Traveler,0.29,18.3,0.698,2.5,88.89,5
flight,FLT-05,Vistara Line UK-821,MAA -> DEL,6400.0,7750.0,8360.0,1.079,160,61,0.381,0.617,25,0,Standard,1.0,Normal Day,1.0,Student Traveler,1.31,1.6,0.384,8.5,49.37,7
flight,FLT-06,JetExpress 9W-110,HYD -> MAA,3600.0,3890.0,9990.0,2.568,140,52,0.371,0.63,17,0,Festival Surge,1.45,Festival,1.5,Student Traveler,1.47,1.7,0.713,8.5,100.0,14
flight,FLT-07,JetExpress 9W-445,BOM -> CCU,5800.0,6760.0,6560.0,0.97,180,31,0.172,0.827,1,0,Low Traffic,0.85,Normal Day,1.0,Leisure Flyer,1.08,0.1,0.434,3.5,55.24,4
flight,FLT-08,AeroIndia AI-801,BOM -> GOA,4200.0,5030.0,4990.0,0.992,150,24,0.16,0.841,2,0,Standard,1.0,Normal Day,1.0,Leisure Flyer,1.05,0.6,0.577,6.5,76.36,10
flight,FLT-01,AeroIndia AI-303,DEL -> DXB,14500.0,14460.0,15570.0,1.077,220,78,0.355,0.647,22,1,Low Traffic,0.85,Weekend,1.15,Last-minute Rush,0.26,0.6,0.519,2.5,61.76,3
flight,FLT-02,SkyWings 6E-204,DEL -> BOM,5500.0,6730.0,7230.0,1.074,180,43,0.239,0.763,5,0,Standard,1.0,Normal Day,1.0,Corporate Traveler,0.22,20.9,0.642,4.5,79.95,9
flight,FLT-03,AeroIndia AI-303,DEL -> DXB,14500.0,15380.0,23780.0,1.546,220,60,0.273,0.729,2,0,Vacation Peak,1.3,Normal Day,1.0,Student Traveler,1.39,0.1,0.616,6.5,84.8,10
flight,FLT-04,Vistara Line UK-821,MAA -> DEL,6400.0,7420.0,6150.0,0.829,160,46,0.287,0.715,7,0,Standard,1.0,Normal Day,1.0,Corporate Traveler,0.22,4.9,0.507,1.5,59.68,1
flight,FLT-05,AeroIndia AI-303,DEL -> DXB,14500.0,15610.0,29660.0,1.9,220,51,0.232,0.768,8,1,Festival Surge,1.45,Holiday,1.35,Corporate Traveler,0.25,8.3,0.774,8.5,100.0,11
flight,FLT-06,JetExpress 9W-110,HYD -> MAA,3600.0,4820.0,7450.0,1.546,140,12,0.086,0.913,4,0,Standard,1.0,Festival,1.5,Leisure Flyer,1.03,1.7,0.652,1.5,87.53,2
flight,FLT-07,JetExpress 9W-110,HYD -> MAA,3600.0,4460.0,3920.0,0.879,140,30,0.214,0.782,14,0,Low Traffic,0.85,Normal Day,1.0,Student Traveler,1.38,0.8,0.44,3.5,58.32,3
flight,FLT-08,SkyWings 6E-204,DEL -> BOM,5500.0,6790.0,6170.0,0.909,180,76,0.422,0.576,29,0,Standard,1.0,Normal Day,1.0,Leisure Flyer,1.04,0.8,0.379,3.5,46.72,3
flight,FLT-01,AeroIndia AI-801,BOM -> GOA,4200.0,4940.0,4820.0,0.976,150,52,0.347,0.651,4,0,Standard,1.0,Normal Day,1.0,Last-minute Rush,0.14,1.2,0.573,5.5,69.03,7
flight,FLT-02,SkyWings 6E-204,DEL -> BOM,5500.0,7280.0,7660.0,1.052,180,6,0.033,0.967,14,1,Low Traffic,0.85,Weekend,1.15,Corporate Traveler,0.27,9.7,0.675,7.5,85.34,6
flight,FLT-03,JetExpress 9W-110,HYD -> MAA,3600.0,3970.0,4200.0,1.058,140,39,0.279,0.723,11,0,Standard,1.0,Normal Day,1.0,Corporate Traveler,0.27,8.0,0.595,6.5,73.24,11
flight,FLT-04,AeroIndia AI-303,DEL -> DXB,14500.0,18430.0,16190.0,0.878,220,47,0.214,0.787,1,0,Low Traffic,0.85,Normal Day,1.0,Corporate Traveler,0.28,9.7,0.627,8.5,78.11,14
flight,FLT-05,Vistara Line UK-821,MAA -> DEL,6400.0,7060.0,11870.0,1.681,160,49,0.306,0.693,5,0,Standard,1.0,Holiday,1.35,Corporate Traveler,0.28,8.2,0.75,5.5,96.55,9
flight,FLT-06,JetExpress 9W-110,HYD -> MAA,3600.0,4580.0,8980.0,1.961,140,3,0.021,0.98,9,0,Festival Surge,1.45,Holiday,1.35,Corporate Traveler,0.23,8.9,0.775,13.5,100.0,3
flight,FLT-07,SkyWings 6E-512,BLR -> DEL,6200.0,6450.0,7030.0,1.09,180,66,0.367,0.634,20,0,Standard,1.0,Normal Day,1.0,Corporate Traveler,0.18,5.1,0.506,0.5,59.22,1
flight,FLT-08,SkyWings 6E-512,BLR -> DEL,6200.0,6270.0,5750.0,0.917,180,87,0.483,0.518,21,0,Standard,1.0,Normal Day,1.0,Corporate Traveler,0.24,12.4,0.553,3.5,66.81,6
flight,FLT-01,AeroIndia AI-801,BOM -> GOA,4200.0,4940.0,8380.0,1.696,150,19,0.127,0.871,5,1,Vacation Peak,1.3,Weekend,1.15,Last-minute Rush,0.15,0.4,0.779,9.5,100.0,17
flight,FLT-02,AeroIndia AI-801,BOM -> GOA,4200.0,5120.0,5320.0,1.039,150,27,0.18,0.817,6,0,Standard,1.0,Normal Day,1.0,Leisure Flyer,1.13,1.0,0.559,6.5,74.37,6
flight,FLT-03,AeroIndia AI-801,BOM -> GOA,4200.0,4930.0,4320.0,0.876,150,34,0.227,0.77,2,0,Low Traffic,0.85,Normal Day,1.0,Last-minute Rush,0.16,0.3,0.536,5.5,63.55,6
flight,FLT-04,Vistara Line UK-821,MAA -> DEL,6400.0,8050.0,15680.0,1.948,160,32,0.2,0.801,9,0,Festival Surge,1.45,Major Event,1.55,Corporate Traveler,0.29,11.5,0.772,5.5,100.0,9
flight,FLT-05,SkyWings 6E-204,DEL -> BOM,5500.0,5770.0,10300.0,1.785,180,102,0.567,0.436,45,0,Festival Surge,1.45,Major Event,1.55,Corporate Traveler,0.28,3.1,0.773,10.5,100.0,19
flight,FLT-06,SkyWings 6E-512,BLR -> DEL,6200.0,8010.0,11440.0,1.428,180,18,0.1,0.901,4,1,Vacation Peak,1.3,Weekend,1.15,Last-minute Rush,0.12,1.2,0.781,6.5,100.0,12
flight,FLT-07,SkyWings 6E-204,DEL -> BOM,5500.0,6420.0,13840.0,2.156,180,38,0.211,0.791,8,1,Festival Surge,1.45,Festival,1.5,Student Traveler,1.39,0.8,0.717,5.5,100.0,9
flight,FLT-08,SkyWings 6E-512,BLR -> DEL,6200.0,6040.0,5900.0,0.977,180,110,0.611,0.391,35,0,Standard,1.0,Normal Day,1.0,Corporate Traveler,0.26,10.9,0.446,5.5,50.88,5
flight,FLT-01,JetExpress 9W-110,HYD -> MAA,3600.0,4360.0,5710.0,1.31,140,24,0.171,0.825,8,0,Vacation Peak,1.3,Normal Day,1.0,Leisure Flyer,1.2,5.2,0.614,4.5,83.03,5
flight,FLT-02,AeroIndia AI-303,DEL -> DXB,14500.0,18820.0,21920.0,1.165,220,13,0.059,0.94,8,1,Standard,1.0,Weekend,1.15,Corporate Traveler,0.24,5.0,0.626,3.5,77.69,4
flight,FLT-03,Vistara Line UK-821,MAA -> DEL,6400.0,7450.0,16960.0,2.277,160,41,0.256,0.742,6,0,Festival Surge,1.45,Major Event,1.55,Last-minute Rush,0.2,0.5,0.777,9.5,100.0,14
flight,FLT-04,JetExpress 9W-110,HYD -> MAA,3600.0,3300.0,2900.0,0.879,140,91,0.65,0.351,26,0,Standard,1.0,Normal Day,1.0,Leisure Flyer,1.07,0.1,0.312,3.5,36.89,1
flight,FLT-05,SkyWings 6E-512,BLR -> DEL,6200.0,7790.0,6090.0,0.782,180,33,0.183,0.818,2,0,Low Traffic,0.85,Normal Day,1.0,Leisure Flyer,1.11,1.1,0.42,5.5,53.33,1
flight,FLT-06,AeroIndia AI-303,DEL -> DXB,14500.0,18740.0,21670.0,1.156,220,26,0.118,0.88,3,1,Standard,1.0,Weekend,1.15,Corporate Traveler,0.26,9.6,0.71,7.5,90.46,11
flight,FLT-07,SkyWings 6E-204,DEL -> BOM,5500.0,6070.0,6890.0,1.135,180,87,0.483,0.518,45,0,Low Traffic,0.85,Holiday,1.35,Last-minute Rush,0.14,1.0,0.578,6.5,69.81,10
flight,FLT-08,SkyWings 6E-512,BLR -> DEL,6200.0,7310.0,6250.0,0.855,180,45,0.25,0.752,7,0,Low Traffic,0.85,Normal Day,1.0,Corporate Traveler,0.29,7.0,0.53,1.5,63.66,1
flight,FLT-01,AeroIndia AI-303,DEL -> DXB,14500.0,17020.0,20480.0,1.203,220,41,0.186,0.814,7,0,Standard,1.0,Normal Day,1.0,Last-minute Rush,0.22,1.6,0.577,2.5,70.22,4
flight,FLT-02,Vistara Line UK-992,DEL -> BLR,6800.0,8110.0,6010.0,0.741,160,49,0.306,0.692,3,0,Low Traffic,0.85,Normal Day,1.0,Corporate Traveler,0.24,5.9,0.59,10.5,72.37,10
flight,FLT-03,JetExpress 9W-445,BOM -> CCU,5800.0,6890.0,16540.0,2.401,180,32,0.178,0.823,14,0,Festival Surge,1.45,Festival,1.5,Student Traveler,1.47,0.6,0.713,10.5,100.0,14
flight,FLT-04,SkyWings 6E-512,BLR -> DEL,6200.0,6780.0,9060.0,1.336,180,31,0.172,0.826,8,1,Standard,1.0,Weekend,1.15,Corporate Traveler,0.24,7.6,0.668,2.5,84.0,2
flight,FLT-05,JetExpress 9W-110,HYD -> MAA,3600.0,3960.0,5490.0,1.386,140,53,0.379,0.62,20,0,Vacation Peak,1.3,Normal Day,1.0,Last-minute Rush,0.18,1.2,0.54,2.5,64.42,3
flight,FLT-06,JetExpress 9W-445,BOM -> CCU,5800.0,6830.0,13410.0,1.963,180,44,0.244,0.756,15,0,Festival Surge,1.45,Holiday,1.35,Student Traveler,1.38,1.9,0.718,9.5,100.0,12
flight,FLT-07,AeroIndia AI-303,DEL -> DXB,14500.0,18200.0,22810.0,1.253,220,4,0.018,0.98,2,1,Standard,1.0,Weekend,1.15,Last-minute Rush,0.16,1.9,0.727,6.5,92.2,4
flight,FLT-08,Vistara Line UK-821,MAA -> DEL,6400.0,8520.0,8870.0,1.041,160,13,0.081,0.916,6,0,Standard,1.0,Normal Day,1.0,Student Traveler,1.35,0.2,0.544,3.5,73.7,4
flight,FLT-01,AeroIndia AI-801,BOM -> GOA,4200.0,4810.0,10910.0,2.268,150,51,0.34,0.661,7,1,Festival Surge,1.45,Festival,1.5,Corporate Traveler,0.26,8.6,0.774,8.5,100.0,11
flight,FLT-02,SkyWings 6E-512,BLR -> DEL,6200.0,6930.0,10480.0,1.512,180,56,0.311,0.688,7,0,Vacation Peak,1.3,Normal Day,1.0,Last-minute Rush,0.14,1.5,0.658,1.5,81.75,3
flight,FLT-03,SkyWings 6E-204,DEL -> BOM,5500.0,6080.0,8620.0,1.418,180,50,0.278,0.722,13,0,Vacation Peak,1.3,Normal Day,1.0,Leisure Flyer,1.07,0.5,0.583,2.5,77.45,3
flight,FLT-04,Vistara Line UK-821,MAA -> DEL,6400.0,7520.0,7090.0,0.943,160,47,0.294,0.709,24,1,Low Traffic,0.85,Weekend,1.15,Corporate Traveler,0.28,11.4,0.509,1.5,60.5,2
flight,FLT-05,SkyWings 6E-512,BLR -> DEL,6200.0,7670.0,7980.0,1.04,180,8,0.044,0.957,9,0,Standard,1.0,Normal Day,1.0,Leisure Flyer,1.02,0.1,0.492,3.5,63.45,2
flight,FLT-06,JetExpress 9W-110,HYD -> MAA,3600.0,4430.0,5220.0,1.178,140,30,0.214,0.789,6,0,Standard,1.0,Normal Day,1.0,Student Traveler,1.37,0.8,0.459,2.5,61.15,2
flight,FLT-07,JetExpress 9W-110,HYD -> MAA,3600.0,3840.0,5700.0,1.484,140,62,0.443,0.56,14,0,Vacation Peak,1.3,Normal Day,1.0,Leisure Flyer,1.08,0.1,0.536,3.5,70.56,4
flight,FLT-08,JetExpress 9W-110,HYD -> MAA,3600.0,4020.0,3640.0,0.905,140,43,0.307,0.695,16,0,Low Traffic,0.85,Normal Day,1.0,Leisure Flyer,1.11,1.0,0.321,1.5,38.53,0
flight,FLT-01,AeroIndia AI-801,BOM -> GOA,4200.0,4790.0,4150.0,0.866,150,27,0.18,0.823,5,0,Low Traffic,0.85,Normal Day,1.0,Student Traveler,1.31,1.7,0.497,7.5,66.37,9
flight,FLT-02,SkyWings 6E-512,BLR -> DEL,6200.0,8520.0,6050.0,0.71,180,9,0.05,0.952,12,0,Low Traffic,0.85,Normal Day,1.0,Corporate Traveler,0.25,9.6,0.567,0.5,68.96,1
flight,FLT-03,JetExpress 9W-445,BOM -> CCU,5800.0,6670.0,16980.0,2.546,180,30,0.167,0.833,16,0,Festival Surge,1.45,Festival,1.5,Leisure Flyer,1.08,3.1,0.733,5.5,100.0,9
flight,FLT-04,SkyWings 6E-204,DEL -> BOM,5500.0,6080.0,6410.0,1.054,180,59,0.328,0.67,2,0,Standard,1.0,Normal Day,1.0,Corporate Traveler,0.22,1.8,0.586,5.5,71.58,8
flight,FLT-05,JetExpress 9W-445,BOM -> CCU,5800.0,7140.0,6720.0,0.941,180,56,0.311,0.688,9,0,Standard,1.0,Normal Day,1.0,Last-minute Rush,0.14,0.6,0.555,3.5,66.25,4
flight,FLT-06,AeroIndia AI-801,BOM -> GOA,4200.0,4930.0,5110.0,1.037,150,54,0.36,0.639,20,0,Standard,1.0,Normal Day,1.0,Leisure Flyer,1.11,0.4,0.399,1.5,50.17,1
flight,FLT-07,AeroIndia AI-303,DEL -> DXB,14500.0,17420.0,31450.0,1.805,220,37,0.168,0.834,1,0,Standard,1.0,Festival,1.5,Last-minute Rush,0.14,0.2,0.78,11.5,100.0,19
flight,FLT-08,AeroIndia AI-303,DEL -> DXB,14500.0,18140.0,34400.0,1.896,220,45,0.205,0.796,2,1,Festival Surge,1.45,Holiday,1.35,Last-minute Rush,0.18,1.7,0.778,10.5,100.0,13
flight,FLT-01,SkyWings 6E-204,DEL -> BOM,5500.0,6010.0,6780.0,1.128,180,66,0.367,0.631,25,1,Standard,1.0,Weekend,1.15,Corporate Traveler,0.17,6.3,0.583,1.5,70.75,2
flight,FLT-02,AeroIndia AI-801,BOM -> GOA,4200.0,5320.0,5940.0,1.117,150,21,0.14,0.862,7,1,Standard,1.0,Weekend,1.15,Student Traveler,1.43,0.4,0.509,1.5,69.08,3
flight,FLT-03,JetExpress 9W-445,BOM -> CCU,5800.0,6700.0,14490.0,2.163,180,60,0.333,0.665,11,0,Festival Surge,1.45,Major Event,1.55,Student Traveler,1.4,0.4,0.717,3.5,100.0,5
flight,FLT-04,SkyWings 6E-512,BLR -> DEL,6200.0,6640.0,7700.0,1.16,180,84,0.467,0.532,16,1,Standard,1.0,Weekend,1.15,Corporate Traveler,0.28,6.7,0.588,1.5,72.23,0
flight,FLT-05,Vistara Line UK-992,DEL -> BLR,6800.0,8190.0,19270.0,2.353,160,16,0.1,0.899,4,0,Festival Surge,1.45,Major Event,1.55,Leisure Flyer,1.05,0.2,0.734,11.5,100.0,16
flight,FLT-06,SkyWings 6E-204,DEL -> BOM,5500.0,6450.0,7710.0,1.195,180,37,0.206,0.792,2,0,Low Traffic,0.85,Festival,1.5,Student Traveler,1.42,1.2,0.6,6.5,82.72,6
flight,FLT-07,AeroIndia AI-303,DEL -> DXB,14500.0,16270.0,24120.0,1.482,220,81,0.368,0.632,4,1,Standard,1.0,Major Event,1.55,Student Traveler,1.36,0.2,0.695,12.5,96.38,9
flight,FLT-08,JetExpress 9W-445,BOM -> CCU,5800.0,7430.0,7690.0,1.035,180,11,0.061,0.936,1,0,Standard,1.0,Normal Day,1.0,Leisure Flyer,1.13,0.5,0.617,10.5,83.03,11
flight,FLT-01,AeroIndia AI-303,DEL -> DXB,14500.0,15830.0,32910.0,2.079,220,93,0.423,0.577,11,0,Festival Surge,1.45,Holiday,1.35,Corporate Traveler,0.25,8.8,0.774,11.5,100.0,19
flight,FLT-02,SkyWings 6E-204,DEL -> BOM,5500.0,6260.0,7510.0,1.2,180,59,0.328,0.67,14,1,Standard,1.0,Weekend,1.15,Leisure Flyer,1.09,1.0,0.448,1.5,57.39,1
flight,FLT-03,AeroIndia AI-303,DEL -> DXB,14500.0,17890.0,18880.0,1.055,220,35,0.159,0.839,2,1,Standard,1.0,Weekend,1.15,Leisure Flyer,1.05,1.4,0.561,6.5,74.02,7
flight,FLT-04,Vistara Line UK-821,MAA -> DEL,6400.0,7440.0,17090.0,2.297,160,39,0.244,0.754,5,0,Festival Surge,1.45,Major Event,1.55,Corporate Traveler,0.19,1.8,0.777,14.5,100.0,21
flight,FLT-05,SkyWings 6E-512,BLR -> DEL,6200.0,6770.0,10760.0,1.589,180,51,0.283,0.717,16,0,Vacation Peak,1.3,Normal Day,1.0,Student Traveler,1.44,0.7,0.563,4.5,77.25,7
flight,FLT-06,Vistara Line UK-821,MAA -> DEL,6400.0,7970.0,8530.0,1.07,160,15,0.094,0.903,1,1,Low Traffic,0.85,Weekend,1.15,Leisure Flyer,1.19,0.0,0.606,11.5,81.85,14
flight,FLT-07,SkyWings 6E-204,DEL -> BOM,5500.0,6960.0,6940.0,0.997,180,23,0.128,0.872,4,1,Low Traffic,0.85,Weekend,1.15,Corporate Traveler,0.2,6.2,0.576,2.5,69.9,4
flight,FLT-08,AeroIndia AI-303,DEL -> DXB,14500.0,15310.0,16270.0,1.063,220,88,0.4,0.6,2,1,Low Traffic,0.85,Weekend,1.15,Last-minute Rush,0.11,0.1,0.553,5.5,65.73,6
flight,FLT-01,JetExpress 9W-110,HYD -> MAA,3600.0,4340.0,5420.0,1.249,140,41,0.293,0.708,4,1,Standard,1.0,Weekend,1.15,Corporate Traveler,0.25,14.5,0.712,6.5,90.72,9
flight,FLT-02,Vistara Line UK-992,DEL -> BLR,6800.0,7930.0,15660.0,1.975,160,21,0.131,0.866,12,0,Festival Surge,1.45,Holiday,1.35,Student Traveler,1.45,0.3,0.714,8.5,100.0,9
flight,FLT-03,SkyWings 6E-512,BLR -> DEL,6200.0,7200.0,6210.0,0.863,180,49,0.272,0.726,3,0,Low Traffic,0.85,Normal Day,1.0,Leisure Flyer,1.05,0.5,0.517,12.5,67.4,14
flight,FLT-04,SkyWings 6E-204,DEL -> BOM,5500.0,6320.0,6640.0,1.051,180,42,0.233,0.769,1,0,Standard,1.0,Normal Day,1.0,Leisure Flyer,1.07,3.9,0.584,9.5,77.64,8
flight,FLT-05,Vistara Line UK-821,MAA -> DEL,6400.0,7550.0,8750.0,1.159,160,43,0.269,0.732,7,1,Standard,1.0,Weekend,1.15,Corporate Traveler,0.21,10.4,0.635,2.5,78.76,3
flight,FLT-06,AeroIndia AI-303,DEL -> DXB,14500.0,15240.0,18020.0,1.182,220,104,0.473,0.528,35,0,Vacation Peak,1.3,Normal Day,1.0,Student Traveler,1.4,2.1,0.428,2.5,56.68,2
flight,FLT-07,Vistara Line UK-992,DEL -> BLR,6800.0,8410.0,11060.0,1.315,160,21,0.131,0.866,6,0,Vacation Peak,1.3,Normal Day,1.0,Corporate Traveler,0.28,5.4,0.767,4.5,99.15,7
flight,FLT-08,AeroIndia AI-303,DEL -> DXB,14500.0,18960.0,40180.0,2.119,220,4,0.018,0.98,6,0,Festival Surge,1.45,Holiday,1.35,Student Traveler,1.42,0.8,0.716,5.5,100.0,4
flight,FLT-01,SkyWings 6E-512,BLR -> DEL,6200.0,7190.0,10670.0,1.484,180,34,0.189,0.811,1,0,Vacation Peak,1.3,Normal Day,1.0,Corporate Traveler,0.32,13.5,0.771,9.5,100.0,14
flight,FLT-02,AeroIndia AI-303,DEL -> DXB,14500.0,18020.0,17460.0,0.969,220,30,0.136,0.865,7,0,Standard,1.0,Normal Day,1.0,Corporate Traveler,0.23,3.6,0.59,4.5,72.29,4
flight,FLT-03,AeroIndia AI-303,DEL -> DXB,14500.0,18010.0,21260.0,1.18,220,35,0.159,0.84,7,1,Standard,1.0,Weekend,1.15,Corporate Traveler,0.21,8.1,0.66,4.5,82.59,6
flight,FLT-04,AeroIndia AI-303,DEL -> DXB,14500.0,16060.0,16170.0,1.007,220,64,0.291,0.709,11,0,Standard,1.0,Normal Day,1.0,Corporate Traveler,0.23,9.2,0.591,0.5,72.38,1
flight,FLT-05,AeroIndia AI-801,BOM -> GOA,4200.0,4560.0,6170.0,1.353,150,52,0.347,0.656,9,0,Vacation Peak,1.3,Normal Day,1.0,Leisure Flyer,1.07,0.3,0.549,2.5,72.34,1
flight,FLT-06,JetExpress 9W-445,BOM -> CCU,5800.0,6990.0,8730.0,1.249,180,24,0.133,0.868,12,0,Low Traffic,0.85,Holiday,1.35,Corporate Traveler,0.15,11.6,0.753,8.5,96.04,11
flight,FLT-07,Vistara Line UK-821,MAA -> DEL,6400.0,6830.0,9840.0,1.441,160,55,0.344,0.656,6,1,Vacation Peak,1.3,Weekend,1.15,Last-minute Rush,0.16,0.1,0.693,6.5,87.15,10
flight,FLT-08,SkyWings 6E-204,DEL -> BOM,5500.0,6630.0,6290.0,0.949,180,41,0.228,0.771,11,0,Standard,1.0,Normal Day,1.0,Corporate Traveler,0.24,12.5,0.531,2.5,63.42,3
flight,FLT-01,Vistara Line UK-992,DEL -> BLR,6800.0,7610.0,10740.0,1.411,160,55,0.344,0.659,9,0,Vacation Peak,1.3,Normal Day,1.0,Corporate Traveler,0.29,6.8,0.573,0.5,70.12,0
flight,FLT-02,JetExpress 9W-445,BOM -> CCU,5800.0,6640.0,8620.0,1.298,180,36,0.2,0.799,1,1,Low Traffic,0.85,Festival,1.5,Last-minute Rush,0.13,2.6,0.747,4.5,94.96,9
flight,FLT-03,AeroIndia AI-303,DEL -> DXB,14500.0,16570.0,16240.0,0.98,220,59,0.268,0.732,4,0,Standard,1.0,Normal Day,1.0,Leisure Flyer,1.17,0.3,0.457,6.5,59.34,6
flight,FLT-04,Vistara Line UK-821,MAA -> DEL,6400.0,7670.0,14240.0,1.857,160,10,0.062,0.938,1,0,Standard,1.0,Festival,1.5,Corporate Traveler,0.31,5.6,0.771,9.5,100.0,10
flight,FLT-05,SkyWings 6E-204,DEL -> BOM,5500.0,6660.0,14390.0,2.161,180,25,0.139,0.859,3,0,Festival Surge,1.45,Festival,1.5,Corporate Traveler,0.25,6.8,0.774,8.5,100.0,13
flight,FLT-06,SkyWings 6E-512,BLR -> DEL,6200.0,6890.0,10760.0,1.562,180,38,0.211,0.789,1,1,Vacation Peak,1.3,Weekend,1.15,Leisure Flyer,1.11,2.5,0.696,10.5,94.68,14
flight,FLT-07,SkyWings 6E-204,DEL -> BOM,5500.0,6280.0,16160.0,2.573,180,42,0.233,0.768,5,0,Festival Surge,1.45,Major Event,1.55,Corporate Traveler,0.17,14.3,0.778,8.5,100.0,12
flight,FLT-08,AeroIndia AI-801,BOM -> GOA,4200.0,5270.0,5460.0,1.036,150,26,0.173,0.824,9,0,Standard,1.0,Normal Day,1.0,Corporate Traveler,0.19,7.7,0.618,4.5,76.1,8
flight,FLT-01,JetExpress 9W-445,BOM -> CCU,5800.0,6600.0,5910.0,0.895,180,56,0.311,0.69,19,0,Low Traffic,0.85,Normal Day,1.0,Last-minute Rush,0.18,0.9,0.489,2.5,56.68,3
flight,FLT-02,JetExpress 9W-445,BOM -> CCU,5800.0,6810.0,9090.0,1.335,180,17,0.094,0.903,9,1,Standard,1.0,Weekend,1.15,Last-minute Rush,0.09,0.4,0.656,4.5,81.05,6
flight,FLT-03,Vistara Line UK-992,DEL -> BLR,6800.0,8450.0,18640.0,2.206,160,3,0.019,0.98,2,1,Festival Surge,1.45,Festival,1.5,Corporate Traveler,0.18,8.3,0.778,7.5,100.0,3
flight,FLT-04,Vistara Line UK-992,DEL -> BLR,6800.0,8030.0,8700.0,1.083,160,31,0.194,0.805,5,0,Standard,1.0,Normal Day,1.0,Last-minute Rush,0.21,1.5,0.589,6.5,71.91,10
flight,FLT-05,Vistara Line UK-821,MAA -> DEL,6400.0,6430.0,5720.0,0.89,160,113,0.706,0.295,45,1,Low Traffic,0.85,Weekend,1.15,Leisure Flyer,1.18,1.6,0.284,1.5,33.52,0
flight,FLT-06,Vistara Line UK-821,MAA -> DEL,6400.0,8400.0,19130.0,2.277,160,20,0.125,0.877,3,0,Festival Surge,1.45,Major Event,1.55,Corporate Traveler,0.22,12.6,0.776,5.5,100.0,7
flight,FLT-07,Vistara Line UK-821,MAA -> DEL,6400.0,7250.0,8400.0,1.159,160,29,0.181,0.817,10,1,Standard,1.0,Weekend,1.15,Last-minute Rush,0.17,0.2,0.617,3.5,75.8,4
flight,FLT-08,SkyWings 6E-204,DEL -> BOM,5500.0,6570.0,13120.0,1.997,180,41,0.228,0.77,11,0,Vacation Peak,1.3,Holiday,1.35,Leisure Flyer,1.1,0.8,0.732,10.5,100.0,17
flight,FLT-01,SkyWings 6E-204,DEL -> BOM,5500.0,6420.0,8240.0,1.283,180,37,0.206,0.792,1,1,Standard,1.0,Weekend,1.15,Student Traveler,1.32,2.1,0.591,5.5,80.51,7
flight,FLT-02,JetExpress 9W-110,HYD -> MAA,3600.0,4160.0,3320.0,0.798,140,41,0.293,0.705,19,0,Low Traffic,0.85,Normal Day,1.0,Corporate Traveler,0.25,8.8,0.489,2.5,57.21,2
flight,FLT-03,AeroIndia AI-801,BOM -> GOA,4200.0,4940.0,4740.0,0.96,150,31,0.207,0.796,6,0,Standard,1.0,Normal Day,1.0,Corporate Traveler,0.33,7.1,0.604,3.5,75.12,3
flight,FLT-04,AeroIndia AI-303,DEL -> DXB,14500.0,16490.0,37350.0,2.265,220,60,0.273,0.729,21,0,Festival Surge,1.45,Festival,1.5,Corporate Traveler,0.26,9.1,0.774,9.5,100.0,13
flight,FLT-05,AeroIndia AI-801,BOM -> GOA,4200.0,5050.0,4470.0,0.885,150,39,0.26,0.738,8,1,Low Traffic,0.85,Weekend,1.15,Student Traveler,1.39,0.1,0.381,2.5,49.58,1
flight,FLT-06,Vistara Line UK-821,MAA -> DEL,6400.0,7980.0,12390.0,1.553,160,31,0.194,0.805,2,1,Vacation Peak,1.3,Weekend,1.15,Corporate Traveler,0.24,2.6,0.762,3.5,98.16,5
flight,FLT-07,AeroIndia AI-801,BOM -> GOA,4200.0,5460.0,7900.0,1.447,150,4,0.027,0.972,3,1,Vacation Peak,1.3,Weekend,1.15,Leisure Flyer,1.15,0.7,0.688,5.5,93.83,4
flight,FLT-08,SkyWings 6E-204,DEL -> BOM,5500.0,7020.0,7380.0,1.051,180,39,0.217,0.783,2,1,Standard,1.0,Weekend,1.15,Corporate Traveler,0.26,11.8,0.726,10.5,92.89,12
flight,FLT-01,SkyWings 6E-512,BLR -> DEL,6200.0,7300.0,16640.0,2.279,180,55,0.306,0.693,25,0,Festival Surge,1.45,Major Event,1.55,Last-minute Rush,0.16,0.8,0.779,7.5,100.0,12
flight,FLT-02,JetExpress 9W-110,HYD -> MAA,3600.0,4270.0,9980.0,2.337,140,26,0.186,0.812,6,0,Festival Surge,1.45,Holiday,1.35,Corporate Traveler,0.32,10.0,0.771,7.5,100.0,7
flight,FLT-03,AeroIndia AI-303,DEL -> DXB,14500.0,18150.0,19400.0,1.069,220,8,0.036,0.962,4,0,Standard,1.0,Normal Day,1.0,Corporate Traveler,0.25,11.3,0.693,5.5,87.88,8
flight,FLT-04,JetExpress 9W-110,HYD -> MAA,3600.0,4270.0,10410.0,2.438,140,33,0.236,0.764,23,0,Festival Surge,1.45,Major Event,1.55,Student Traveler,1.47,1.9,0.713,5.5,100.0,11
flight,FLT-05,SkyWings 6E-512,BLR -> DEL,6200.0,7610.0,8260.0,1.085,180,24,0.133,0.866,2,0,Standard,1.0,Normal Day,1.0,Corporate Traveler,0.21,11.1,0.665,5.5,83.28,8
flight,FLT-06,SkyWings 6E-204,DEL -> BOM,5500.0,5990.0,6990.0,1.167,180,76,0.422,0.577,18,1,Low Traffic,0.85,Weekend,1.15,Student Traveler,1.33,1.7,0.452,4.5,59.78,2
flight,FLT-07,JetExpress 9W-110,HYD -> MAA,3600.0,4670.0,5680.0,1.216,140,9,0.064,0.937,4,0,Low Traffic,0.85,Holiday,1.35,Corporate Traveler,0.28,10.3,0.74,4.5,95.06,6
flight,FLT-08,Vistara Line UK-992,DEL -> BLR,6800.0,7750.0,6850.0,0.884,160,44,0.275,0.723,15,0,Low Traffic,0.85,Normal Day,1.0,Last-minute Rush,0.22,0.8,0.573,6.5,69.62,10
flight,FLT-01,Vistara Line UK-992,DEL -> BLR,6800.0,8040.0,8710.0,1.083,160,37,0.231,0.768,2,1,Low Traffic,0.85,Weekend,1.15,Last-minute Rush,0.16,0.8,0.563,4.5,67.66,4
flight,FLT-02,JetExpress 9W-110,HYD -> MAA,3600.0,4950.0,10190.0,2.059,140,3,0.021,0.98,1,0,Festival Surge,1.45,Major Event,1.55,Last-minute Rush,0.13,2.8,0.78,14.5,100.0,3
flight,FLT-03,JetExpress 9W-445,BOM -> CCU,5800.0,7560.0,13410.0,1.774,180,25,0.139,0.859,6,0,Vacation Peak,1.3,Holiday,1.35,Corporate Traveler,0.23,9.6,0.775,7.5,100.0,12
flight,FLT-04,Vistara Line UK-992,DEL -> BLR,6800.0,7270.0,7140.0,0.982,160,88,0.55,0.449,31,1,Standard,1.0,Weekend,1.15,Last-minute Rush,0.19,0.5,0.493,4.5,57.3,4
flight,FLT-05,Vistara Line UK-992,DEL -> BLR,6800.0,8220.0,9080.0,1.105,160,10,0.062,0.936,10,1,Standard,1.0,Weekend,1.15,Last-minute Rush,0.16,0.6,0.654,3.5,81.29,5
flight,FLT-06,AeroIndia AI-801,BOM -> GOA,4200.0,4740.0,5080.0,1.072,150,39,0.26,0.74,3,0,Standard,1.0,Normal Day,1.0,Corporate Traveler,0.31,7.4,0.652,9.5,82.09,14
flight,FLT-07,SkyWings 6E-512,BLR -> DEL,6200.0,6500.0,6060.0,0.932,180,87,0.483,0.514,29,0,Standard,1.0,Normal Day,1.0,Corporate Traveler,0.28,2.1,0.453,3.5,52.0,3
flight,FLT-08,JetExpress 9W-445,BOM -> CCU,5800.0,6330.0,4860.0,0.768,180,56,0.311,0.689,12,0,Low Traffic,0.85,Normal Day,1.0,Corporate Traveler,0.21,5.3,0.425,3.5,47.38,1
flight,FLT-01,JetExpress 9W-110,HYD -> MAA,3600.0,3940.0,6480.0,1.645,140,31,0.221,0.782,16,1,Vacation Peak,1.3,Weekend,1.15,Last-minute Rush,0.13,0.4,0.78,7.5,100.0,12
flight,FLT-02,AeroIndia AI-303,DEL -> DXB,14500.0,16920.0,17060.0,1.008,220,59,0.268,0.733,18,0,Standard,1.0,Normal Day,1.0,Corporate Traveler,0.26,10.0,0.606,2.5,74.82,3
flight,FLT-03,JetExpress 9W-445,BOM -> CCU,5800.0,6940.0,13120.0,1.89,180,42,0.233,0.768,6,0,Festival Surge,1.45,Holiday,1.35,Corporate Traveler,0.27,3.0,0.773,7.5,100.0,10
flight,FLT-04,JetExpress 9W-110,HYD -> MAA,3600.0,4510.0,3720.0,0.825,140,17,0.121,0.876,3,0,Low Traffic,0.85,Normal Day,1.0,Student Traveler,1.49,0.7,0.466,9.5,63.12,7
flight,FLT-05,JetExpress 9W-110,HYD -> MAA,3600.0,4440.0,4250.0,0.957,140,26,0.186,0.814,16,0,Standard,1.0,Normal Day,1.0,Last-minute Rush,0.17,0.8,0.574,4.5,69.36,6
flight,FLT-06,JetExpress 9W-110,HYD -> MAA,3600.0,4300.0,4320.0,1.005,140,40,0.286,0.712,12,0,Standard,1.0,Normal Day,1.0,Corporate Traveler,0.25,5.8,0.578,4.5,70.54,5
flight,FLT-07,SkyWings 6E-512,BLR -> DEL,6200.0,6660.0,6630.0,0.995,180,58,0.322,0.68,23,1,Low Traffic,0.85,Weekend,1.15,Last-minute Rush,0.14,1.5,0.442,0.5,49.31,1
flight,FLT-08,Vistara Line UK-821,MAA -> DEL,6400.0,7110.0,8180.0,1.15,160,44,0.275,0.722,18,0,Standard,1.0,Normal Day,1.0,Corporate Traveler,0.31,13.8,0.573,7.5,70.33,5
flight,FLT-01,AeroIndia AI-801,BOM -> GOA,4200.0,4680.0,4670.0,0.998,150,51,0.34,0.661,19,0,Standard,1.0,Normal Day,1.0,Corporate Traveler,0.3,7.1,0.532,4.5,63.99,5
flight,FLT-02,Vistara Line UK-992,DEL -> BLR,6800.0,7930.0,13060.0,1.647,160,7,0.044,0.959,2,1,Standard,1.0,Major Event,1.55,Corporate Traveler,0.26,12.4,0.774,9.5,100.0,7
flight,FLT-03,AeroIndia AI-801,BOM -> GOA,4200.0,4730.0,4780.0,1.011,150,36,0.24,0.763,18,0,Standard,1.0,Normal Day,1.0,Corporate Traveler,0.25,7.6,0.586,5.5,71.7,8
flight,FLT-04,Vistara Line UK-821,MAA -> DEL,6400.0,8460.0,7030.0,0.831,160,3,0.019,0.98,1,0,Low Traffic,0.85,Normal Day,1.0,Corporate Traveler,0.23,7.5,0.644,9.5,80.32,3
flight,FLT-05,Vistara Line UK-821,MAA -> DEL,6400.0,7490.0,6590.0,0.88,160,38,0.237,0.76,3,0,Low Traffic,0.85,Normal Day,1.0,Leisure Flyer,1.15,1.2,0.469,5.5,60.92,4
flight,FLT-06,SkyWings 6E-204,DEL -> BOM,5500.0,6980.0,9080.0,1.301,180,36,0.2,0.801,6,0,Low Traffic,0.85,Major Event,1.55,Leisure Flyer,1.0,0.4,0.642,4.5,85.83,5
flight,FLT-07,JetExpress 9W-110,HYD -> MAA,3600.0,4270.0,4050.0,0.948,140,33,0.236,0.762,12,1,Low Traffic,0.85,Weekend,1.15,Corporate Traveler,0.27,9.7,0.556,5.5,67.49,8
flight,FLT-08,AeroIndia AI-801,BOM -> GOA,4200.0,5590.0,8660.0,1.549,150,12,0.08,0.92,20,1,Standard,1.0,Festival,1.5,Leisure Flyer,1.17,0.3,0.688,8.5,93.99,12
flight,FLT-01,AeroIndia AI-801,BOM -> GOA,4200.0,4860.0,8200.0,1.687,150,34,0.227,0.771,2,0,Vacation Peak,1.3,Holiday,1.35,Corporate Traveler,0.24,9.0,0.775,4.5,100.0,8
flight,FLT-02,Vistara Line UK-992,DEL -> BLR,6800.0,8660.0,16960.0,1.958,160,27,0.169,0.834,16,0,Vacation Peak,1.3,Major Event,1.55,Corporate Traveler,0.24,5.5,0.775,5.5,100.0,5
flight,FLT-03,AeroIndia AI-303,DEL -> DXB,14500.0,15000.0,18400.0,1.227,220,110,0.5,0.5,32,1,Standard,1.0,Weekend,1.15,Last-minute Rush,0.15,0.2,0.485,1.5,55.84,3
flight,FLT-04,SkyWings 6E-204,DEL -> BOM,5500.0,6670.0,5150.0,0.772,180,44,0.244,0.754,1,0,Low Traffic,0.85,Normal Day,1.0,Student Traveler,1.44,0.1,0.376,5.5,49.24,4
flight,FLT-05,AeroIndia AI-303,DEL -> DXB,14500.0,18260.0,20840.0,1.141,220,53,0.241,0.757,11,1,Standard,1.0,Weekend,1.15,Leisure Flyer,1.11,0.3,0.543,5.5,71.72,8
flight,FLT-06,JetExpress 9W-445,BOM -> CCU,5800.0,6950.0,7450.0,1.072,180,25,0.139,0.859,4,0,Standard,1.0,Normal Day,1.0,Corporate Traveler,0.18,5.3,0.615,2.5,75.63,3
flight,FLT-07,Vistara Line UK-992,DEL -> BLR,6800.0,8370.0,15590.0,1.863,160,42,0.263,0.736,20,0,Festival Surge,1.45,Major Event,1.55,Last-minute Rush,0.16,0.6,0.779,5.5,100.0,9
flight,FLT-08,SkyWings 6E-204,DEL -> BOM,5500.0,6810.0,9390.0,1.379,180,26,0.144,0.857,2,0,Standard,1.0,Major Event,1.55,Corporate Traveler,0.24,5.6,0.775,7.5,100.0,10
flight,FLT-01,JetExpress 9W-445,BOM -> CCU,5800.0,6360.0,15490.0,2.436,180,56,0.311,0.688,40,1,Festival Surge,1.45,Major Event,1.55,Leisure Flyer,1.13,0.6,0.73,5.5,100.0,8
flight,FLT-02,JetExpress 9W-445,BOM -> CCU,5800.0,7700.0,9390.0,1.219,180,4,0.022,0.98,1,0,Low Traffic,0.85,Festival,1.5,Last-minute Rush,0.12,2.3,0.756,6.5,96.34,4
flight,FLT-03,JetExpress 9W-445,BOM -> CCU,5800.0,7140.0,13520.0,1.894,180,46,0.256,0.742,2,0,Festival Surge,1.45,Holiday,1.35,Leisure Flyer,1.07,0.3,0.733,6.5,100.0,10
flight,FLT-04,SkyWings 6E-204,DEL -> BOM,5500.0,6340.0,11090.0,1.749,180,43,0.239,0.763,29,1,Vacation Peak,1.3,Weekend,1.15,Leisure Flyer,1.11,1.1,0.633,2.5,85.29,4
flight,FLT-05,Vistara Line UK-992,DEL -> BLR,6800.0,8530.0,7640.0,0.896,160,24,0.15,0.851,5,0,Low Traffic,0.85,Normal Day,1.0,Student Traveler,1.37,0.7,0.524,6.5,70.84,7
flight,FLT-06,AeroIndia AI-303,DEL -> DXB,14500.0,16030.0,33190.0,2.07,220,47,0.214,0.788,5,1,Festival Surge,1.45,Holiday,1.35,Student Traveler,1.39,0.9,0.717,9.5,100.0,16
flight,FLT-07,JetExpress 9W-110,HYD -> MAA,3600.0,4960.0,4300.0,0.867,140,8,0.057,0.94,3,1,Low Traffic,0.85,Weekend,1.15,Student Traveler,1.48,2.6,0.49,6.5,66.54,8
flight,FLT-08,Vistara Line UK-992,DEL -> BLR,6800.0,7340.0,9010.0,1.228,160,63,0.394,0.607,12,0,Vacation Peak,1.3,Normal Day,1.0,Student Traveler,1.4,0.2,0.487,4.5,65.49,6
flight,FLT-01,JetExpress 9W-110,HYD -> MAA,3600.0,4470.0,9950.0,2.226,140,39,0.279,0.719,13,0,Festival Surge,1.45,Major Event,1.55,Leisure Flyer,1.05,0.5,0.734,6.5,100.0,8
flight,FLT-02,AeroIndia AI-801,BOM -> GOA,4200.0,4790.0,5410.0,1.129,150,32,0.213,0.784,17,1,Low Traffic,0.85,Weekend,1.15,Leisure Flyer,1.14,0.4,0.495,3.5,64.82,3
flight,FLT-03,Vistara Line UK-821,MAA -> DEL,6400.0,8220.0,9120.0,1.109,160,3,0.019,0.98,4,0,Standard,1.0,Normal Day,1.0,Last-minute Rush,0.13,1.2,0.617,4.5,75.54,3
flight,FLT-04,Vistara Line UK-992,DEL -> BLR,6800.0,7150.0,5610.0,0.785,160,97,0.606,0.394,43,0,Standard,1.0,Normal Day,1.0,Corporate Traveler,0.17,7.7,0.399,2.5,43.15,1
flight,FLT-05,AeroIndia AI-303,DEL -> DXB,14500.0,16520.0,32070.0,1.941,220,71,0.323,0.678,10,0,Vacation Peak,1.3,Holiday,1.35,Leisure Flyer,1.11,2.4,0.702,6.5,95.64,10
flight,FLT-06,JetExpress 9W-110,HYD -> MAA,3600.0,4320.0,5080.0,1.176,140,23,0.164,0.834,4,0,Standard,1.0,Normal Day,1.0,Leisure Flyer,1.08,0.9,0.507,6.5,66.09,7
flight,FLT-07,AeroIndia AI-801,BOM -> GOA,4200.0,5370.0,8610.0,1.603,150,3,0.02,0.98,3,1,Standard,1.0,Festival,1.5,Leisure Flyer,1.06,1.9,0.734,5.5,100.0,3
flight,FLT-08,SkyWings 6E-204,DEL -> BOM,5500.0,6100.0,11670.0,1.913,180,84,0.467,0.532,43,1,Festival Surge,1.45,Festival,1.5,Leisure Flyer,1.11,4.5,0.682,9.5,92.55,18
flight,FLT-01,AeroIndia AI-303,DEL -> DXB,14500.0,15910.0,34100.0,2.143,220,91,0.414,0.588,41,0,Festival Surge,1.45,Festival,1.5,Student Traveler,1.4,2.3,0.717,6.5,100.0,11
flight,FLT-02,SkyWings 6E-204,DEL -> BOM,5500.0,6720.0,6810.0,1.013,180,32,0.178,0.82,7,1,Low Traffic,0.85,Weekend,1.15,Leisure Flyer,1.09,0.9,0.533,4.5,70.08,2
flight,FLT-03,Vistara Line UK-821,MAA -> DEL,6400.0,7680.0,7100.0,0.924,160,40,0.25,0.75,6,0,Standard,1.0,Normal Day,1.0,Last-minute Rush,0.13,0.4,0.505,3.5,58.79,5
flight,FLT-04,SkyWings 6E-204,DEL -> BOM,5500.0,6630.0,9370.0,1.413,180,31,0.172,0.831,1,0,Vacation Peak,1.3,Normal Day,1.0,Corporate Traveler,0.3,4.0,0.724,5.5,92.8,7
flight,FLT-05,Vistara Line UK-992,DEL -> BLR,6800.0,8850.0,7110.0,0.803,160,30,0.188,0.81,4,0,Low Traffic,0.85,Normal Day,1.0,Leisure Flyer,1.13,0.7,0.468,8.5,60.69,10
flight,FLT-06,Vistara Line UK-821,MAA -> DEL,6400.0,7740.0,7890.0,1.019,160,15,0.094,0.904,4,1,Low Traffic,0.85,Weekend,1.15,Student Traveler,1.44,1.3,0.537,7.5,73.39,9
flight,FLT-07,AeroIndia AI-303,DEL -> DXB,14500.0,18270.0,34650.0,1.897,220,6,0.027,0.972,4,0,Standard,1.0,Major Event,1.55,Leisure Flyer,1.1,2.6,0.732,8.5,100.0,6
flight,FLT-08,SkyWings 6E-512,BLR -> DEL,6200.0,7170.0,15560.0,2.17,180,41,0.228,0.774,6,1,Festival Surge,1.45,Major Event,1.55,Leisure Flyer,1.05,2.1,0.734,6.5,100.0,11
flight,FLT-01,AeroIndia AI-801,BOM -> GOA,4200.0,5070.0,8760.0,1.728,150,29,0.193,0.804,10,1,Vacation Peak,1.3,Weekend,1.15,Corporate Traveler,0.27,5.5,0.764,5.5,98.57,10
flight,FLT-02,SkyWings 6E-204,DEL -> BOM,5500.0,6120.0,5300.0,0.866,180,61,0.339,0.659,21,0,Low Traffic,0.85,Normal Day,1.0,Leisure Flyer,1.14,1.1,0.323,2.5,39.02,1
flight,FLT-03,AeroIndia AI-801,BOM -> GOA,4200.0,4810.0,4230.0,0.879,150,45,0.3,0.703,7,1,Low Traffic,0.85,Weekend,1.15,Leisure Flyer,1.08,2.6,0.468,3.5,60.25,3
flight,FLT-04,JetExpress 9W-110,HYD -> MAA,3600.0,4380.0,4050.0,0.925,140,46,0.329,0.674,5,0,Standard,1.0,Normal Day,1.0,Student Traveler,1.45,0.1,0.44,9.5,58.87,9
flight,FLT-05,Vistara Line UK-821,MAA -> DEL,6400.0,6730.0,9750.0,1.449,160,82,0.512,0.487,30,0,Vacation Peak,1.3,Normal Day,1.0,Corporate Traveler,0.23,5.0,0.663,7.5,83.15,9
flight,FLT-06,AeroIndia AI-303,DEL -> DXB,14500.0,16000.0,17340.0,1.084,220,55,0.25,0.749,13,0,Standard,1.0,Normal Day,1.0,Corporate Traveler,0.29,6.8,0.548,1.5,66.31,3
flight,FLT-07,SkyWings 6E-204,DEL -> BOM,5500.0,6230.0,7320.0,1.175,180,28,0.156,0.845,1,1,Standard,1.0,Weekend,1.15,Leisure Flyer,1.08,0.3,0.516,6.5,67.44,9
flight,FLT-08,SkyWings 6E-512,BLR -> DEL,6200.0,6880.0,7760.0,1.128,180,81,0.45,0.551,21,0,Low Traffic,0.85,Holiday,1.35,Leisure Flyer,1.06,0.9,0.474,8.5,61.07,7
flight,FLT-01,SkyWings 6E-512,BLR -> DEL,6200.0,7160.0,8330.0,1.163,180,53,0.294,0.706,1,1,Standard,1.0,Weekend,1.15,Student Traveler,1.42,0.1,0.526,6.5,71.49,7
flight,FLT-02,Vistara Line UK-992,DEL -> BLR,6800.0,8080.0,15800.0,1.955,160,20,0.125,0.874,4,0,Festival Surge,1.45,Holiday,1.35,Corporate Traveler,0.3,5.5,0.772,11.5,100.0,17
flight,FLT-03,Vistara Line UK-992,DEL -> BLR,6800.0,8100.0,7850.0,0.969,160,41,0.256,0.741,2,0,Standard,1.0,Normal Day,1.0,Leisure Flyer,1.15,1.7,0.475,7.5,61.8,6
flight,FLT-04,Vistara Line UK-992,DEL -> BLR,6800.0,8370.0,8250.0,0.986,160,39,0.244,0.758,5,0,Standard,1.0,Normal Day,1.0,Corporate Traveler,0.24,12.5,0.658,8.5,82.55,8
flight,FLT-05,Vistara Line UK-992,DEL -> BLR,6800.0,7730.0,7910.0,1.023,160,48,0.3,0.703,4,0,Standard,1.0,Normal Day,1.0,Leisure Flyer,1.14,0.3,0.486,8.5,63.51,5
flight,FLT-06,AeroIndia AI-801,BOM -> GOA,4200.0,4510.0,3730.0,0.827,150,66,0.44,0.563,32,0,Low Traffic,0.85,Normal Day,1.0,Corporate Traveler,0.24,6.1,0.371,2.5,39.49,3
flight,FLT-07,AeroIndia AI-303,DEL -> DXB,14500.0,18590.0,19100.0,1.027,220,21,0.095,0.907,1,0,Standard,1.0,Normal Day,1.0,Last-minute Rush,0.1,3.4,0.666,5.5,82.61,9
flight,FLT-08,Vistara Line UK-821,MAA -> DEL,6400.0,7860.0,8360.0,1.064,160,16,0.1,0.901,3,1,Low Traffic,0.85,Weekend,1.15,Corporate Traveler,0.28,3.8,0.588,7.5,72.28,8
flight,FLT-01,JetExpress 9W-110,HYD -> MAA,3600.0,4470.0,9330.0,2.087,140,34,0.243,0.76,7,0,Festival Surge,1.45,Festival,1.5,Corporate Traveler,0.26,5.7,0.774,4.5,100.0,8
flight,FLT-02,SkyWings 6E-512,BLR -> DEL,6200.0,7590.0,8470.0,1.116,180,21,0.117,0.882,3,1,Standard,1.0,Weekend,1.15,Leisure Flyer,1.14,1.0,0.608,10.5,81.71,14
flight,FLT-03,Vistara Line UK-992,DEL -> BLR,6800.0,7410.0,9320.0,1.258,160,47,0.294,0.704,7,1,Standard,1.0,Weekend,1.15,Corporate Traveler,0.3,9.3,0.631,1.5,78.95,2
flight,FLT-04,JetExpress 9W-110,HYD -> MAA,3600.0,4340.0,9990.0,2.302,140,44,0.314,0.685,1,0,Festival Surge,1.45,Festival,1.5,Leisure Flyer,1.04,0.4,0.735,5.5,100.0,9
flight,FLT-05,Vistara Line UK-821,MAA -> DEL,6400.0,7970.0,7110.0,0.892,160,45,0.281,0.716,23,0,Standard,1.0,Normal Day,1.0,Leisure Flyer,1.05,0.0,0.384,2.5,47.46,2
flight,FLT-06,Vistara Line UK-992,DEL -> BLR,6800.0,7820.0,13220.0,1.691,160,46,0.287,0.712,1,1,Standard,1.0,Festival,1.5,Student Traveler,1.35,0.4,0.628,7.5,86.31,14
flight,FLT-07,AeroIndia AI-303,DEL -> DXB,14500.0,19070.0,47260.0,2.478,220,4,0.018,0.98,1,0,Festival Surge,1.45,Major Event,1.55,Corporate Traveler,0.18,15.5,0.778,7.5,100.0,4
flight,FLT-08,Vistara Line UK-821,MAA -> DEL,6400.0,7080.0,7830.0,1.106,160,36,0.225,0.772,14,1,Low Traffic,0.85,Weekend,1.15,Corporate Traveler,0.3,5.9,0.582,3.5,71.48,4
flight,FLT-01,JetExpress 9W-445,BOM -> CCU,5800.0,6340.0,5620.0,0.886,180,52,0.289,0.714,12,0,Low Traffic,0.85,Normal Day,1.0,Last-minute Rush,0.21,1.9,0.488,3.5,56.74,3
flight,FLT-02,SkyWings 6E-512,BLR -> DEL,6200.0,6520.0,8240.0,1.264,180,93,0.517,0.483,45,0,Vacation Peak,1.3,Normal Day,1.0,Leisure Flyer,1.18,0.9,0.421,2.5,53.96,2
flight,FLT-03,Vistara Line UK-992,DEL -> BLR,6800.0,8210.0,10590.0,1.29,160,40,0.25,0.748,21,0,Vacation Peak,1.3,Normal Day,1.0,Leisure Flyer,1.09,4.9,0.604,6.5,80.81,10
flight,FLT-04,JetExpress 9W-445,BOM -> CCU,5800.0,6600.0,6840.0,1.036,180,35,0.194,0.804,8,0,Standard,1.0,Normal Day,1.0,Leisure Flyer,1.16,0.3,0.492,3.5,64.56,3
flight,FLT-05,JetExpress 9W-110,HYD -> MAA,3600.0,4270.0,5340.0,1.251,140,22,0.157,0.845,7,1,Standard,1.0,Weekend,1.15,Student Traveler,1.38,0.2,0.482,1.5,64.64,0
flight,FLT-06,Vistara Line UK-821,MAA -> DEL,6400.0,7090.0,7570.0,1.068,160,53,0.331,0.669,6,0,Standard,1.0,Normal Day,1.0,Leisure Flyer,1.2,0.4,0.454,3.5,59.12,2
flight,FLT-07,Vistara Line UK-821,MAA -> DEL,6400.0,8280.0,12930.0,1.562,160,12,0.075,0.923,3,1,Vacation Peak,1.3,Weekend,1.15,Leisure Flyer,1.08,5.7,0.721,9.5,98.23,12
flight,FLT-08,Vistara Line UK-992,DEL -> BLR,6800.0,7300.0,6650.0,0.911,160,53,0.331,0.67,12,0,Low Traffic,0.85,Normal Day,1.0,Corporate Traveler,0.34,13.6,0.548,3.5,66.75,3
flight,FLT-01,AeroIndia AI-801,BOM -> GOA,4200.0,4970.0,8630.0,1.736,150,51,0.34,0.66,25,1,Festival Surge,1.45,Holiday,1.35,Student Traveler,1.38,0.2,0.688,7.5,95.52,12
flight,FLT-02,AeroIndia AI-801,BOM -> GOA,4200.0,4770.0,4510.0,0.945,150,51,0.34,0.662,1,0,Standard,1.0,Normal Day,1.0,Student Traveler,1.41,0.9,0.484,8.5,65.17,8
flight,FLT-03,AeroIndia AI-801,BOM -> GOA,4200.0,5080.0,8020.0,1.579,150,6,0.04,0.963,16,0,Low Traffic,0.85,Festival,1.5,Corporate Traveler,0.25,3.6,0.774,6.5,100.0,6
flight,FLT-04,JetExpress 9W-445,BOM -> CCU,5800.0,6830.0,7210.0,1.056,180,54,0.3,0.7,17,0,Standard,1.0,Normal Day,1.0,Last-minute Rush,0.14,3.2,0.535,4.5,63.33,3
flight,FLT-05,SkyWings 6E-512,BLR -> DEL,6200.0,8490.0,19570.0,2.305,180,7,0.039,0.959,9,1,Festival Surge,1.45,Major Event,1.55,Corporate Traveler,0.32,17.8,0.771,4.5,100.0,7
flight,FLT-06,AeroIndia AI-801,BOM -> GOA,4200.0,5040.0,5790.0,1.149,150,33,0.22,0.783,6,1,Standard,1.0,Weekend,1.15,Corporate Traveler,0.29,8.4,0.588,2.5,72.41,5
flight,FLT-07,JetExpress 9W-445,BOM -> CCU,5800.0,6930.0,5810.0,0.838,180,44,0.244,0.755,4,0,Low Traffic,0.85,Normal Day,1.0,Leisure Flyer,1.1,5.7,0.477,5.5,61.86,4
flight,FLT-08,Vistara Line UK-821,MAA -> DEL,6400.0,7880.0,8150.0,1.034,160,19,0.119,0.883,16,0,Standard,1.0,Normal Day,1.0,Corporate Traveler,0.16,6.4,0.596,2.5,72.6,2
flight,FLT-01,JetExpress 9W-110,HYD -> MAA,3600.0,4820.0,5930.0,1.23,140,13,0.093,0.906,1,1,Standard,1.0,Weekend,1.15,Leisure Flyer,1.12,0.7,0.57,4.5,75.97,6
flight,FLT-02,SkyWings 6E-512,BLR -> DEL,6200.0,7770.0,18120.0,2.332,180,4,0.022,0.98,1,0,Festival Surge,1.45,Major Event,1.55,Last-minute Rush,0.14,0.5,0.78,6.5,100.0,4
flight,FLT-03,Vistara Line UK-821,MAA -> DEL,6400.0,7970.0,8130.0,1.02,160,26,0.163,0.839,9,0,Standard,1.0,Normal Day,1.0,Leisure Flyer,1.15,0.8,0.483,5.5,63.14,7
flight,FLT-04,JetExpress 9W-110,HYD -> MAA,3600.0,4540.0,10580.0,2.33,140,10,0.071,0.931,9,0,Festival Surge,1.45,Festival,1.5,Leisure Flyer,1.05,0.1,0.734,6.5,100.0,7
flight,FLT-05,Vistara Line UK-821,MAA -> DEL,6400.0,7410.0,10040.0,1.355,160,53,0.331,0.668,10,0,Vacation Peak,1.3,Normal Day,1.0,Last-minute Rush,0.17,0.6,0.583,3.5,70.75,4
flight,FLT-06,AeroIndia AI-801,BOM -> GOA,4200.0,4990.0,12680.0,2.541,150,20,0.133,0.868,1,0,Festival Surge,1.45,Major Event,1.55,Student Traveler,1.43,0.2,0.715,12.5,100.0,17
flight,FLT-07,Vistara Line UK-992,DEL -> BLR,6800.0,7810.0,8630.0,1.105,160,26,0.163,0.837,10,1,Low Traffic,0.85,Weekend,1.15,Student Traveler,1.52,2.1,0.489,3.5,66.77,3
flight,FLT-08,JetExpress 9W-110,HYD -> MAA,3600.0,3840.0,4650.0,1.211,140,56,0.4,0.597,19,1,Standard,1.0,Weekend,1.15,Student Traveler,1.51,1.2,0.462,4.5,62.65,7
flight,FLT-01,Vistara Line UK-992,DEL -> BLR,6800.0,8300.0,7870.0,0.948,160,20,0.125,0.872,2,0,Standard,1.0,Normal Day,1.0,Leisure Flyer,1.13,0.4,0.491,4.5,64.08,2
flight,FLT-02,AeroIndia AI-801,BOM -> GOA,4200.0,4850.0,7410.0,1.528,150,39,0.26,0.74,7,1,Vacation Peak,1.3,Weekend,1.15,Student Traveler,1.43,2.7,0.598,3.5,82.47,3
flight,FLT-03,AeroIndia AI-801,BOM -> GOA,4200.0,5240.0,7510.0,1.433,150,23,0.153,0.845,14,0,Low Traffic,0.85,Major Event,1.55,Leisure Flyer,1.09,0.1,0.601,2.5,80.29,3
flight,FLT-04,AeroIndia AI-303,DEL -> DXB,14500.0,16330.0,17690.0,1.083,220,64,0.291,0.708,14,1,Low Traffic,0.85,Weekend,1.15,Corporate Traveler,0.31,11.3,0.547,3.5,66.32,4
flight,FLT-05,Vistara Line UK-821,MAA -> DEL,6400.0,6480.0,5800.0,0.895,160,107,0.669,0.333,45,1,Low Traffic,0.85,Weekend,1.15,Student Traveler,1.4,3.2,0.224,1.5,26.16,1
flight,FLT-06,JetExpress 9W-445,BOM -> CCU,5800.0,6790.0,6580.0,0.969,180,55,0.306,0.695,7,0,Standard,1.0,Normal Day,1.0,Corporate Traveler,0.25,5.1,0.5,0.5,58.9,1
flight,FLT-07,AeroIndia AI-303,DEL -> DXB,14500.0,16850.0,15460.0,0.918,220,33,0.15,0.848,4,0,Low Traffic,0.85,Normal Day,1.0,Leisure Flyer,1.07,1.8,0.538,10.5,70.66,10
flight,FLT-08,JetExpress 9W-110,HYD -> MAA,3600.0,4170.0,4960.0,1.189,140,15,0.107,0.895,3,0,Standard,1.0,Normal Day,1.0,Corporate Traveler,0.22,7.3,0.714,9.5,90.76,10
flight,FLT-01,AeroIndia AI-303,DEL -> DXB,14500.0,17500.0,21530.0,1.23,220,31,0.141,0.86,8,1,Standard,1.0,Weekend,1.15,Leisure Flyer,1.07,3.5,0.57,2.5,75.57,3
flight,FLT-02,AeroIndia AI-303,DEL -> DXB,14500.0,19190.0,39070.0,2.036,220,23,0.105,0.897,2,0,Festival Surge,1.45,Holiday,1.35,Corporate Traveler,0.3,4.7,0.772,13.5,100.0,21
flight,FLT-03,SkyWings 6E-512,BLR -> DEL,6200.0,7330.0,7920.0,1.08,180,26,0.144,0.857,2,1,Low Traffic,0.85,Weekend,1.15,Corporate Traveler,0.28,9.3,0.711,10.5,90.73,10
flight,FLT-04,JetExpress 9W-445,BOM -> CCU,5800.0,6680.0,14780.0,2.213,180,37,0.206,0.797,3,0,Festival Surge,1.45,Holiday,1.35,Leisure Flyer,1.11,0.4,0.731,11.5,100.0,16
flight,FLT-05,AeroIndia AI-801,BOM -> GOA,4200.0,4990.0,5240.0,1.05,150,28,0.187,0.81,8,1,Low Traffic,0.85,Weekend,1.15,Leisure Flyer,1.16,1.9,0.481,4.5,62.86,4
flight,FLT-06,JetExpress 9W-110,HYD -> MAA,3600.0,3730.0,3490.0,0.936,140,71,0.507,0.493,29,0,Low Traffic,0.85,Normal Day,1.0,Corporate Traveler,0.32,7.1,0.453,7.5,52.4,8
flight,FLT-07,JetExpress 9W-445,BOM -> CCU,5800.0,6100.0,7570.0,1.241,180,63,0.35,0.652,28,1,Standard,1.0,Weekend,1.15,Leisure Flyer,1.1,0.7,0.503,2.5,65.63,4
flight,FLT-08,Vistara Line UK-821,MAA -> DEL,6400.0,8010.0,10980.0,1.371,160,18,0.113,0.886,2,0,Vacation Peak,1.3,Normal Day,1.0,Corporate Traveler,0.32,11.1,0.771,12.5,100.0,15
flight,FLT-01,AeroIndia AI-303,DEL -> DXB,14500.0,18020.0,36770.0,2.041,220,57,0.259,0.743,20,1,Festival Surge,1.45,Festival,1.5,Corporate Traveler,0.26,10.3,0.774,11.5,100.0,19
flight,FLT-02,JetExpress 9W-110,HYD -> MAA,3600.0,4290.0,5150.0,1.2,140,35,0.25,0.751,7,1,Standard,1.0,Weekend,1.15,Last-minute Rush,0.15,0.6,0.609,5.5,74.54,7
flight,FLT-03,SkyWings 6E-512,BLR -> DEL,6200.0,7490.0,8730.0,1.166,180,52,0.289,0.713,16,0,Standard,1.0,Normal Day,1.0,Leisure Flyer,1.11,0.8,0.452,1.5,58.15,2
flight,FLT-04,JetExpress 9W-445,BOM -> CCU,5800.0,7810.0,14630.0,1.873,180,22,0.122,0.876,3,0,Festival Surge,1.45,Holiday,1.35,Last-minute Rush,0.15,1.5,0.779,4.5,100.0,7
flight,FLT-05,SkyWings 6E-204,DEL -> BOM,5500.0,6500.0,8220.0,1.265,180,41,0.228,0.771,1,1,Standard,1.0,Weekend,1.15,Last-minute Rush,0.12,0.8,0.659,5.5,81.81,9
flight,FLT-06,AeroIndia AI-303,DEL -> DXB,14500.0,15150.0,17570.0,1.16,220,110,0.5,0.502,45,0,Vacation Peak,1.3,Normal Day,1.0,Corporate Traveler,0.27,9.4,0.531,2.5,63.62,3
flight,FLT-07,Vistara Line UK-821,MAA -> DEL,6400.0,7150.0,15100.0,2.112,160,42,0.263,0.737,1,0,Festival Surge,1.45,Holiday,1.35,Leisure Flyer,1.12,1.2,0.731,5.5,100.0,8
flight,FLT-08,JetExpress 9W-445,BOM -> CCU,5800.0,6830.0,9000.0,1.318,180,28,0.156,0.847,5,0,Vacation Peak,1.3,Normal Day,1.0,Corporate Traveler,0.26,2.7,0.77,9.5,99.45,12
flight,FLT-01,SkyWings 6E-512,BLR -> DEL,6200.0,7170.0,9370.0,1.307,180,44,0.244,0.758,16,1,Standard,1.0,Holiday,1.35,Student Traveler,1.43,0.0,0.511,3.5,69.34,3
flight,FLT-02,JetExpress 9W-110,HYD -> MAA,3600.0,4160.0,5140.0,1.236,140,31,0.221,0.782,20,1,Standard,1.0,Weekend,1.15,Last-minute Rush,0.15,3.3,0.617,2.5,75.61,1
flight,FLT-03,JetExpress 9W-445,BOM -> CCU,5800.0,7040.0,7440.0,1.057,180,40,0.222,0.78,8,0,Standard,1.0,Normal Day,1.0,Leisure Flyer,1.09,2.6,0.554,4.5,73.3,2
flight,FLT-04,Vistara Line UK-821,MAA -> DEL,6400.0,7430.0,7820.0,1.052,160,50,0.312,0.688,1,0,Standard,1.0,Normal Day,1.0,Corporate Traveler,0.32,10.0,0.666,9.5,84.31,15
flight,FLT-05,SkyWings 6E-204,DEL -> BOM,5500.0,6700.0,5720.0,0.854,180,39,0.217,0.784,1,0,Standard,1.0,Normal Day,1.0,Corporate Traveler,0.25,11.0,0.631,10.5,78.45,8
flight,FLT-06,Vistara Line UK-992,DEL -> BLR,6800.0,7420.0,9930.0,1.338,160,62,0.388,0.611,15,0,Vacation Peak,1.3,Normal Day,1.0,Leisure Flyer,1.08,3.1,0.513,2.5,67.06,4
flight,FLT-07,Vistara Line UK-992,DEL -> BLR,6800.0,7840.0,10240.0,1.306,160,30,0.188,0.81,2,1,Standard,1.0,Weekend,1.15,Leisure Flyer,1.08,0.4,0.594,5.5,79.22,7
flight,FLT-08,AeroIndia AI-801,BOM -> GOA,4200.0,5550.0,9310.0,1.677,150,3,0.02,0.98,9,0,Standard,1.0,Major Event,1.55,Leisure Flyer,1.07,0.1,0.733,10.5,100.0,3
flight,FLT-01,SkyWings 6E-512,BLR -> DEL,6200.0,7780.0,8930.0,1.148,180,24,0.133,0.864,3,0,Low Traffic,0.85,Holiday,1.35,Leisure Flyer,1.1,4.7,0.644,11.5,86.79,16
flight,FLT-02,Vistara Line UK-992,DEL -> BLR,6800.0,9030.0,7330.0,0.812,160,3,0.019,0.98,3,0,Low Traffic,0.85,Normal Day,1.0,Last-minute Rush,0.2,0.4,0.538,4.5,64.14,3
flight,FLT-03,JetExpress 9W-110,HYD -> MAA,3600.0,4210.0,8770.0,2.083,140,32,0.229,0.771,9,0,Festival Surge,1.45,Festival,1.5,Student Traveler,1.45,0.3,0.714,6.5,100.0,10
flight,FLT-04,JetExpress 9W-110,HYD -> MAA,3600.0,4610.0,5020.0,1.089,140,25,0.179,0.818,10,0,Standard,1.0,Normal Day,1.0,Leisure Flyer,1.04,0.4,0.48,2.5,61.74,1
flight,FLT-05,SkyWings 6E-204,DEL -> BOM,5500.0,6680.0,5660.0,0.847,180,28,0.156,0.845,4,0,Standard,1.0,Normal Day,1.0,Corporate Traveler,0.2,13.6,0.639,5.5,79.34,6
flight,FLT-06,SkyWings 6E-204,DEL -> BOM,5500.0,6970.0,6360.0,0.912,180,31,0.172,0.829,1,0,Standard,1.0,Normal Day,1.0,Leisure Flyer,1.09,1.5,0.524,9.5,68.71,13
flight,FLT-07,JetExpress 9W-445,BOM -> CCU,5800.0,7560.0,10660.0,1.41,180,21,0.117,0.881,4,1,Standard,1.0,Weekend,1.15,Corporate Traveler,0.21,4.7,0.695,4.5,87.84,6
flight,FLT-08,SkyWings 6E-512,BLR -> DEL,6200.0,6980.0,14510.0,2.079,180,4,0.022,0.98,11,1,Festival Surge,1.45,Holiday,1.35,Corporate Traveler,0.23,23.6,0.775,5.5,100.0,4
flight,FLT-01,AeroIndia AI-801,BOM -> GOA,4200.0,5580.0,5230.0,0.937,150,14,0.093,0.91,2,1,Low Traffic,0.85,Weekend,1.15,Leisure Flyer,1.15,0.2,0.528,6.5,69.76,5
flight,FLT-02,SkyWings 6E-512,BLR -> DEL,6200.0,7450.0,9620.0,1.291,180,31,0.172,0.829,1,1,Standard,1.0,Weekend,1.15,Leisure Flyer,1.11,0.2,0.623,5.5,83.73,8
flight,FLT-03,SkyWings 6E-204,DEL -> BOM,5500.0,6350.0,5040.0,0.794,180,76,0.422,0.577,17,0,Low Traffic,0.85,Normal Day,1.0,Corporate Traveler,0.31,11.3,0.457,1.5,52.88,3
flight,FLT-04,AeroIndia AI-303,DEL -> DXB,14500.0,15040.0,14670.0,0.975,220,107,0.486,0.515,19,0,Standard,1.0,Normal Day,1.0,Last-minute Rush,0.15,0.2,0.475,4.5,54.37,5
flight,FLT-05,SkyWings 6E-512,BLR -> DEL,6200.0,7350.0,10090.0,1.373,180,20,0.111,0.89,8,1,Standard,1.0,Weekend,1.15,Leisure Flyer,1.17,0.7,0.583,3.5,78.26,5
flight,FLT-06,AeroIndia AI-801,BOM -> GOA,4200.0,5270.0,10440.0,1.981,150,46,0.307,0.692,6,0,Festival Surge,1.45,Festival,1.5,Student Traveler,1.42,0.7,0.716,5.5,100.0,6
flight,FLT-07,JetExpress 9W-445,BOM -> CCU,5800.0,6240.0,6430.0,1.03,180,71,0.394,0.608,13,0,Standard,1.0,Normal Day,1.0,Corporate Traveler,0.3,8.8,0.523,4.5,62.75,4
flight,FLT-08,AeroIndia AI-801,BOM -> GOA,4200.0,5230.0,4950.0,0.946,150,28,0.187,0.812,6,0,Standard,1.0,Normal Day,1.0,Last-minute Rush,0.14,2.5,0.587,5.5,71.12,9
flight,FLT-01,AeroIndia AI-303,DEL -> DXB,14500.0,16610.0,15290.0,0.921,220,84,0.382,0.617,12,0,Low Traffic,0.85,Normal Day,1.0,Student Traveler,1.47,0.9,0.33,1.5,42.47,0
flight,FLT-02,JetExpress 9W-445,BOM -> CCU,5800.0,7570.0,7020.0,0.927,180,7,0.039,0.961,3,0,Standard,1.0,Normal Day,1.0,Leisure Flyer,1.12,0.1,0.594,11.5,79.43,7
flight,FLT-03,AeroIndia AI-801,BOM -> GOA,4200.0,4530.0,7580.0,1.673,150,45,0.3,0.701,7,1,Vacation Peak,1.3,Weekend,1.15,Student Traveler,1.46,0.4,0.614,5.5,84.99,7
flight,FLT-04,AeroIndia AI-303,DEL -> DXB,14500.0,14160.0,17450.0,1.232,220,135,0.614,0.387,18,1,Standard,1.0,Weekend,1.15,Leisure Flyer,1.19,3.7,0.392,0.5,49.73,0
flight,FLT-05,JetExpress 9W-110,HYD -> MAA,3600.0,4010.0,3700.0,0.923,140,45,0.321,0.68,2,0,Low Traffic,0.85,Normal Day,1.0,Corporate Traveler,0.28,12.8,0.594,7.5,73.16,9
flight,FLT-06,Vistara Line UK-992,DEL -> BLR,6800.0,7990.0,8160.0,1.021,160,34,0.212,0.789,2,0,Standard,1.0,Normal Day,1.0,Last-minute Rush,0.16,0.1,0.631,9.5,77.79,13
flight,FLT-07,AeroIndia AI-303,DEL -> DXB,14500.0,18510.0,18460.0,0.997,220,22,0.1,0.902,10,0,Standard,1.0,Normal Day,1.0,Leisure Flyer,1.03,0.5,0.462,3.5,59.09,4
flight,FLT-08,AeroIndia AI-801,BOM -> GOA,4200.0,4160.0,4700.0,1.13,150,83,0.553,0.446,31,0,Vacation Peak,1.3,Normal Day,1.0,Corporate Traveler,0.2,6.8,0.54,3.5,64.43,2
flight,FLT-01,SkyWings 6E-204,DEL -> BOM,5500.0,6420.0,7840.0,1.221,180,40,0.222,0.776,5,1,Standard,1.0,Weekend,1.15,Leisure Flyer,1.09,0.9,0.597,9.5,79.78,12
flight,FLT-02,Vistara Line UK-821,MAA -> DEL,6400.0,8210.0,7550.0,0.92,160,24,0.15,0.851,5,0,Standard,1.0,Normal Day,1.0,Corporate Traveler,0.23,9.0,0.617,5.5,76.28,5
flight,FLT-03,AeroIndia AI-801,BOM -> GOA,4200.0,5050.0,11700.0,2.317,150,20,0.133,0.864,11,0,Festival Surge,1.45,Festival,1.5,Student Traveler,1.44,1.0,0.715,6.5,100.0,8
flight,FLT-04,SkyWings 6E-204,DEL -> BOM,5500.0,6540.0,9120.0,1.394,180,28,0.156,0.843,7,0,Vacation Peak,1.3,Normal Day,1.0,Student Traveler,1.41,0.7,0.58,3.5,79.53,6
flight,FLT-05,Vistara Line UK-992,DEL -> BLR,6800.0,8440.0,8490.0,1.006,160,22,0.138,0.862,7,0,Standard,1.0,Normal Day,1.0,Leisure Flyer,1.11,2.2,0.553,3.5,73.24,4
flight,FLT-06,Vistara Line UK-992,DEL -> BLR,6800.0,7840.0,8030.0,1.024,160,40,0.25,0.749,5,1,Low Traffic,0.85,Weekend,1.15,Last-minute Rush,0.13,2.7,0.68,8.5,84.96,14
flight,FLT-07,SkyWings 6E-512,BLR -> DEL,6200.0,7360.0,8270.0,1.124,180,31,0.172,0.827,6,1,Standard,1.0,Weekend,1.15,Leisure Flyer,1.18,0.4,0.555,4.5,74.15,5
flight,FLT-08,AeroIndia AI-801,BOM -> GOA,4200.0,5400.0,4930.0,0.913,150,16,0.107,0.895,6,0,Standard,1.0,Normal Day,1.0,Corporate Traveler,0.24,9.9,0.664,3.5,83.39,3
flight,FLT-01,JetExpress 9W-445,BOM -> CCU,5800.0,6430.0,6820.0,1.061,180,71,0.394,0.606,34,1,Low Traffic,0.85,Weekend,1.15,Last-minute Rush,0.15,3.0,0.483,3.5,55.61,3
flight,FLT-02,AeroIndia AI-801,BOM -> GOA,4200.0,5110.0,11310.0,2.213,150,20,0.133,0.867,2,0,Vacation Peak,1.3,Major Event,1.55,Last-minute Rush,0.12,3.4,0.781,4.5,100.0,5
flight,FLT-03,Vistara Line UK-821,MAA -> DEL,6400.0,7130.0,8380.0,1.175,160,42,0.263,0.738,14,1,Low Traffic,0.85,Weekend,1.15,Leisure Flyer,1.08,2.4,0.513,1.5,67.06,1
flight,FLT-04,SkyWings 6E-204,DEL -> BOM,5500.0,5760.0,9980.0,1.733,180,74,0.411,0.586,29,0,Festival Surge,1.45,Holiday,1.35,Corporate Traveler,0.22,7.9,0.752,5.5,96.49,9
flight,FLT-05,AeroIndia AI-303,DEL -> DXB,14500.0,17140.0,31240.0,1.823,220,27,0.123,0.879,4,1,Vacation Peak,1.3,Holiday,1.35,Leisure Flyer,1.08,0.4,0.733,7.5,100.0,11
flight,FLT-06,JetExpress 9W-445,BOM -> CCU,5800.0,6930.0,8190.0,1.182,180,51,0.283,0.718,13,0,Standard,1.0,Normal Day,1.0,Last-minute Rush,0.14,2.8,0.54,3.5,64.04,4
flight,FLT-07,SkyWings 6E-204,DEL -> BOM,5500.0,5860.0,5380.0,0.918,180,75,0.417,0.582,21,0,Low Traffic,0.85,Normal Day,1.0,Corporate Traveler,0.28,5.1,0.469,1.5,54.44,1
flight,FLT-08,Vistara Line UK-992,DEL -> BLR,6800.0,7820.0,6250.0,0.799,160,57,0.356,0.641,1,0,Low Traffic,0.85,Normal Day,1.0,Student Traveler,1.42,0.6,0.481,8.5,64.85,7
flight,FLT-01,Vistara Line UK-821,MAA -> DEL,6400.0,6970.0,5620.0,0.806,160,49,0.306,0.691,6,0,Low Traffic,0.85,Normal Day,1.0,Corporate Traveler,0.2,4.6,0.536,1.5,63.97,2
flight,FLT-02,AeroIndia AI-801,BOM -> GOA,4200.0,5060.0,4920.0,0.972,150,39,0.26,0.738,11,1,Low Traffic,0.85,Weekend,1.15,Leisure Flyer,1.03,1.4,0.458,4.5,58.35,5
flight,FLT-03,SkyWings 6E-512,BLR -> DEL,6200.0,7420.0,8510.0,1.147,180,22,0.122,0.88,5,1,Standard,1.0,Weekend,1.15,Leisure Flyer,1.16,1.7,0.584,7.5,78.27,7
flight,FLT-04,SkyWings 6E-204,DEL -> BOM,5500.0,6800.0,6680.0,0.982,180,52,0.289,0.711,4,0,Standard,1.0,Normal Day,1.0,Student Traveler,1.44,0.4,0.497,5.5,67.28,4
flight,FLT-05,JetExpress 9W-110,HYD -> MAA,3600.0,4290.0,4790.0,1.117,140,32,0.229,0.771,16,1,Standard,1.0,Weekend,1.15,Leisure Flyer,1.11,0.4,0.46,1.5,59.29,1
flight,FLT-06,SkyWings 6E-204,DEL -> BOM,5500.0,7040.0,15600.0,2.216,180,18,0.1,0.902,14,0,Festival Surge,1.45,Major Event,1.55,Corporate Traveler,0.22,4.7,0.776,8.5,100.0,12
flight,FLT-07,AeroIndia AI-801,BOM -> GOA,4200.0,5030.0,5230.0,1.04,150,37,0.247,0.756,2,1,Standard,1.0,Weekend,1.15,Corporate Traveler,0.21,5.4,0.596,7.5,72.98,9
flight,FLT-08,Vistara Line UK-821,MAA -> DEL,6400.0,8330.0,7680.0,0.922,160,3,0.019,0.98,9,0,Low Traffic,0.85,Normal Day,1.0,Student Traveler,1.39,1.6,0.455,4.5,60.73,0
flight,FLT-01,SkyWings 6E-512,BLR -> DEL,6200.0,6810.0,6390.0,0.938,180,46,0.256,0.745,21,0,Low Traffic,0.85,Normal Day,1.0,Corporate Traveler,0.22,5.5,0.511,0.5,60.23,0
flight,FLT-02,AeroIndia AI-801,BOM -> GOA,4200.0,5050.0,7970.0,1.578,150,3,0.02,0.98,2,0,Standard,1.0,Holiday,1.35,Leisure Flyer,1.12,0.7,0.687,3.5,93.41,3
flight,FLT-03,Vistara Line UK-821,MAA -> DEL,6400.0,7300.0,12220.0,1.674,160,52,0.325,0.675,24,0,Standard,1.0,Major Event,1.55,Leisure Flyer,1.16,0.5,0.647,6.5,87.79,7
flight,FLT-04,AeroIndia AI-303,DEL -> DXB,14500.0,15250.0,34820.0,2.283,220,80,0.364,0.634,29,0,Festival Surge,1.45,Holiday,1.35,Leisure Flyer,1.03,3.1,0.735,10.5,100.0,15
flight,FLT-05,AeroIndia AI-801,BOM -> GOA,4200.0,4890.0,5120.0,1.047,150,15,0.1,0.902,4,0,Standard,1.0,Normal Day,1.0,Leisure Flyer,1.11,0.4,0.582,11.5,77.56,9
flight,FLT-06,SkyWings 6E-204,DEL -> BOM,5500.0,7010.0,7830.0,1.117,180,18,0.1,0.9,3,1,Standard,1.0,Weekend,1.15,Corporate Traveler,0.27,6.5,0.666,7.5,83.99,9
flight,FLT-07,SkyWings 6E-512,BLR -> DEL,6200.0,7150.0,7280.0,1.018,180,64,0.356,0.644,14,1,Standard,1.0,Weekend,1.15,Corporate Traveler,0.27,12.6,0.58,3.5,71.03,5
flight,FLT-08,SkyWings 6E-512,BLR -> DEL,6200.0,7390.0,8020.0,1.085,180,29,0.161,0.839,10,0,Standard,1.0,Normal Day,1.0,Last-minute Rush,0.13,0.3,0.562,1.5,67.26,3
flight,FLT-01,Vistara Line UK-992,DEL -> BLR,6800.0,7640.0,10360.0,1.356,160,58,0.362,0.64,20,0,Low Traffic,0.85,Major Event,1.55,Student Traveler,1.36,2.5,0.577,6.5,78.69,6
flight,FLT-02,SkyWings 6E-512,BLR -> DEL,6200.0,8030.0,12830.0,1.598,180,5,0.028,0.97,5,0,Standard,1.0,Major Event,1.55,Leisure Flyer,1.06,3.0,0.734,9.5,100.0,5
flight,FLT-03,Vistara Line UK-821,MAA -> DEL,6400.0,7720.0,7870.0,1.019,160,29,0.181,0.82,4,0,Standard,1.0,Normal Day,1.0,Leisure Flyer,1.15,0.3,0.573,9.5,76.61,13
flight,FLT-04,SkyWings 6E-204,DEL -> BOM,5500.0,6560.0,6920.0,1.055,180,32,0.178,0.824,1,0,Standard,1.0,Normal Day,1.0,Student Traveler,1.41,2.7,0.555,7.5,75.87,8
flight,FLT-05,SkyWings 6E-204,DEL -> BOM,5500.0,6240.0,6550.0,1.05,180,50,0.278,0.724,4,1,Low Traffic,0.85,Weekend,1.15,Leisure Flyer,1.1,0.8,0.558,12.5,73.89,10
flight,FLT-06,SkyWings 6E-204,DEL -> BOM,5500.0,6740.0,8690.0,1.289,180,39,0.217,0.783,3,0,Vacation Peak,1.3,Normal Day,1.0,Leisure Flyer,1.07,1.0,0.621,8.5,83.18,10
flight,FLT-07,SkyWings 6E-512,BLR -> DEL,6200.0,8350.0,9170.0,1.098,180,20,0.111,0.89,4,0,Vacation Peak,1.3,Normal Day,1.0,Leisure Flyer,1.12,0.4,0.636,5.5,85.78,8
flight,FLT-08,JetExpress 9W-110,HYD -> MAA,3600.0,3640.0,8310.0,2.283,140,80,0.571,0.431,45,0,Festival Surge,1.45,Festival,1.5,Last-minute Rush,0.17,0.5,0.778,9.5,100.0,11
flight,FLT-01,JetExpress 9W-445,BOM -> CCU,5800.0,7420.0,12920.0,1.741,180,7,0.039,0.961,1,0,Festival Surge,1.45,Holiday,1.35,Last-minute Rush,0.17,2.4,0.778,8.5,100.0,7
flight,FLT-02,AeroIndia AI-801,BOM -> GOA,4200.0,4660.0,5220.0,1.12,150,49,0.327,0.676,11,1,Standard,1.0,Weekend,1.15,Leisure Flyer,1.05,1.0,0.433,2.5,54.82,5
flight,FLT-03,Vistara Line UK-992,DEL -> BLR,6800.0,7650.0,8760.0,1.145,160,22,0.138,0.862,6,0,Standard,1.0,Normal Day,1.0,Corporate Traveler,0.23,9.4,0.643,3.5,80.12,4
flight,FLT-04,Vistara Line UK-992,DEL -> BLR,6800.0,7840.0,8950.0,1.142,160,43,0.269,0.73,17,1,Standard,1.0,Weekend,1.15,Leisure Flyer,1.09,1.0,0.449,1.5,57.51,1
flight,FLT-05,JetExpress 9W-445,BOM -> CCU,5800.0,6350.0,6930.0,1.091,180,68,0.378,0.622,14,0,Standard,1.0,Normal Day,1.0,Leisure Flyer,1.07,1.3,0.435,4.5,55.29,4
flight,FLT-06,AeroIndia AI-303,DEL -> DXB,14500.0,16750.0,26410.0,1.577,220,67,0.305,0.695,31,1,Vacation Peak,1.3,Weekend,1.15,Corporate Traveler,0.24,4.0,0.677,1.5,85.3,2
flight,FLT-07,Vistara Line UK-992,DEL -> BLR,6800.0,7700.0,9730.0,1.264,160,39,0.244,0.759,25,1,Standard,1.0,Weekend,1.15,Leisure Flyer,1.1,0.8,0.464,1.5,59.8,0
flight,FLT-08,Vistara Line UK-821,MAA -> DEL,6400.0,7650.0,8620.0,1.127,160,34,0.212,0.787,15,1,Standard,1.0,Weekend,1.15,Leisure Flyer,1.13,0.6,0.53,2.5,69.93,2
flight,FLT-01,JetExpress 9W-445,BOM -> CCU,5800.0,7340.0,6280.0,0.856,180,15,0.083,0.916,1,0,Low Traffic,0.85,Normal Day,1.0,Corporate Traveler,0.3,10.6,0.666,8.5,84.11,9
flight,FLT-02,SkyWings 6E-512,BLR -> DEL,6200.0,8220.0,8580.0,1.044,180,11,0.061,0.937,6,1,Standard,1.0,Weekend,1.15,Leisure Flyer,1.1,2.0,0.602,4.5,80.59,4
flight,FLT-03,AeroIndia AI-303,DEL -> DXB,14500.0,15670.0,20410.0,1.302,220,72,0.327,0.673,22,1,Standard,1.0,Holiday,1.35,Leisure Flyer,1.1,2.8,0.643,11.5,86.72,15
flight,FLT-04,SkyWings 6E-512,BLR -> DEL,6200.0,6690.0,9480.0,1.417,180,67,0.372,0.627,32,1,Standard,1.0,Weekend,1.15,Last-minute Rush,0.13,0.2,0.545,3.5,64.76,6
flight,FLT-05,SkyWings 6E-204,DEL -> BOM,5500.0,6350.0,7210.0,1.135,180,49,0.272,0.725,10,0,Standard,1.0,Normal Day,1.0,Leisure Flyer,1.05,1.3,0.481,3.5,62.05,3
flight,FLT-06,Vistara Line UK-992,DEL -> BLR,6800.0,7480.0,7590.0,1.015,160,70,0.438,0.564,15,1,Low Traffic,0.85,Weekend,1.15,Corporate Traveler,0.21,8.9,0.558,2.5,67.24,5
flight,FLT-07,Vistara Line UK-992,DEL -> BLR,6800.0,6830.0,6880.0,1.007,160,84,0.525,0.478,30,1,Low Traffic,0.85,Weekend,1.15,Leisure Flyer,1.15,1.3,0.394,2.5,49.71,1
flight,FLT-08,Vistara Line UK-821,MAA -> DEL,6400.0,7390.0,14700.0,1.989,160,47,0.294,0.706,30,0,Festival Surge,1.45,Festival,1.5,Corporate Traveler,0.27,10.2,0.773,5.5,100.0,7
flight,FLT-01,JetExpress 9W-445,BOM -> CCU,5800.0,7300.0,7150.0,0.979,180,27,0.15,0.847,5,1,Low Traffic,0.85,Weekend,1.15,Leisure Flyer,1.07,0.4,0.517,6.5,67.52,7
flight,FLT-02,Vistara Line UK-992,DEL -> BLR,6800.0,6840.0,8270.0,1.209,160,71,0.444,0.557,27,0,Standard,1.0,Normal Day,1.0,Last-minute Rush,0.12,0.2,0.477,1.5,54.42,2
flight,FLT-03,JetExpress 9W-110,HYD -> MAA,3600.0,4500.0,6820.0,1.516,140,10,0.071,0.927,4,0,Vacation Peak,1.3,Normal Day,1.0,Leisure Flyer,1.06,1.1,0.672,6.5,90.77,10
flight,FLT-04,SkyWings 6E-512,BLR -> DEL,6200.0,7920.0,8590.0,1.085,180,47,0.261,0.738,8,0,Vacation Peak,1.3,Normal Day,1.0,Corporate Traveler,0.23,5.2,0.705,4.5,89.44,6
flight,FLT-05,Vistara Line UK-992,DEL -> BLR,6800.0,8910.0,9830.0,1.103,160,21,0.131,0.867,4,1,Standard,1.0,Weekend,1.15,Last-minute Rush,0.16,3.8,0.699,10.5,88.0,14
flight,FLT-06,SkyWings 6E-204,DEL -> BOM,5500.0,6440.0,9800.0,1.522,180,37,0.206,0.792,16,1,Vacation Peak,1.3,Weekend,1.15,Leisure Flyer,1.03,0.6,0.611,1.5,81.31,0
flight,FLT-07,AeroIndia AI-303,DEL -> DXB,14500.0,15850.0,16080.0,1.015,220,52,0.236,0.763,4,0,Standard,1.0,Normal Day,1.0,Corporate Traveler,0.25,6.8,0.643,10.5,80.4,18
flight,FLT-08,JetExpress 9W-110,HYD -> MAA,3600.0,3820.0,4240.0,1.11,140,57,0.407,0.59,19,0,Standard,1.0,Normal Day,1.0,Leisure Flyer,1.12,1.0,0.399,3.5,50.27,7
flight,FLT-01,SkyWings 6E-512,BLR -> DEL,6200.0,7640.0,18180.0,2.38,180,15,0.083,0.916,10,0,Festival Surge,1.45,Major Event,1.55,Last-minute Rush,0.14,1.1,0.78,14.5,100.0,15
flight,FLT-02,Vistara Line UK-992,DEL -> BLR,6800.0,9390.0,17300.0,1.842,160,3,0.019,0.98,4,0,Festival Surge,1.45,Holiday,1.35,Leisure Flyer,1.12,0.0,0.731,9.5,100.0,3
flight,FLT-03,JetExpress 9W-445,BOM -> CCU,5800.0,6310.0,7260.0,1.151,180,54,0.3,0.698,15,0,Standard,1.0,Normal Day,1.0,Leisure Flyer,1.21,0.1,0.431,3.5,55.74,3
flight,FLT-04,SkyWings 6E-512,BLR -> DEL,6200.0,7410.0,5730.0,0.773,180,32,0.178,0.821,3,0,Low Traffic,0.85,Normal Day,1.0,Corporate Traveler,0.21,4.8,0.512,5.5,60.37,5
flight,FLT-05,SkyWings 6E-204,DEL -> BOM,5500.0,6850.0,8260.0,1.206,180,25,0.139,0.862,10,1,Low Traffic,0.85,Festival,1.5,Leisure Flyer,1.08,0.8,0.648,5.5,87.24,5
flight,FLT-06,SkyWings 6E-204,DEL -> BOM,5500.0,7370.0,17430.0,2.365,180,10,0.056,0.945,11,1,Festival Surge,1.45,Major Event,1.55,Leisure Flyer,1.14,0.9,0.73,5.5,100.0,8
flight,FLT-07,AeroIndia AI-303,DEL -> DXB,14500.0,17140.0,21800.0,1.272,220,80,0.364,0.636,16,1,Standard,1.0,Weekend,1.15,Corporate Traveler,0.28,7.1,0.583,4.5,71.58,6
flight,FLT-08,JetExpress 9W-445,BOM -> CCU,5800.0,7600.0,15570.0,2.049,180,4,0.022,0.98,4,1,Festival Surge,1.45,Holiday,1.35,Corporate Traveler,0.24,11.3,0.775,6.5,100.0,4
flight,FLT-01,AeroIndia AI-303,DEL -> DXB,14500.0,15760.0,13140.0,0.834,220,85,0.386,0.614,13,0,Low Traffic,0.85,Normal Day,1.0,Corporate Traveler,0.25,3.6,0.487,2.5,56.88,4
flight,FLT-02,JetExpress 9W-110,HYD -> MAA,3600.0,3910.0,5060.0,1.294,140,41,0.293,0.71,2,1,Standard,1.0,Weekend,1.15,Corporate Traveler,0.31,10.6,0.724,9.5,92.98,15
flight,FLT-03,SkyWings 6E-204,DEL -> BOM,5500.0,5970.0,6850.0,1.147,180,70,0.389,0.612,6,1,Standard,1.0,Weekend,1.15,Corporate Traveler,0.27,9.2,0.65,4.5,81.5,3
flight,FLT-04,Vistara Line UK-821,MAA -> DEL,6400.0,8040.0,16900.0,2.102,160,23,0.144,0.856,2,0,Festival Surge,1.45,Major Event,1.55,Leisure Flyer,1.12,0.5,0.731,7.5,100.0,9
flight,FLT-05,Vistara Line UK-821,MAA -> DEL,6400.0,7750.0,9450.0,1.219,160,39,0.244,0.757,10,0,Vacation Peak,1.3,Normal Day,1.0,Corporate Traveler,0.24,7.3,0.597,2.5,73.42,3
flight,FLT-06,AeroIndia AI-801,BOM -> GOA,4200.0,4790.0,5190.0,1.084,150,18,0.12,0.878,8,1,Standard,1.0,Weekend,1.15,Leisure Flyer,1.14,1.3,0.557,1.5,74.11,1
flight,FLT-07,AeroIndia AI-303,DEL -> DXB,14500.0,18240.0,20470.0,1.122,220,39,0.177,0.821,2,1,Standard,1.0,Weekend,1.15,Leisure Flyer,1.13,0.0,0.671,14.5,91.18,19
flight,FLT-08,Vistara Line UK-821,MAA -> DEL,6400.0,8510.0,8810.0,1.035,160,3,0.019,0.98,7,1,Low Traffic,0.85,Weekend,1.15,Corporate Traveler,0.35,6.1,0.626,3.5,78.58,3
flight,FLT-01,JetExpress 9W-110,HYD -> MAA,3600.0,4420.0,5100.0,1.154,140,21,0.15,0.851,15,1,Standard,1.0,Weekend,1.15,Corporate Traveler,0.21,12.3,0.656,1.5,81.93,2
flight,FLT-02,Vistara Line UK-992,DEL -> BLR,6800.0,8640.0,7200.0,0.833,160,33,0.206,0.795,3,0,Low Traffic,0.85,Normal Day,1.0,Student Traveler,1.32,2.0,0.395,5.5,51.21,3
flight,FLT-03,JetExpress 9W-110,HYD -> MAA,3600.0,4020.0,4300.0,1.07,140,42,0.3,0.702,2,1,Low Traffic,0.85,Weekend,1.15,Corporate Traveler,0.2,2.0,0.679,11.5,85.36,13
flight,FLT-04,SkyWings 6E-204,DEL -> BOM,5500.0,6230.0,6260.0,1.005,180,49,0.272,0.728,12,0,Standard,1.0,Normal Day,1.0,Last-minute Rush,0.19,2.6,0.565,5.5,68.17,8
flight,FLT-05,AeroIndia AI-303,DEL -> DXB,14500.0,16330.0,13150.0,0.805,220,67,0.305,0.695,10,0,Low Traffic,0.85,Normal Day,1.0,Corporate Traveler,0.34,6.4,0.499,3.5,59.36,4
flight,FLT-06,AeroIndia AI-303,DEL -> DXB,14500.0,17940.0,42650.0,2.377,220,45,0.205,0.797,15,0,Festival Surge,1.45,Major Event,1.55,Corporate Traveler,0.26,3.0,0.774,6.5,100.0,10
flight,FLT-07,Vistara Line UK-992,DEL -> BLR,6800.0,8180.0,9780.0,1.196,160,47,0.294,0.709,17,1,Standard,1.0,Weekend,1.15,Corporate Traveler,0.2,11.4,0.573,2.5,69.46,1
flight,FLT-08,AeroIndia AI-801,BOM -> GOA,4200.0,5150.0,10790.0,2.095,150,28,0.187,0.814,9,1,Festival Surge,1.45,Holiday,1.35,Corporate Traveler,0.29,6.0,0.772,10.5,100.0,17
flight,FLT-01,Vistara Line UK-821,MAA -> DEL,6400.0,7550.0,8080.0,1.07,160,33,0.206,0.792,1,0,Standard,1.0,Normal Day,1.0,Leisure Flyer,1.09,1.6,0.621,10.5,83.3,11
flight,FLT-02,SkyWings 6E-512,BLR -> DEL,6200.0,7070.0,8740.0,1.236,180,39,0.217,0.784,8,0,Vacation Peak,1.3,Normal Day,1.0,Corporate Traveler,0.19,7.6,0.655,4.5,81.69,5
flight,FLT-03,AeroIndia AI-801,BOM -> GOA,4200.0,4980.0,5610.0,1.127,150,32,0.213,0.786,10,1,Standard,1.0,Weekend,1.15,Corporate Traveler,0.28,8.6,0.606,4.5,74.94,6
flight,FLT-04,JetExpress 9W-110,HYD -> MAA,3600.0,4150.0,5660.0,1.364,140,24,0.171,0.83,5,1,Standard,1.0,Weekend,1.15,Corporate Traveler,0.28,9.6,0.743,7.5,95.54,10
flight,FLT-05,JetExpress 9W-110,HYD -> MAA,3600.0,3920.0,5080.0,1.296,140,59,0.421,0.577,28,1,Standard,1.0,Weekend,1.15,Student Traveler,1.49,0.7,0.447,4.5,60.21,4
flight,FLT-06,SkyWings 6E-512,BLR -> DEL,6200.0,7620.0,7900.0,1.037,180,34,0.189,0.81,4,1,Standard,1.0,Weekend,1.15,Student Traveler,1.44,1.9,0.552,7.5,75.6,6
flight,FLT-07,Vistara Line UK-992,DEL -> BLR,6800.0,7930.0,12480.0,1.574,160,43,0.269,0.733,4,1,Vacation Peak,1.3,Weekend,1.15,Corporate Traveler,0.2,9.6,0.777,6.5,100.0,8
flight,FLT-08,SkyWings 6E-512,BLR -> DEL,6200.0,7810.0,5960.0,0.763,180,48,0.267,0.732,17,0,Low Traffic,0.85,Normal Day,1.0,Corporate Traveler,0.19,3.4,0.467,0.5,53.45,0
flight,FLT-01,JetExpress 9W-445,BOM -> CCU,5800.0,6860.0,19140.0,2.79,180,43,0.239,0.762,15,0,Festival Surge,1.45,Major Event,1.55,Leisure Flyer,1.1,0.6,0.732,6.5,100.0,10
flight,FLT-02,SkyWings 6E-204,DEL -> BOM,5500.0,6180.0,5650.0,0.914,180,41,0.228,0.77,5,0,Low Traffic,0.85,Normal Day,1.0,Corporate Traveler,0.27,6.5,0.584,8.5,71.59,13
flight,FLT-03,Vistara Line UK-821,MAA -> DEL,6400.0,6790.0,9460.0,1.393,160,79,0.494,0.504,13,0,Vacation Peak,1.3,Normal Day,1.0,Corporate Traveler,0.25,13.5,0.659,2.5,82.71,2
flight,FLT-04,AeroIndia AI-801,BOM -> GOA,4200.0,5290.0,4320.0,0.817,150,9,0.06,0.941,1,0,Low Traffic,0.85,Normal Day,1.0,Corporate Traveler,0.32,3.7,0.577,3.5,70.88,3
flight,FLT-05,Vistara Line UK-821,MAA -> DEL,6400.0,7220.0,10420.0,1.443,160,39,0.244,0.753,6,0,Vacation Peak,1.3,Normal Day,1.0,Corporate Traveler,0.27,7.4,0.664,2.5,83.59,4
flight,FLT-06,JetExpress 9W-110,HYD -> MAA,3600.0,3890.0,4530.0,1.165,140,60,0.429,0.57,15,0,Standard,1.0,Normal Day,1.0,Leisure Flyer,1.16,2.0,0.421,1.5,53.92,0
flight,FLT-07,AeroIndia AI-303,DEL -> DXB,14500.0,18620.0,18670.0,1.003,220,8,0.036,0.962,6,1,Low Traffic,0.85,Weekend,1.15,Leisure Flyer,1.04,2.3,0.528,0.5,69.06,1
flight,FLT-08,SkyWings 6E-512,BLR -> DEL,6200.0,7830.0,12570.0,1.605,180,32,0.178,0.82,11,0,Standard,1.0,Major Event,1.55,Corporate Traveler,0.23,6.4,0.775,7.5,100.0,13
flight,FLT-01,AeroIndia AI-303,DEL -> DXB,14500.0,18800.0,35360.0,1.881,220,38,0.173,0.826,4,1,Festival Surge,1.45,Holiday,1.35,Leisure Flyer,1.08,3.5,0.733,7.5,100.0,12
flight,FLT-02,SkyWings 6E-204,DEL -> BOM,5500.0,5950.0,6130.0,1.03,180,57,0.317,0.685,15,0,Standard,1.0,Normal Day,1.0,Corporate Traveler,0.18,5.0,0.559,3.5,67.13,3
flight,FLT-03,AeroIndia AI-801,BOM -> GOA,4200.0,4640.0,5150.0,1.11,150,58,0.387,0.612,30,1,Standard,1.0,Weekend,1.15,Leisure Flyer,1.03,0.6,0.417,2.5,52.32,3
flight,FLT-04,AeroIndia AI-303,DEL -> DXB,14500.0,15280.0,16760.0,1.097,220,90,0.409,0.591,7,0,Standard,1.0,Normal Day,1.0,Last-minute Rush,0.13,0.1,0.586,6.5,70.82,5
flight,FLT-05,SkyWings 6E-512,BLR -> DEL,6200.0,7380.0,7310.0,0.991,180,36,0.2,0.8,3,0,Standard,1.0,Normal Day,1.0,Corporate Traveler,0.29,15.2,0.617,4.5,76.74,5
flight,FLT-06,SkyWings 6E-204,DEL -> BOM,5500.0,6350.0,7090.0,1.117,180,53,0.294,0.706,3,0,Vacation Peak,1.3,Normal Day,1.0,Corporate Traveler,0.26,10.2,0.74,8.5,94.9,16
flight,FLT-07,SkyWings 6E-204,DEL -> BOM,5500.0,6080.0,12210.0,2.008,180,60,0.333,0.668,19,0,Festival Surge,1.45,Holiday,1.35,Leisure Flyer,1.09,0.7,0.732,9.5,100.0,12
flight,FLT-08,AeroIndia AI-303,DEL -> DXB,14500.0,16930.0,18820.0,1.112,220,45,0.205,0.794,4,1,Standard,1.0,Weekend,1.15,Leisure Flyer,1.09,0.2,0.639,14.5,86.06,14
flight,FLT-01,JetExpress 9W-445,BOM -> CCU,5800.0,7190.0,16590.0,2.307,180,23,0.128,0.87,2,1,Festival Surge,1.45,Festival,1.5,Corporate Traveler,0.25,10.5,0.774,10.5,100.0,15
flight,FLT-02,AeroIndia AI-801,BOM -> GOA,4200.0,4860.0,5500.0,1.132,150,41,0.273,0.726,7,1,Standard,1.0,Weekend,1.15,Corporate Traveler,0.28,8.1,0.643,2.5,80.55,3
flight,FLT-03,Vistara Line UK-821,MAA -> DEL,6400.0,7660.0,15480.0,2.021,160,22,0.138,0.863,5,1,Festival Surge,1.45,Holiday,1.35,Leisure Flyer,1.15,0.7,0.729,9.5,100.0,17
flight,FLT-04,Vistara Line UK-992,DEL -> BLR,6800.0,8040.0,6720.0,0.836,160,45,0.281,0.717,22,0,Standard,1.0,Normal Day,1.0,Leisure Flyer,1.14,1.0,0.377,2.5,47.13,2
flight,FLT-05,JetExpress 9W-110,HYD -> MAA,3600.0,4100.0,3900.0,0.951,140,30,0.214,0.786,3,0,Standard,1.0,Normal Day,1.0,Leisure Flyer,1.13,0.0,0.494,3.5,64.54,3
flight,FLT-06,JetExpress 9W-445,BOM -> CCU,5800.0,6380.0,8850.0,1.387,180,56,0.311,0.688,20,0,Standard,1.0,Holiday,1.35,Leisure Flyer,1.11,1.7,0.663,13.5,89.81,19
flight,FLT-07,AeroIndia AI-303,DEL -> DXB,14500.0,18900.0,40040.0,2.119,220,10,0.045,0.956,4,0,Vacation Peak,1.3,Festival,1.5,Last-minute Rush,0.12,2.4,0.781,5.5,100.0,9
flight,FLT-08,JetExpress 9W-445,BOM -> CCU,5800.0,7120.0,7630.0,1.072,180,8,0.044,0.954,12,0,Standard,1.0,Normal Day,1.0,Student Traveler,1.51,4.3,0.492,3.5,67.08,4
flight,FLT-01,Vistara Line UK-992,DEL -> BLR,6800.0,8080.0,11120.0,1.376,160,14,0.087,0.91,1,0,Vacation Peak,1.3,Normal Day,1.0,Leisure Flyer,1.1,0.6,0.719,11.5,98.13,14
flight,FLT-02,JetExpress 9W-110,HYD -> MAA,3600.0,4140.0,6070.0,1.466,140,38,0.271,0.727,5,1,Standard,1.0,Weekend,1.15,Corporate Traveler,0.28,3.8,0.701,6.5,89.3,8
flight,FLT-03,Vistara Line UK-992,DEL -> BLR,6800.0,8310.0,19530.0,2.35,160,22,0.138,0.862,8,0,Festival Surge,1.45,Festival,1.5,Last-minute Rush,0.17,0.7,0.778,5.5,100.0,10
flight,FLT-04,AeroIndia AI-303,DEL -> DXB,14500.0,14620.0,17250.0,1.18,220,108,0.491,0.509,35,1,Low Traffic,0.85,Weekend,1.15,Corporate Traveler,0.26,7.2,0.482,2.5,56.24,2
flight,FLT-05,JetExpress 9W-110,HYD -> MAA,3600.0,4170.0,5420.0,1.3,140,16,0.114,0.886,7,1,Standard,1.0,Weekend,1.15,Leisure Flyer,1.09,3.2,0.582,1.5,77.4,1
flight,FLT-06,JetExpress 9W-110,HYD -> MAA,3600.0,4400.0,9450.0,2.148,140,34,0.243,0.76,20,0,Festival Surge,1.45,Festival,1.5,Last-minute Rush,0.2,0.7,0.777,4.5,100.0,8
flight,FLT-07,JetExpress 9W-110,HYD -> MAA,3600.0,4070.0,3400.0,0.835,140,48,0.343,0.654,34,0,Low Traffic,0.85,Normal Day,1.0,Corporate Traveler,0.24,10.9,0.507,4.5,59.91,6
flight,FLT-08,SkyWings 6E-204,DEL -> BOM,5500.0,6750.0,7210.0,1.068,180,39,0.217,0.784,10,0,Standard,1.0,Normal Day,1.0,Corporate Traveler,0.24,6.7,0.603,6.5,74.25,8
flight,FLT-01,AeroIndia AI-801,BOM -> GOA,4200.0,5520.0,11450.0,2.074,150,20,0.133,0.869,2,1,Festival Surge,1.45,Festival,1.5,Leisure Flyer,1.11,0.9,0.731,12.5,100.0,19
flight,FLT-02,SkyWings 6E-512,BLR -> DEL,6200.0,6870.0,7630.0,1.111,180,72,0.4,0.601,26,1,Standard,1.0,Weekend,1.15,Leisure Flyer,1.11,1.9,0.531,2.5,69.92,2
flight,FLT-03,AeroIndia AI-801,BOM -> GOA,4200.0,5210.0,5580.0,1.071,150,32,0.213,0.786,3,0,Standard,1.0,Normal Day,1.0,Leisure Flyer,1.1,4.2,0.549,9.5,72.53,13
flight,FLT-04,Vistara Line UK-821,MAA -> DEL,6400.0,7990.0,8000.0,1.001,160,16,0.1,0.902,1,0,Standard,1.0,Normal Day,1.0,Corporate Traveler,0.27,11.2,0.659,4.5,82.94,6
flight,FLT-05,JetExpress 9W-110,HYD -> MAA,3600.0,4350.0,4050.0,0.931,140,43,0.307,0.694,18,0,Standard,1.0,Normal Day,1.0,Corporate Traveler,0.21,1.0,0.518,5.5,61.31,5
flight,FLT-06,JetExpress 9W-110,HYD -> MAA,3600.0,4550.0,7580.0,1.666,140,16,0.114,0.886,1,1,Standard,1.0,Major Event,1.55,Last-minute Rush,0.14,1.6,0.78,8.5,100.0,14
flight,FLT-07,JetExpress 9W-445,BOM -> CCU,5800.0,6770.0,7140.0,1.055,180,59,0.328,0.674,6,0,Vacation Peak,1.3,Normal Day,1.0,Student Traveler,1.33,1.9,0.539,6.5,72.87,8
flight,FLT-08,AeroIndia AI-303,DEL -> DXB,14500.0,17370.0,18050.0,1.039,220,34,0.155,0.848,1,0,Standard,1.0,Normal Day,1.0,Leisure Flyer,1.13,0.2,0.59,8.5,79.04,11
flight,FLT-01,AeroIndia AI-303,DEL -> DXB,14500.0,17300.0,22690.0,1.312,220,34,0.155,0.843,7,1,Standard,1.0,Weekend,1.15,Student Traveler,1.48,0.7,0.546,5.5,75.03,5
flight,FLT-02,SkyWings 6E-512,BLR -> DEL,6200.0,7140.0,9130.0,1.279,180,39,0.217,0.782,2,1,Standard,1.0,Weekend,1.15,Corporate Traveler,0.27,2.6,0.682,7.5,86.38,10
flight,FLT-03,AeroIndia AI-801,BOM -> GOA,4200.0,4900.0,10270.0,2.096,150,31,0.207,0.794,7,0,Vacation Peak,1.3,Major Event,1.55,Last-minute Rush,0.12,2.8,0.781,4.5,100.0,5
flight,FLT-04,SkyWings 6E-512,BLR -> DEL,6200.0,7150.0,14190.0,1.985,180,40,0.222,0.777,5,0,Vacation Peak,1.3,Festival,1.5,Student Traveler,1.41,0.6,0.716,7.5,100.0,14
flight,FLT-05,Vistara Line UK-992,DEL -> BLR,6800.0,8440.0,8670.0,1.027,160,26,0.163,0.838,4,0,Standard,1.0,Normal Day,1.0,Last-minute Rush,0.19,1.5,0.618,4.5,76.06,5
flight,FLT-06,Vistara Line UK-992,DEL -> BLR,6800.0,9210.0,20060.0,2.178,160,3,0.019,0.98,3,0,Festival Surge,1.45,Major Event,1.55,Corporate Traveler,0.33,9.1,0.77,3.5,100.0,3
flight,FLT-07,JetExpress 9W-445,BOM -> CCU,5800.0,5800.0,6790.0,1.171,180,59,0.328,0.67,16,0,Standard,1.0,Normal Day,1.0,Leisure Flyer,1.12,5.2,0.523,7.5,68.8,5
flight,FLT-08,AeroIndia AI-303,DEL -> DXB,14500.0,13880.0,12000.0,0.865,220,153,0.695,0.304,45,0,Standard,1.0,Normal Day,1.0,Last-minute Rush,0.1,0.4,0.373,1.5,38.71,0
flight,FLT-01,AeroIndia AI-303,DEL -> DXB,14500.0,18390.0,24280.0,1.32,220,51,0.232,0.768,17,0,Vacation Peak,1.3,Normal Day,1.0,Leisure Flyer,1.14,0.7,0.625,9.5,84.34,12
flight,FLT-02,SkyWings 6E-512,BLR -> DEL,6200.0,8000.0,9870.0,1.234,180,4,0.022,0.98,7,1,Standard,1.0,Weekend,1.15,Leisure Flyer,1.1,0.2,0.528,2.5,69.48,2
flight,FLT-03,Vistara Line UK-992,DEL -> BLR,6800.0,8390.0,9990.0,1.191,160,24,0.15,0.848,6,1,Standard,1.0,Weekend,1.15,Last-minute Rush,0.07,0.2,0.595,3.5,71.76,5
flight,FLT-04,Vistara Line UK-992,DEL -> BLR,6800.0,7900.0,8810.0,1.115,160,40,0.25,0.75,19,0,Standard,1.0,Normal Day,1.0,Leisure Flyer,1.08,0.9,0.475,2.5,61.33,2
flight,FLT-05,AeroIndia AI-801,BOM -> GOA,4200.0,4290.0,3450.0,0.804,150,85,0.567,0.431,31,0,Low Traffic,0.85,Normal Day,1.0,Student Traveler,1.38,0.7,0.27,1.5,32.91,2
flight,FLT-06,AeroIndia AI-801,BOM -> GOA,4200.0,4760.0,9960.0,2.092,150,46,0.307,0.696,14,0,Festival Surge,1.45,Major Event,1.55,Corporate Traveler,0.23,3.5,0.775,4.5,100.0,6
flight,FLT-07,SkyWings 6E-512,BLR -> DEL,6200.0,7300.0,17180.0,2.353,180,12,0.067,0.935,3,1,Festival Surge,1.45,Festival,1.5,Corporate Traveler,0.31,6.8,0.771,7.5,100.0,12
flight,FLT-08,Vistara Line UK-821,MAA -> DEL,6400.0,8880.0,8870.0,0.999,160,3,0.019,0.98,3,0,Standard,1.0,Normal Day,1.0,Student Traveler,1.39,2.1,0.542,9.5,73.74,3
flight,FLT-01,Vistara Line UK-821,MAA -> DEL,6400.0,7360.0,6010.0,0.817,160,38,0.237,0.761,1,0,Low Traffic,0.85,Normal Day,1.0,Corporate Traveler,0.2,12.9,0.577,5.5,70.11,9
flight,FLT-02,Vistara Line UK-992,DEL -> BLR,6800.0,7960.0,8090.0,1.016,160,39,0.244,0.757,16,0,Standard,1.0,Normal Day,1.0,Corporate Traveler,0.22,14.0,0.642,6.5,79.88,10
flight,FLT-03,SkyWings 6E-204,DEL -> BOM,5500.0,6690.0,9170.0,1.371,180,23,0.128,0.871,5,1,Standard,1.0,Weekend,1.15,Leisure Flyer,1.15,1.0,0.569,5.5,76.0,7
flight,FLT-04,Vistara Line UK-992,DEL -> BLR,6800.0,8190.0,9630.0,1.176,160,4,0.025,0.973,1,1,Low Traffic,0.85,Weekend,1.15,Leisure Flyer,1.04,0.0,0.644,5.5,86.39,2
flight,FLT-05,SkyWings 6E-204,DEL -> BOM,5500.0,6700.0,6510.0,0.972,180,37,0.206,0.796,6,0,Standard,1.0,Normal Day,1.0,Student Traveler,1.42,0.4,0.466,3.5,62.55,4
flight,FLT-06,JetExpress 9W-445,BOM -> CCU,5800.0,7590.0,6420.0,0.846,180,33,0.183,0.818,4,0,Low Traffic,0.85,Normal Day,1.0,Student Traveler,1.44,0.7,0.516,11.5,70.16,10
flight,FLT-07,AeroIndia AI-801,BOM -> GOA,4200.0,4380.0,4190.0,0.957,150,60,0.4,0.599,4,0,Low Traffic,0.85,Normal Day,1.0,Leisure Flyer,1.11,1.1,0.477,5.5,61.92,6
flight,FLT-08,Vistara Line UK-992,DEL -> BLR,6800.0,8300.0,10290.0,1.24,160,20,0.125,0.874,5,1,Standard,1.0,Weekend,1.15,Leisure Flyer,1.04,1.2,0.574,7.5,75.93,12
flight,FLT-01,Vistara Line UK-821,MAA -> DEL,6400.0,7770.0,7530.0,0.969,160,36,0.225,0.775,10,0,Standard,1.0,Normal Day,1.0,Corporate Traveler,0.2,17.1,0.627,3.5,77.54,5
flight,FLT-02,AeroIndia AI-303,DEL -> DXB,14500.0,16930.0,17000.0,1.004,220,53,0.241,0.761,2,0,Standard,1.0,Normal Day,1.0,Corporate Traveler,0.27,11.3,0.637,7.5,79.58,8
flight,FLT-03,Vistara Line UK-992,DEL -> BLR,6800.0,7710.0,6850.0,0.888,160,37,0.231,0.77,7,0,Low Traffic,0.85,Normal Day,1.0,Corporate Traveler,0.22,18.5,0.557,0.5,67.15,1
flight,FLT-04,AeroIndia AI-801,BOM -> GOA,4200.0,5340.0,13320.0,2.494,150,7,0.047,0.952,2,0,Festival Surge,1.45,Festival,1.5,Leisure Flyer,1.11,1.3,0.731,7.5,100.0,7
flight,FLT-05,Vistara Line UK-992,DEL -> BLR,6800.0,8180.0,9720.0,1.188,160,35,0.219,0.781,14,1,Standard,1.0,Weekend,1.15,Student Traveler,1.4,1.0,0.523,1.5,70.93,1
flight,FLT-06,SkyWings 6E-204,DEL -> BOM,5500.0,7080.0,12630.0,1.784,180,26,0.144,0.856,7,1,Festival Surge,1.45,Holiday,1.35,Leisure Flyer,1.12,0.3,0.731,8.5,100.0,12
flight,FLT-07,SkyWings 6E-512,BLR -> DEL,6200.0,6440.0,8100.0,1.258,180,114,0.633,0.368,33,0,Vacation Peak,1.3,Normal Day,1.0,Leisure Flyer,1.15,1.6,0.478,4.5,62.26,6
flight,FLT-08,Vistara Line UK-992,DEL -> BLR,6800.0,8520.0,13970.0,1.64,160,3,0.019,0.98,4,1,Vacation Peak,1.3,Weekend,1.15,Leisure Flyer,1.0,1.9,0.677,3.5,91.12,3
flight,FLT-01,JetExpress 9W-445,BOM -> CCU,5800.0,6560.0,5880.0,0.896,180,57,0.317,0.681,21,0,Low Traffic,0.85,Normal Day,1.0,Leisure Flyer,1.09,1.8,0.384,3.5,47.84,4
flight,FLT-02,SkyWings 6E-512,BLR -> DEL,6200.0,6950.0,6480.0,0.932,180,82,0.456,0.542,9,0,Standard,1.0,Normal Day,1.0,Leisure Flyer,1.14,1.6,0.374,0.5,46.64,0
flight,FLT-03,JetExpress 9W-110,HYD -> MAA,3600.0,4020.0,4620.0,1.149,140,59,0.421,0.575,23,1,Standard,1.0,Weekend,1.15,Leisure Flyer,1.11,1.5,0.441,3.5,56.48,5
flight,FLT-04,SkyWings 6E-204,DEL -> BOM,5500.0,6630.0,6920.0,1.044,180,27,0.15,0.848,2,1,Low Traffic,0.85,Weekend,1.15,Leisure Flyer,1.1,3.0,0.613,11.5,82.17,17
flight,FLT-05,SkyWings 6E-512,BLR -> DEL,6200.0,7120.0,15060.0,2.115,180,71,0.394,0.607,28,1,Festival Surge,1.45,Major Event,1.55,Corporate Traveler,0.18,4.8,0.778,6.5,100.0,10
flight,FLT-06,Vistara Line UK-821,MAA -> DEL,6400.0,8410.0,15470.0,1.839,160,18,0.113,0.885,8,0,Festival Surge,1.45,Holiday,1.35,Leisure Flyer,1.07,0.7,0.733,7.5,100.0,11
flight,FLT-07,SkyWings 6E-512,BLR -> DEL,6200.0,7320.0,10500.0,1.434,180,40,0.222,0.778,15,0,Standard,1.0,Festival,1.5,Corporate Traveler,0.31,6.1,0.771,8.5,100.0,13
flight,FLT-08,Vistara Line UK-992,DEL -> BLR,6800.0,8530.0,9100.0,1.067,160,13,0.081,0.919,1,0,Standard,1.0,Normal Day,1.0,Corporate Traveler,0.31,14.1,0.655,6.5,82.54,9
flight,FLT-01,JetExpress 9W-110,HYD -> MAA,3600.0,3840.0,2940.0,0.766,140,64,0.457,0.539,39,0,Low Traffic,0.85,Normal Day,1.0,Corporate Traveler,0.29,4.5,0.422,2.5,47.41,4
flight,FLT-02,AeroIndia AI-303,DEL -> DXB,14500.0,16470.0,17670.0,1.073,220,45,0.205,0.794,8,1,Standard,1.0,Weekend,1.15,Leisure Flyer,1.11,1.3,0.536,4.5,70.69,6
flight,FLT-03,AeroIndia AI-801,BOM -> GOA,4200.0,4560.0,9970.0,2.186,150,58,0.387,0.613,23,1,Festival Surge,1.45,Festival,1.5,Corporate Traveler,0.31,1.5,0.771,5.5,100.0,8
flight,FLT-04,AeroIndia AI-801,BOM -> GOA,4200.0,5140.0,4300.0,0.837,150,27,0.18,0.823,9,0,Low Traffic,0.85,Normal Day,1.0,Leisure Flyer,1.07,0.8,0.497,3.5,64.51,1
flight,FLT-05,Vistara Line UK-821,MAA -> DEL,6400.0,6440.0,7200.0,1.118,160,77,0.481,0.519,24,0,Standard,1.0,Normal Day,1.0,Last-minute Rush,0.2,0.5,0.485,3.5,56.22,1
flight,FLT-06,SkyWings 6E-512,BLR -> DEL,6200.0,7720.0,11400.0,1.477,180,26,0.144,0.854,1,1,Standard,1.0,Festival,1.5,Corporate Traveler,0.19,16.4,0.777,6.5,100.0,9
flight,FLT-07,Vistara Line UK-992,DEL -> BLR,6800.0,8200.0,17000.0,2.073,160,28,0.175,0.822,13,0,Festival Surge,1.45,Festival,1.5,Leisure Flyer,1.08,0.9,0.733,10.5,100.0,16
flight,FLT-08,SkyWings 6E-512,BLR -> DEL,6200.0,7870.0,8290.0,1.053,180,52,0.289,0.711,13,1,Standard,1.0,Weekend,1.15,Leisure Flyer,1.11,0.2,0.532,3.5,70.1,2
flight,FLT-01,JetExpress 9W-110,HYD -> MAA,3600.0,3380.0,4780.0,1.414,140,98,0.7,0.3,45,0,Vacation Peak,1.3,Normal Day,1.0,Last-minute Rush,0.15,0.7,0.495,2.5,57.31,1
flight,FLT-02,SkyWings 6E-204,DEL -> BOM,5500.0,6550.0,7340.0,1.121,180,47,0.261,0.741,6,0,Standard,1.0,Normal Day,1.0,Last-minute Rush,0.17,2.0,0.557,3.5,66.8,5
flight,FLT-03,JetExpress 9W-445,BOM -> CCU,5800.0,6880.0,6520.0,0.948,180,66,0.367,0.635,14,0,Standard,1.0,Normal Day,1.0,Corporate Traveler,0.29,2.3,0.478,2.5,55.93,2
flight,FLT-04,Vistara Line UK-821,MAA -> DEL,6400.0,8100.0,16870.0,2.083,160,24,0.15,0.852,3,0,Festival Surge,1.45,Holiday,1.35,Leisure Flyer,1.1,0.2,0.732,4.5,100.0,7
flight,FLT-05,Vistara Line UK-992,DEL -> BLR,6800.0,8110.0,8050.0,0.993,160,12,0.075,0.924,13,0,Low Traffic,0.85,Normal Day,1.0,Leisure Flyer,1.07,0.1,0.527,2.5,69.05,4
flight,FLT-06,AeroIndia AI-303,DEL -> DXB,14500.0,17130.0,20350.0,1.188,220,68,0.309,0.693,14,0,Vacation Peak,1.3,Normal Day,1.0,Corporate Traveler,0.21,12.9,0.662,1.5,82.86,2
flight,FLT-07,Vistara Line UK-992,DEL -> BLR,6800.0,7660.0,6090.0,0.795,160,34,0.212,0.789,1,0,Low Traffic,0.85,Normal Day,1.0,Last-minute Rush,0.14,2.2,0.527,6.5,62.15,5
flight,FLT-08,JetExpress 9W-110,HYD -> MAA,3600.0,4270.0,4700.0,1.101,140,31,0.221,0.782,2,0,Standard,1.0,Normal Day,1.0,Corporate Traveler,0.24,3.8,0.641,7.5,79.89,10
flight,FLT-01,SkyWings 6E-204,DEL -> BOM,5500.0,6180.0,5540.0,0.896,180,90,0.5,0.501,29,0,Standard,1.0,Normal Day,1.0,Student Traveler,1.39,1.0,0.291,1.5,36.1,0
flight,FLT-02,SkyWings 6E-204,DEL -> BOM,5500.0,7080.0,6810.0,0.962,180,41,0.228,0.772,9,0,Standard,1.0,Normal Day,1.0,Corporate Traveler,0.33,6.4,0.546,3.5,66.32,2
flight,FLT-03,JetExpress 9W-445,BOM -> CCU,5800.0,7180.0,14920.0,2.078,180,13,0.072,0.928,2,0,Festival Surge,1.45,Holiday,1.35,Corporate Traveler,0.28,8.5,0.773,7.5,100.0,11
flight,FLT-04,JetExpress 9W-445,BOM -> CCU,5800.0,7120.0,16520.0,2.32,180,31,0.172,0.828,6,0,Festival Surge,1.45,Festival,1.5,Leisure Flyer,1.08,0.2,0.733,6.5,100.0,9
flight,FLT-05,SkyWings 6E-512,BLR -> DEL,6200.0,6820.0,7280.0,1.067,180,55,0.306,0.692,5,0,Standard,1.0,Normal Day,1.0,Last-minute Rush,0.12,1.7,0.63,7.5,77.41,11
flight,FLT-06,JetExpress 9W-110,HYD -> MAA,3600.0,4420.0,4140.0,0.937,140,22,0.157,0.846,3,1,Low Traffic,0.85,Weekend,1.15,Student Traveler,1.4,1.0,0.478,5.5,64.15,6
flight,FLT-07,JetExpress 9W-445,BOM -> CCU,5800.0,7230.0,6310.0,0.873,180,33,0.183,0.814,10,1,Low Traffic,0.85,Weekend,1.15,Corporate Traveler,0.19,6.5,0.59,4.5,71.94,3
flight,FLT-08,JetExpress 9W-445,BOM -> CCU,5800.0,7580.0,16910.0,2.231,180,11,0.061,0.938,2,1,Festival Surge,1.45,Festival,1.5,Last-minute Rush,0.19,2.1,0.777,3.5,100.0,5
flight,FLT-01,JetExpress 9W-445,BOM -> CCU,5800.0,6350.0,5230.0,0.824,180,69,0.383,0.614,19,0,Low Traffic,0.85,Normal Day,1.0,Corporate Traveler,0.26,4.2,0.45,7.5,51.49,4
flight,FLT-02,SkyWings 6E-512,BLR -> DEL,6200.0,6350.0,7110.0,1.12,180,90,0.5,0.498,39,1,Standard,1.0,Weekend,1.15,Student Traveler,1.44,0.7,0.396,4.5,52.16,2
flight,FLT-03,Vistara Line UK-992,DEL -> BLR,6800.0,7180.0,7210.0,1.004,160,47,0.294,0.707,8,0,Low Traffic,0.85,Normal Day,1.0,Leisure Flyer,1.09,1.1,0.419,3.5,52.99,2
flight,FLT-04,JetExpress 9W-110,HYD -> MAA,3600.0,4390.0,4360.0,0.993,140,37,0.264,0.733,25,0,Standard,1.0,Normal Day,1.0,Corporate Traveler,0.2,4.0,0.547,3.5,65.48,3
flight,FLT-05,SkyWings 6E-512,BLR -> DEL,6200.0,5970.0,6840.0,1.146,180,105,0.583,0.419,27,0,Standard,1.0,Normal Day,1.0,Corporate Traveler,0.29,9.5,0.548,4.5,66.32,2
flight,FLT-06,Vistara Line UK-821,MAA -> DEL,6400.0,8080.0,19180.0,2.374,160,13,0.081,0.918,6,1,Festival Surge,1.45,Major Event,1.55,Corporate Traveler,0.22,4.6,0.776,9.5,100.0,13
flight,FLT-07,SkyWings 6E-512,BLR -> DEL,6200.0,7290.0,8390.0,1.151,180,45,0.25,0.751,6,1,Standard,1.0,Weekend,1.15,Corporate Traveler,0.24,7.0,0.626,1.5,77.68,2
flight,FLT-08,AeroIndia AI-303,DEL -> DXB,14500.0,18530.0,18290.0,0.987,220,32,0.145,0.855,3,1,Low Traffic,0.85,Weekend,1.15,Leisure Flyer,1.05,1.3,0.656,14.5,88.28,22
flight,FLT-01,JetExpress 9W-445,BOM -> CCU,5800.0,6790.0,7800.0,1.149,180,35,0.194,0.807,1,0,Standard,1.0,Normal Day,1.0,Corporate Traveler,0.27,19.4,0.698,7.5,88.67,11
flight,FLT-02,SkyWings 6E-204,DEL -> BOM,5500.0,6730.0,10260.0,1.525,180,37,0.206,0.795,14,1,Vacation Peak,1.3,Weekend,1.15,Leisure Flyer,1.13,0.4,0.613,4.5,82.41,6
flight,FLT-03,Vistara Line UK-821,MAA -> DEL,6400.0,6740.0,4740.0,0.703,160,99,0.619,0.383,25,0,Low Traffic,0.85,Normal Day,1.0,Leisure Flyer,1.07,0.4,0.256,2.5,28.46,1
flight,FLT-04,JetExpress 9W-110,HYD -> MAA,3600.0,4580.0,9980.0,2.179,140,4,0.029,0.972,1,1,Festival Surge,1.45,Major Event,1.55,Corporate Traveler,0.27,13.3,0.773,10.5,100.0,4
flight,FLT-05,SkyWings 6E-512,BLR -> DEL,6200.0,6650.0,7310.0,1.099,180,76,0.422,0.577,33,0,Standard,1.0,Normal Day,1.0,Last-minute Rush,0.19,0.6,0.468,2.5,53.56,3
flight,FLT-06,AeroIndia AI-801,BOM -> GOA,4200.0,5520.0,4550.0,0.824,150,16,0.107,0.891,12,0,Low Traffic,0.85,Normal Day,1.0,Leisure Flyer,1.12,0.9,0.473,3.5,61.29,2
flight,FLT-07,JetExpress 9W-110,HYD -> MAA,3600.0,4370.0,4150.0,0.95,140,23,0.164,0.838,3,0,Standard,1.0,Normal Day,1.0,Leisure Flyer,1.07,0.4,0.567,14.5,75.04,14
flight,FLT-08,JetExpress 9W-445,BOM -> CCU,5800.0,7270.0,16210.0,2.23,180,41,0.228,0.773,24,0,Festival Surge,1.45,Major Event,1.55,Student Traveler,1.38,0.6,0.718,7.5,100.0,12
flight,FLT-01,JetExpress 9W-110,HYD -> MAA,3600.0,4140.0,3330.0,0.804,140,38,0.271,0.728,7,0,Low Traffic,0.85,Normal Day,1.0,Last-minute Rush,0.13,0.2,0.54,1.5,63.94,2
flight,FLT-02,AeroIndia AI-303,DEL -> DXB,14500.0,19320.0,40210.0,2.081,220,24,0.109,0.891,2,1,Festival Surge,1.45,Major Event,1.55,Last-minute Rush,0.15,2.1,0.779,6.5,100.0,10
flight,FLT-03,Vistara Line UK-992,DEL -> BLR,6800.0,7820.0,7960.0,1.018,160,53,0.331,0.672,14,0,Standard,1.0,Normal Day,1.0,Student Traveler,1.37,1.9,0.48,4.5,64.25,4
flight,FLT-04,JetExpress 9W-445,BOM -> CCU,5800.0,7000.0,8440.0,1.206,180,35,0.194,0.807,2,1,Standard,1.0,Weekend,1.15,Last-minute Rush,0.15,0.6,0.638,6.5,78.8,9
flight,FLT-05,AeroIndia AI-303,DEL -> DXB,14500.0,17070.0,24440.0,1.432,220,57,0.259,0.742,14,0,Standard,1.0,Festival,1.5,Student Traveler,1.37,0.8,0.61,5.5,83.73,5
flight,FLT-06,Vistara Line UK-992,DEL -> BLR,6800.0,8420.0,8310.0,0.987,160,31,0.194,0.805,1,0,Standard,1.0,Normal Day,1.0,Corporate Traveler,0.26,3.9,0.577,9.5,70.52,13
flight,FLT-07,AeroIndia AI-801,BOM -> GOA,4200.0,5000.0,5550.0,1.11,150,23,0.153,0.847,11,1,Standard,1.0,Weekend,1.15,Corporate Traveler,0.27,7.6,0.671,5.5,84.68,9
flight,FLT-08,Vistara Line UK-821,MAA -> DEL,6400.0,7660.0,13120.0,1.713,160,45,0.281,0.718,7,0,Festival Surge,1.45,Holiday,1.35,Leisure Flyer,1.14,1.8,0.73,14.5,100.0,23
flight,FLT-01,SkyWings 6E-204,DEL -> BOM,5500.0,6280.0,6710.0,1.068,180,50,0.278,0.722,2,0,Standard,1.0,Normal Day,1.0,Leisure Flyer,1.08,0.2,0.526,8.5,68.93,8
flight,FLT-02,Vistara Line UK-821,MAA -> DEL,6400.0,7540.0,7020.0,0.931,160,23,0.144,0.858,5,0,Low Traffic,0.85,Normal Day,1.0,Leisure Flyer,1.06,0.1,0.505,1.5,65.69,2
flight,FLT-03,Vistara Line UK-992,DEL -> BLR,6800.0,8150.0,17380.0,2.133,160,35,0.219,0.779,7,0,Festival Surge,1.45,Holiday,1.35,Corporate Traveler,0.24,4.8,0.775,3.5,100.0,6
flight,FLT-04,JetExpress 9W-110,HYD -> MAA,3600.0,4370.0,9530.0,2.181,140,23,0.164,0.835,2,0,Festival Surge,1.45,Holiday,1.35,Last-minute Rush,0.16,0.7,0.779,9.5,100.0,16
flight,FLT-05,SkyWings 6E-204,DEL -> BOM,5500.0,5890.0,5680.0,0.964,180,64,0.356,0.642,14,0,Standard,1.0,Normal Day,1.0,Leisure Flyer,1.13,1.5,0.425,5.5,54.23,6
flight,FLT-06,Vistara Line UK-821,MAA -> DEL,6400.0,7540.0,7630.0,1.012,160,40,0.25,0.752,8,1,Low Traffic,0.85,Weekend,1.15,Last-minute Rush,0.19,0.6,0.522,1.5,61.75,1
flight,FLT-07,AeroIndia AI-801,BOM -> GOA,4200.0,4870.0,5660.0,1.162,150,43,0.287,0.713,12,1,Low Traffic,0.85,Weekend,1.15,Corporate Traveler,0.3,4.6,0.542,3.5,65.57,3
flight,FLT-08,Vistara Line UK-992,DEL -> BLR,6800.0,8600.0,13020.0,1.514,160,10,0.062,0.94,6,0,Standard,1.0,Holiday,1.35,Corporate Traveler,0.31,0.6,0.763,8.5,98.83,10
flight,FLT-01,SkyWings 6E-204,DEL -> BOM,5500.0,6500.0,13000.0,2.0,180,23,0.128,0.874,4,1,Festival Surge,1.45,Holiday,1.35,Student Traveler,1.48,0.6,0.713,2.5,100.0,5
flight,FLT-02,JetExpress 9W-110,HYD -> MAA,3600.0,4120.0,5380.0,1.306,140,18,0.129,0.873,10,1,Standard,1.0,Weekend,1.15,Leisure Flyer,1.07,1.0,0.575,6.5,76.27,5
flight,FLT-03,Vistara Line UK-821,MAA -> DEL,6400.0,7430.0,7820.0,1.052,160,19,0.119,0.878,2,0,Low Traffic,0.85,Normal Day,1.0,Last-minute Rush,0.15,0.3,0.651,12.5,80.79,19
flight,FLT-04,JetExpress 9W-110,HYD -> MAA,3600.0,4470.0,6990.0,1.564,140,24,0.171,0.831,19,1,Vacation Peak,1.3,Weekend,1.15,Last-minute Rush,0.09,0.5,0.733,3.5,92.6,5
flight,FLT-05,AeroIndia AI-303,DEL -> DXB,14500.0,16840.0,23650.0,1.404,220,53,0.241,0.759,12,0,Vacation Peak,1.3,Normal Day,1.0,Leisure Flyer,1.08,2.3,0.586,3.5,78.0,5
flight,FLT-06,JetExpress 9W-445,BOM -> CCU,5800.0,6060.0,13290.0,2.193,180,70,0.389,0.612,21,0,Festival Surge,1.45,Holiday,1.35,Student Traveler,1.41,0.7,0.716,11.5,100.0,15
flight,FLT-07,SkyWings 6E-204,DEL -> BOM,5500.0,6440.0,11800.0,1.832,180,43,0.239,0.763,1,0,Festival Surge,1.45,Holiday,1.35,Leisure Flyer,1.05,0.4,0.734,7.5,100.0,12
flight,FLT-08,AeroIndia AI-801,BOM -> GOA,4200.0,5130.0,5620.0,1.096,150,28,0.187,0.812,7,1,Standard,1.0,Weekend,1.15,Corporate Traveler,0.27,3.5,0.627,5.5,78.15,8
flight,FLT-01,SkyWings 6E-512,BLR -> DEL,6200.0,7950.0,15920.0,2.003,180,6,0.033,0.965,1,0,Festival Surge,1.45,Holiday,1.35,Corporate Traveler,0.28,12.3,0.773,7.5,100.0,6
flight,FLT-02,SkyWings 6E-512,BLR -> DEL,6200.0,6930.0,7110.0,1.026,180,74,0.411,0.591,16,0,Standard,1.0,Normal Day,1.0,Corporate Traveler,0.27,3.0,0.529,3.5,63.37,5
flight,FLT-03,SkyWings 6E-512,BLR -> DEL,6200.0,6880.0,7090.0,1.031,180,68,0.378,0.624,16,1,Standard,1.0,Weekend,1.15,Leisure Flyer,1.12,0.1,0.446,0.5,57.26,0
flight,FLT-04,Vistara Line UK-821,MAA -> DEL,6400.0,6850.0,9890.0,1.444,160,45,0.281,0.718,10,1,Vacation Peak,1.3,Weekend,1.15,Leisure Flyer,1.1,2.4,0.658,5.5,88.89,8
flight,FLT-05,AeroIndia AI-801,BOM -> GOA,4200.0,4730.0,5220.0,1.104,150,49,0.327,0.672,2,0,Standard,1.0,Normal Day,1.0,Corporate Traveler,0.22,1.6,0.627,9.5,77.76,10
flight,FLT-06,Vistara Line UK-821,MAA -> DEL,6400.0,8260.0,9640.0,1.167,160,12,0.075,0.924,3,1,Standard,1.0,Weekend,1.15,Last-minute Rush,0.19,0.5,0.654,7.5,81.55,9
flight,FLT-07,JetExpress 9W-110,HYD -> MAA,3600.0,4160.0,3370.0,0.81,140,50,0.357,0.641,10,0,Low Traffic,0.85,Normal Day,1.0,Last-minute Rush,0.1,0.8,0.56,6.5,66.82,9
flight,FLT-08,AeroIndia AI-303,DEL -> DXB,14500.0,18860.0,25250.0,1.339,220,13,0.059,0.941,1,0,Vacation Peak,1.3,Normal Day,1.0,Leisure Flyer,1.15,1.4,0.668,7.5,90.77,12
flight,FLT-01,JetExpress 9W-110,HYD -> MAA,3600.0,4340.0,4630.0,1.067,140,35,0.25,0.75,7,0,Standard,1.0,Normal Day,1.0,Last-minute Rush,0.1,0.7,0.614,2.5,74.91,2
flight,FLT-02,AeroIndia AI-303,DEL -> DXB,14500.0,18910.0,27550.0,1.457,220,55,0.25,0.748,14,1,Standard,1.0,Festival,1.5,Leisure Flyer,1.0,0.8,0.694,9.5,93.67,14
flight,FLT-03,Vistara Line UK-821,MAA -> DEL,6400.0,8210.0,10230.0,1.246,160,6,0.037,0.962,3,1,Standard,1.0,Weekend,1.15,Corporate Traveler,0.27,3.1,0.657,3.5,82.57,5
flight,FLT-04,JetExpress 9W-110,HYD -> MAA,3600.0,3900.0,6210.0,1.592,140,49,0.35,0.651,31,0,Vacation Peak,1.3,Normal Day,1.0,Student Traveler,1.41,1.4,0.53,4.5,72.03,5
flight,FLT-05,JetExpress 9W-110,HYD -> MAA,3600.0,4200.0,3710.0,0.883,140,30,0.214,0.784,1,0,Low Traffic,0.85,Normal Day,1.0,Leisure Flyer,1.05,0.2,0.453,9.5,57.9,7
flight,FLT-06,AeroIndia AI-303,DEL -> DXB,14500.0,17240.0,37470.0,2.173,220,33,0.15,0.849,4,0,Festival Surge,1.45,Holiday,1.35,Last-minute Rush,0.17,0.4,0.778,5.5,100.0,8
flight,FLT-07,AeroIndia AI-801,BOM -> GOA,4200.0,5160.0,9590.0,1.859,150,47,0.313,0.688,6,0,Festival Surge,1.45,Festival,1.5,Corporate Traveler,0.24,4.6,0.775,7.5,100.0,13
flight,FLT-08,AeroIndia AI-303,DEL -> DXB,14500.0,17610.0,36550.0,2.076,220,69,0.314,0.686,27,0,Festival Surge,1.45,Festival,1.5,Corporate Traveler,0.21,9.5,0.776,5.5,100.0,9
flight,FLT-01,Vistara Line UK-992,DEL -> BLR,6800.0,8640.0,8970.0,1.038,160,3,0.019,0.98,1,1,Standard,1.0,Weekend,1.15,Leisure Flyer,1.1,1.8,0.682,9.5,92.49,3
flight,FLT-02,Vistara Line UK-821,MAA -> DEL,6400.0,6880.0,12220.0,1.776,160,77,0.481,0.518,33,0,Festival Surge,1.45,Holiday,1.35,Corporate Traveler,0.34,5.6,0.721,3.5,92.75,3
flight,FLT-03,SkyWings 6E-204,DEL -> BOM,5500.0,6210.0,7160.0,1.153,180,54,0.3,0.698,12,1,Standard,1.0,Weekend,1.15,Last-minute Rush,0.14,2.1,0.628,4.5,77.29,5
flight,FLT-04,SkyWings 6E-204,DEL -> BOM,5500.0,6710.0,10770.0,1.605,180,27,0.15,0.85,3,1,Vacation Peak,1.3,Weekend,1.15,Corporate Traveler,0.22,3.8,0.768,3.5,98.8,6
flight,FLT-05,Vistara Line UK-821,MAA -> DEL,6400.0,7270.0,6420.0,0.883,160,27,0.169,0.833,8,1,Low Traffic,0.85,Weekend,1.15,Leisure Flyer,1.15,0.9,0.519,1.5,68.5,2
flight,FLT-06,Vistara Line UK-992,DEL -> BLR,6800.0,8240.0,15580.0,1.891,160,34,0.212,0.787,13,0,Festival Surge,1.45,Holiday,1.35,Last-minute Rush,0.12,0.4,0.781,5.5,100.0,9
flight,FLT-07,AeroIndia AI-801,BOM -> GOA,4200.0,5500.0,9990.0,1.816,150,38,0.253,0.749,11,0,Festival Surge,1.45,Holiday,1.35,Last-minute Rush,0.15,0.8,0.779,10.5,100.0,16
flight,FLT-08,SkyWings 6E-512,BLR -> DEL,6200.0,6780.0,6900.0,1.018,180,83,0.461,0.537,30,0,Standard,1.0,Normal Day,1.0,Student Traveler,1.41,0.3,0.385,3.5,50.3,2
flight,FLT-01,Vistara Line UK-821,MAA -> DEL,6400.0,6810.0,9310.0,1.367,160,42,0.263,0.736,8,1,Standard,1.0,Weekend,1.15,Corporate Traveler,0.14,6.7,0.69,4.5,86.53,8
flight,FLT-02,JetExpress 9W-110,HYD -> MAA,3600.0,3760.0,9670.0,2.572,140,57,0.407,0.595,28,1,Festival Surge,1.45,Major Event,1.55,Corporate Traveler,0.23,13.5,0.775,5.5,100.0,6
flight,FLT-03,SkyWings 6E-512,BLR -> DEL,6200.0,7590.0,6740.0,0.888,180,18,0.1,0.898,13,0,Low Traffic,0.85,Normal Day,1.0,Last-minute Rush,0.1,0.7,0.508,3.5,58.88,5
flight,FLT-04,Vistara Line UK-992,DEL -> BLR,6800.0,8550.0,8880.0,1.039,160,20,0.125,0.876,7,1,Low Traffic,0.85,Weekend,1.15,Last-minute Rush,0.19,0.5,0.685,8.5,86.17,9
flight,FLT-05,AeroIndia AI-801,BOM -> GOA,4200.0,4290.0,4630.0,1.079,150,95,0.633,0.364,24,0,Standard,1.0,Normal Day,1.0,Student Traveler,1.46,0.0,0.35,2.5,45.52,2
flight,FLT-06,JetExpress 9W-445,BOM -> CCU,5800.0,7000.0,6530.0,0.933,180,45,0.25,0.75,11,0,Standard,1.0,Normal Day,1.0,Leisure Flyer,1.1,1.3,0.502,6.5,65.48,8
flight,FLT-07,JetExpress 9W-110,HYD -> MAA,3600.0,4220.0,4920.0,1.166,140,38,0.271,0.726,12,0,Vacation Peak,1.3,Normal Day,1.0,Corporate Traveler,0.29,5.7,0.584,3.5,71.82,4
flight,FLT-08,AeroIndia AI-801,BOM -> GOA,4200.0,5230.0,12320.0,2.356,150,3,0.02,0.98,16,0,Festival Surge,1.45,Festival,1.5,Student Traveler,1.38,3.2,0.718,7.5,100.0,3
flight,FLT-01,Vistara Line UK-821,MAA -> DEL,6400.0,7040.0,9540.0,1.355,160,59,0.369,0.631,17,0,Vacation Peak,1.3,Normal Day,1.0,Corporate Traveler,0.29,7.5,0.671,3.5,84.86,5
flight,FLT-02,Vistara Line UK-992,DEL -> BLR,6800.0,7970.0,11860.0,1.488,160,18,0.113,0.889,1,0,Vacation Peak,1.3,Normal Day,1.0,Leisure Flyer,1.03,3.2,0.67,8.5,90.27,13
flight,FLT-03,JetExpress 9W-110,HYD -> MAA,3600.0,4370.0,7450.0,1.705,140,33,0.236,0.764,25,1,Vacation Peak,1.3,Weekend,1.15,Last-minute Rush,0.1,0.8,0.663,2.5,82.21,4
flight,FLT-04,JetExpress 9W-110,HYD -> MAA,3600.0,3890.0,4540.0,1.167,140,42,0.3,0.699,18,0,Standard,1.0,Normal Day,1.0,Last-minute Rush,0.13,1.6,0.543,2.5,64.4,3
flight,FLT-05,JetExpress 9W-445,BOM -> CCU,5800.0,6500.0,6480.0,0.997,180,34,0.189,0.813,4,0,Standard,1.0,Normal Day,1.0,Last-minute Rush,0.16,0.5,0.631,8.5,77.89,10
flight,FLT-06,JetExpress 9W-445,BOM -> CCU,5800.0,6600.0,6000.0,0.909,180,67,0.372,0.63,2,0,Low Traffic,0.85,Normal Day,1.0,Last-minute Rush,0.19,0.5,0.572,6.5,69.26,7
flight,FLT-07,AeroIndia AI-801,BOM -> GOA,4200.0,5320.0,12530.0,2.355,150,35,0.233,0.77,13,1,Festival Surge,1.45,Festival,1.5,Leisure Flyer,1.08,1.2,0.733,6.5,100.0,6
flight,FLT-08,JetExpress 9W-110,HYD -> MAA,3600.0,4530.0,11320.0,2.499,140,3,0.021,0.98,1,0,Festival Surge,1.45,Festival,1.5,Last-minute Rush,0.1,2.8,0.782,5.5,100.0,3
flight,FLT-01,AeroIndia AI-303,DEL -> DXB,14500.0,17130.0,38760.0,2.263,220,47,0.214,0.788,10,0,Festival Surge,1.45,Major Event,1.55,Leisure Flyer,1.07,0.5,0.733,8.5,100.0,11
flight,FLT-02,SkyWings 6E-204,DEL -> BOM,5500.0,7270.0,10940.0,1.505,180,8,0.044,0.958,2,0,Standard,1.0,Festival,1.5,Last-minute Rush,0.12,0.6,0.781,8.5,100.0,8
flight,FLT-03,AeroIndia AI-801,BOM -> GOA,4200.0,4830.0,11250.0,2.329,150,35,0.233,0.767,7,0,Festival Surge,1.45,Festival,1.5,Corporate Traveler,0.25,12.5,0.774,7.5,100.0,12
flight,FLT-04,SkyWings 6E-512,BLR -> DEL,6200.0,6310.0,8040.0,1.274,180,86,0.478,0.522,26,1,Standard,1.0,Weekend,1.15,Last-minute Rush,0.13,0.4,0.573,4.5,68.95,4
flight,FLT-05,JetExpress 9W-110,HYD -> MAA,3600.0,4700.0,9910.0,2.109,140,18,0.129,0.875,10,1,Festival Surge,1.45,Festival,1.5,Corporate Traveler,0.23,4.7,0.775,5.5,100.0,9
flight,FLT-06,SkyWings 6E-204,DEL -> BOM,5500.0,7340.0,6390.0,0.871,180,9,0.05,0.948,2,0,Standard,1.0,Normal Day,1.0,Corporate Traveler,0.31,1.8,0.623,8.5,77.73,9
flight,FLT-07,JetExpress 9W-110,HYD -> MAA,3600.0,4270.0,4580.0,1.073,140,29,0.207,0.796,9,1,Standard,1.0,Weekend,1.15,Corporate Traveler,0.34,13.9,0.665,1.5,84.33,2
flight,FLT-08,AeroIndia AI-303,DEL -> DXB,14500.0,17090.0,17990.0,1.053,220,31,0.141,0.86,2,0,Standard,1.0,Normal Day,1.0,Student Traveler,1.33,1.0,0.546,7.5,73.81,10
flight,FLT-01,JetExpress 9W-445,BOM -> CCU,5800.0,7280.0,10100.0,1.387,180,33,0.183,0.819,20,0,Standard,1.0,Festival,1.5,Corporate Traveler,0.19,8.2,0.777,8.5,100.0,14
flight,FLT-02,SkyWings 6E-512,BLR -> DEL,6200.0,6670.0,15500.0,2.324,180,64,0.356,0.646,6,1,Festival Surge,1.45,Festival,1.5,Corporate Traveler,0.16,7.9,0.779,8.5,100.0,12
flight,FLT-03,JetExpress 9W-110,HYD -> MAA,3600.0,4630.0,4170.0,0.901,140,20,0.143,0.856,6,0,Low Traffic,0.85,Normal Day,1.0,Student Traveler,1.41,1.9,0.393,4.5,51.46,2
flight,FLT-04,Vistara Line UK-821,MAA -> DEL,6400.0,7270.0,11860.0,1.631,160,15,0.094,0.907,5,0,Standard,1.0,Holiday,1.35,Student Traveler,1.36,0.3,0.656,7.5,90.67,12
flight,FLT-05,Vistara Line UK-821,MAA -> DEL,6400.0,7750.0,8000.0,1.032,160,36,0.225,0.774,20,0,Standard,1.0,Normal Day,1.0,Student Traveler,1.34,4.2,0.476,5.5,63.41,5
flight,FLT-06,AeroIndia AI-801,BOM -> GOA,4200.0,4970.0,4970.0,1.0,150,47,0.313,0.688,6,0,Standard,1.0,Normal Day,1.0,Corporate Traveler,0.21,9.2,0.544,3.5,65.15,4
flight,FLT-07,Vistara Line UK-992,DEL -> BLR,6800.0,7950.0,17290.0,2.175,160,49,0.306,0.695,16,0,Festival Surge,1.45,Festival,1.5,Last-minute Rush,0.04,1.4,0.785,8.5,100.0,16
flight,FLT-08,Vistara Line UK-992,DEL -> BLR,6800.0,7500.0,7140.0,0.952,160,47,0.294,0.703,1,0,Standard,1.0,Normal Day,1.0,Corporate Traveler,0.23,17.2,0.633,9.5,78.64,12
flight,FLT-01,JetExpress 9W-445,BOM -> CCU,5800.0,6810.0,8040.0,1.181,180,30,0.167,0.836,5,0,Standard,1.0,Normal Day,1.0,Corporate Traveler,0.27,8.2,0.707,9.5,90.1,13
flight,FLT-02,SkyWings 6E-512,BLR -> DEL,6200.0,7840.0,9080.0,1.158,180,20,0.111,0.888,3,1,Standard,1.0,Weekend,1.15,Corporate Traveler,0.25,3.5,0.69,5.5,87.31,8
flight,FLT-03,AeroIndia AI-303,DEL -> DXB,14500.0,17820.0,17500.0,0.982,220,40,0.182,0.82,16,0,Standard,1.0,Normal Day,1.0,Leisure Flyer,1.14,0.1,0.412,1.5,52.29,1
flight,FLT-04,SkyWings 6E-512,BLR -> DEL,6200.0,6060.0,5630.0,0.929,180,118,0.656,0.345,45,0,Standard,1.0,Normal Day,1.0,Corporate Traveler,0.22,7.2,0.471,3.5,54.25,6
flight,FLT-05,AeroIndia AI-801,BOM -> GOA,4200.0,4410.0,5280.0,1.197,150,80,0.533,0.464,16,1,Standard,1.0,Weekend,1.15,Last-minute Rush,0.18,0.9,0.52,4.5,61.4,6
flight,FLT-06,SkyWings 6E-512,BLR -> DEL,6200.0,6400.0,5310.0,0.83,180,108,0.6,0.398,44,0,Low Traffic,0.85,Normal Day,1.0,Leisure Flyer,1.06,2.4,0.28,1.5,31.98,1
flight,FLT-07,AeroIndia AI-801,BOM -> GOA,4200.0,4970.0,6520.0,1.312,150,49,0.327,0.673,11,1,Standard,1.0,Weekend,1.15,Corporate Traveler,0.24,4.1,0.615,0.5,76.01,0
flight,FLT-08,JetExpress 9W-110,HYD -> MAA,3600.0,3970.0,5340.0,1.345,140,46,0.329,0.67,2,0,Vacation Peak,1.3,Normal Day,1.0,Leisure Flyer,1.09,0.7,0.549,3.5,72.47,4
flight,FLT-01,JetExpress 9W-445,BOM -> CCU,5800.0,7040.0,9070.0,1.288,180,26,0.144,0.855,8,1,Standard,1.0,Weekend,1.15,Corporate Traveler,0.29,2.9,0.627,1.5,78.22,2
flight,FLT-02,JetExpress 9W-110,HYD -> MAA,3600.0,3980.0,7830.0,1.967,140,54,0.386,0.612,20,0,Festival Surge,1.45,Holiday,1.35,Leisure Flyer,1.04,1.0,0.735,6.5,100.0,10
flight,FLT-03,SkyWings 6E-512,BLR -> DEL,6200.0,6690.0,8970.0,1.341,180,84,0.467,0.534,26,1,Vacation Peak,1.3,Weekend,1.15,Corporate Traveler,0.21,7.7,0.655,3.5,81.81,7
flight,FLT-04,SkyWings 6E-204,DEL -> BOM,5500.0,6650.0,6740.0,1.014,180,29,0.161,0.841,2,1,Standard,1.0,Weekend,1.15,Student Traveler,1.4,0.6,0.56,11.5,76.55,15
flight,FLT-05,SkyWings 6E-512,BLR -> DEL,6200.0,6900.0,7090.0,1.028,180,66,0.367,0.635,6,0,Standard,1.0,Normal Day,1.0,Leisure Flyer,1.18,3.5,0.419,4.5,53.73,6
flight,FLT-06,Vistara Line UK-992,DEL -> BLR,6800.0,8670.0,9740.0,1.123,160,15,0.094,0.904,4,0,Standard,1.0,Normal Day,1.0,Corporate Traveler,0.26,7.6,0.751,10.5,96.67,15
flight,FLT-07,Vistara Line UK-821,MAA -> DEL,6400.0,8570.0,9580.0,1.118,160,10,0.062,0.94,9,1,Standard,1.0,Weekend,1.15,Corporate Traveler,0.2,4.7,0.662,2.5,82.84,4
flight,FLT-08,AeroIndia AI-801,BOM -> GOA,4200.0,5480.0,5240.0,0.956,150,21,0.14,0.857,10,0,Standard,1.0,Normal Day,1.0,Last-minute Rush,0.21,0.3,0.544,2.5,65.14,2
flight,FLT-01,AeroIndia AI-801,BOM -> GOA,4200.0,5050.0,5880.0,1.164,150,26,0.173,0.825,11,1,Standard,1.0,Weekend,1.15,Last-minute Rush,0.24,0.9,0.589,2.5,72.14,3
flight,FLT-02,Vistara Line UK-992,DEL -> BLR,6800.0,8860.0,7020.0,0.792,160,18,0.113,0.888,19,0,Low Traffic,0.85,Normal Day,1.0,Corporate Traveler,0.23,4.6,0.504,2.5,59.27,3
flight,FLT-03,SkyWings 6E-204,DEL -> BOM,5500.0,7370.0,9940.0,1.349,180,23,0.128,0.872,6,1,Vacation Peak,1.3,Weekend,1.15,Corporate Traveler,0.26,7.9,0.721,6.5,92.14,10
flight,FLT-04,JetExpress 9W-110,HYD -> MAA,3600.0,4380.0,9420.0,2.151,140,18,0.129,0.868,6,1,Festival Surge,1.45,Holiday,1.35,Last-minute Rush,0.2,1.5,0.777,9.5,100.0,13
flight,FLT-05,Vistara Line UK-992,DEL -> BLR,6800.0,8680.0,12220.0,1.408,160,20,0.125,0.876,2,0,Vacation Peak,1.3,Normal Day,1.0,Corporate Traveler,0.22,9.2,0.745,4.5,95.37,5
flight,FLT-06,SkyWings 6E-204,DEL -> BOM,5500.0,5500.0,6540.0,1.189,180,89,0.494,0.503,34,0,Standard,1.0,Normal Day,1.0,Corporate Traveler,0.26,5.9,0.514,2.5,61.05,4
flight,FLT-07,SkyWings 6E-512,BLR -> DEL,6200.0,6980.0,10340.0,1.481,180,46,0.256,0.745,20,0,Standard,1.0,Holiday,1.35,Corporate Traveler,0.19,2.6,0.686,6.5,86.29,6
flight,FLT-08,AeroIndia AI-801,BOM -> GOA,4200.0,5120.0,6070.0,1.186,150,17,0.113,0.889,4,0,Standard,1.0,Normal Day,1.0,Corporate Traveler,0.2,15.0,0.686,9.5,86.33,13
flight,FLT-01,Vistara Line UK-992,DEL -> BLR,6800.0,8160.0,8160.0,1.0,160,28,0.175,0.823,2,0,Low Traffic,0.85,Normal Day,1.0,Corporate Traveler,0.2,7.6,0.53,3.5,62.99,4
flight,FLT-02,SkyWings 6E-204,DEL -> BOM,5500.0,5730.0,9960.0,1.738,180,75,0.417,0.583,28,1,Vacation Peak,1.3,Weekend,1.15,Corporate Traveler,0.22,4.3,0.715,3.5,90.96,5
flight,FLT-03,Vistara Line UK-992,DEL -> BLR,6800.0,7890.0,8150.0,1.033,160,58,0.362,0.638,12,1,Low Traffic,0.85,Weekend,1.15,Leisure Flyer,1.05,2.1,0.502,4.5,65.23,4
flight,FLT-04,Vistara Line UK-992,DEL -> BLR,6800.0,9390.0,9790.0,1.043,160,3,0.019,0.98,6,1,Standard,1.0,Weekend,1.15,Leisure Flyer,1.16,0.0,0.548,4.5,72.95,3
flight,FLT-05,AeroIndia AI-801,BOM -> GOA,4200.0,5330.0,6790.0,1.274,150,22,0.147,0.855,11,0,Vacation Peak,1.3,Normal Day,1.0,Leisure Flyer,1.04,0.5,0.577,2.5,76.38,2
flight,FLT-06,SkyWings 6E-204,DEL -> BOM,5500.0,7080.0,12460.0,1.76,180,4,0.022,0.98,7,0,Vacation Peak,1.3,Holiday,1.35,Corporate Traveler,0.2,10.2,0.777,6.5,100.0,4
flight,FLT-07,SkyWings 6E-204,DEL -> BOM,5500.0,6310.0,14890.0,2.36,180,47,0.261,0.74,16,1,Festival Surge,1.45,Major Event,1.55,Student Traveler,1.37,0.3,0.718,8.5,100.0,13
flight,FLT-08,AeroIndia AI-303,DEL -> DXB,14500.0,15540.0,14650.0,0.943,220,116,0.527,0.474,27,0,Standard,1.0,Normal Day,1.0,Last-minute Rush,0.04,0.6,0.497,4.5,56.85,7
flight,FLT-01,Vistara Line UK-992,DEL -> BLR,6800.0,8040.0,7010.0,0.872,160,34,0.212,0.79,7,0,Low Traffic,0.85,Normal Day,1.0,Student Traveler,1.38,1.5,0.448,4.5,59.53,5
flight,FLT-02,SkyWings 6E-512,BLR -> DEL,6200.0,7840.0,9080.0,1.158,180,7,0.039,0.96,2,1,Standard,1.0,Weekend,1.15,Last-minute Rush,0.1,2.7,0.768,9.5,98.02,7
flight,FLT-03,Vistara Line UK-821,MAA -> DEL,6400.0,7300.0,17860.0,2.447,160,28,0.175,0.823,8,0,Festival Surge,1.45,Major Event,1.55,Last-minute Rush,0.13,0.9,0.78,6.5,100.0,12
flight,FLT-04,JetExpress 9W-445,BOM -> CCU,5800.0,6830.0,14990.0,2.195,180,23,0.128,0.873,6,0,Vacation Peak,1.3,Festival,1.5,Corporate Traveler,0.28,10.6,0.773,6.5,100.0,9
flight,FLT-05,AeroIndia AI-303,DEL -> DXB,14500.0,16030.0,31370.0,1.957,220,63,0.286,0.712,8,0,Festival Surge,1.45,Holiday,1.35,Leisure Flyer,1.1,0.5,0.732,6.5,100.0,8
flight,FLT-06,Vistara Line UK-821,MAA -> DEL,6400.0,7550.0,12380.0,1.64,160,43,0.269,0.729,3,1,Vacation Peak,1.3,Weekend,1.15,Leisure Flyer,1.15,2.5,0.608,3.5,81.85,6
flight,FLT-07,AeroIndia AI-303,DEL -> DXB,14500.0,19020.0,17590.0,0.925,220,12,0.055,0.945,4,0,Low Traffic,0.85,Normal Day,1.0,Leisure Flyer,1.1,0.3,0.528,7.5,69.4,10
flight,FLT-08,AeroIndia AI-801,BOM -> GOA,4200.0,4750.0,6350.0,1.337,150,35,0.233,0.767,9,1,Standard,1.0,Weekend,1.15,Leisure Flyer,1.14,1.2,0.507,5.5,66.66,4
flight,FLT-01,SkyWings 6E-512,BLR -> DEL,6200.0,7310.0,9550.0,1.306,180,31,0.172,0.826,1,1,Standard,1.0,Weekend,1.15,Student Traveler,1.42,0.7,0.556,4.5,76.08,4
flight,FLT-02,AeroIndia AI-303,DEL -> DXB,14500.0,14120.0,11990.0,0.849,220,130,0.591,0.41,29,0,Low Traffic,0.85,Normal Day,1.0,Leisure Flyer,1.06,2.0,0.26,2.5,28.89,1
flight,FLT-03,SkyWings 6E-512,BLR -> DEL,6200.0,7200.0,17790.0,2.471,180,4,0.022,0.98,6,0,Festival Surge,1.45,Festival,1.5,Student Traveler,1.45,1.8,0.714,9.5,100.0,4
flight,FLT-04,SkyWings 6E-204,DEL -> BOM,5500.0,6230.0,8520.0,1.368,180,60,0.333,0.666,16,0,Vacation Peak,1.3,Normal Day,1.0,Student Traveler,1.33,0.8,0.553,6.5,74.9,5
flight,FLT-05,SkyWings 6E-512,BLR -> DEL,6200.0,7220.0,7710.0,1.068,180,43,0.239,0.76,2,0,Standard,1.0,Normal Day,1.0,Student Traveler,1.42,2.7,0.515,10.5,69.87,10
flight,FLT-06,AeroIndia AI-303,DEL -> DXB,14500.0,17340.0,26980.0,1.556,220,56,0.255,0.744,1,1,Vacation Peak,1.3,Weekend,1.15,Corporate Traveler,0.26,9.8,0.76,4.5,97.98,5
flight,FLT-07,AeroIndia AI-303,DEL -> DXB,14500.0,14740.0,18480.0,1.254,220,83,0.377,0.624,22,0,Vacation Peak,1.3,Normal Day,1.0,Student Traveler,1.39,0.4,0.494,2.5,66.49,2
flight,FLT-08,SkyWings 6E-204,DEL -> BOM,5500.0,6210.0,5980.0,0.963,180,44,0.244,0.754,10,0,Low Traffic,0.85,Normal Day,1.0,Corporate Traveler,0.23,12.2,0.595,6.5,72.95,7
flight,FLT-01,SkyWings 6E-512,BLR -> DEL,6200.0,7560.0,8440.0,1.116,180,45,0.25,0.753,15,0,Standard,1.0,Normal Day,1.0,Leisure Flyer,1.11,0.8,0.511,1.5,67.0,1
flight,FLT-02,SkyWings 6E-512,BLR -> DEL,6200.0,7660.0,6790.0,0.886,180,42,0.233,0.767,2,0,Low Traffic,0.85,Normal Day,1.0,Last-minute Rush,0.11,1.6,0.56,6.5,66.85,8
flight,FLT-03,JetExpress 9W-110,HYD -> MAA,3600.0,3820.0,5320.0,1.393,140,63,0.45,0.551,35,0,Vacation Peak,1.3,Normal Day,1.0,Last-minute Rush,0.17,0.8,0.539,3.5,64.15,5
flight,FLT-04,Vistara Line UK-821,MAA -> DEL,6400.0,8520.0,12600.0,1.479,160,20,0.125,0.876,6,1,Vacation Peak,1.3,Weekend,1.15,Student Traveler,1.39,0.5,0.587,2.5,80.4,3
flight,FLT-05,SkyWings 6E-204,DEL -> BOM,5500.0,6430.0,7480.0,1.163,180,56,0.311,0.687,26,1,Low Traffic,0.85,Holiday,1.35,Corporate Traveler,0.21,18.6,0.718,8.5,91.3,12
flight,FLT-06,AeroIndia AI-303,DEL -> DXB,14500.0,17260.0,13670.0,0.792,220,41,0.186,0.812,3,0,Low Traffic,0.85,Normal Day,1.0,Leisure Flyer,1.09,2.6,0.441,4.5,56.3,3
flight,FLT-07,AeroIndia AI-303,DEL -> DXB,14500.0,18320.0,41490.0,2.265,220,23,0.105,0.893,6,0,Festival Surge,1.45,Major Event,1.55,Leisure Flyer,1.06,0.7,0.734,6.5,100.0,8
flight,FLT-08,SkyWings 6E-204,DEL -> BOM,5500.0,6770.0,7080.0,1.046,180,25,0.139,0.862,7,0,Standard,1.0,Normal Day,1.0,Leisure Flyer,1.1,0.9,0.487,2.5,63.32,0
flight,FLT-01,Vistara Line UK-821,MAA -> DEL,6400.0,8160.0,16170.0,1.982,160,27,0.169,0.833,6,0,Festival Surge,1.45,Holiday,1.35,Corporate Traveler,0.28,3.8,0.773,10.5,100.0,16
flight,FLT-02,Vistara Line UK-821,MAA -> DEL,6400.0,7320.0,18360.0,2.508,160,25,0.156,0.844,5,1,Festival Surge,1.45,Festival,1.5,Last-minute Rush,0.13,0.1,0.78,5.5,100.0,8
flight,FLT-03,AeroIndia AI-801,BOM -> GOA,4200.0,4690.0,10480.0,2.235,150,34,0.227,0.77,4,0,Festival Surge,1.45,Holiday,1.35,Last-minute Rush,0.24,0.1,0.775,3.5,100.0,7
flight,FLT-04,Vistara Line UK-821,MAA -> DEL,6400.0,7560.0,9240.0,1.222,160,39,0.244,0.754,5,0,Vacation Peak,1.3,Normal Day,1.0,Leisure Flyer,1.09,0.4,0.649,8.5,87.58,11
flight,FLT-05,JetExpress 9W-110,HYD -> MAA,3600.0,4410.0,9150.0,2.075,140,16,0.114,0.887,7,0,Festival Surge,1.45,Holiday,1.35,Student Traveler,1.44,0.1,0.715,6.5,100.0,9
flight,FLT-06,JetExpress 9W-445,BOM -> CCU,5800.0,7210.0,6860.0,0.951,180,41,0.228,0.772,10,0,Standard,1.0,Normal Day,1.0,Last-minute Rush,0.09,0.2,0.535,1.5,62.9,1
flight,FLT-07,SkyWings 6E-204,DEL -> BOM,5500.0,6750.0,5720.0,0.847,180,53,0.294,0.707,3,0,Standard,1.0,Normal Day,1.0,Leisure Flyer,1.14,2.2,0.529,8.5,69.95,8
flight,FLT-08,JetExpress 9W-445,BOM -> CCU,5800.0,6730.0,8040.0,1.195,180,53,0.294,0.708,5,1,Standard,1.0,Weekend,1.15,Leisure Flyer,1.03,5.4,0.546,3.5,71.55,6
flight,FLT-01,Vistara Line UK-992,DEL -> BLR,6800.0,7600.0,7770.0,1.022,160,47,0.294,0.709,23,1,Low Traffic,0.85,Weekend,1.15,Corporate Traveler,0.33,11.3,0.546,2.5,66.31,2
flight,FLT-02,Vistara Line UK-992,DEL -> BLR,6800.0,7860.0,8690.0,1.106,160,49,0.306,0.691,6,0,Standard,1.0,Normal Day,1.0,Leisure Flyer,1.08,3.1,0.49,2.5,63.59,4
flight,FLT-03,SkyWings 6E-204,DEL -> BOM,5500.0,6110.0,7750.0,1.268,180,53,0.294,0.705,5,1,Standard,1.0,Weekend,1.15,Corporate Traveler,0.25,9.7,0.699,8.5,88.79,14
flight,FLT-04,AeroIndia AI-801,BOM -> GOA,4200.0,5040.0,5760.0,1.143,150,9,0.06,0.939,3,0,Standard,1.0,Normal Day,1.0,Corporate Traveler,0.25,8.5,0.629,9.5,78.29,9
flight,FLT-05,Vistara Line UK-821,MAA -> DEL,6400.0,7250.0,8230.0,1.135,160,46,0.287,0.712,15,1,Standard,1.0,Weekend,1.15,Student Traveler,1.36,0.5,0.453,2.5,60.14,2
flight,FLT-06,Vistara Line UK-992,DEL -> BLR,6800.0,8270.0,9030.0,1.092,160,42,0.263,0.735,11,0,Standard,1.0,Normal Day,1.0,Corporate Traveler,0.24,8.8,0.67,4.5,84.36,5
flight,FLT-07,AeroIndia AI-801,BOM -> GOA,4200.0,5060.0,10070.0,1.99,150,20,0.133,0.865,3,1,Festival Surge,1.45,Holiday,1.35,Leisure Flyer,1.11,0.1,0.731,12.5,100.0,19
flight,FLT-08,SkyWings 6E-204,DEL -> BOM,5500.0,7130.0,8030.0,1.126,180,21,0.117,0.883,19,1,Standard,1.0,Weekend,1.15,Corporate Traveler,0.25,12.2,0.613,1.5,75.78,2
flight,FLT-01,SkyWings 6E-204,DEL -> BOM,5500.0,6480.0,14340.0,2.213,180,20,0.111,0.889,8,1,Vacation Peak,1.3,Major Event,1.55,Leisure Flyer,1.09,1.7,0.732,9.5,100.0,16
flight,FLT-02,SkyWings 6E-512,BLR -> DEL,6200.0,7540.0,7290.0,0.967,180,25,0.139,0.862,1,0,Low Traffic,0.85,Normal Day,1.0,Last-minute Rush,0.23,4.7,0.679,10.5,85.57,16
flight,FLT-03,Vistara Line UK-992,DEL -> BLR,6800.0,7810.0,13100.0,1.677,160,46,0.287,0.712,19,0,Standard,1.0,Festival,1.5,Student Traveler,1.44,0.8,0.623,7.5,86.22,11
flight,FLT-04,Vistara Line UK-992,DEL -> BLR,6800.0,7890.0,6660.0,0.844,160,37,0.231,0.77,5,0,Low Traffic,0.85,Normal Day,1.0,Last-minute Rush,0.14,1.8,0.593,8.5,72.06,11
flight,FLT-05,JetExpress 9W-445,BOM -> CCU,5800.0,6260.0,8280.0,1.323,180,74,0.411,0.587,2,0,Vacation Peak,1.3,Normal Day,1.0,Last-minute Rush,0.18,0.4,0.585,4.5,71.04,4
flight,FLT-06,JetExpress 9W-110,HYD -> MAA,3600.0,4180.0,5480.0,1.311,140,27,0.193,0.805,14,1,Low Traffic,0.85,Festival,1.5,Student Traveler,1.39,0.0,0.578,8.5,79.1,10
flight,FLT-07,AeroIndia AI-303,DEL -> DXB,14500.0,16640.0,34080.0,2.048,220,58,0.264,0.735,2,1,Festival Surge,1.45,Major Event,1.55,Student Traveler,1.4,0.4,0.717,7.5,100.0,9
flight,FLT-08,AeroIndia AI-303,DEL -> DXB,14500.0,17320.0,15140.0,0.874,220,49,0.223,0.779,9,0,Low Traffic,0.85,Normal Day,1.0,Last-minute Rush,0.14,1.4,0.47,1.5,53.5,2
flight,FLT-01,JetExpress 9W-110,HYD -> MAA,3600.0,4570.0,9310.0,2.037,140,26,0.186,0.815,2,0,Festival Surge,1.45,Festival,1.5,Leisure Flyer,1.11,0.5,0.731,7.5,100.0,10
flight,FLT-02,JetExpress 9W-445,BOM -> CCU,5800.0,7130.0,15700.0,2.202,180,5,0.028,0.97,1,0,Festival Surge,1.45,Holiday,1.35,Leisure Flyer,1.14,2.2,0.73,7.5,100.0,5
flight,FLT-03,SkyWings 6E-204,DEL -> BOM,5500.0,6310.0,9760.0,1.547,180,51,0.283,0.716,27,1,Vacation Peak,1.3,Weekend,1.15,Corporate Traveler,0.25,11.7,0.743,4.5,95.32,7
flight,FLT-04,SkyWings 6E-204,DEL -> BOM,5500.0,6560.0,12090.0,1.843,180,24,0.133,0.868,8,1,Festival Surge,1.45,Holiday,1.35,Leisure Flyer,1.06,1.5,0.734,10.5,100.0,18
flight,FLT-05,AeroIndia AI-801,BOM -> GOA,4200.0,5150.0,5700.0,1.107,150,47,0.313,0.69,16,1,Standard,1.0,Weekend,1.15,Student Traveler,1.39,0.0,0.468,1.5,62.68,2
flight,FLT-06,SkyWings 6E-204,DEL -> BOM,5500.0,6640.0,15320.0,2.307,180,30,0.167,0.832,1,0,Festival Surge,1.45,Major Event,1.55,Leisure Flyer,1.1,2.6,0.732,4.5,100.0,5
flight,FLT-07,AeroIndia AI-303,DEL -> DXB,14500.0,16750.0,19070.0,1.139,220,116,0.527,0.471,14,0,Vacation Peak,1.3,Normal Day,1.0,Leisure Flyer,1.13,0.7,0.575,9.5,76.65,12
flight,FLT-08,SkyWings 6E-204,DEL -> BOM,5500.0,7390.0,7330.0,0.992,180,8,0.044,0.957,5,0,Standard,1.0,Normal Day,1.0,Leisure Flyer,1.14,1.3,0.529,4.5,69.87,8
flight,FLT-01,Vistara Line UK-992,DEL -> BLR,6800.0,8670.0,9940.0,1.146,160,13,0.081,0.921,4,1,Standard,1.0,Weekend,1.15,Corporate Traveler,0.22,6.2,0.701,8.5,88.75,13
flight,FLT-02,JetExpress 9W-445,BOM -> CCU,5800.0,6830.0,6750.0,0.988,180,48,0.267,0.731,12,0,Standard,1.0,Normal Day,1.0,Student Traveler,1.43,1.8,0.425,1.5,56.51,2
flight,FLT-03,Vistara Line UK-992,DEL -> BLR,6800.0,8010.0,7540.0,0.941,160,32,0.2,0.799,3,0,Low Traffic,0.85,Normal Day,1.0,Leisure Flyer,1.05,0.7,0.54,8.5,70.92,5
flight,FLT-04,SkyWings 6E-204,DEL -> BOM,5500.0,6220.0,7860.0,1.264,180,50,0.278,0.723,13,0,Vacation Peak,1.3,Normal Day,1.0,Corporate Traveler,0.21,7.4,0.71,5.5,90.03,6
flight,FLT-05,AeroIndia AI-303,DEL -> DXB,14500.0,16990.0,20820.0,1.225,220,56,0.255,0.746,2,1,Standard,1.0,Weekend,1.15,Corporate Traveler,0.25,7.6,0.693,8.5,87.85,8
flight,FLT-06,AeroIndia AI-303,DEL -> DXB,14500.0,14800.0,31760.0,2.146,220,130,0.591,0.408,33,0,Festival Surge,1.45,Festival,1.5,Student Traveler,1.38,0.7,0.705,6.5,98.05,6
flight,FLT-07,SkyWings 6E-512,BLR -> DEL,6200.0,6850.0,5800.0,0.847,180,101,0.561,0.441,36,0,Standard,1.0,Normal Day,1.0,Student Traveler,1.43,1.4,0.227,2.5,26.75,0
flight,FLT-08,Vistara Line UK-992,DEL -> BLR,6800.0,8620.0,8560.0,0.993,160,24,0.15,0.848,3,1,Low Traffic,0.85,Weekend,1.15,Leisure Flyer,1.16,0.1,0.545,10.5,72.39,10
flight,FLT-01,Vistara Line UK-992,DEL -> BLR,6800.0,8060.0,7860.0,0.975,160,23,0.144,0.857,7,0,Standard,1.0,Normal Day,1.0,Leisure Flyer,1.12,3.7,0.476,3.5,61.74,3
flight,FLT-02,Vistara Line UK-821,MAA -> DEL,6400.0,7650.0,10810.0,1.413,160,21,0.131,0.872,6,0,Low Traffic,0.85,Festival,1.5,Leisure Flyer,1.1,0.2,0.635,7.5,85.53,11
flight,FLT-03,Vistara Line UK-821,MAA -> DEL,6400.0,7530.0,9650.0,1.282,160,40,0.25,0.751,17,1,Standard,1.0,Weekend,1.15,Leisure Flyer,1.15,0.5,0.506,1.5,66.58,0
flight,FLT-04,SkyWings 6E-204,DEL -> BOM,5500.0,5040.0,12500.0,2.48,180,104,0.578,0.425,26,0,Festival Surge,1.45,Major Event,1.55,Corporate Traveler,0.3,11.9,0.772,8.5,100.0,12
flight,FLT-05,JetExpress 9W-110,HYD -> MAA,3600.0,4440.0,4250.0,0.957,140,28,0.2,0.797,6,0,Standard,1.0,Normal Day,1.0,Leisure Flyer,1.15,1.7,0.42,2.5,53.63,3
flight,FLT-06,JetExpress 9W-445,BOM -> CCU,5800.0,6880.0,10750.0,1.562,180,41,0.228,0.775,5,1,Vacation Peak,1.3,Weekend,1.15,Last-minute Rush,0.14,0.1,0.737,1.5,93.65,3
flight,FLT-07,JetExpress 9W-110,HYD -> MAA,3600.0,3820.0,3360.0,0.88,140,54,0.386,0.614,29,0,Low Traffic,0.85,Normal Day,1.0,Leisure Flyer,1.11,0.2,0.363,5.5,44.71,4
flight,FLT-08,SkyWings 6E-204,DEL -> BOM,5500.0,6510.0,6660.0,1.023,180,40,0.222,0.78,1,0,Standard,1.0,Normal Day,1.0,Last-minute Rush,0.11,0.7,0.62,9.5,75.8,12
flight,FLT-01,JetExpress 9W-110,HYD -> MAA,3600.0,4120.0,9900.0,2.403,140,38,0.271,0.729,7,0,Festival Surge,1.45,Major Event,1.55,Corporate Traveler,0.19,3.1,0.777,4.5,100.0,8
flight,FLT-02,JetExpress 9W-445,BOM -> CCU,5800.0,8250.0,7450.0,0.903,180,4,0.022,0.98,3,0,Standard,1.0,Normal Day,1.0,Leisure Flyer,1.1,1.3,0.517,4.5,67.78,4
flight,FLT-03,JetExpress 9W-445,BOM -> CCU,5800.0,6950.0,8110.0,1.167,180,28,0.156,0.846,3,1,Standard,1.0,Weekend,1.15,Last-minute Rush,0.18,5.6,0.778,11.5,100.0,18
flight,FLT-04,AeroIndia AI-801,BOM -> GOA,4200.0,4640.0,4690.0,1.011,150,61,0.407,0.595,1,0,Standard,1.0,Normal Day,1.0,Leisure Flyer,1.06,4.8,0.54,9.5,70.98,9
flight,FLT-05,JetExpress 9W-110,HYD -> MAA,3600.0,4040.0,7610.0,1.884,140,41,0.293,0.708,13,0,Vacation Peak,1.3,Holiday,1.35,Corporate Traveler,0.23,6.3,0.775,5.5,100.0,10
flight,FLT-06,JetExpress 9W-445,BOM -> CCU,5800.0,7080.0,16120.0,2.277,180,17,0.094,0.906,1,1,Festival Surge,1.45,Major Event,1.55,Leisure Flyer,1.08,1.7,0.733,10.5,100.0,17
flight,FLT-07,JetExpress 9W-110,HYD -> MAA,3600.0,4610.0,6100.0,1.323,140,18,0.129,0.87,2,0,Vacation Peak,1.3,Normal Day,1.0,Corporate Traveler,0.24,5.8,0.718,10.5,91.44,15
flight,FLT-08,AeroIndia AI-801,BOM -> GOA,4200.0,5180.0,4520.0,0.873,150,38,0.253,0.746,14,0,Standard,1.0,Normal Day,1.0,Corporate Traveler,0.22,4.1,0.566,4.5,68.58,6
flight,FLT-01,SkyWings 6E-512,BLR -> DEL,6200.0,7290.0,9610.0,1.318,180,51,0.283,0.717,9,0,Vacation Peak,1.3,Normal Day,1.0,Corporate Traveler,0.28,17.4,0.667,3.5,84.15,3
flight,FLT-02,AeroIndia AI-303,DEL -> DXB,14500.0,15660.0,11490.0,0.734,220,115,0.523,0.475,26,0,Low Traffic,0.85,Normal Day,1.0,Student Traveler,1.38,1.1,0.274,2.5,33.47,1
flight,FLT-03,SkyWings 6E-204,DEL -> BOM,5500.0,6230.0,8600.0,1.38,180,68,0.378,0.621,31,0,Vacation Peak,1.3,Normal Day,1.0,Corporate Traveler,0.26,6.4,0.634,5.5,79.06,9
flight,FLT-04,Vistara Line UK-821,MAA -> DEL,6400.0,7440.0,9870.0,1.327,160,28,0.175,0.828,11,0,Vacation Peak,1.3,Normal Day,1.0,Student Traveler,1.35,0.9,0.57,4.5,77.69,7
flight,FLT-05,Vistara Line UK-992,DEL -> BLR,6800.0,8610.0,10480.0,1.217,160,13,0.081,0.92,1,1,Low Traffic,0.85,Holiday,1.35,Leisure Flyer,1.13,0.6,0.614,5.5,82.59,4
flight,FLT-06,SkyWings 6E-204,DEL -> BOM,5500.0,5980.0,5590.0,0.935,180,79,0.439,0.561,6,1,Low Traffic,0.85,Weekend,1.15,Corporate Traveler,0.32,12.3,0.599,8.5,74.26,7
flight,FLT-07,SkyWings 6E-512,BLR -> DEL,6200.0,6550.0,9970.0,1.522,180,60,0.333,0.667,10,1,Vacation Peak,1.3,Weekend,1.15,Leisure Flyer,1.07,0.2,0.628,4.5,84.28,5
flight,FLT-08,AeroIndia AI-801,BOM -> GOA,4200.0,4450.0,4430.0,0.996,150,67,0.447,0.556,28,0,Standard,1.0,Normal Day,1.0,Leisure Flyer,1.08,1.9,0.357,4.5,43.7,4
flight,FLT-01,Vistara Line UK-821,MAA -> DEL,6400.0,7160.0,6630.0,0.926,160,35,0.219,0.781,8,0,Low Traffic,0.85,Normal Day,1.0,Leisure Flyer,1.11,0.8,0.381,2.5,47.54,2
flight,FLT-02,SkyWings 6E-512,BLR -> DEL,6200.0,7590.0,7970.0,1.05,180,19,0.106,0.892,6,1,Low Traffic,0.85,Weekend,1.15,Leisure Flyer,1.1,1.5,0.525,4.5,69.04,5
flight,FLT-03,SkyWings 6E-512,BLR -> DEL,6200.0,8090.0,10720.0,1.325,180,4,0.022,0.98,3,1,Low Traffic,0.85,Major Event,1.55,Leisure Flyer,1.14,0.1,0.715,8.5,97.77,4
flight,FLT-04,AeroIndia AI-303,DEL -> DXB,14500.0,18480.0,29070.0,1.573,220,28,0.127,0.873,20,1,Standard,1.0,Major Event,1.55,Leisure Flyer,1.11,0.4,0.699,8.5,95.22,13
flight,FLT-05,AeroIndia AI-303,DEL -> DXB,14500.0,17940.0,18660.0,1.04,220,35,0.159,0.839,2,0,Standard,1.0,Normal Day,1.0,Last-minute Rush,0.21,0.4,0.64,8.5,79.52,7
flight,FLT-06,SkyWings 6E-204,DEL -> BOM,5500.0,6150.0,9190.0,1.494,180,66,0.367,0.632,34,0,Vacation Peak,1.3,Holiday,1.35,Corporate Traveler,0.16,3.8,0.758,5.5,96.92,7
flight,FLT-07,JetExpress 9W-445,BOM -> CCU,5800.0,7000.0,19100.0,2.729,180,29,0.161,0.838,4,0,Festival Surge,1.45,Major Event,1.55,Leisure Flyer,1.09,0.7,0.732,6.5,100.0,10
flight,FLT-08,JetExpress 9W-445,BOM -> CCU,5800.0,8030.0,10250.0,1.276,180,4,0.022,0.98,12,0,Vacation Peak,1.3,Normal Day,1.0,Student Traveler,1.42,2.1,0.62,3.5,85.71,4
flight,FLT-01,JetExpress 9W-110,HYD -> MAA,3600.0,4240.0,4110.0,0.969,140,26,0.186,0.812,8,0,Standard,1.0,Normal Day,1.0,Student Traveler,1.4,0.9,0.432,1.5,57.33,1
flight,FLT-02,JetExpress 9W-445,BOM -> CCU,5800.0,6270.0,10110.0,1.612,180,74,0.411,0.59,25,0,Standard,1.0,Major Event,1.55,Student Traveler,1.4,1.8,0.661,11.5,91.68,12
flight,FLT-03,AeroIndia AI-303,DEL -> DXB,14500.0,18540.0,24260.0,1.309,220,11,0.05,0.949,10,0,Standard,1.0,Holiday,1.35,Leisure Flyer,1.19,1.2,0.71,11.5,97.4,11
flight,FLT-04,SkyWings 6E-512,BLR -> DEL,6200.0,6300.0,9760.0,1.549,180,80,0.444,0.554,2,1,Vacation Peak,1.3,Weekend,1.15,Leisure Flyer,1.13,2.4,0.618,5.5,83.21,9
flight,FLT-05,AeroIndia AI-303,DEL -> DXB,14500.0,18030.0,17770.0,0.986,220,23,0.105,0.896,4,1,Standard,1.0,Weekend,1.15,Leisure Flyer,1.08,0.6,0.653,15.5,88.11,19
flight,FLT-06,AeroIndia AI-303,DEL -> DXB,14500.0,17110.0,13690.0,0.8,220,73,0.332,0.667,13,0,Low Traffic,0.85,Normal Day,1.0,Corporate Traveler,0.26,6.3,0.483,4.5,56.43,3
flight,FLT-07,AeroIndia AI-303,DEL -> DXB,14500.0,15050.0,14550.0,0.967,220,109,0.495,0.502,39,0,Standard,1.0,Normal Day,1.0,Leisure Flyer,1.09,1.0,0.327,1.5,39.26,2
flight,FLT-08,AeroIndia AI-303,DEL -> DXB,14500.0,14590.0,31240.0,2.141,220,106,0.482,0.518,36,1,Festival Surge,1.45,Festival,1.5,Leisure Flyer,1.09,2.5,0.732,6.5,100.0,9
flight,FLT-01,SkyWings 6E-204,DEL -> BOM,5500.0,6010.0,9360.0,1.557,180,46,0.256,0.746,6,1,Vacation Peak,1.3,Weekend,1.15,Leisure Flyer,1.1,1.6,0.693,7.5,94.21,12
flight,FLT-02,Vistara Line UK-992,DEL -> BLR,6800.0,7460.0,14710.0,1.972,160,68,0.425,0.573,12,1,Festival Surge,1.45,Holiday,1.35,Corporate Traveler,0.26,9.2,0.774,6.5,100.0,10
flight,FLT-03,SkyWings 6E-512,BLR -> DEL,6200.0,6940.0,10430.0,1.503,180,47,0.261,0.74,11,1,Vacation Peak,1.3,Weekend,1.15,Leisure Flyer,1.12,0.1,0.616,1.5,82.74,2
flight,FLT-04,AeroIndia AI-801,BOM -> GOA,4200.0,4720.0,7330.0,1.553,150,39,0.26,0.74,7,0,Vacation Peak,1.3,Normal Day,1.0,Leisure Flyer,0.97,5.0,0.631,2.5,84.0,2
flight,FLT-05,SkyWings 6E-512,BLR -> DEL,6200.0,6530.0,9200.0,1.409,180,105,0.583,0.417,45,1,Vacation Peak,1.3,Weekend,1.15,Last-minute Rush,0.17,1.6,0.541,3.5,64.43,4
flight,FLT-06,AeroIndia AI-303,DEL -> DXB,14500.0,19610.0,19390.0,0.989,220,11,0.05,0.948,1,0,Standard,1.0,Normal Day,1.0,Corporate Traveler,0.23,16.0,0.749,8.5,96.01,11
flight,FLT-07,AeroIndia AI-801,BOM -> GOA,4200.0,4480.0,3430.0,0.766,150,85,0.567,0.436,20,0,Low Traffic,0.85,Normal Day,1.0,Last-minute Rush,0.19,0.8,0.397,2.5,42.97,4
flight,FLT-08,Vistara Line UK-992,DEL -> BLR,6800.0,8170.0,9290.0,1.137,160,43,0.269,0.731,3,1,Standard,1.0,Weekend,1.15,Corporate Traveler,0.24,19.4,0.692,7.5,87.6,13
flight,FLT-01,AeroIndia AI-303,DEL -> DXB,14500.0,16500.0,32420.0,1.965,220,88,0.4,0.599,31,0,Festival Surge,1.45,Major Event,1.55,Student Traveler,1.41,0.6,0.716,5.5,100.0,7
flight,FLT-02,AeroIndia AI-303,DEL -> DXB,14500.0,16200.0,31660.0,1.954,220,69,0.314,0.686,2,0,Festival Surge,1.45,Holiday,1.35,Leisure Flyer,1.09,3.7,0.732,8.5,100.0,14
flight,FLT-03,JetExpress 9W-110,HYD -> MAA,3600.0,4270.0,4870.0,1.141,140,28,0.2,0.803,10,0,Standard,1.0,Normal Day,1.0,Corporate Traveler,0.28,9.9,0.585,2.5,71.88,4
flight,FLT-04,Vistara Line UK-821,MAA -> DEL,6400.0,8100.0,9280.0,1.146,160,20,0.125,0.872,5,1,Standard,1.0,Weekend,1.15,Last-minute Rush,0.17,0.8,0.677,4.5,84.79,5
flight,FLT-05,JetExpress 9W-110,HYD -> MAA,3600.0,4380.0,10430.0,2.381,140,16,0.114,0.887,15,0,Festival Surge,1.45,Major Event,1.55,Leisure Flyer,1.06,0.2,0.734,4.5,100.0,7
flight,FLT-06,Vistara Line UK-821,MAA -> DEL,6400.0,6940.0,6350.0,0.915,160,82,0.512,0.489,33,0,Standard,1.0,Normal Day,1.0,Leisure Flyer,1.04,0.0,0.378,4.5,46.44,4
flight,FLT-07,AeroIndia AI-303,DEL -> DXB,14500.0,17760.0,40930.0,2.305,220,45,0.205,0.793,12,1,Festival Surge,1.45,Major Event,1.55,Leisure Flyer,1.15,1.0,0.729,7.5,100.0,11
flight,FLT-08,SkyWings 6E-512,BLR -> DEL,6200.0,7600.0,10580.0,1.392,180,42,0.233,0.767,20,1,Standard,1.0,Festival,1.5,Corporate Traveler,0.28,3.5,0.671,4.5,84.7,5
flight,FLT-01,Vistara Line UK-821,MAA -> DEL,6400.0,7390.0,8700.0,1.177,160,19,0.119,0.881,7,0,Standard,1.0,Normal Day,1.0,Corporate Traveler,0.19,7.7,0.619,3.5,76.3,5
flight,FLT-02,AeroIndia AI-801,BOM -> GOA,4200.0,4320.0,5840.0,1.352,150,56,0.373,0.625,20,0,Vacation Peak,1.3,Normal Day,1.0,Corporate Traveler,0.2,4.8,0.591,3.5,72.15,4
flight,FLT-03,SkyWings 6E-204,DEL -> BOM,5500.0,7270.0,15900.0,2.187,180,14,0.078,0.924,6,0,Festival Surge,1.45,Festival,1.5,Leisure Flyer,1.11,0.4,0.731,10.5,100.0,14
flight,FLT-04,JetExpress 9W-110,HYD -> MAA,3600.0,4640.0,8390.0,1.808,140,3,0.021,0.977,1,0,Vacation Peak,1.3,Holiday,1.35,Leisure Flyer,1.12,0.5,0.731,8.5,100.0,3
flight,FLT-05,SkyWings 6E-512,BLR -> DEL,6200.0,7370.0,17570.0,2.384,180,60,0.333,0.665,19,0,Festival Surge,1.45,Festival,1.5,Corporate Traveler,0.19,17.1,0.777,4.5,100.0,6
flight,FLT-06,SkyWings 6E-512,BLR -> DEL,6200.0,6980.0,6470.0,0.927,180,54,0.3,0.698,6,1,Low Traffic,0.85,Weekend,1.15,Corporate Traveler,0.28,6.2,0.56,3.5,68.11,2
flight,FLT-07,Vistara Line UK-992,DEL -> BLR,6800.0,8320.0,9970.0,1.198,160,40,0.25,0.752,2,1,Standard,1.0,Weekend,1.15,Last-minute Rush,0.14,0.9,0.707,13.5,89.04,22
flight,FLT-08,AeroIndia AI-303,DEL -> DXB,14500.0,17190.0,37430.0,2.177,220,59,0.268,0.731,18,0,Festival Surge,1.45,Holiday,1.35,Corporate Traveler,0.27,5.1,0.773,7.5,100.0,13
flight,FLT-01,AeroIndia AI-303,DEL -> DXB,14500.0,18290.0,19570.0,1.07,220,16,0.073,0.928,7,1,Low Traffic,0.85,Weekend,1.15,Leisure Flyer,1.11,0.5,0.477,1.5,61.88,0
flight,FLT-02,Vistara Line UK-821,MAA -> DEL,6400.0,7350.0,7140.0,0.971,160,34,0.212,0.788,4,0,Standard,1.0,Normal Day,1.0,Corporate Traveler,0.17,15.7,0.625,3.5,76.99,4
flight,FLT-03,AeroIndia AI-303,DEL -> DXB,14500.0,16540.0,36210.0,2.189,220,54,0.245,0.755,13,1,Festival Surge,1.45,Holiday,1.35,Leisure Flyer,1.13,0.0,0.73,3.5,100.0,6
flight,FLT-04,JetExpress 9W-110,HYD -> MAA,3600.0,4170.0,8080.0,1.938,140,44,0.314,0.688,42,0,Festival Surge,1.45,Festival,1.5,Leisure Flyer,1.04,0.7,0.709,2.5,96.18,4
flight,FLT-05,JetExpress 9W-110,HYD -> MAA,3600.0,3960.0,4980.0,1.258,140,66,0.471,0.528,34,0,Vacation Peak,1.3,Normal Day,1.0,Corporate Traveler,0.23,8.4,0.648,4.5,80.97,6
flight,FLT-06,JetExpress 9W-110,HYD -> MAA,3600.0,4380.0,9410.0,2.148,140,8,0.057,0.945,5,0,Festival Surge,1.45,Holiday,1.35,Leisure Flyer,1.1,0.3,0.732,9.5,100.0,8
flight,FLT-07,JetExpress 9W-110,HYD -> MAA,3600.0,4500.0,4790.0,1.064,140,3,0.021,0.98,8,0,Standard,1.0,Normal Day,1.0,Last-minute Rush,0.12,1.4,0.614,0.5,75.02,0
flight,FLT-08,AeroIndia AI-303,DEL -> DXB,14500.0,17820.0,38700.0,2.172,220,31,0.141,0.858,10,1,Festival Surge,1.45,Holiday,1.35,Leisure Flyer,1.08,0.1,0.733,5.5,100.0,7
flight,FLT-01,Vistara Line UK-821,MAA -> DEL,6400.0,7090.0,5090.0,0.718,160,68,0.425,0.575,24,0,Low Traffic,0.85,Normal Day,1.0,Corporate Traveler,0.19,12.3,0.444,3.5,50.07,3
flight,FLT-02,Vistara Line UK-992,DEL -> BLR,6800.0,9050.0,9600.0,1.061,160,8,0.05,0.953,2,0,Standard,1.0,Normal Day,1.0,Student Traveler,1.43,0.2,0.526,7.5,71.69,7
flight,FLT-03,SkyWings 6E-512,BLR -> DEL,6200.0,6700.0,12540.0,1.872,180,78,0.433,0.565,43,1,Festival Surge,1.45,Holiday,1.35,Corporate Traveler,0.26,5.0,0.762,8.5,98.22,9
flight,FLT-04,SkyWings 6E-204,DEL -> BOM,5500.0,7210.0,6890.0,0.956,180,38,0.211,0.788,14,0,Standard,1.0,Normal Day,1.0,Corporate Traveler,0.27,8.2,0.568,2.5,69.21,2
flight,FLT-05,Vistara Line UK-821,MAA -> DEL,6400.0,7270.0,13920.0,1.915,160,53,0.331,0.667,21,1,Festival Surge,1.45,Holiday,1.35,Leisure Flyer,1.09,0.6,0.71,5.5,96.73,9
flight,FLT-06,AeroIndia AI-801,BOM -> GOA,4200.0,4490.0,5300.0,1.18,150,67,0.447,0.552,19,0,Vacation Peak,1.3,Normal Day,1.0,Leisure Flyer,1.08,0.3,0.481,4.5,62.31,6
flight,FLT-07,AeroIndia AI-303,DEL -> DXB,14500.0,14990.0,17110.0,1.141,220,92,0.418,0.581,30,0,Standard,1.0,Normal Day,1.0,Student Traveler,1.35,0.5,0.374,2.5,48.22,1
flight,FLT-08,AeroIndia AI-303,DEL -> DXB,14500.0,18230.0,22460.0,1.232,220,4,0.018,0.98,2,1,Standard,1.0,Weekend,1.15,Last-minute Rush,0.1,1.7,0.687,7.5,85.74,4
flight,FLT-01,AeroIndia AI-801,BOM -> GOA,4200.0,5320.0,5820.0,1.094,150,17,0.113,0.887,11,1,Standard,1.0,Weekend,1.15,Leisure Flyer,1.13,0.8,0.558,3.5,74.13,5
flight,FLT-02,AeroIndia AI-303,DEL -> DXB,14500.0,17540.0,17170.0,0.979,220,48,0.218,0.782,7,0,Standard,1.0,Normal Day,1.0,Corporate Traveler,0.27,7.4,0.519,1.5,61.87,1
flight,FLT-03,SkyWings 6E-204,DEL -> BOM,5500.0,5160.0,5920.0,1.147,180,108,0.6,0.403,33,0,Standard,1.0,Normal Day,1.0,Last-minute Rush,0.23,2.8,0.455,2.5,52.02,1
flight,FLT-04,Vistara Line UK-992,DEL -> BLR,6800.0,7420.0,17440.0,2.35,160,62,0.388,0.615,12,0,Festival Surge,1.45,Festival,1.5,Corporate Traveler,0.28,13.2,0.773,9.5,100.0,13
flight,FLT-05,JetExpress 9W-445,BOM -> CCU,5800.0,7430.0,7450.0,1.003,180,18,0.1,0.901,6,1,Low Traffic,0.85,Weekend,1.15,Last-minute Rush,0.21,2.6,0.627,1.5,77.59,3
flight,FLT-06,AeroIndia AI-801,BOM -> GOA,4200.0,4860.0,6800.0,1.399,150,33,0.22,0.779,10,0,Vacation Peak,1.3,Normal Day,1.0,Leisure Flyer,1.18,2.7,0.544,2.5,72.39,3
flight,FLT-07,JetExpress 9W-445,BOM -> CCU,5800.0,6430.0,14590.0,2.269,180,55,0.306,0.695,15,0,Festival Surge,1.45,Holiday,1.35,Leisure Flyer,1.15,3.4,0.729,6.5,100.0,10
flight,FLT-08,SkyWings 6E-204,DEL -> BOM,5500.0,6400.0,7780.0,1.216,180,15,0.083,0.916,7,0,Standard,1.0,Normal Day,1.0,Leisure Flyer,1.11,0.1,0.554,0.5,73.42,0
flight,FLT-01,SkyWings 6E-512,BLR -> DEL,6200.0,7640.0,7450.0,0.975,180,18,0.1,0.899,5,0,Standard,1.0,Normal Day,1.0,Corporate Traveler,0.24,7.2,0.673,8.5,84.77,15
flight,FLT-02,AeroIndia AI-801,BOM -> GOA,4200.0,4930.0,4820.0,0.978,150,37,0.247,0.753,3,1,Low Traffic,0.85,Weekend,1.15,Corporate Traveler,0.29,7.5,0.642,11.5,80.49,10
flight,FLT-03,AeroIndia AI-801,BOM -> GOA,4200.0,4650.0,6510.0,1.4,150,58,0.387,0.612,16,1,Low Traffic,0.85,Major Event,1.55,Last-minute Rush,0.17,0.4,0.773,11.5,99.16,13
flight,FLT-04,SkyWings 6E-204,DEL -> BOM,5500.0,6250.0,9410.0,1.506,180,61,0.339,0.661,10,1,Vacation Peak,1.3,Weekend,1.15,Corporate Traveler,0.3,5.9,0.631,2.5,78.93,4
flight,FLT-05,SkyWings 6E-204,DEL -> BOM,5500.0,6650.0,6830.0,1.027,180,27,0.15,0.848,2,0,Standard,1.0,Normal Day,1.0,Corporate Traveler,0.26,9.7,0.653,7.5,81.96,9
flight,FLT-06,JetExpress 9W-445,BOM -> CCU,5800.0,6960.0,5570.0,0.8,180,30,0.167,0.832,5,0,Standard,1.0,Normal Day,1.0,Leisure Flyer,1.14,0.2,0.482,8.5,62.85,5
flight,FLT-07,Vistara Line UK-992,DEL -> BLR,6800.0,8030.0,10070.0,1.254,160,29,0.181,0.819,3,1,Standard,1.0,Weekend,1.15,Corporate Traveler,0.28,6.6,0.773,15.5,100.0,26
flight,FLT-08,Vistara Line UK-992,DEL -> BLR,6800.0,8490.0,11780.0,1.388,160,37,0.231,0.766,4,1,Vacation Peak,1.3,Weekend,1.15,Last-minute Rush,0.15,0.3,0.756,9.5,96.47,13
flight,FLT-01,JetExpress 9W-110,HYD -> MAA,3600.0,4410.0,4840.0,1.098,140,22,0.157,0.842,14,1,Standard,1.0,Weekend,1.15,Leisure Flyer,1.12,0.2,0.517,3.5,67.98,4
flight,FLT-02,JetExpress 9W-445,BOM -> CCU,5800.0,7080.0,8870.0,1.253,180,7,0.039,0.962,4,1,Standard,1.0,Weekend,1.15,Last-minute Rush,0.04,0.5,0.733,12.5,92.25,7
flight,FLT-03,JetExpress 9W-445,BOM -> CCU,5800.0,7520.0,7770.0,1.033,180,12,0.067,0.934,9,0,Standard,1.0,Normal Day,1.0,Leisure Flyer,1.08,0.6,0.56,4.5,74.13,4
flight,FLT-04,JetExpress 9W-445,BOM -> CCU,5800.0,6660.0,6520.0,0.979,180,52,0.289,0.712,4,0,Standard,1.0,Normal Day,1.0,Student Traveler,1.41,1.6,0.456,10.5,60.92,12
flight,FLT-05,JetExpress 9W-445,BOM -> CCU,5800.0,7350.0,8080.0,1.099,180,18,0.1,0.901,10,1,Standard,1.0,Weekend,1.15,Last-minute Rush,0.19,0.9,0.666,1.5,83.39,3
flight,FLT-06,AeroIndia AI-801,BOM -> GOA,4200.0,5130.0,6680.0,1.302,150,16,0.107,0.895,3,0,Low Traffic,0.85,Festival,1.5,Student Traveler,1.42,1.1,0.513,1.5,69.63,2
flight,FLT-07,AeroIndia AI-801,BOM -> GOA,4200.0,5110.0,7980.0,1.562,150,21,0.14,0.857,12,1,Vacation Peak,1.3,Weekend,1.15,Corporate Traveler,0.25,5.7,0.744,3.5,95.44,6
flight,FLT-08,Vistara Line UK-992,DEL -> BLR,6800.0,8120.0,8660.0,1.067,160,42,0.263,0.74,2,1,Standard,1.0,Weekend,1.15,Leisure Flyer,0.99,0.4,0.591,8.5,78.09,10
flight,FLT-01,AeroIndia AI-801,BOM -> GOA,4200.0,4010.0,3950.0,0.985,150,110,0.733,0.27,41,1,Low Traffic,0.85,Weekend,1.15,Last-minute Rush,0.2,0.9,0.441,2.5,49.68,2
flight,FLT-02,AeroIndia AI-801,BOM -> GOA,4200.0,5100.0,5180.0,1.016,150,35,0.233,0.768,6,1,Low Traffic,0.85,Weekend,1.15,Leisure Flyer,1.14,2.2,0.524,3.5,69.15,3
flight,FLT-03,Vistara Line UK-992,DEL -> BLR,6800.0,7490.0,11250.0,1.502,160,40,0.25,0.749,22,0,Vacation Peak,1.3,Normal Day,1.0,Leisure Flyer,1.1,0.0,0.588,4.5,78.39,6
flight,FLT-04,JetExpress 9W-445,BOM -> CCU,5800.0,6460.0,8680.0,1.344,180,57,0.317,0.686,17,1,Standard,1.0,Weekend,1.15,Leisure Flyer,1.1,0.1,0.499,4.5,65.12,5
flight,FLT-05,AeroIndia AI-801,BOM -> GOA,4200.0,5330.0,11240.0,2.109,150,8,0.053,0.945,10,1,Festival Surge,1.45,Festival,1.5,Corporate Traveler,0.24,2.7,0.775,7.5,100.0,8
flight,FLT-06,Vistara Line UK-821,MAA -> DEL,6400.0,9080.0,17650.0,1.944,160,3,0.019,0.98,3,1,Festival Surge,1.45,Major Event,1.55,Leisure Flyer,1.08,0.4,0.733,13.5,100.0,3
flight,FLT-07,AeroIndia AI-801,BOM -> GOA,4200.0,5480.0,5630.0,1.027,150,7,0.047,0.953,2,1,Low Traffic,0.85,Weekend,1.15,Corporate Traveler,0.29,6.3,0.69,9.5,87.72,7
flight,FLT-08,AeroIndia AI-801,BOM -> GOA,4200.0,5130.0,6020.0,1.173,150,23,0.153,0.848,1,1,Standard,1.0,Weekend,1.15,Leisure Flyer,1.11,1.7,0.617,11.5,82.93,13
flight,FLT-01,AeroIndia AI-801,BOM -> GOA,4200.0,4900.0,4330.0,0.884,150,51,0.34,0.66,14,0,Low Traffic,0.85,Normal Day,1.0,Corporate Traveler,0.28,9.0,0.507,3.5,60.1,1
flight,FLT-02,AeroIndia AI-801,BOM -> GOA,4200.0,5240.0,13880.0,2.649,150,7,0.047,0.954,3,0,Festival Surge,1.45,Major Event,1.55,Leisure Flyer,1.09,1.6,0.732,7.5,100.0,7
flight,FLT-03,AeroIndia AI-801,BOM -> GOA,4200.0,5390.0,5510.0,1.022,150,15,0.1,0.9,8,0,Standard,1.0,Normal Day,1.0,Corporate Traveler,0.26,8.4,0.652,4.5,81.82,3
flight,FLT-04,Vistara Line UK-821,MAA -> DEL,6400.0,8230.0,10550.0,1.282,160,17,0.106,0.895,1,1,Standard,1.0,Weekend,1.15,Corporate Traveler,0.25,11.8,0.774,9.5,100.0,16
flight,FLT-05,Vistara Line UK-992,DEL -> BLR,6800.0,7750.0,18760.0,2.421,160,48,0.3,0.703,26,1,Festival Surge,1.45,Major Event,1.55,Last-minute Rush,0.15,1.0,0.779,7.5,100.0,11
flight,FLT-06,SkyWings 6E-204,DEL -> BOM,5500.0,7020.0,7560.0,1.077,180,15,0.083,0.917,3,0,Standard,1.0,Normal Day,1.0,Corporate Traveler,0.3,4.9,0.63,3.5,78.81,3
flight,FLT-07,JetExpress 9W-445,BOM -> CCU,5800.0,7660.0,9630.0,1.257,180,4,0.022,0.98,13,1,Standard,1.0,Weekend,1.15,Last-minute Rush,0.17,0.3,0.615,2.5,75.48,2
flight,FLT-08,Vistara Line UK-821,MAA -> DEL,6400.0,8180.0,7830.0,0.957,160,38,0.237,0.76,6,1,Low Traffic,0.85,Weekend,1.15,Leisure Flyer,1.08,2.9,0.442,4.5,56.35,3
flight,FLT-01,JetExpress 9W-110,HYD -> MAA,3600.0,4460.0,5490.0,1.231,140,14,0.1,0.9,10,0,Standard,1.0,Normal Day,1.0,Corporate Traveler,0.23,4.6,0.615,3.5,75.98,6
flight,FLT-02,Vistara Line UK-992,DEL -> BLR,6800.0,7780.0,10900.0,1.401,160,37,0.231,0.769,3,0,Vacation Peak,1.3,Normal Day,1.0,Student Traveler,1.4,1.0,0.528,4.5,71.75,5
flight,FLT-03,JetExpress 9W-445,BOM -> CCU,5800.0,7360.0,6920.0,0.94,180,42,0.233,0.768,1,0,Standard,1.0,Normal Day,1.0,Corporate Traveler,0.25,8.9,0.646,7.5,80.78,9
flight,FLT-04,AeroIndia AI-801,BOM -> GOA,4200.0,5010.0,7470.0,1.491,150,27,0.18,0.823,2,0,Vacation Peak,1.3,Normal Day,1.0,Leisure Flyer,1.11,0.6,0.636,5.5,85.75,7
flight,FLT-05,Vistara Line UK-821,MAA -> DEL,6400.0,6260.0,6200.0,0.99,160,83,0.519,0.482,32,0,Standard,1.0,Normal Day,1.0,Leisure Flyer,1.03,0.7,0.399,1.5,49.58,2
flight,FLT-06,JetExpress 9W-445,BOM -> CCU,5800.0,6720.0,7740.0,1.152,180,38,0.211,0.788,10,1,Low Traffic,0.85,Weekend,1.15,Leisure Flyer,1.09,1.3,0.511,4.5,66.84,2
flight,FLT-07,Vistara Line UK-992,DEL -> BLR,6800.0,9140.0,12940.0,1.416,160,26,0.163,0.84,6,1,Standard,1.0,Festival,1.5,Leisure Flyer,1.13,1.2,0.677,6.5,92.01,10
flight,FLT-08,JetExpress 9W-445,BOM -> CCU,5800.0,7600.0,11000.0,1.447,180,4,0.022,0.98,1,0,Standard,1.0,Festival,1.5,Leisure Flyer,1.1,0.2,0.694,7.5,94.28,4
flight,FLT-01,Vistara Line UK-992,DEL -> BLR,6800.0,8780.0,12310.0,1.402,160,22,0.138,0.864,4,0,Standard,1.0,Holiday,1.35,Corporate Traveler,0.2,7.6,0.777,4.5,100.0,9
flight,FLT-02,Vistara Line UK-821,MAA -> DEL,6400.0,7780.0,10620.0,1.365,160,39,0.244,0.755,6,1,Vacation Peak,1.3,Weekend,1.15,Corporate Traveler,0.25,9.9,0.712,2.5,90.74,5
flight,FLT-03,JetExpress 9W-445,BOM -> CCU,5800.0,6570.0,5520.0,0.84,180,73,0.406,0.597,1,0,Low Traffic,0.85,Normal Day,1.0,Corporate Traveler,0.17,13.3,0.528,5.5,62.49,7
flight,FLT-04,JetExpress 9W-110,HYD -> MAA,3600.0,4220.0,4880.0,1.156,140,16,0.114,0.884,15,0,Standard,1.0,Normal Day,1.0,Leisure Flyer,1.15,3.6,0.494,2.5,64.71,2
flight,FLT-05,SkyWings 6E-204,DEL -> BOM,5500.0,6980.0,8110.0,1.162,180,4,0.022,0.98,5,1,Standard,1.0,Weekend,1.15,Student Traveler,1.39,0.4,0.578,8.5,79.09,4
flight,FLT-06,Vistara Line UK-992,DEL -> BLR,6800.0,8600.0,11420.0,1.328,160,20,0.125,0.875,6,0,Vacation Peak,1.3,Normal Day,1.0,Corporate Traveler,0.24,11.9,0.769,2.5,99.09,2
flight,FLT-07,SkyWings 6E-512,BLR -> DEL,6200.0,7040.0,6390.0,0.908,180,51,0.283,0.715,18,0,Low Traffic,0.85,Normal Day,1.0,Last-minute Rush,0.17,0.9,0.415,1.5,45.52,1
flight,FLT-08,JetExpress 9W-445,BOM -> CCU,5800.0,6510.0,5570.0,0.856,180,60,0.333,0.666,15,0,Low Traffic,0.85,Normal Day,1.0,Leisure Flyer,1.12,0.9,0.356,3.5,43.74,4
flight,FLT-01,AeroIndia AI-303,DEL -> DXB,14500.0,18860.0,29260.0,1.551,220,41,0.186,0.815,9,1,Vacation Peak,1.3,Weekend,1.15,Corporate Traveler,0.23,5.6,0.761,4.5,97.85,6
flight,FLT-02,SkyWings 6E-204,DEL -> BOM,5500.0,6560.0,13460.0,2.052,180,40,0.222,0.778,2,1,Festival Surge,1.45,Holiday,1.35,Leisure Flyer,1.09,1.3,0.732,8.5,100.0,14
flight,FLT-03,Vistara Line UK-992,DEL -> BLR,6800.0,7940.0,7070.0,0.89,160,31,0.194,0.804,6,0,Low Traffic,0.85,Normal Day,1.0,Leisure Flyer,1.06,0.8,0.476,4.5,61.34,6
flight,FLT-04,AeroIndia AI-801,BOM -> GOA,4200.0,5150.0,5710.0,1.109,150,20,0.133,0.869,1,0,Standard,1.0,Normal Day,1.0,Corporate Traveler,0.13,6.6,0.727,9.5,91.99,14
flight,FLT-05,AeroIndia AI-303,DEL -> DXB,14500.0,18550.0,19290.0,1.04,220,4,0.018,0.98,4,0,Standard,1.0,Normal Day,1.0,Corporate Traveler,0.26,5.3,0.732,12.5,93.73,4
flight,FLT-06,AeroIndia AI-303,DEL -> DXB,14500.0,18580.0,23750.0,1.278,220,29,0.132,0.87,4,0,Vacation Peak,1.3,Normal Day,1.0,Corporate Traveler,0.27,15.5,0.742,4.5,95.39,8
flight,FLT-07,AeroIndia AI-801,BOM -> GOA,4200.0,5460.0,5510.0,1.009,150,6,0.04,0.96,3,0,Standard,1.0,Normal Day,1.0,Corporate Traveler,0.23,7.4,0.695,8.5,87.95,6
flight,FLT-08,Vistara Line UK-992,DEL -> BLR,6800.0,8540.0,10040.0,1.176,160,27,0.169,0.831,7,1,Standard,1.0,Weekend,1.15,Last-minute Rush,0.21,0.2,0.684,2.5,86.24,2
flight,FLT-01,Vistara Line UK-992,DEL -> BLR,6800.0,7470.0,8430.0,1.129,160,54,0.338,0.66,5,0,Standard,1.0,Normal Day,1.0,Last-minute Rush,0.15,0.8,0.598,9.5,72.89,11
flight,FLT-02,AeroIndia AI-303,DEL -> DXB,14500.0,15980.0,32040.0,2.005,220,97,0.441,0.56,19,1,Festival Surge,1.45,Festival,1.5,Leisure Flyer,1.13,2.8,0.73,5.5,100.0,5
flight,FLT-03,JetExpress 9W-445,BOM -> CCU,5800.0,7450.0,6760.0,0.907,180,14,0.078,0.923,3,0,Standard,1.0,Normal Day,1.0,Corporate Traveler,0.22,5.3,0.656,12.5,82.12,14
flight,FLT-04,SkyWings 6E-512,BLR -> DEL,6200.0,7090.0,7910.0,1.116,180,60,0.333,0.665,7,0,Standard,1.0,Normal Day,1.0,Corporate Traveler,0.2,4.4,0.621,5.5,76.66,6
flight,FLT-05,AeroIndia AI-801,BOM -> GOA,4200.0,5210.0,7740.0,1.486,150,9,0.06,0.937,15,1,Standard,1.0,Major Event,1.55,Leisure Flyer,1.12,0.2,0.683,6.5,92.79,6
flight,FLT-06,Vistara Line UK-821,MAA -> DEL,6400.0,7730.0,7880.0,1.019,160,9,0.056,0.944,1,0,Standard,1.0,Normal Day,1.0,Leisure Flyer,1.11,5.7,0.508,6.5,66.55,5
flight,FLT-07,Vistara Line UK-821,MAA -> DEL,6400.0,8430.0,7850.0,0.931,160,10,0.062,0.94,2,0,Standard,1.0,Normal Day,1.0,Student Traveler,1.38,1.0,0.602,12.5,82.59,10
flight,FLT-08,SkyWings 6E-204,DEL -> BOM,5500.0,7020.0,6840.0,0.974,180,24,0.133,0.867,12,0,Standard,1.0,Normal Day,1.0,Leisure Flyer,1.06,3.4,0.506,2.5,65.87,2
flight,FLT-01,SkyWings 6E-204,DEL -> BOM,5500.0,6190.0,6240.0,1.008,180,64,0.356,0.643,13,0,Standard,1.0,Normal Day,1.0,Corporate Traveler,0.3,9.9,0.585,4.5,72.02,7
flight,FLT-02,AeroIndia AI-303,DEL -> DXB,14500.0,18830.0,31260.0,1.66,220,4,0.018,0.98,2,0,Standard,1.0,Major Event,1.55,Last-minute Rush,0.2,4.1,0.777,6.5,100.0,4
flight,FLT-03,SkyWings 6E-204,DEL -> BOM,5500.0,6480.0,6860.0,1.059,180,37,0.206,0.795,12,0,Standard,1.0,Normal Day,1.0,Student Traveler,1.35,1.4,0.428,2.5,56.37,4
flight,FLT-04,JetExpress 9W-445,BOM -> CCU,5800.0,7560.0,6580.0,0.87,180,4,0.022,0.98,1,0,Low Traffic,0.85,Normal Day,1.0,Leisure Flyer,1.15,2.4,0.428,5.5,54.84,4
flight,FLT-05,AeroIndia AI-801,BOM -> GOA,4200.0,5210.0,4900.0,0.94,150,39,0.26,0.737,7,0,Standard,1.0,Normal Day,1.0,Corporate Traveler,0.22,10.2,0.575,2.5,69.92,3
flight,FLT-06,JetExpress 9W-110,HYD -> MAA,3600.0,4590.0,4360.0,0.95,140,20,0.143,0.86,7,0,Standard,1.0,Normal Day,1.0,Student Traveler,1.46,2.6,0.426,2.5,56.84,1
flight,FLT-07,JetExpress 9W-110,HYD -> MAA,3600.0,4390.0,5130.0,1.169,140,23,0.164,0.832,11,0,Standard,1.0,Normal Day,1.0,Leisure Flyer,1.2,3.4,0.528,1.5,70.13,1
flight,FLT-08,JetExpress 9W-110,HYD -> MAA,3600.0,4090.0,7120.0,1.741,140,60,0.429,0.572,24,0,Festival Surge,1.45,Holiday,1.35,Leisure Flyer,1.12,1.2,0.694,8.5,94.46,12
flight,FLT-01,JetExpress 9W-445,BOM -> CCU,5800.0,6720.0,7910.0,1.177,180,48,0.267,0.731,23,1,Standard,1.0,Weekend,1.15,Corporate Traveler,0.23,6.2,0.593,1.5,72.66,2
flight,FLT-02,AeroIndia AI-801,BOM -> GOA,4200.0,5000.0,8050.0,1.61,150,20,0.133,0.869,3,1,Standard,1.0,Major Event,1.55,Leisure Flyer,1.15,0.4,0.729,11.5,100.0,15
flight,FLT-03,Vistara Line UK-821,MAA -> DEL,6400.0,7830.0,7940.0,1.014,160,10,0.062,0.939,2,1,Low Traffic,0.85,Weekend,1.15,Corporate Traveler,0.31,4.3,0.678,6.5,85.99,9
flight,FLT-04,Vistara Line UK-992,DEL -> BLR,6800.0,9420.0,10030.0,1.065,160,15,0.094,0.907,4,1,Standard,1.0,Weekend,1.15,Student Traveler,1.42,1.3,0.575,8.5,78.91,9
flight,FLT-05,JetExpress 9W-110,HYD -> MAA,3600.0,3920.0,3910.0,0.997,140,44,0.314,0.683,13,0,Standard,1.0,Normal Day,1.0,Leisure Flyer,1.06,2.0,0.413,3.5,51.93,4
flight,FLT-06,Vistara Line UK-992,DEL -> BLR,6800.0,7720.0,6610.0,0.856,160,40,0.25,0.747,16,0,Low Traffic,0.85,Normal Day,1.0,Leisure Flyer,1.17,1.0,0.419,7.5,53.66,7
flight,FLT-07,AeroIndia AI-801,BOM -> GOA,4200.0,5060.0,7220.0,1.427,150,31,0.207,0.792,2,0,Vacation Peak,1.3,Normal Day,1.0,Last-minute Rush,0.16,2.6,0.779,8.5,100.0,14
flight,FLT-08,AeroIndia AI-303,DEL -> DXB,14500.0,15730.0,34980.0,2.224,220,59,0.268,0.732,5,0,Festival Surge,1.45,Holiday,1.35,Leisure Flyer,1.01,0.2,0.736,6.5,100.0,10
flight,FLT-01,AeroIndia AI-801,BOM -> GOA,4200.0,5360.0,6220.0,1.16,150,17,0.113,0.888,3,0,Standard,1.0,Normal Day,1.0,Corporate Traveler,0.25,3.0,0.643,5.5,80.34,6
flight,FLT-02,Vistara Line UK-992,DEL -> BLR,6800.0,7860.0,6440.0,0.819,160,62,0.388,0.614,33,0,Low Traffic,0.85,Normal Day,1.0,Leisure Flyer,1.09,0.3,0.3,4.5,35.17,5
flight,FLT-03,SkyWings 6E-512,BLR -> DEL,6200.0,7280.0,9450.0,1.298,180,44,0.244,0.756,7,0,Vacation Peak,1.3,Normal Day,1.0,Leisure Flyer,1.06,0.4,0.629,2.5,84.35,1
flight,FLT-04,Vistara Line UK-821,MAA -> DEL,6400.0,7010.0,11190.0,1.596,160,19,0.119,0.879,6,0,Vacation Peak,1.3,Normal Day,1.0,Student Traveler,1.44,1.1,0.619,3.5,85.58,5
flight,FLT-05,SkyWings 6E-512,BLR -> DEL,6200.0,7700.0,12070.0,1.568,180,31,0.172,0.825,21,1,Vacation Peak,1.3,Weekend,1.15,Leisure Flyer,1.12,1.0,0.569,2.5,75.76,5
flight,FLT-06,SkyWings 6E-204,DEL -> BOM,5500.0,6320.0,6040.0,0.956,180,53,0.294,0.706,7,0,Standard,1.0,Normal Day,1.0,Student Traveler,1.42,0.4,0.436,2.5,58.03,3
flight,FLT-07,AeroIndia AI-801,BOM -> GOA,4200.0,5060.0,5520.0,1.091,150,32,0.213,0.789,1,0,Standard,1.0,Normal Day,1.0,Leisure Flyer,1.03,1.1,0.528,7.5,68.91,7
flight,FLT-08,AeroIndia AI-801,BOM -> GOA,4200.0,4880.0,5900.0,1.209,150,35,0.233,0.769,11,1,Standard,1.0,Weekend,1.15,Leisure Flyer,1.01,1.4,0.521,3.5,67.67,6
flight,FLT-01,AeroIndia AI-801,BOM -> GOA,4200.0,4930.0,5660.0,1.148,150,40,0.267,0.731,15,1,Standard,1.0,Weekend,1.15,Student Traveler,1.4,1.1,0.499,7.5,67.42,8
flight,FLT-02,AeroIndia AI-801,BOM -> GOA,4200.0,4980.0,10970.0,2.203,150,41,0.273,0.724,5,0,Festival Surge,1.45,Festival,1.5,Corporate Traveler,0.23,4.4,0.775,10.5,100.0,18
flight,FLT-03,AeroIndia AI-801,BOM -> GOA,4200.0,4880.0,4840.0,0.992,150,28,0.187,0.813,1,1,Low Traffic,0.85,Weekend,1.15,Corporate Traveler,0.17,11.6,0.687,4.5,86.3,8
flight,FLT-04,Vistara Line UK-992,DEL -> BLR,6800.0,8370.0,7950.0,0.95,160,28,0.175,0.825,8,0,Low Traffic,0.85,Normal Day,1.0,Corporate Traveler,0.23,3.6,0.582,3.5,71.03,5
flight,FLT-05,JetExpress 9W-110,HYD -> MAA,3600.0,4180.0,8230.0,1.969,140,48,0.343,0.656,13,0,Festival Surge,1.45,Holiday,1.35,Student Traveler,1.42,3.2,0.716,3.5,100.0,5
flight,FLT-06,SkyWings 6E-204,DEL -> BOM,5500.0,6990.0,8040.0,1.15,180,4,0.022,0.98,4,0,Standard,1.0,Normal Day,1.0,Corporate Traveler,0.26,6.0,0.634,6.5,78.99,4
flight,FLT-07,Vistara Line UK-821,MAA -> DEL,6400.0,8200.0,12290.0,1.499,160,5,0.031,0.967,5,0,Standard,1.0,Festival,1.5,Student Traveler,1.49,8.5,0.712,3.5,100.0,4
flight,FLT-08,JetExpress 9W-445,BOM -> CCU,5800.0,7470.0,15950.0,2.135,180,22,0.122,0.875,8,0,Festival Surge,1.45,Festival,1.5,Corporate Traveler,0.25,6.7,0.774,6.5,100.0,10
flight,FLT-01,SkyWings 6E-512,BLR -> DEL,6200.0,7030.0,8560.0,1.218,180,60,0.333,0.664,8,1,Standard,1.0,Weekend,1.15,Student Traveler,1.36,0.8,0.466,3.5,62.09,3
flight,FLT-02,Vistara Line UK-821,MAA -> DEL,6400.0,7460.0,7080.0,0.949,160,42,0.263,0.736,17,0,Standard,1.0,Normal Day,1.0,Last-minute Rush,0.17,0.6,0.575,6.5,69.56,7
flight,FLT-03,SkyWings 6E-204,DEL -> BOM,5500.0,5950.0,7230.0,1.215,180,26,0.144,0.854,11,0,Standard,1.0,Normal Day,1.0,Corporate Traveler,0.26,5.4,0.634,1.5,79.09,0
flight,FLT-04,JetExpress 9W-110,HYD -> MAA,3600.0,4630.0,10690.0,2.309,140,18,0.129,0.872,1,1,Festival Surge,1.45,Festival,1.5,Corporate Traveler,0.18,5.5,0.778,9.5,100.0,13
flight,FLT-05,SkyWings 6E-512,BLR -> DEL,6200.0,7270.0,18020.0,2.479,180,13,0.072,0.926,4,1,Festival Surge,1.45,Festival,1.5,Leisure Flyer,1.05,1.0,0.734,5.5,100.0,8
flight,FLT-06,AeroIndia AI-801,BOM -> GOA,4200.0,5080.0,8700.0,1.713,150,29,0.193,0.804,19,0,Standard,1.0,Major Event,1.55,Leisure Flyer,1.13,1.0,0.701,6.5,95.7,9
flight,FLT-07,JetExpress 9W-110,HYD -> MAA,3600.0,4290.0,7580.0,1.767,140,24,0.171,0.827,3,0,Vacation Peak,1.3,Holiday,1.35,Leisure Flyer,1.13,0.9,0.73,7.5,100.0,11
flight,FLT-08,SkyWings 6E-204,DEL -> BOM,5500.0,5580.0,7800.0,1.398,180,82,0.456,0.545,29,0,Vacation Peak,1.3,Normal Day,1.0,Student Traveler,1.41,0.5,0.495,5.5,66.9,5
flight,FLT-01,Vistara Line UK-821,MAA -> DEL,6400.0,7820.0,6140.0,0.785,160,46,0.287,0.711,25,1,Low Traffic,0.85,Weekend,1.15,Leisure Flyer,1.09,3.0,0.408,3.5,51.32,4
flight,FLT-02,Vistara Line UK-992,DEL -> BLR,6800.0,8320.0,20350.0,2.446,160,46,0.287,0.711,2,0,Festival Surge,1.45,Major Event,1.55,Student Traveler,1.37,1.7,0.718,11.5,100.0,18
flight,FLT-03,SkyWings 6E-204,DEL -> BOM,5500.0,6990.0,7950.0,1.137,180,25,0.139,0.858,1,0,Vacation Peak,1.3,Normal Day,1.0,Leisure Flyer,1.18,4.6,0.6,8.5,80.78,12
flight,FLT-04,Vistara Line UK-992,DEL -> BLR,6800.0,7840.0,6810.0,0.869,160,52,0.325,0.674,1,0,Low Traffic,0.85,Normal Day,1.0,Leisure Flyer,1.11,2.3,0.516,7.5,67.69,7
flight,FLT-05,JetExpress 9W-110,HYD -> MAA,3600.0,4260.0,4270.0,1.002,140,37,0.264,0.737,9,0,Low Traffic,0.85,Normal Day,1.0,Leisure Flyer,1.11,1.1,0.479,2.5,62.23,1
flight,FLT-06,AeroIndia AI-303,DEL -> DXB,14500.0,16330.0,18960.0,1.161,220,46,0.209,0.789,16,1,Standard,1.0,Weekend,1.15,Last-minute Rush,0.08,0.3,0.614,5.5,74.75,10
flight,FLT-07,JetExpress 9W-110,HYD -> MAA,3600.0,4450.0,5860.0,1.317,140,27,0.193,0.81,13,0,Low Traffic,0.85,Major Event,1.55,Corporate Traveler,0.28,3.4,0.758,9.5,97.78,15
flight,FLT-08,JetExpress 9W-110,HYD -> MAA,3600.0,4430.0,4660.0,1.052,140,23,0.164,0.834,4,1,Standard,1.0,Weekend,1.15,Last-minute Rush,0.18,2.1,0.622,2.5,76.6,5
flight,FLT-01,JetExpress 9W-445,BOM -> CCU,5800.0,7860.0,6190.0,0.788,180,24,0.133,0.867,7,0,Standard,1.0,Normal Day,1.0,Corporate Traveler,0.26,5.9,0.548,3.5,66.19,1
flight,FLT-02,AeroIndia AI-303,DEL -> DXB,14500.0,16590.0,14480.0,0.873,220,55,0.25,0.752,10,0,Low Traffic,0.85,Normal Day,1.0,Student Traveler,1.38,1.2,0.363,3.5,46.83,1
flight,FLT-03,Vistara Line UK-992,DEL -> BLR,6800.0,7680.0,10150.0,1.322,160,63,0.394,0.606,5,0,Vacation Peak,1.3,Normal Day,1.0,Corporate Traveler,0.31,5.3,0.654,4.5,82.36,3
flight,FLT-04,AeroIndia AI-801,BOM -> GOA,4200.0,4250.0,6160.0,1.449,150,80,0.533,0.464,32,1,Vacation Peak,1.3,Weekend,1.15,Leisure Flyer,1.09,0.5,0.458,2.5,58.88,4
flight,FLT-05,JetExpress 9W-110,HYD -> MAA,3600.0,3760.0,3990.0,1.061,140,55,0.393,0.609,1,1,Low Traffic,0.85,Weekend,1.15,Leisure Flyer,1.14,1.9,0.508,6.5,66.78,7
flight,FLT-06,JetExpress 9W-445,BOM -> CCU,5800.0,6430.0,5340.0,0.83,180,64,0.356,0.647,2,0,Low Traffic,0.85,Normal Day,1.0,Corporate Traveler,0.26,4.2,0.52,8.5,61.97,11
flight,FLT-07,JetExpress 9W-110,HYD -> MAA,3600.0,4100.0,4350.0,1.061,140,44,0.314,0.686,7,0,Standard,1.0,Normal Day,1.0,Corporate Traveler,0.22,7.0,0.56,2.5,67.66,3
flight,FLT-08,Vistara Line UK-821,MAA -> DEL,6400.0,8160.0,19170.0,2.349,160,3,0.019,0.98,1,0,Festival Surge,1.45,Major Event,1.55,Student Traveler,1.36,0.5,0.719,13.5,100.0,3
flight,FLT-01,Vistara Line UK-992,DEL -> BLR,6800.0,7730.0,18510.0,2.395,160,37,0.231,0.77,12,0,Festival Surge,1.45,Festival,1.5,Student Traveler,1.49,0.9,0.712,11.5,100.0,19
flight,FLT-02,JetExpress 9W-110,HYD -> MAA,3600.0,4960.0,6020.0,1.214,140,3,0.021,0.98,3,0,Vacation Peak,1.3,Normal Day,1.0,Corporate Traveler,0.31,6.9,0.757,4.5,97.91,3
flight,FLT-03,JetExpress 9W-445,BOM -> CCU,5800.0,7160.0,7570.0,1.057,180,14,0.078,0.92,3,0,Standard,1.0,Normal Day,1.0,Student Traveler,1.44,0.3,0.47,3.5,63.24,4
flight,FLT-04,JetExpress 9W-110,HYD -> MAA,3600.0,3940.0,3690.0,0.937,140,58,0.414,0.583,25,0,Standard,1.0,Normal Day,1.0,Corporate Traveler,0.25,18.6,0.538,5.5,64.56,7
flight,FLT-05,SkyWings 6E-512,BLR -> DEL,6200.0,7130.0,7580.0,1.063,180,37,0.206,0.797,6,1,Low Traffic,0.85,Weekend,1.15,Corporate Traveler,0.18,11.2,0.603,3.5,73.76,4
flight,FLT-06,Vistara Line UK-821,MAA -> DEL,6400.0,7710.0,9560.0,1.24,160,32,0.2,0.799,1,1,Standard,1.0,Weekend,1.15,Last-minute Rush,0.12,0.5,0.703,7.5,88.3,12
flight,FLT-07,AeroIndia AI-801,BOM -> GOA,4200.0,5700.0,6480.0,1.137,150,3,0.02,0.98,1,1,Standard,1.0,Weekend,1.15,Student Traveler,1.34,0.2,0.58,7.5,79.05,3
flight,FLT-08,Vistara Line UK-821,MAA -> DEL,6400.0,7630.0,8420.0,1.104,160,50,0.312,0.69,6,0,Standard,1.0,Normal Day,1.0,Last-minute Rush,0.15,1.9,0.533,3.5,63.15,3
flight,FLT-01,JetExpress 9W-110,HYD -> MAA,3600.0,4580.0,4200.0,0.917,140,14,0.1,0.901,5,1,Low Traffic,0.85,Weekend,1.15,Student Traveler,1.33,2.1,0.509,6.5,68.3,8
flight,FLT-02,AeroIndia AI-801,BOM -> GOA,4200.0,5060.0,12780.0,2.526,150,26,0.173,0.823,11,1,Festival Surge,1.45,Major Event,1.55,Leisure Flyer,1.04,0.9,0.735,6.5,100.0,10
flight,FLT-03,AeroIndia AI-801,BOM -> GOA,4200.0,4980.0,11400.0,2.289,150,34,0.227,0.775,6,0,Festival Surge,1.45,Major Event,1.55,Student Traveler,1.46,0.8,0.714,5.5,100.0,8
flight,FLT-04,JetExpress 9W-110,HYD -> MAA,3600.0,4710.0,4540.0,0.964,140,15,0.107,0.889,1,0,Standard,1.0,Normal Day,1.0,Leisure Flyer,1.12,0.7,0.559,8.5,74.31,11
flight,FLT-05,Vistara Line UK-992,DEL -> BLR,6800.0,7780.0,8720.0,1.121,160,60,0.375,0.624,9,1,Standard,1.0,Weekend,1.15,Student Traveler,1.4,0.3,0.457,2.5,60.99,2
flight,FLT-06,AeroIndia AI-303,DEL -> DXB,14500.0,18020.0,46040.0,2.555,220,28,0.127,0.871,12,1,Festival Surge,1.45,Major Event,1.55,Last-minute Rush,0.13,1.6,0.78,6.5,100.0,11
flight,FLT-07,SkyWings 6E-204,DEL -> BOM,5500.0,6600.0,9390.0,1.423,180,26,0.144,0.858,11,1,Vacation Peak,1.3,Weekend,1.15,Corporate Traveler,0.23,6.4,0.775,5.5,100.0,10
flight,FLT-08,SkyWings 6E-512,BLR -> DEL,6200.0,6400.0,8330.0,1.302,180,85,0.472,0.525,16,1,Standard,1.0,Weekend,1.15,Corporate Traveler,0.25,7.7,0.623,4.5,77.26,6
flight,FLT-01,Vistara Line UK-821,MAA -> DEL,6400.0,8230.0,10340.0,1.256,160,12,0.075,0.923,5,1,Standard,1.0,Weekend,1.15,Corporate Traveler,0.2,5.1,0.762,10.5,97.75,12
flight,FLT-02,AeroIndia AI-303,DEL -> DXB,14500.0,17080.0,39920.0,2.337,220,31,0.141,0.86,1,0,Festival Surge,1.45,Major Event,1.55,Leisure Flyer,0.98,0.6,0.738,6.5,100.0,7
flight,FLT-03,SkyWings 6E-204,DEL -> BOM,5500.0,6480.0,7200.0,1.111,180,21,0.117,0.884,5,0,Standard,1.0,Normal Day,1.0,Leisure Flyer,1.16,2.2,0.585,9.5,78.5,13
flight,FLT-04,JetExpress 9W-445,BOM -> CCU,5800.0,6840.0,14400.0,2.105,180,47,0.261,0.742,9,1,Festival Surge,1.45,Festival,1.5,Student Traveler,1.44,3.1,0.715,8.5,100.0,12
flight,FLT-05,AeroIndia AI-303,DEL -> DXB,14500.0,14790.0,13480.0,0.911,220,71,0.323,0.677,23,0,Low Traffic,0.85,Normal Day,1.0,Leisure Flyer,1.06,1.0,0.368,1.5,45.13,1
flight,FLT-06,JetExpress 9W-110,HYD -> MAA,3600.0,3560.0,3850.0,1.081,140,71,0.507,0.492,4,0,Standard,1.0,Normal Day,1.0,Corporate Traveler,0.18,10.9,0.615,9.5,75.59,13
flight,FLT-07,Vistara Line UK-992,DEL -> BLR,6800.0,8170.0,11070.0,1.355,160,29,0.181,0.82,26,0,Low Traffic,0.85,Festival,1.5,Leisure Flyer,1.11,2.9,0.672,4.5,91.16,7
flight,FLT-08,SkyWings 6E-512,BLR -> DEL,6200.0,7890.0,19490.0,2.47,180,5,0.028,0.972,7,0,Festival Surge,1.45,Major Event,1.55,Last-minute Rush,0.16,0.4,0.779,5.5,100.0,5
flight,FLT-01,JetExpress 9W-110,HYD -> MAA,3600.0,4110.0,4080.0,0.993,140,50,0.357,0.64,7,0,Standard,1.0,Normal Day,1.0,Leisure Flyer,1.18,0.5,0.428,3.5,54.98,3
flight,FLT-02,JetExpress 9W-110,HYD -> MAA,3600.0,4010.0,4020.0,1.002,140,30,0.214,0.783,10,0,Standard,1.0,Normal Day,1.0,Corporate Traveler,0.25,10.3,0.594,5.5,73.01,7
flight,FLT-03,SkyWings 6E-512,BLR -> DEL,6200.0,7110.0,17850.0,2.511,180,41,0.228,0.774,3,0,Festival Surge,1.45,Festival,1.5,Leisure Flyer,1.12,1.4,0.731,8.5,100.0,14
flight,FLT-04,AeroIndia AI-303,DEL -> DXB,14500.0,16330.0,19580.0,1.199,220,71,0.323,0.678,16,1,Standard,1.0,Weekend,1.15,Leisure Flyer,1.1,0.7,0.48,4.5,62.2,6
flight,FLT-05,JetExpress 9W-445,BOM -> CCU,5800.0,6690.0,8550.0,1.278,180,39,0.217,0.781,6,1,Standard,1.0,Weekend,1.15,Last-minute Rush,0.1,0.1,0.679,4.5,84.65,6
flight,FLT-06,JetExpress 9W-110,HYD -> MAA,3600.0,4840.0,5110.0,1.056,140,18,0.129,0.869,9,1,Low Traffic,0.85,Weekend,1.15,Corporate Traveler,0.25,1.2,0.537,2.5,64.42,4
flight,FLT-07,Vistara Line UK-821,MAA -> DEL,6400.0,8200.0,8080.0,0.985,160,8,0.05,0.949,6,1,Low Traffic,0.85,Weekend,1.15,Student Traveler,1.41,1.0,0.507,2.5,68.64,2
flight,FLT-08,AeroIndia AI-801,BOM -> GOA,4200.0,4680.0,4500.0,0.962,150,65,0.433,0.564,31,1,Low Traffic,0.85,Weekend,1.15,Leisure Flyer,1.12,0.7,0.421,3.5,53.56,3
flight,FLT-01,SkyWings 6E-512,BLR -> DEL,6200.0,7490.0,9240.0,1.234,180,46,0.256,0.744,5,0,Vacation Peak,1.3,Normal Day,1.0,Student Traveler,1.47,0.9,0.594,7.5,82.19,9
flight,FLT-02,SkyWings 6E-204,DEL -> BOM,5500.0,7010.0,14540.0,2.074,180,26,0.144,0.857,5,0,Festival Surge,1.45,Holiday,1.35,Leisure Flyer,1.09,3.2,0.732,4.5,100.0,8
flight,FLT-03,Vistara Line UK-992,DEL -> BLR,6800.0,8560.0,17860.0,2.086,160,27,0.169,0.832,4,1,Festival Surge,1.45,Festival,1.5,Corporate Traveler,0.22,8.3,0.776,12.5,100.0,20
flight,FLT-04,SkyWings 6E-512,BLR -> DEL,6200.0,7680.0,16080.0,2.094,180,14,0.078,0.924,5,1,Festival Surge,1.45,Major Event,1.55,Leisure Flyer,1.07,2.3,0.733,6.5,100.0,7
flight,FLT-05,AeroIndia AI-303,DEL -> DXB,14500.0,16280.0,15620.0,0.959,220,79,0.359,0.643,6,0,Standard,1.0,Normal Day,1.0,Last-minute Rush,0.16,0.3,0.473,1.5,54.16,2
flight,FLT-06,AeroIndia AI-303,DEL -> DXB,14500.0,19090.0,23700.0,1.241,220,27,0.123,0.878,1,0,Vacation Peak,1.3,Normal Day,1.0,Corporate Traveler,0.33,6.6,0.67,3.5,85.02,5
flight,FLT-07,Vistara Line UK-992,DEL -> BLR,6800.0,7620.0,6980.0,0.916,160,53,0.331,0.667,16,0,Low Traffic,0.85,Normal Day,1.0,Leisure Flyer,1.08,1.2,0.442,5.5,56.35,6
flight,FLT-08,SkyWings 6E-512,BLR -> DEL,6200.0,7470.0,7450.0,0.997,180,39,0.217,0.784,2,1,Low Traffic,0.85,Weekend,1.15,Corporate Traveler,0.24,8.9,0.615,3.5,76.09,6
flight,FLT-01,JetExpress 9W-110,HYD -> MAA,3600.0,4380.0,9660.0,2.205,140,11,0.079,0.921,8,1,Festival Surge,1.45,Festival,1.5,Last-minute Rush,0.07,0.2,0.783,1.5,100.0,3
flight,FLT-02,Vistara Line UK-821,MAA -> DEL,6400.0,7240.0,7340.0,1.014,160,31,0.194,0.806,8,0,Standard,1.0,Normal Day,1.0,Last-minute Rush,0.08,0.9,0.626,3.5,76.56,4
flight,FLT-03,JetExpress 9W-110,HYD -> MAA,3600.0,4010.0,4490.0,1.12,140,37,0.264,0.735,19,1,Standard,1.0,Weekend,1.15,Leisure Flyer,1.1,0.2,0.424,0.5,53.82,1
flight,FLT-04,Vistara Line UK-821,MAA -> DEL,6400.0,7900.0,17570.0,2.224,160,41,0.256,0.744,21,0,Festival Surge,1.45,Major Event,1.55,Last-minute Rush,0.17,0.1,0.778,9.5,100.0,14
flight,FLT-05,SkyWings 6E-512,BLR -> DEL,6200.0,7290.0,16540.0,2.269,180,24,0.133,0.868,5,0,Festival Surge,1.45,Festival,1.5,Corporate Traveler,0.22,17.4,0.776,5.5,100.0,8
flight,FLT-06,AeroIndia AI-801,BOM -> GOA,4200.0,4860.0,7780.0,1.601,150,34,0.227,0.772,18,1,Vacation Peak,1.3,Weekend,1.15,Leisure Flyer,1.05,0.5,0.725,8.5,98.57,14
flight,FLT-07,JetExpress 9W-110,HYD -> MAA,3600.0,4000.0,7960.0,1.99,140,51,0.364,0.635,19,0,Festival Surge,1.45,Holiday,1.35,Last-minute Rush,0.16,1.4,0.779,9.5,100.0,14
flight,FLT-08,AeroIndia AI-303,DEL -> DXB,14500.0,17740.0,19270.0,1.086,220,26,0.118,0.881,3,0,Standard,1.0,Normal Day,1.0,Corporate Traveler,0.25,5.8,0.713,12.5,90.88,19
flight,FLT-01,AeroIndia AI-801,BOM -> GOA,4200.0,5110.0,5820.0,1.139,150,27,0.18,0.822,13,1,Standard,1.0,Weekend,1.15,Leisure Flyer,1.12,1.4,0.545,4.5,72.21,3
flight,FLT-02,SkyWings 6E-204,DEL -> BOM,5500.0,6610.0,8870.0,1.342,180,51,0.283,0.719,12,1,Vacation Peak,1.3,Weekend,1.15,Corporate Traveler,0.22,10.3,0.668,2.5,83.81,4
flight,FLT-03,JetExpress 9W-445,BOM -> CCU,5800.0,6240.0,5090.0,0.816,180,81,0.45,0.552,8,0,Low Traffic,0.85,Normal Day,1.0,Leisure Flyer,1.1,0.2,0.338,2.5,41.0,2
flight,FLT-04,Vistara Line UK-821,MAA -> DEL,6400.0,7860.0,7970.0,1.014,160,48,0.3,0.7,6,0,Standard,1.0,Normal Day,1.0,Corporate Traveler,0.25,12.4,0.63,3.5,78.4,5
flight,FLT-05,JetExpress 9W-445,BOM -> CCU,5800.0,7580.0,9310.0,1.228,180,10,0.056,0.946,4,1,Standard,1.0,Weekend,1.15,Leisure Flyer,1.12,0.6,0.653,7.5,88.38,10
flight,FLT-06,AeroIndia AI-801,BOM -> GOA,4200.0,5410.0,12910.0,2.386,150,21,0.14,0.862,1,0,Festival Surge,1.45,Major Event,1.55,Leisure Flyer,1.14,0.6,0.73,8.5,100.0,16
flight,FLT-07,Vistara Line UK-821,MAA -> DEL,6400.0,7950.0,6480.0,0.815,160,37,0.231,0.769,8,0,Low Traffic,0.85,Normal Day,1.0,Student Traveler,1.45,0.6,0.405,4.5,53.62,4
flight,FLT-08,AeroIndia AI-801,BOM -> GOA,4200.0,4710.0,5900.0,1.253,150,43,0.287,0.712,6,1,Standard,1.0,Weekend,1.15,Corporate Traveler,0.19,2.7,0.562,1.5,67.76,2
flight,FLT-01,AeroIndia AI-303,DEL -> DXB,14500.0,16970.0,22390.0,1.319,220,52,0.236,0.764,10,0,Low Traffic,0.85,Holiday,1.35,Leisure Flyer,1.1,0.8,0.599,9.5,80.1,10
flight,FLT-02,JetExpress 9W-110,HYD -> MAA,3600.0,4270.0,4390.0,1.028,140,42,0.3,0.701,14,0,Standard,1.0,Normal Day,1.0,Student Traveler,1.41,0.3,0.403,3.5,53.09,2
flight,FLT-03,AeroIndia AI-801,BOM -> GOA,4200.0,4830.0,4610.0,0.954,150,33,0.22,0.778,8,0,Standard,1.0,Normal Day,1.0,Leisure Flyer,1.1,1.3,0.48,2.5,62.19,3
flight,FLT-04,Vistara Line UK-992,DEL -> BLR,6800.0,8130.0,11130.0,1.369,160,22,0.138,0.863,5,0,Vacation Peak,1.3,Normal Day,1.0,Corporate Traveler,0.29,8.8,0.772,9.5,100.0,16
flight,FLT-05,AeroIndia AI-303,DEL -> DXB,14500.0,16830.0,14360.0,0.853,220,66,0.3,0.698,2,0,Low Traffic,0.85,Normal Day,1.0,Last-minute Rush,0.16,1.5,0.557,6.5,66.71,8
flight,FLT-06,Vistara Line UK-992,DEL -> BLR,6800.0,8720.0,6180.0,0.709,160,25,0.156,0.845,4,0,Low Traffic,0.85,Normal Day,1.0,Corporate Traveler,0.29,9.8,0.555,8.5,67.43,12
flight,FLT-07,Vistara Line UK-821,MAA -> DEL,6400.0,7620.0,11540.0,1.514,160,29,0.181,0.816,13,0,Standard,1.0,Festival,1.5,Student Traveler,1.45,0.0,0.665,8.5,92.65,10
flight,FLT-08,Vistara Line UK-821,MAA -> DEL,6400.0,7190.0,7410.0,1.031,160,46,0.287,0.714,6,0,Standard,1.0,Normal Day,1.0,Student Traveler,1.35,2.3,0.439,5.5,57.92,7
flight,FLT-01,JetExpress 9W-445,BOM -> CCU,5800.0,7620.0,6980.0,0.916,180,21,0.117,0.885,3,0,Standard,1.0,Normal Day,1.0,Corporate Traveler,0.24,3.1,0.671,11.5,84.45,14
flight,FLT-02,Vistara Line UK-992,DEL -> BLR,6800.0,7790.0,10280.0,1.32,160,67,0.419,0.58,32,0,Vacation Peak,1.3,Normal Day,1.0,Corporate Traveler,0.19,5.0,0.596,3.5,72.88,5
flight,FLT-03,SkyWings 6E-204,DEL -> BOM,5500.0,6540.0,14910.0,2.28,180,29,0.161,0.837,4,1,Festival Surge,1.45,Holiday,1.35,Corporate Traveler,0.17,10.9,0.778,7.5,100.0,8
flight,FLT-04,SkyWings 6E-204,DEL -> BOM,5500.0,5710.0,7250.0,1.27,180,60,0.333,0.666,14,0,Standard,1.0,Normal Day,1.0,Last-minute Rush,0.18,2.6,0.588,4.5,71.51,6
flight,FLT-05,Vistara Line UK-821,MAA -> DEL,6400.0,8510.0,18240.0,2.143,160,3,0.019,0.98,4,0,Festival Surge,1.45,Festival,1.5,Corporate Traveler,0.3,12.3,0.772,8.5,100.0,3
flight,FLT-06,Vistara Line UK-821,MAA -> DEL,6400.0,7920.0,12310.0,1.554,160,10,0.062,0.937,2,0,Standard,1.0,Festival,1.5,Corporate Traveler,0.3,10.2,0.772,3.5,100.0,4
flight,FLT-07,JetExpress 9W-110,HYD -> MAA,3600.0,4330.0,4120.0,0.952,140,25,0.179,0.824,22,1,Low Traffic,0.85,Weekend,1.15,Leisure Flyer,1.13,1.1,0.462,2.5,59.75,3
flight,FLT-08,JetExpress 9W-445,BOM -> CCU,5800.0,6490.0,6690.0,1.031,180,65,0.361,0.639,19,0,Standard,1.0,Normal Day,1.0,Leisure Flyer,1.1,1.4,0.43,3.5,54.77,2
flight,FLT-01,JetExpress 9W-110,HYD -> MAA,3600.0,4560.0,10050.0,2.204,140,31,0.221,0.779,16,1,Festival Surge,1.45,Major Event,1.55,Leisure Flyer,1.06,0.1,0.734,10.5,100.0,16
flight,FLT-02,Vistara Line UK-992,DEL -> BLR,6800.0,7140.0,11590.0,1.623,160,58,0.362,0.637,19,0,Standard,1.0,Holiday,1.35,Last-minute Rush,0.12,0.3,0.671,8.5,83.6,11
flight,FLT-03,JetExpress 9W-110,HYD -> MAA,3600.0,4440.0,10380.0,2.338,140,18,0.129,0.874,12,0,Festival Surge,1.45,Festival,1.5,Corporate Traveler,0.24,7.8,0.775,6.5,100.0,8
flight,FLT-04,Vistara Line UK-992,DEL -> BLR,6800.0,6730.0,7160.0,1.064,160,106,0.662,0.336,45,0,Standard,1.0,Normal Day,1.0,Corporate Traveler,0.25,12.1,0.448,5.5,51.04,5
flight,FLT-05,Vistara Line UK-992,DEL -> BLR,6800.0,7130.0,6330.0,0.888,160,76,0.475,0.525,35,0,Standard,1.0,Normal Day,1.0,Leisure Flyer,1.05,0.8,0.331,3.5,39.46,3
flight,FLT-06,JetExpress 9W-110,HYD -> MAA,3600.0,4350.0,10180.0,2.34,140,20,0.143,0.855,10,0,Festival Surge,1.45,Festival,1.5,Leisure Flyer,1.09,2.0,0.732,10.5,100.0,13
flight,FLT-07,Vistara Line UK-821,MAA -> DEL,6400.0,7800.0,7380.0,0.946,160,36,0.225,0.775,2,0,Low Traffic,0.85,Normal Day,1.0,Corporate Traveler,0.31,4.8,0.574,9.5,70.46,7
flight,FLT-08,Vistara Line UK-821,MAA -> DEL,6400.0,7420.0,8550.0,1.152,160,34,0.212,0.786,6,1,Standard,1.0,Weekend,1.15,Student Traveler,1.33,0.7,0.535,6.5,72.25,9
flight,FLT-01,JetExpress 9W-445,BOM -> CCU,5800.0,7620.0,17000.0,2.231,180,23,0.128,0.871,5,0,Festival Surge,1.45,Major Event,1.55,Corporate Traveler,0.18,14.3,0.778,8.5,100.0,13
flight,FLT-02,JetExpress 9W-445,BOM -> CCU,5800.0,6920.0,5410.0,0.782,180,60,0.333,0.668,11,0,Low Traffic,0.85,Normal Day,1.0,Leisure Flyer,1.11,0.5,0.369,3.5,45.67,4
flight,FLT-03,JetExpress 9W-445,BOM -> CCU,5800.0,6620.0,9410.0,1.421,180,79,0.439,0.559,17,0,Standard,1.0,Holiday,1.35,Last-minute Rush,0.19,1.5,0.623,5.5,76.93,6
flight,FLT-04,AeroIndia AI-303,DEL -> DXB,14500.0,17430.0,33800.0,1.939,220,35,0.159,0.842,7,0,Festival Surge,1.45,Holiday,1.35,Leisure Flyer,1.1,0.2,0.732,5.5,100.0,9
flight,FLT-05,SkyWings 6E-204,DEL -> BOM,5500.0,6320.0,6420.0,1.016,180,44,0.244,0.755,12,0,Low Traffic,0.85,Normal Day,1.0,Student Traveler,1.45,1.5,0.425,4.5,56.61,4
flight,FLT-06,Vistara Line UK-992,DEL -> BLR,6800.0,7880.0,7950.0,1.009,160,36,0.225,0.773,14,0,Standard,1.0,Normal Day,1.0,Corporate Traveler,0.37,4.4,0.57,3.5,70.29,4
flight,FLT-07,SkyWings 6E-204,DEL -> BOM,5500.0,7260.0,9110.0,1.255,180,4,0.022,0.98,4,1,Standard,1.0,Weekend,1.15,Corporate Traveler,0.27,6.4,0.716,6.5,91.48,4
flight,FLT-08,Vistara Line UK-992,DEL -> BLR,6800.0,7390.0,11020.0,1.491,160,38,0.237,0.765,4,0,Vacation Peak,1.3,Normal Day,1.0,Corporate Traveler,0.32,4.5,0.673,2.5,85.35,5
flight,FLT-01,JetExpress 9W-110,HYD -> MAA,3600.0,4240.0,9800.0,2.311,140,37,0.264,0.733,17,1,Festival Surge,1.45,Major Event,1.55,Corporate Traveler,0.34,3.9,0.77,7.5,100.0,13
flight,FLT-02,AeroIndia AI-303,DEL -> DXB,14500.0,16150.0,27710.0,1.716,220,54,0.245,0.755,16,1,Vacation Peak,1.3,Weekend,1.15,Corporate Traveler,0.28,7.7,0.725,4.5,92.87,8
flight,FLT-03,SkyWings 6E-204,DEL -> BOM,5500.0,7120.0,8550.0,1.201,180,23,0.128,0.87,4,0,Low Traffic,0.85,Festival,1.5,Last-minute Rush,0.12,0.6,0.715,9.5,90.09,15
flight,FLT-04,SkyWings 6E-204,DEL -> BOM,5500.0,6680.0,9100.0,1.362,180,50,0.278,0.723,8,0,Vacation Peak,1.3,Normal Day,1.0,Leisure Flyer,1.15,2.2,0.557,2.5,74.17,3
flight,FLT-05,SkyWings 6E-512,BLR -> DEL,6200.0,7670.0,7130.0,0.93,180,21,0.117,0.884,2,0,Low Traffic,0.85,Normal Day,1.0,Corporate Traveler,0.25,6.4,0.588,4.5,72.01,8
flight,FLT-06,SkyWings 6E-512,BLR -> DEL,6200.0,6930.0,5320.0,0.768,180,75,0.417,0.586,7,0,Low Traffic,0.85,Normal Day,1.0,Last-minute Rush,0.13,0.5,0.518,3.5,60.68,4
flight,FLT-07,SkyWings 6E-204,DEL -> BOM,5500.0,6430.0,12570.0,1.955,180,28,0.156,0.847,7,0,Vacation Peak,1.3,Holiday,1.35,Student Traveler,1.36,5.0,0.719,4.5,100.0,8
flight,FLT-08,SkyWings 6E-512,BLR -> DEL,6200.0,7630.0,8850.0,1.16,180,47,0.261,0.74,6,1,Standard,1.0,Weekend,1.15,Leisure Flyer,1.05,2.4,0.548,2.5,72.08,5
flight,FLT-01,AeroIndia AI-303,DEL -> DXB,14500.0,16980.0,18540.0,1.092,220,55,0.25,0.75,1,0,Standard,1.0,Normal Day,1.0,Corporate Traveler,0.25,9.2,0.628,6.5,78.14,7
flight,FLT-02,JetExpress 9W-445,BOM -> CCU,5800.0,6880.0,7710.0,1.121,180,55,0.306,0.694,3,1,Standard,1.0,Weekend,1.15,Corporate Traveler,0.19,7.4,0.749,13.5,95.73,17
flight,FLT-03,Vistara Line UK-992,DEL -> BLR,6800.0,8840.0,8490.0,0.96,160,30,0.188,0.811,6,0,Standard,1.0,Normal Day,1.0,Last-minute Rush,0.03,1.8,0.604,4.5,72.85,8
flight,FLT-04,AeroIndia AI-303,DEL -> DXB,14500.0,17540.0,14120.0,0.805,220,58,0.264,0.735,7,0,Low Traffic,0.85,Normal Day,1.0,Leisure Flyer,1.13,0.2,0.378,0.5,47.23,0
flight,FLT-05,SkyWings 6E-204,DEL -> BOM,5500.0,6490.0,14530.0,2.239,180,39,0.217,0.783,4,1,Festival Surge,1.45,Holiday,1.35,Corporate Traveler,0.24,14.5,0.775,5.5,100.0,7
flight,FLT-06,SkyWings 6E-512,BLR -> DEL,6200.0,6860.0,8310.0,1.211,180,74,0.411,0.591,25,0,Vacation Peak,1.3,Normal Day,1.0,Leisure Flyer,1.08,2.0,0.495,4.5,64.28,8
flight,FLT-07,SkyWings 6E-204,DEL -> BOM,5500.0,6760.0,5310.0,0.786,180,34,0.189,0.811,4,0,Low Traffic,0.85,Normal Day,1.0,Corporate Traveler,0.31,4.9,0.574,5.5,70.37,5
flight,FLT-08,AeroIndia AI-801,BOM -> GOA,4200.0,4350.0,5930.0,1.363,150,62,0.413,0.589,22,1,Vacation Peak,1.3,Weekend,1.15,Last-minute Rush,0.2,0.3,0.673,7.5,84.42,12
flight,FLT-01,JetExpress 9W-445,BOM -> CCU,5800.0,7580.0,8440.0,1.113,180,39,0.217,0.786,1,1,Standard,1.0,Weekend,1.15,Leisure Flyer,1.06,1.9,0.587,6.5,77.96,7
flight,FLT-02,SkyWings 6E-204,DEL -> BOM,5500.0,6530.0,11440.0,1.752,180,4,0.022,0.98,4,1,Vacation Peak,1.3,Weekend,1.15,Leisure Flyer,1.1,0.7,0.732,6.5,100.0,4
flight,FLT-03,Vistara Line UK-821,MAA -> DEL,6400.0,6960.0,10330.0,1.484,160,60,0.375,0.628,17,0,Standard,1.0,Holiday,1.35,Corporate Traveler,0.22,3.5,0.644,7.5,80.27,11
flight,FLT-04,SkyWings 6E-512,BLR -> DEL,6200.0,7380.0,15730.0,2.131,180,37,0.206,0.797,3,1,Festival Surge,1.45,Major Event,1.55,Leisure Flyer,1.11,2.5,0.731,4.5,100.0,7
flight,FLT-05,Vistara Line UK-821,MAA -> DEL,6400.0,7340.0,11260.0,1.534,160,61,0.381,0.616,2,1,Vacation Peak,1.3,Weekend,1.15,Corporate Traveler,0.25,10.3,0.767,7.5,98.97,10
flight,FLT-06,SkyWings 6E-512,BLR -> DEL,6200.0,7420.0,8130.0,1.096,180,36,0.2,0.802,1,0,Standard,1.0,Normal Day,1.0,Leisure Flyer,1.09,2.2,0.601,10.5,80.32,13
flight,FLT-07,JetExpress 9W-445,BOM -> CCU,5800.0,7000.0,14120.0,2.017,180,31,0.172,0.825,9,1,Festival Surge,1.45,Holiday,1.35,Leisure Flyer,1.1,0.1,0.732,13.5,100.0,20
flight,FLT-08,AeroIndia AI-303,DEL -> DXB,14500.0,15960.0,17270.0,1.082,220,77,0.35,0.649,12,0,Standard,1.0,Normal Day,1.0,Corporate Traveler,0.33,9.3,0.587,4.5,72.53,7
flight,FLT-01,AeroIndia AI-303,DEL -> DXB,14500.0,16450.0,24850.0,1.511,220,43,0.195,0.805,6,0,Vacation Peak,1.3,Normal Day,1.0,Corporate Traveler,0.24,4.2,0.691,3.5,87.52,2
flight,FLT-02,JetExpress 9W-445,BOM -> CCU,5800.0,7150.0,11550.0,1.615,180,5,0.028,0.972,1,1,Vacation Peak,1.3,Weekend,1.15,Corporate Traveler,0.22,5.2,0.776,3.5,100.0,5
flight,FLT-03,AeroIndia AI-303,DEL -> DXB,14500.0,14660.0,15010.0,1.024,220,88,0.4,0.599,4,0,Low Traffic,0.85,Normal Day,1.0,Leisure Flyer,1.1,0.1,0.382,2.5,47.55,2
flight,FLT-04,SkyWings 6E-204,DEL -> BOM,5500.0,6130.0,7610.0,1.241,180,72,0.4,0.599,37,1,Standard,1.0,Weekend,1.15,Student Traveler,1.42,1.8,0.424,1.5,56.25,1
flight,FLT-05,JetExpress 9W-110,HYD -> MAA,3600.0,4550.0,5010.0,1.101,140,29,0.207,0.795,7,0,Vacation Peak,1.3,Normal Day,1.0,Last-minute Rush,0.13,0.0,0.572,1.5,68.74,2
flight,FLT-06,SkyWings 6E-204,DEL -> BOM,5500.0,6430.0,16340.0,2.541,180,28,0.156,0.846,8,1,Festival Surge,1.45,Festival,1.5,Corporate Traveler,0.26,10.1,0.774,5.5,100.0,8
flight,FLT-07,JetExpress 9W-110,HYD -> MAA,3600.0,4140.0,3890.0,0.94,140,23,0.164,0.833,5,0,Low Traffic,0.85,Normal Day,1.0,Corporate Traveler,0.23,8.3,0.544,4.5,65.27,5
flight,FLT-08,JetExpress 9W-110,HYD -> MAA,3600.0,4640.0,4550.0,0.981,140,25,0.179,0.822,5,0,Low Traffic,0.85,Normal Day,1.0,Leisure Flyer,1.07,1.3,0.533,8.5,69.92,6
flight,FLT-01,SkyWings 6E-512,BLR -> DEL,6200.0,6950.0,6910.0,0.994,180,62,0.344,0.653,30,0,Standard,1.0,Normal Day,1.0,Corporate Traveler,0.29,16.7,0.514,2.5,61.22,5
flight,FLT-02,AeroIndia AI-303,DEL -> DXB,14500.0,18170.0,23320.0,1.283,220,25,0.114,0.886,6,1,Standard,1.0,Weekend,1.15,Corporate Traveler,0.28,6.8,0.704,3.5,89.7,6
flight,FLT-03,SkyWings 6E-512,BLR -> DEL,6200.0,7650.0,7280.0,0.952,180,39,0.217,0.785,7,0,Standard,1.0,Normal Day,1.0,Corporate Traveler,0.23,6.5,0.615,6.5,76.04,9
flight,FLT-04,AeroIndia AI-303,DEL -> DXB,14500.0,18190.0,42520.0,2.338,220,4,0.018,0.98,4,0,Festival Surge,1.45,Holiday,1.35,Leisure Flyer,1.08,1.1,0.733,9.5,100.0,4
flight,FLT-05,AeroIndia AI-801,BOM -> GOA,4200.0,4480.0,5370.0,1.199,150,45,0.3,0.703,5,0,Standard,1.0,Normal Day,1.0,Corporate Traveler,0.25,9.8,0.655,6.5,82.13,7
flight,FLT-06,JetExpress 9W-445,BOM -> CCU,5800.0,6960.0,9060.0,1.302,180,23,0.128,0.872,1,1,Low Traffic,0.85,Festival,1.5,Corporate Traveler,0.22,5.2,0.776,8.5,100.0,14
flight,FLT-07,JetExpress 9W-110,HYD -> MAA,3600.0,3600.0,4340.0,1.206,140,69,0.493,0.508,42,0,Standard,1.0,Normal Day,1.0,Corporate Traveler,0.28,7.5,0.503,1.5,59.52,1
flight,FLT-08,AeroIndia AI-801,BOM -> GOA,4200.0,4740.0,7210.0,1.521,150,42,0.28,0.72,3,1,Vacation Peak,1.3,Weekend,1.15,Leisure Flyer,1.07,0.6,0.695,9.5,94.31,15
flight,FLT-01,AeroIndia AI-801,BOM -> GOA,4200.0,5110.0,6440.0,1.26,150,36,0.24,0.762,7,1,Standard,1.0,Weekend,1.15,Leisure Flyer,1.11,1.0,0.548,1.5,72.53,1
flight,FLT-02,JetExpress 9W-110,HYD -> MAA,3600.0,4190.0,4060.0,0.969,140,30,0.214,0.782,8,1,Low Traffic,0.85,Weekend,1.15,Leisure Flyer,0.99,0.8,0.452,3.5,57.17,3
flight,FLT-03,Vistara Line UK-821,MAA -> DEL,6400.0,8260.0,16990.0,2.057,160,28,0.175,0.822,9,0,Festival Surge,1.45,Festival,1.5,Leisure Flyer,1.18,0.2,0.728,9.5,100.0,12
flight,FLT-04,SkyWings 6E-512,BLR -> DEL,6200.0,7500.0,8510.0,1.135,180,34,0.189,0.812,2,0,Vacation Peak,1.3,Normal Day,1.0,Corporate Traveler,0.26,6.4,0.689,2.5,87.23,4
flight,FLT-05,Vistara Line UK-821,MAA -> DEL,6400.0,7730.0,7710.0,0.997,160,17,0.106,0.894,8,0,Standard,1.0,Normal Day,1.0,Leisure Flyer,1.05,1.2,0.53,4.5,69.34,4
flight,FLT-06,JetExpress 9W-445,BOM -> CCU,5800.0,7060.0,15800.0,2.238,180,19,0.106,0.896,4,1,Festival Surge,1.45,Festival,1.5,Corporate Traveler,0.38,9.7,0.768,5.5,100.0,9
flight,FLT-07,JetExpress 9W-110,HYD -> MAA,3600.0,4570.0,4600.0,1.007,140,27,0.193,0.81,11,1,Standard,1.0,Weekend,1.15,Leisure Flyer,1.08,0.2,0.442,2.5,56.42,2
flight,FLT-08,Vistara Line UK-992,DEL -> BLR,6800.0,7390.0,16990.0,2.299,160,55,0.344,0.658,17,0,Festival Surge,1.45,Major Event,1.55,Leisure Flyer,1.07,0.6,0.733,6.5,100.0,8
flight,FLT-01,JetExpress 9W-445,BOM -> CCU,5800.0,7100.0,7910.0,1.114,180,26,0.144,0.856,9,1,Standard,1.0,Weekend,1.15,Corporate Traveler,0.22,5.8,0.599,2.5,73.54,2
flight,FLT-02,Vistara Line UK-821,MAA -> DEL,6400.0,7500.0,11150.0,1.487,160,54,0.338,0.661,3,1,Standard,1.0,Holiday,1.35,Leisure Flyer,1.1,1.3,0.69,14.5,93.71,22
flight,FLT-03,AeroIndia AI-303,DEL -> DXB,14500.0,16140.0,15170.0,0.94,220,51,0.232,0.77,7,0,Low Traffic,0.85,Normal Day,1.0,Leisure Flyer,1.09,0.8,0.362,1.5,44.4,1
flight,FLT-04,Vistara Line UK-992,DEL -> BLR,6800.0,8380.0,18130.0,2.163,160,3,0.019,0.98,3,1,Festival Surge,1.45,Festival,1.5,Leisure Flyer,1.12,1.4,0.731,5.5,100.0,3
flight,FLT-05,SkyWings 6E-512,BLR -> DEL,6200.0,7380.0,7410.0,1.004,180,43,0.239,0.762,20,0,Standard,1.0,Normal Day,1.0,Leisure Flyer,1.1,1.6,0.46,4.5,59.21,5
flight,FLT-06,SkyWings 6E-204,DEL -> BOM,5500.0,6410.0,8970.0,1.399,180,66,0.367,0.634,6,0,Vacation Peak,1.3,Normal Day,1.0,Corporate Traveler,0.26,8.4,0.684,3.5,86.53,7
flight,FLT-07,AeroIndia AI-303,DEL -> DXB,14500.0,18700.0,38030.0,2.034,220,14,0.064,0.935,3,1,Festival Surge,1.45,Holiday,1.35,Leisure Flyer,1.18,1.6,0.728,9.5,100.0,13
flight,FLT-08,AeroIndia AI-303,DEL -> DXB,14500.0,15280.0,17530.0,1.147,220,66,0.3,0.698,15,1,Low Traffic,0.85,Weekend,1.15,Corporate Traveler,0.25,6.2,0.586,3.5,71.77,4
flight,FLT-01,AeroIndia AI-303,DEL -> DXB,14500.0,17560.0,21470.0,1.223,220,30,0.136,0.865,6,1,Standard,1.0,Weekend,1.15,Leisure Flyer,1.13,1.0,0.546,2.5,72.33,2
flight,FLT-02,SkyWings 6E-512,BLR -> DEL,6200.0,6430.0,4630.0,0.72,180,94,0.522,0.476,26,0,Low Traffic,0.85,Normal Day,1.0,Corporate Traveler,0.3,14.3,0.458,3.5,52.88,4
flight,FLT-03,SkyWings 6E-204,DEL -> BOM,5500.0,7170.0,7440.0,1.038,180,23,0.128,0.872,2,0,Standard,1.0,Normal Day,1.0,Leisure Flyer,1.09,0.8,0.594,10.5,79.29,13
flight,FLT-04,JetExpress 9W-445,BOM -> CCU,5800.0,7330.0,15520.0,2.117,180,6,0.033,0.966,1,1,Festival Surge,1.45,Major Event,1.55,Leisure Flyer,1.05,1.0,0.734,9.5,100.0,6
flight,FLT-05,JetExpress 9W-110,HYD -> MAA,3600.0,3490.0,3750.0,1.074,140,92,0.657,0.346,39,0,Standard,1.0,Normal Day,1.0,Corporate Traveler,0.2,2.6,0.439,7.5,49.4,8
flight,FLT-06,SkyWings 6E-512,BLR -> DEL,6200.0,7560.0,8940.0,1.183,180,5,0.028,0.971,11,1,Standard,1.0,Weekend,1.15,Leisure Flyer,1.16,0.8,0.586,2.5,78.63,4
flight,FLT-07,AeroIndia AI-801,BOM -> GOA,4200.0,5010.0,9540.0,1.904,150,9,0.06,0.941,1,0,Festival Surge,1.45,Holiday,1.35,Last-minute Rush,0.09,0.4,0.782,9.5,100.0,9
flight,FLT-08,AeroIndia AI-303,DEL -> DXB,14500.0,16060.0,15320.0,0.954,220,80,0.364,0.637,19,0,Standard,1.0,Normal Day,1.0,Student Traveler,1.39,0.2,0.355,0.5,45.68,0
flight,FLT-01,JetExpress 9W-445,BOM -> CCU,5800.0,5940.0,5690.0,0.958,180,87,0.483,0.518,23,0,Standard,1.0,Normal Day,1.0,Student Traveler,1.45,2.7,0.33,3.5,42.4,0
flight,FLT-02,AeroIndia AI-303,DEL -> DXB,14500.0,17150.0,16860.0,0.983,220,64,0.291,0.709,18,0,Standard,1.0,Normal Day,1.0,Corporate Traveler,0.24,5.9,0.546,4.5,65.64,5
flight,FLT-03,Vistara Line UK-821,MAA -> DEL,6400.0,7030.0,6100.0,0.868,160,69,0.431,0.569,32,0,Standard,1.0,Normal Day,1.0,Last-minute Rush,0.17,1.6,0.525,2.5,61.99,5
flight,FLT-04,Vistara Line UK-992,DEL -> BLR,6800.0,8200.0,16890.0,2.06,160,33,0.206,0.794,2,1,Festival Surge,1.45,Holiday,1.35,Corporate Traveler,0.21,5.0,0.776,7.5,100.0,10
flight,FLT-05,AeroIndia AI-303,DEL -> DXB,14500.0,17420.0,15060.0,0.865,220,49,0.223,0.777,9,0,Low Traffic,0.85,Normal Day,1.0,Corporate Traveler,0.21,7.3,0.577,6.5,70.12,6
flight,FLT-06,JetExpress 9W-445,BOM -> CCU,5800.0,6590.0,7990.0,1.212,180,53,0.294,0.703,20,1,Standard,1.0,Weekend,1.15,Student Traveler,1.38,1.6,0.472,5.5,63.14,6
flight,FLT-07,Vistara Line UK-992,DEL -> BLR,6800.0,8390.0,8380.0,0.999,160,44,0.275,0.723,4,1,Low Traffic,0.85,Weekend,1.15,Student Traveler,1.39,0.2,0.566,10.5,77.34,10
flight,FLT-08,SkyWings 6E-512,BLR -> DEL,6200.0,7470.0,15940.0,2.134,180,62,0.344,0.657,10,0,Festival Surge,1.45,Major Event,1.55,Leisure Flyer,1.11,3.1,0.731,6.5,100.0,10
flight,FLT-01,Vistara Line UK-992,DEL -> BLR,6800.0,8100.0,7610.0,0.94,160,57,0.356,0.642,9,0,Standard,1.0,Normal Day,1.0,Corporate Traveler,0.25,6.1,0.51,2.5,60.33,3
flight,FLT-02,JetExpress 9W-110,HYD -> MAA,3600.0,4470.0,4240.0,0.949,140,33,0.236,0.767,10,0,Standard,1.0,Normal Day,1.0,Corporate Traveler,0.32,6.7,0.585,5.5,72.15,7
flight,FLT-03,Vistara Line UK-821,MAA -> DEL,6400.0,7160.0,8450.0,1.18,160,66,0.412,0.587,25,1,Standard,1.0,Weekend,1.15,Leisure Flyer,1.1,0.2,0.461,2.5,59.38,4
flight,FLT-04,AeroIndia AI-303,DEL -> DXB,14500.0,17900.0,20420.0,1.141,220,49,0.223,0.776,11,1,Standard,1.0,Weekend,1.15,Student Traveler,1.41,1.0,0.51,5.5,69.07,4
flight,FLT-05,SkyWings 6E-512,BLR -> DEL,6200.0,7010.0,8140.0,1.161,180,55,0.306,0.694,19,1,Standard,1.0,Weekend,1.15,Last-minute Rush,0.22,0.3,0.527,5.5,62.7,5
flight,FLT-06,AeroIndia AI-801,BOM -> GOA,4200.0,5350.0,13470.0,2.518,150,3,0.02,0.98,4,0,Vacation Peak,1.3,Festival,1.5,Corporate Traveler,0.29,11.3,0.772,8.5,100.0,3
flight,FLT-07,SkyWings 6E-204,DEL -> BOM,5500.0,6640.0,8290.0,1.248,180,41,0.228,0.773,6,1,Standard,1.0,Weekend,1.15,Student Traveler,1.34,0.8,0.502,2.5,67.29,4
flight,FLT-08,Vistara Line UK-992,DEL -> BLR,6800.0,7690.0,16690.0,2.17,160,52,0.325,0.675,7,1,Vacation Peak,1.3,Major Event,1.55,Leisure Flyer,1.1,1.2,0.732,7.5,100.0,10
flight,FLT-01,SkyWings 6E-204,DEL -> BOM,5500.0,6630.0,10260.0,1.548,180,50,0.278,0.725,6,1,Vacation Peak,1.3,Weekend,1.15,Corporate Traveler,0.26,6.1,0.716,4.5,91.33,6
flight,FLT-02,AeroIndia AI-801,BOM -> GOA,4200.0,4930.0,4840.0,0.982,150,34,0.227,0.776,9,1,Low Traffic,0.85,Weekend,1.15,Leisure Flyer,1.12,0.4,0.51,2.5,66.86,2
flight,FLT-03,SkyWings 6E-204,DEL -> BOM,5500.0,6770.0,12230.0,1.806,180,49,0.272,0.725,16,0,Festival Surge,1.45,Holiday,1.35,Last-minute Rush,0.25,2.0,0.774,8.5,100.0,11
flight,FLT-04,Vistara Line UK-821,MAA -> DEL,6400.0,7360.0,15130.0,2.056,160,41,0.256,0.743,17,1,Festival Surge,1.45,Major Event,1.55,Leisure Flyer,1.12,0.3,0.731,8.5,100.0,13
flight,FLT-05,JetExpress 9W-110,HYD -> MAA,3600.0,4120.0,5070.0,1.231,140,41,0.293,0.709,16,1,Standard,1.0,Weekend,1.15,Corporate Traveler,0.31,9.1,0.603,5.5,74.83,6
flight,FLT-06,JetExpress 9W-445,BOM -> CCU,5800.0,7420.0,8050.0,1.085,180,8,0.044,0.957,8,1,Standard,1.0,Weekend,1.15,Leisure Flyer,1.06,1.5,0.535,4.5,70.18,3
flight,FLT-07,JetExpress 9W-110,HYD -> MAA,3600.0,4420.0,4020.0,0.91,140,33,0.236,0.761,1,0,Low Traffic,0.85,Normal Day,1.0,Last-minute Rush,0.12,1.2,0.569,4.5,68.31,4
flight,FLT-08,Vistara Line UK-821,MAA -> DEL,6400.0,7090.0,7320.0,1.032,160,76,0.475,0.527,29,0,Standard,1.0,Normal Day,1.0,Leisure Flyer,1.19,0.5,0.352,2.5,43.75,0
flight,FLT-01,JetExpress 9W-110,HYD -> MAA,3600.0,4020.0,4500.0,1.119,140,45,0.321,0.677,9,1,Standard,1.0,Weekend,1.15,Corporate Traveler,0.23,8.1,0.613,3.5,75.74,4
flight,FLT-02,Vistara Line UK-821,MAA -> DEL,6400.0,7270.0,17950.0,2.469,160,36,0.225,0.777,25,1,Festival Surge,1.45,Major Event,1.55,Last-minute Rush,0.21,0.7,0.776,2.5,100.0,3
flight,FLT-03,JetExpress 9W-445,BOM -> CCU,5800.0,6400.0,10190.0,1.592,180,54,0.3,0.702,22,1,Vacation Peak,1.3,Weekend,1.15,Leisure Flyer,1.09,1.2,0.596,1.5,79.64,1
flight,FLT-04,SkyWings 6E-512,BLR -> DEL,6200.0,7150.0,8040.0,1.124,180,33,0.183,0.818,19,1,Low Traffic,0.85,Weekend,1.15,Last-minute Rush,0.16,2.0,0.593,3.5,72.21,5
flight,FLT-05,SkyWings 6E-512,BLR -> DEL,6200.0,6840.0,13700.0,2.003,180,73,0.406,0.597,28,0,Festival Surge,1.45,Holiday,1.35,Corporate Traveler,0.27,6.8,0.773,4.5,100.0,8
flight,FLT-06,AeroIndia AI-303,DEL -> DXB,14500.0,15110.0,19210.0,1.271,220,118,0.536,0.462,31,0,Vacation Peak,1.3,Normal Day,1.0,Student Traveler,1.47,0.8,0.39,5.5,51.45,3
flight,FLT-07,Vistara Line UK-992,DEL -> BLR,6800.0,8580.0,8500.0,0.991,160,28,0.175,0.824,10,0,Standard,1.0,Normal Day,1.0,Leisure Flyer,1.02,0.2,0.462,1.5,59.01,0
flight,FLT-08,JetExpress 9W-110,HYD -> MAA,3600.0,4710.0,8220.0,1.745,140,5,0.036,0.967,1,1,Vacation Peak,1.3,Weekend,1.15,Last-minute Rush,0.13,0.8,0.78,4.5,100.0,5
flight,FLT-01,Vistara Line UK-992,DEL -> BLR,6800.0,8180.0,16570.0,2.026,160,37,0.231,0.767,14,0,Festival Surge,1.45,Festival,1.5,Corporate Traveler,0.26,3.7,0.774,6.5,100.0,8
flight,FLT-02,Vistara Line UK-992,DEL -> BLR,6800.0,8790.0,8190.0,0.932,160,10,0.062,0.938,4,1,Low Traffic,0.85,Weekend,1.15,Student Traveler,1.41,0.1,0.473,8.5,63.52,8
flight,FLT-03,JetExpress 9W-445,BOM -> CCU,5800.0,6000.0,5170.0,0.862,180,84,0.467,0.532,13,0,Standard,1.0,Normal Day,1.0,Leisure Flyer,1.1,0.6,0.405,4.5,51.0,3
flight,FLT-04,SkyWings 6E-512,BLR -> DEL,6200.0,7160.0,11170.0,1.56,180,36,0.2,0.803,5,1,Standard,1.0,Holiday,1.35,Student Traveler,1.38,0.8,0.542,3.5,73.61,1
flight,FLT-05,JetExpress 9W-110,HYD -> MAA,3600.0,4600.0,4160.0,0.904,140,28,0.2,0.801,1,0,Standard,1.0,Normal Day,1.0,Corporate Traveler,0.24,4.2,0.585,5.5,71.56,6
flight,FLT-06,JetExpress 9W-110,HYD -> MAA,3600.0,4670.0,4400.0,0.942,140,24,0.171,0.829,2,0,Standard,1.0,Normal Day,1.0,Corporate Traveler,0.21,7.6,0.617,7.5,76.13,7
flight,FLT-07,AeroIndia AI-801,BOM -> GOA,4200.0,4900.0,10530.0,2.149,150,49,0.327,0.674,38,0,Festival Surge,1.45,Festival,1.5,Corporate Traveler,0.24,8.2,0.775,6.5,100.0,12
flight,FLT-08,AeroIndia AI-801,BOM -> GOA,4200.0,4960.0,8760.0,1.766,150,37,0.247,0.75,9,0,Festival Surge,1.45,Holiday,1.35,Last-minute Rush,0.11,0.1,0.781,6.5,100.0,9
flight,FLT-01,AeroIndia AI-801,BOM -> GOA,4200.0,5730.0,12980.0,2.265,150,3,0.02,0.98,2,0,Festival Surge,1.45,Festival,1.5,Leisure Flyer,1.11,0.1,0.731,4.5,100.0,3
flight,FLT-02,AeroIndia AI-303,DEL -> DXB,14500.0,17260.0,18930.0,1.097,220,53,0.241,0.76,5,0,Standard,1.0,Normal Day,1.0,Last-minute Rush,0.09,0.9,0.596,4.5,72.14,8
flight,FLT-03,AeroIndia AI-801,BOM -> GOA,4200.0,4940.0,4380.0,0.887,150,35,0.233,0.77,5,0,Low Traffic,0.85,Normal Day,1.0,Student Traveler,1.41,0.1,0.449,5.5,59.88,6
flight,FLT-04,Vistara Line UK-992,DEL -> BLR,6800.0,7420.0,8670.0,1.168,160,47,0.294,0.707,18,1,Standard,1.0,Weekend,1.15,Last-minute Rush,0.13,0.7,0.576,1.5,69.32,1
flight,FLT-05,Vistara Line UK-992,DEL -> BLR,6800.0,7680.0,12070.0,1.572,160,41,0.256,0.744,15,0,Standard,1.0,Festival,1.5,Corporate Traveler,0.23,12.1,0.77,3.5,99.18,5
flight,FLT-06,JetExpress 9W-445,BOM -> CCU,5800.0,6740.0,7980.0,1.184,180,53,0.294,0.704,7,1,Standard,1.0,Weekend,1.15,Last-minute Rush,0.16,1.5,0.638,5.5,78.87,7
flight,FLT-07,Vistara Line UK-992,DEL -> BLR,6800.0,8060.0,11420.0,1.417,160,8,0.05,0.947,2,1,Standard,1.0,Weekend,1.15,Leisure Flyer,1.14,1.3,0.585,0.5,78.33,0
flight,FLT-08,AeroIndia AI-303,DEL -> DXB,14500.0,19810.0,20530.0,1.036,220,4,0.018,0.98,1,0,Standard,1.0,Normal Day,1.0,Corporate Traveler,0.19,7.4,0.727,5.5,92.5,4
flight,FLT-01,Vistara Line UK-992,DEL -> BLR,6800.0,8680.0,10220.0,1.177,160,13,0.081,0.921,4,1,Standard,1.0,Weekend,1.15,Last-minute Rush,0.17,0.8,0.71,9.5,89.7,13
flight,FLT-02,Vistara Line UK-821,MAA -> DEL,6400.0,7270.0,8550.0,1.176,160,46,0.287,0.713,1,0,Standard,1.0,Normal Day,1.0,Student Traveler,1.45,0.2,0.597,13.5,82.37,13
flight,FLT-03,SkyWings 6E-512,BLR -> DEL,6200.0,6970.0,6960.0,0.999,180,54,0.3,0.698,4,0,Standard,1.0,Normal Day,1.0,Student Traveler,1.4,0.2,0.409,3.5,53.8,4
flight,FLT-04,AeroIndia AI-303,DEL -> DXB,14500.0,16280.0,20090.0,1.234,220,66,0.3,0.701,2,0,Low Traffic,0.85,Holiday,1.35,Last-minute Rush,0.24,0.6,0.696,11.5,88.25,17
flight,FLT-05,SkyWings 6E-512,BLR -> DEL,6200.0,6700.0,7840.0,1.17,180,45,0.25,0.75,2,0,Standard,1.0,Normal Day,1.0,Last-minute Rush,0.17,1.1,0.634,6.5,78.41,11
flight,FLT-06,Vistara Line UK-992,DEL -> BLR,6800.0,8260.0,7690.0,0.931,160,26,0.163,0.84,4,0,Low Traffic,0.85,Normal Day,1.0,Leisure Flyer,1.12,2.7,0.514,5.5,67.57,9
flight,FLT-07,AeroIndia AI-801,BOM -> GOA,4200.0,4750.0,6880.0,1.448,150,40,0.267,0.732,6,0,Vacation Peak,1.3,Normal Day,1.0,Corporate Traveler,0.25,5.8,0.606,3.5,74.73,5
flight,FLT-08,AeroIndia AI-303,DEL -> DXB,14500.0,17140.0,20680.0,1.207,220,47,0.214,0.787,3,1,Standard,1.0,Weekend,1.15,Leisure Flyer,1.13,1.5,0.573,7.5,76.46,11
flight,FLT-01,AeroIndia AI-801,BOM -> GOA,4200.0,4990.0,11050.0,2.214,150,36,0.24,0.757,14,1,Festival Surge,1.45,Major Event,1.55,Leisure Flyer,1.17,0.2,0.728,6.5,100.0,9
flight,FLT-02,SkyWings 6E-204,DEL -> BOM,5500.0,6940.0,17190.0,2.477,180,11,0.061,0.937,2,0,Festival Surge,1.45,Festival,1.5,Corporate Traveler,0.24,22.6,0.775,9.5,100.0,11
flight,FLT-03,JetExpress 9W-445,BOM -> CCU,5800.0,6400.0,6710.0,1.048,180,73,0.406,0.597,27,0,Standard,1.0,Normal Day,1.0,Student Traveler,1.34,1.4,0.419,3.5,54.92,2
flight,FLT-04,Vistara Line UK-992,DEL -> BLR,6800.0,9000.0,11870.0,1.319,160,20,0.125,0.873,5,0,Standard,1.0,Holiday,1.35,Leisure Flyer,1.1,0.3,0.604,5.5,80.84,4
flight,FLT-05,SkyWings 6E-512,BLR -> DEL,6200.0,7300.0,5800.0,0.795,180,54,0.3,0.7,12,0,Low Traffic,0.85,Normal Day,1.0,Corporate Traveler,0.19,5.3,0.519,2.5,61.32,2
flight,FLT-06,AeroIndia AI-801,BOM -> GOA,4200.0,5220.0,9610.0,1.841,150,28,0.187,0.812,5,0,Festival Surge,1.45,Holiday,1.35,Last-minute Rush,0.14,0.5,0.78,7.5,100.0,9
flight,FLT-07,Vistara Line UK-992,DEL -> BLR,6800.0,7950.0,6700.0,0.843,160,46,0.287,0.713,19,0,Low Traffic,0.85,Normal Day,1.0,Corporate Traveler,0.27,11.2,0.468,5.5,54.19,6
flight,FLT-08,SkyWings 6E-512,BLR -> DEL,6200.0,8330.0,9520.0,1.143,180,4,0.022,0.98,2,0,Vacation Peak,1.3,Normal Day,1.0,Leisure Flyer,1.1,0.7,0.645,9.5,87.0,4
flight,FLT-01,AeroIndia AI-303,DEL -> DXB,14500.0,16790.0,37520.0,2.235,220,62,0.282,0.717,21,0,Festival Surge,1.45,Major Event,1.55,Leisure Flyer,1.06,2.5,0.734,6.5,100.0,10
flight,FLT-02,Vistara Line UK-992,DEL -> BLR,6800.0,7800.0,5990.0,0.768,160,57,0.356,0.643,20,0,Low Traffic,0.85,Normal Day,1.0,Leisure Flyer,1.04,1.5,0.362,4.5,44.16,4
flight,FLT-03,AeroIndia AI-801,BOM -> GOA,4200.0,4860.0,11200.0,2.305,150,44,0.293,0.707,3,0,Festival Surge,1.45,Festival,1.5,Leisure Flyer,1.15,2.4,0.729,6.5,100.0,8
flight,FLT-04,AeroIndia AI-303,DEL -> DXB,14500.0,18380.0,37110.0,2.019,220,17,0.077,0.925,6,1,Festival Surge,1.45,Holiday,1.35,Last-minute Rush,0.19,1.6,0.777,4.5,100.0,7
flight,FLT-05,SkyWings 6E-204,DEL -> BOM,5500.0,6640.0,14570.0,2.194,180,58,0.322,0.677,3,0,Festival Surge,1.45,Holiday,1.35,Leisure Flyer,1.08,0.1,0.733,12.5,100.0,19
flight,FLT-06,AeroIndia AI-801,BOM -> GOA,4200.0,4910.0,9190.0,1.872,150,15,0.1,0.903,12,0,Vacation Peak,1.3,Holiday,1.35,Last-minute Rush,0.17,1.6,0.778,4.5,100.0,8
flight,FLT-07,Vistara Line UK-821,MAA -> DEL,6400.0,7750.0,11650.0,1.503,160,3,0.019,0.98,1,0,Standard,1.0,Major Event,1.55,Student Traveler,1.41,1.1,0.716,10.5,100.0,3
flight,FLT-08,Vistara Line UK-821,MAA -> DEL,6400.0,8070.0,8910.0,1.104,160,37,0.231,0.771,3,1,Standard,1.0,Weekend,1.15,Corporate Traveler,0.32,5.1,0.648,7.5,81.6,11
flight,FLT-01,AeroIndia AI-801,BOM -> GOA,4200.0,5260.0,5840.0,1.11,150,18,0.12,0.879,4,1,Standard,1.0,Weekend,1.15,Leisure Flyer,1.08,0.8,0.653,10.5,88.05,10
flight,FLT-02,SkyWings 6E-204,DEL -> BOM,5500.0,6740.0,7220.0,1.071,180,23,0.128,0.874,4,1,Standard,1.0,Weekend,1.15,Leisure Flyer,1.06,3.2,0.609,7.5,81.37,5
flight,FLT-03,JetExpress 9W-445,BOM -> CCU,5800.0,6740.0,8440.0,1.252,180,25,0.139,0.863,11,1,Standard,1.0,Weekend,1.15,Leisure Flyer,1.05,1.3,0.521,1.5,68.01,1
flight,FLT-04,AeroIndia AI-303,DEL -> DXB,14500.0,17770.0,20930.0,1.178,220,34,0.155,0.845,9,0,Standard,1.0,Normal Day,1.0,Corporate Traveler,0.2,4.9,0.605,6.5,74.32,9
flight,FLT-05,SkyWings 6E-204,DEL -> BOM,5500.0,6650.0,9990.0,1.502,180,9,0.05,0.948,7,0,Vacation Peak,1.3,Normal Day,1.0,Leisure Flyer,1.12,0.1,0.638,3.5,86.13,6
flight,FLT-06,SkyWings 6E-512,BLR -> DEL,6200.0,7060.0,8470.0,1.2,180,26,0.144,0.857,2,0,Standard,1.0,Normal Day,1.0,Leisure Flyer,1.11,0.8,0.577,6.5,76.86,6
flight,FLT-07,AeroIndia AI-303,DEL -> DXB,14500.0,16680.0,38830.0,2.328,220,46,0.209,0.789,2,0,Festival Surge,1.45,Major Event,1.55,Leisure Flyer,1.07,1.7,0.733,4.5,100.0,7
flight,FLT-08,SkyWings 6E-512,BLR -> DEL,6200.0,5930.0,10800.0,1.821,180,105,0.583,0.418,38,1,Vacation Peak,1.3,Weekend,1.15,Leisure Flyer,1.03,0.8,0.552,2.5,72.59,4
flight,FLT-01,AeroIndia AI-303,DEL -> DXB,14500.0,17960.0,37140.0,2.068,220,59,0.268,0.731,6,0,Festival Surge,1.45,Holiday,1.35,Last-minute Rush,0.18,2.9,0.778,4.5,100.0,8
flight,FLT-02,JetExpress 9W-445,BOM -> CCU,5800.0,6330.0,6320.0,0.998,180,48,0.267,0.732,18,1,Low Traffic,0.85,Weekend,1.15,Last-minute Rush,0.1,0.5,0.583,1.5,70.13,2
flight,FLT-03,AeroIndia AI-801,BOM -> GOA,4200.0,4970.0,6100.0,1.227,150,26,0.173,0.828,8,1,Standard,1.0,Weekend,1.15,Leisure Flyer,1.11,1.0,0.531,2.5,70.01,2
flight,FLT-04,AeroIndia AI-801,BOM -> GOA,4200.0,4970.0,4310.0,0.867,150,34,0.227,0.771,9,0,Standard,1.0,Normal Day,1.0,Leisure Flyer,1.13,2.5,0.435,2.5,55.71,1
flight,FLT-05,AeroIndia AI-801,BOM -> GOA,4200.0,5040.0,11680.0,2.317,150,21,0.14,0.862,10,0,Festival Surge,1.45,Festival,1.5,Leisure Flyer,1.06,1.2,0.734,5.5,100.0,8
flight,FLT-06,JetExpress 9W-110,HYD -> MAA,3600.0,4530.0,5920.0,1.307,140,37,0.264,0.732,24,0,Low Traffic,0.85,Holiday,1.35,Last-minute Rush,0.11,0.5,0.627,6.5,76.87,7
flight,FLT-07,Vistara Line UK-821,MAA -> DEL,6400.0,7640.0,7310.0,0.957,160,50,0.312,0.69,19,0,Standard,1.0,Normal Day,1.0,Corporate Traveler,0.27,6.1,0.564,4.5,68.63,5
flight,FLT-08,AeroIndia AI-801,BOM -> GOA,4200.0,4710.0,5970.0,1.268,150,39,0.26,0.743,4,1,Low Traffic,0.85,Festival,1.5,Corporate Traveler,0.21,9.1,0.755,9.5,96.84,18
flight,FLT-01,Vistara Line UK-821,MAA -> DEL,6400.0,7150.0,9000.0,1.259,160,46,0.287,0.716,15,1,Standard,1.0,Weekend,1.15,Last-minute Rush,0.12,1.0,0.625,4.5,76.67,5
flight,FLT-02,Vistara Line UK-992,DEL -> BLR,6800.0,7690.0,10530.0,1.369,160,32,0.2,0.798,2,1,Standard,1.0,Weekend,1.15,Leisure Flyer,1.12,2.0,0.667,10.5,90.45,16
flight,FLT-03,SkyWings 6E-204,DEL -> BOM,5500.0,7020.0,9680.0,1.379,180,15,0.083,0.915,11,0,Vacation Peak,1.3,Normal Day,1.0,Leisure Flyer,1.06,0.3,0.585,2.5,77.75,3
flight,FLT-04,AeroIndia AI-801,BOM -> GOA,4200.0,5510.0,4360.0,0.791,150,8,0.053,0.949,10,0,Low Traffic,0.85,Normal Day,1.0,Leisure Flyer,1.12,1.7,0.425,0.5,54.19,0
flight,FLT-05,Vistara Line UK-992,DEL -> BLR,6800.0,7730.0,8730.0,1.129,160,42,0.263,0.74,4,1,Standard,1.0,Weekend,1.15,Corporate Traveler,0.27,7.1,0.635,7.5,79.27,12
flight,FLT-06,AeroIndia AI-801,BOM -> GOA,4200.0,4670.0,4680.0,1.002,150,47,0.313,0.685,9,1,Low Traffic,0.85,Weekend,1.15,Corporate Traveler,0.27,14.9,0.634,2.5,79.08,4
flight,FLT-07,JetExpress 9W-445,BOM -> CCU,5800.0,6510.0,6430.0,0.988,180,43,0.239,0.758,5,0,Low Traffic,0.85,Normal Day,1.0,Corporate Traveler,0.23,6.0,0.523,3.5,62.19,5
flight,FLT-08,SkyWings 6E-512,BLR -> DEL,6200.0,8080.0,7230.0,0.895,180,36,0.2,0.8,13,0,Standard,1.0,Normal Day,1.0,Corporate Traveler,0.22,7.1,0.579,4.5,70.45,4
flight,FLT-01,JetExpress 9W-110,HYD -> MAA,3600.0,4560.0,4970.0,1.09,140,23,0.164,0.833,5,0,Standard,1.0,Normal Day,1.0,Student Traveler,1.41,2.0,0.545,5.5,74.33,3
flight,FLT-02,Vistara Line UK-992,DEL -> BLR,6800.0,8600.0,6430.0,0.748,160,17,0.106,0.895,1,0,Low Traffic,0.85,Normal Day,1.0,Leisure Flyer,1.08,2.0,0.522,9.5,68.39,9
flight,FLT-03,AeroIndia AI-303,DEL -> DXB,14500.0,17380.0,22650.0,1.303,220,36,0.164,0.835,4,0,Vacation Peak,1.3,Normal Day,1.0,Corporate Traveler,0.29,4.6,0.695,5.5,88.5,10
flight,FLT-04,AeroIndia AI-801,BOM -> GOA,4200.0,5400.0,6420.0,1.189,150,18,0.12,0.883,10,1,Standard,1.0,Weekend,1.15,Leisure Flyer,1.06,1.0,0.54,3.5,71.02,3
flight,FLT-05,JetExpress 9W-110,HYD -> MAA,3600.0,4170.0,9630.0,2.309,140,43,0.307,0.69,23,1,Festival Surge,1.45,Festival,1.5,Leisure Flyer,1.1,0.2,0.732,7.5,100.0,12
flight,FLT-06,SkyWings 6E-204,DEL -> BOM,5500.0,6410.0,7830.0,1.222,180,21,0.117,0.882,8,1,Standard,1.0,Weekend,1.15,Corporate Traveler,0.24,8.5,0.722,4.5,92.07,5
flight,FLT-07,AeroIndia AI-801,BOM -> GOA,4200.0,4660.0,5070.0,1.088,150,74,0.493,0.505,24,0,Vacation Peak,1.3,Normal Day,1.0,Corporate Traveler,0.21,4.7,0.555,2.5,66.87,2
flight,FLT-08,AeroIndia AI-303,DEL -> DXB,14500.0,17560.0,27370.0,1.559,220,59,0.268,0.733,2,0,Standard,1.0,Holiday,1.35,Last-minute Rush,0.15,0.6,0.661,3.5,82.21,6
flight,FLT-01,SkyWings 6E-204,DEL -> BOM,5500.0,6320.0,7340.0,1.161,180,58,0.322,0.676,8,1,Standard,1.0,Weekend,1.15,Corporate Traveler,0.18,4.3,0.587,3.5,71.38,3
flight,FLT-02,JetExpress 9W-110,HYD -> MAA,3600.0,4370.0,9460.0,2.165,140,20,0.143,0.858,5,0,Festival Surge,1.45,Major Event,1.55,Student Traveler,1.35,3.1,0.719,9.5,100.0,14
flight,FLT-03,JetExpress 9W-110,HYD -> MAA,3600.0,3810.0,6040.0,1.585,140,63,0.45,0.547,30,0,Vacation Peak,1.3,Normal Day,1.0,Leisure Flyer,1.17,2.5,0.458,0.5,59.53,1
flight,FLT-04,AeroIndia AI-303,DEL -> DXB,14500.0,16700.0,18690.0,1.119,220,55,0.25,0.75,2,0,Standard,1.0,Normal Day,1.0,Student Traveler,1.46,0.1,0.501,6.5,68.14,5
flight,FLT-05,SkyWings 6E-204,DEL -> BOM,5500.0,6320.0,7720.0,1.222,180,11,0.061,0.937,2,1,Low Traffic,0.85,Weekend,1.15,Corporate Traveler,0.16,11.0,0.765,7.5,97.91,11
flight,FLT-06,AeroIndia AI-303,DEL -> DXB,14500.0,17030.0,37120.0,2.18,220,32,0.145,0.853,2,1,Festival Surge,1.45,Holiday,1.35,Student Traveler,1.36,1.6,0.719,8.5,100.0,13
flight,FLT-07,Vistara Line UK-992,DEL -> BLR,6800.0,8330.0,8780.0,1.054,160,35,0.219,0.781,4,0,Standard,1.0,Normal Day,1.0,Last-minute Rush,0.19,0.7,0.532,2.5,63.2,4
flight,FLT-08,Vistara Line UK-821,MAA -> DEL,6400.0,7740.0,8470.0,1.094,160,20,0.125,0.873,2,0,Standard,1.0,Normal Day,1.0,Leisure Flyer,1.12,0.5,0.519,2.5,68.32,2
flight,FLT-01,JetExpress 9W-110,HYD -> MAA,3600.0,4380.0,4560.0,1.041,140,36,0.257,0.741,13,1,Low Traffic,0.85,Weekend,1.15,Corporate Traveler,0.27,5.1,0.567,7.5,69.14,13
flight,FLT-02,Vistara Line UK-992,DEL -> BLR,6800.0,7990.0,8140.0,1.019,160,38,0.237,0.765,3,0,Standard,1.0,Normal Day,1.0,Leisure Flyer,1.07,0.7,0.493,8.5,63.94,7
flight,FLT-03,AeroIndia AI-801,BOM -> GOA,4200.0,5270.0,11400.0,2.163,150,25,0.167,0.834,15,0,Festival Surge,1.45,Major Event,1.55,Student Traveler,1.39,0.2,0.717,7.5,100.0,13
flight,FLT-04,Vistara Line UK-821,MAA -> DEL,6400.0,7650.0,13200.0,1.725,160,31,0.194,0.809,7,0,Festival Surge,1.45,Festival,1.5,Corporate Traveler,0.2,10.9,0.777,5.5,100.0,10
flight,FLT-05,Vistara Line UK-821,MAA -> DEL,6400.0,8190.0,18860.0,2.303,160,10,0.062,0.937,5,0,Festival Surge,1.45,Major Event,1.55,Student Traveler,1.4,0.8,0.717,11.5,100.0,10
flight,FLT-06,SkyWings 6E-204,DEL -> BOM,5500.0,6830.0,8030.0,1.176,180,40,0.222,0.778,17,1,Standard,1.0,Weekend,1.15,Leisure Flyer,1.07,0.5,0.509,2.5,66.41,2
flight,FLT-07,Vistara Line UK-821,MAA -> DEL,6400.0,5960.0,14930.0,2.505,160,87,0.544,0.457,36,0,Festival Surge,1.45,Festival,1.5,Last-minute Rush,0.18,0.4,0.778,4.5,100.0,8
flight,FLT-08,Vistara Line UK-821,MAA -> DEL,6400.0,7420.0,9490.0,1.279,160,29,0.181,0.819,2,0,Low Traffic,0.85,Festival,1.5,Corporate Traveler,0.25,9.7,0.774,8.5,99.93,13
flight,FLT-01,Vistara Line UK-992,DEL -> BLR,6800.0,7230.0,8760.0,1.212,160,88,0.55,0.449,30,0,Vacation Peak,1.3,Normal Day,1.0,Last-minute Rush,0.18,1.5,0.502,3.5,58.66,4
flight,FLT-02,SkyWings 6E-204,DEL -> BOM,5500.0,5950.0,6460.0,1.086,180,53,0.294,0.706,3,0,Standard,1.0,Normal Day,1.0,Leisure Flyer,1.1,4.0,0.519,7.5,68.16,6
flight,FLT-03,JetExpress 9W-110,HYD -> MAA,3600.0,4490.0,4470.0,0.996,140,14,0.1,0.898,2,0,Low Traffic,0.85,Normal Day,1.0,Corporate Traveler,0.22,20.4,0.703,6.5,89.11,11
flight,FLT-04,SkyWings 6E-204,DEL -> BOM,5500.0,6540.0,5170.0,0.791,180,45,0.25,0.749,8,0,Low Traffic,0.85,Normal Day,1.0,Leisure Flyer,1.06,0.3,0.432,5.5,54.82,5
flight,FLT-05,Vistara Line UK-821,MAA -> DEL,6400.0,6570.0,9800.0,1.492,160,70,0.438,0.566,14,0,Vacation Peak,1.3,Normal Day,1.0,Corporate Traveler,0.26,4.2,0.597,2.5,73.46,4
flight,FLT-06,AeroIndia AI-801,BOM -> GOA,4200.0,5050.0,8100.0,1.604,150,9,0.06,0.939,5,1,Standard,1.0,Festival,1.5,Corporate Traveler,0.26,8.7,0.774,6.5,100.0,9
flight,FLT-07,JetExpress 9W-110,HYD -> MAA,3600.0,4060.0,4730.0,1.165,140,59,0.421,0.576,7,1,Standard,1.0,Weekend,1.15,Student Traveler,1.45,2.4,0.477,4.5,64.36,3
flight,FLT-08,AeroIndia AI-801,BOM -> GOA,4200.0,5100.0,7110.0,1.394,150,23,0.153,0.846,10,0,Low Traffic,0.85,Major Event,1.55,Corporate Traveler,0.25,7.5,0.722,7.5,92.18,9
flight,FLT-01,SkyWings 6E-512,BLR -> DEL,6200.0,7520.0,7310.0,0.972,180,48,0.267,0.735,5,0,Standard,1.0,Normal Day,1.0,Last-minute Rush,0.21,0.6,0.504,5.5,59.23,4
flight,FLT-02,SkyWings 6E-204,DEL -> BOM,5500.0,6380.0,6900.0,1.082,180,40,0.222,0.78,4,0,Standard,1.0,Normal Day,1.0,Corporate Traveler,0.28,10.7,0.666,12.5,84.0,17
flight,FLT-03,SkyWings 6E-204,DEL -> BOM,5500.0,6700.0,16340.0,2.439,180,27,0.15,0.849,3,1,Festival Surge,1.45,Festival,1.5,Leisure Flyer,1.08,1.4,0.733,12.5,100.0,20
flight,FLT-04,AeroIndia AI-303,DEL -> DXB,14500.0,16400.0,18790.0,1.146,220,51,0.232,0.769,10,1,Standard,1.0,Weekend,1.15,Leisure Flyer,1.12,0.2,0.489,6.5,63.75,5
flight,FLT-05,Vistara Line UK-821,MAA -> DEL,6400.0,7120.0,7370.0,1.035,160,37,0.231,0.769,3,0,Standard,1.0,Normal Day,1.0,Corporate Traveler,0.29,8.8,0.605,6.5,74.87,8
flight,FLT-06,SkyWings 6E-204,DEL -> BOM,5500.0,6760.0,9910.0,1.466,180,23,0.128,0.871,10,1,Vacation Peak,1.3,Weekend,1.15,Leisure Flyer,1.14,0.8,0.63,2.5,85.12,4
flight,FLT-07,Vistara Line UK-992,DEL -> BLR,6800.0,8080.0,8000.0,0.99,160,33,0.206,0.792,10,0,Low Traffic,0.85,Normal Day,1.0,Corporate Traveler,0.17,4.6,0.554,3.5,66.4,4
flight,FLT-08,SkyWings 6E-512,BLR -> DEL,6200.0,7500.0,10370.0,1.383,180,22,0.122,0.876,12,1,Standard,1.0,Weekend,1.15,Corporate Traveler,0.25,6.1,0.69,3.5,87.36,3
flight,FLT-01,AeroIndia AI-303,DEL -> DXB,14500.0,17420.0,24700.0,1.418,220,56,0.255,0.746,7,1,Vacation Peak,1.3,Weekend,1.15,Leisure Flyer,1.02,0.6,0.631,8.5,84.27,8
flight,FLT-02,JetExpress 9W-110,HYD -> MAA,3600.0,3420.0,3960.0,1.158,140,82,0.586,0.412,41,0,Standard,1.0,Normal Day,1.0,Student Traveler,1.4,0.0,0.347,2.5,44.62,1
flight,FLT-03,JetExpress 9W-110,HYD -> MAA,3600.0,3770.0,6160.0,1.634,140,56,0.4,0.597,18,1,Vacation Peak,1.3,Weekend,1.15,Last-minute Rush,0.18,3.2,0.696,3.5,87.77,4
flight,FLT-04,Vistara Line UK-821,MAA -> DEL,6400.0,8150.0,15570.0,1.91,160,3,0.019,0.98,3,0,Vacation Peak,1.3,Holiday,1.35,Corporate Traveler,0.24,3.7,0.775,11.5,100.0,3
flight,FLT-05,SkyWings 6E-204,DEL -> BOM,5500.0,5930.0,6620.0,1.116,180,89,0.494,0.504,18,1,Standard,1.0,Weekend,1.15,Corporate Traveler,0.25,4.8,0.588,4.5,72.07,6
flight,FLT-06,SkyWings 6E-512,BLR -> DEL,6200.0,7740.0,18530.0,2.394,180,33,0.183,0.817,5,1,Festival Surge,1.45,Festival,1.5,Leisure Flyer,1.05,3.7,0.734,8.5,100.0,10
flight,FLT-07,AeroIndia AI-303,DEL -> DXB,14500.0,16150.0,17690.0,1.095,220,88,0.4,0.6,27,0,Standard,1.0,Normal Day,1.0,Corporate Traveler,0.25,3.2,0.523,2.5,62.39,4
flight,FLT-08,AeroIndia AI-801,BOM -> GOA,4200.0,5030.0,11230.0,2.233,150,28,0.187,0.815,4,0,Festival Surge,1.45,Major Event,1.55,Corporate Traveler,0.26,10.0,0.774,8.5,100.0,16
flight,FLT-01,SkyWings 6E-204,DEL -> BOM,5500.0,6900.0,9670.0,1.401,180,26,0.144,0.858,18,0,Vacation Peak,1.3,Normal Day,1.0,Leisure Flyer,1.15,1.6,0.572,2.5,76.45,2
flight,FLT-02,SkyWings 6E-204,DEL -> BOM,5500.0,7000.0,7670.0,1.096,180,21,0.117,0.886,8,1,Low Traffic,0.85,Weekend,1.15,Leisure Flyer,1.1,0.8,0.475,1.5,61.51,1
flight,FLT-03,JetExpress 9W-445,BOM -> CCU,5800.0,6990.0,7700.0,1.102,180,36,0.2,0.801,3,1,Standard,1.0,Weekend,1.15,Last-minute Rush,0.12,1.2,0.592,4.5,71.76,6
flight,FLT-04,JetExpress 9W-110,HYD -> MAA,3600.0,4520.0,3940.0,0.872,140,21,0.15,0.848,3,0,Low Traffic,0.85,Normal Day,1.0,Leisure Flyer,1.07,0.4,0.468,8.5,60.21,9
flight,FLT-05,SkyWings 6E-512,BLR -> DEL,6200.0,7560.0,7040.0,0.931,180,39,0.217,0.786,11,1,Low Traffic,0.85,Weekend,1.15,Student Traveler,1.44,0.6,0.354,2.5,45.85,4
flight,FLT-06,SkyWings 6E-204,DEL -> BOM,5500.0,6430.0,6720.0,1.045,180,29,0.161,0.836,12,1,Low Traffic,0.85,Weekend,1.15,Leisure Flyer,1.11,1.8,0.511,3.5,66.95,4
flight,FLT-07,JetExpress 9W-110,HYD -> MAA,3600.0,4490.0,11910.0,2.653,140,3,0.021,0.98,6,0,Festival Surge,1.45,Major Event,1.55,Student Traveler,1.45,3.1,0.714,7.5,100.0,3
flight,FLT-08,AeroIndia AI-801,BOM -> GOA,4200.0,5210.0,8360.0,1.605,150,7,0.047,0.951,9,0,Low Traffic,0.85,Festival,1.5,Leisure Flyer,1.02,1.0,0.622,4.5,82.93,7
flight,FLT-01,SkyWings 6E-204,DEL -> BOM,5500.0,6040.0,7040.0,1.166,180,75,0.417,0.581,10,1,Standard,1.0,Weekend,1.15,Last-minute Rush,0.16,0.4,0.578,5.5,69.86,6
flight,FLT-02,Vistara Line UK-821,MAA -> DEL,6400.0,7360.0,6500.0,0.883,160,70,0.438,0.565,12,1,Low Traffic,0.85,Weekend,1.15,Corporate Traveler,0.33,8.3,0.477,3.5,56.05,6
flight,FLT-03,SkyWings 6E-512,BLR -> DEL,6200.0,6630.0,15070.0,2.273,180,49,0.272,0.728,6,0,Festival Surge,1.45,Festival,1.5,Corporate Traveler,0.32,17.1,0.771,5.5,100.0,8
flight,FLT-04,AeroIndia AI-801,BOM -> GOA,4200.0,5560.0,4710.0,0.847,150,3,0.02,0.98,2,0,Low Traffic,0.85,Normal Day,1.0,Leisure Flyer,1.08,1.0,0.554,4.5,73.2,3
flight,FLT-05,AeroIndia AI-801,BOM -> GOA,4200.0,4840.0,5070.0,1.048,150,44,0.293,0.709,11,0,Standard,1.0,Normal Day,1.0,Leisure Flyer,1.12,5.1,0.459,5.5,59.29,6
flight,FLT-06,AeroIndia AI-303,DEL -> DXB,14500.0,17630.0,28820.0,1.635,220,27,0.123,0.877,2,1,Standard,1.0,Festival,1.5,Corporate Traveler,0.23,4.7,0.753,0.5,96.69,1
flight,FLT-07,JetExpress 9W-445,BOM -> CCU,5800.0,7360.0,7050.0,0.958,180,35,0.194,0.806,3,0,Standard,1.0,Normal Day,1.0,Leisure Flyer,1.13,0.3,0.511,5.5,67.08,8
flight,FLT-08,JetExpress 9W-110,HYD -> MAA,3600.0,3890.0,3760.0,0.967,140,56,0.4,0.597,24,0,Standard,1.0,Normal Day,1.0,Corporate Traveler,0.26,3.3,0.451,1.5,51.57,2
flight,FLT-01,JetExpress 9W-110,HYD -> MAA,3600.0,4180.0,8220.0,1.967,140,46,0.329,0.672,28,0,Festival Surge,1.45,Holiday,1.35,Leisure Flyer,1.05,0.4,0.716,7.5,97.32,11
flight,FLT-02,JetExpress 9W-445,BOM -> CCU,5800.0,5810.0,6600.0,1.136,180,59,0.328,0.671,3,0,Standard,1.0,Normal Day,1.0,Corporate Traveler,0.28,7.1,0.605,9.5,74.8,7
flight,FLT-03,JetExpress 9W-110,HYD -> MAA,3600.0,4430.0,3750.0,0.847,140,45,0.321,0.681,7,0,Low Traffic,0.85,Normal Day,1.0,Corporate Traveler,0.31,5.3,0.509,2.5,60.71,2
flight,FLT-04,Vistara Line UK-992,DEL -> BLR,6800.0,7830.0,8130.0,1.038,160,22,0.138,0.862,2,1,Low Traffic,0.85,Weekend,1.15,Student Traveler,1.4,0.5,0.478,5.5,64.13,4
flight,FLT-05,SkyWings 6E-512,BLR -> DEL,6200.0,8320.0,12880.0,1.548,180,6,0.033,0.966,1,1,Vacation Peak,1.3,Weekend,1.15,Corporate Traveler,0.26,6.8,0.774,3.5,100.0,6
flight,FLT-06,JetExpress 9W-445,BOM -> CCU,5800.0,6780.0,5760.0,0.85,180,47,0.261,0.741,12,0,Low Traffic,0.85,Normal Day,1.0,Corporate Traveler,0.27,7.7,0.588,5.5,72.23,5
flight,FLT-07,SkyWings 6E-204,DEL -> BOM,5500.0,6930.0,7300.0,1.053,180,44,0.244,0.758,10,1,Low Traffic,0.85,Weekend,1.15,Corporate Traveler,0.26,2.0,0.532,2.5,63.71,3
flight,FLT-08,Vistara Line UK-992,DEL -> BLR,6800.0,8740.0,9350.0,1.07,160,21,0.131,0.867,6,1,Standard,1.0,Weekend,1.15,Leisure Flyer,1.08,0.5,0.515,4.5,67.28,4
flight,FLT-01,JetExpress 9W-445,BOM -> CCU,5800.0,7250.0,6690.0,0.923,180,36,0.2,0.801,5,0,Low Traffic,0.85,Normal Day,1.0,Corporate Traveler,0.27,7.9,0.61,9.5,75.54,8
flight,FLT-02,AeroIndia AI-801,BOM -> GOA,4200.0,5240.0,9160.0,1.748,150,35,0.233,0.765,9,0,Vacation Peak,1.3,Holiday,1.35,Leisure Flyer,1.15,0.2,0.729,7.5,100.0,8
flight,FLT-03,Vistara Line UK-821,MAA -> DEL,6400.0,7140.0,7750.0,1.085,160,42,0.263,0.737,17,1,Low Traffic,0.85,Holiday,1.35,Corporate Traveler,0.23,15.9,0.672,9.5,84.51,11
flight,FLT-04,JetExpress 9W-110,HYD -> MAA,3600.0,4360.0,4040.0,0.927,140,40,0.286,0.715,19,0,Standard,1.0,Normal Day,1.0,Last-minute Rush,0.16,0.6,0.503,5.5,58.69,7
flight,FLT-05,AeroIndia AI-801,BOM -> GOA,4200.0,5380.0,5800.0,1.078,150,26,0.173,0.829,4,1,Standard,1.0,Weekend,1.15,Last-minute Rush,0.12,4.7,0.708,8.5,89.14,12
flight,FLT-06,JetExpress 9W-445,BOM -> CCU,5800.0,7310.0,17660.0,2.416,180,15,0.083,0.919,14,0,Festival Surge,1.45,Major Event,1.55,Student Traveler,1.44,1.5,0.715,6.5,100.0,11
flight,FLT-07,Vistara Line UK-992,DEL -> BLR,6800.0,8600.0,19830.0,2.306,160,22,0.138,0.86,13,0,Festival Surge,1.45,Festival,1.5,Corporate Traveler,0.25,2.9,0.774,11.5,100.0,16
flight,FLT-08,SkyWings 6E-512,BLR -> DEL,6200.0,7250.0,8210.0,1.132,180,41,0.228,0.771,7,1,Standard,1.0,Weekend,1.15,Leisure Flyer,1.0,1.6,0.544,2.5,71.11,3
flight,FLT-01,Vistara Line UK-992,DEL -> BLR,6800.0,7530.0,12630.0,1.677,160,56,0.35,0.649,21,1,Vacation Peak,1.3,Weekend,1.15,Leisure Flyer,1.03,1.0,0.6,3.5,79.66,3
flight,FLT-02,SkyWings 6E-512,BLR -> DEL,6200.0,6450.0,7170.0,1.112,180,83,0.461,0.542,14,0,Standard,1.0,Normal Day,1.0,Corporate Traveler,0.24,8.3,0.472,1.5,54.57,2
flight,FLT-03,AeroIndia AI-801,BOM -> GOA,4200.0,4500.0,4550.0,1.011,150,52,0.347,0.651,13,0,Standard,1.0,Normal Day,1.0,Last-minute Rush,0.19,0.3,0.509,4.5,59.75,3
flight,FLT-04,Vistara Line UK-992,DEL -> BLR,6800.0,8730.0,10860.0,1.244,160,12,0.075,0.928,3,1,Standard,1.0,Weekend,1.15,Student Traveler,1.42,0.2,0.595,8.5,81.88,9
flight,FLT-05,Vistara Line UK-992,DEL -> BLR,6800.0,7780.0,8850.0,1.138,160,42,0.263,0.735,3,1,Standard,1.0,Weekend,1.15,Leisure Flyer,1.07,2.2,0.608,6.5,81.19,7
flight,FLT-06,JetExpress 9W-110,HYD -> MAA,3600.0,4300.0,4080.0,0.949,140,45,0.321,0.68,15,0,Standard,1.0,Normal Day,1.0,Last-minute Rush,0.1,0.1,0.538,1.5,63.5,1
flight,FLT-07,JetExpress 9W-110,HYD -> MAA,3600.0,4000.0,5310.0,1.327,140,39,0.279,0.723,8,0,Vacation Peak,1.3,Normal Day,1.0,Leisure Flyer,1.16,1.1,0.556,4.5,74.09,7
flight,FLT-08,JetExpress 9W-110,HYD -> MAA,3600.0,4120.0,3870.0,0.939,140,33,0.236,0.763,5,0,Low Traffic,0.85,Normal Day,1.0,Last-minute Rush,0.18,0.6,0.597,9.5,72.86,13
flight,FLT-01,SkyWings 6E-512,BLR -> DEL,6200.0,8230.0,8330.0,1.012,180,19,0.106,0.895,12,0,Standard,1.0,Normal Day,1.0,Leisure Flyer,1.12,0.9,0.421,4.5,53.59,5
flight,FLT-02,SkyWings 6E-204,DEL -> BOM,5500.0,6000.0,12190.0,2.032,180,55,0.306,0.694,17,0,Festival Surge,1.45,Holiday,1.35,Leisure Flyer,1.08,0.7,0.733,11.5,100.0,14
flight,FLT-03,JetExpress 9W-445,BOM -> CCU,5800.0,7050.0,8470.0,1.201,180,4,0.022,0.98,1,0,Standard,1.0,Normal Day,1.0,Leisure Flyer,1.09,3.3,0.638,7.5,85.82,4
flight,FLT-04,Vistara Line UK-992,DEL -> BLR,6800.0,7570.0,8680.0,1.147,160,58,0.362,0.639,13,1,Standard,1.0,Weekend,1.15,Corporate Traveler,0.18,9.7,0.601,2.5,73.45,3
flight,FLT-05,JetExpress 9W-445,BOM -> CCU,5800.0,6910.0,7350.0,1.064,180,38,0.211,0.79,7,0,Standard,1.0,Normal Day,1.0,Student Traveler,1.45,0.9,0.41,2.5,54.38,1
flight,FLT-06,SkyWings 6E-512,BLR -> DEL,6200.0,8080.0,8200.0,1.015,180,5,0.028,0.975,3,0,Standard,1.0,Normal Day,1.0,Leisure Flyer,1.13,1.0,0.512,2.5,67.25,3
flight,FLT-07,SkyWings 6E-512,BLR -> DEL,6200.0,7170.0,15640.0,2.181,180,65,0.361,0.638,34,1,Festival Surge,1.45,Holiday,1.35,Corporate Traveler,0.23,10.1,0.775,8.5,100.0,13
flight,FLT-08,AeroIndia AI-801,BOM -> GOA,4200.0,5030.0,5250.0,1.044,150,46,0.307,0.692,3,0,Standard,1.0,Normal Day,1.0,Leisure Flyer,1.09,1.6,0.551,9.5,72.84,11
flight,FLT-01,AeroIndia AI-801,BOM -> GOA,4200.0,5100.0,8950.0,1.755,150,38,0.253,0.746,6,0,Vacation Peak,1.3,Holiday,1.35,Corporate Traveler,0.35,5.1,0.769,5.5,100.0,9
flight,FLT-02,SkyWings 6E-204,DEL -> BOM,5500.0,5840.0,5920.0,1.014,180,74,0.411,0.587,16,0,Standard,1.0,Normal Day,1.0,Last-minute Rush,0.2,0.4,0.472,4.5,54.36,6
flight,FLT-03,SkyWings 6E-512,BLR -> DEL,6200.0,6930.0,6400.0,0.924,180,43,0.239,0.759,2,0,Low Traffic,0.85,Normal Day,1.0,Corporate Traveler,0.21,2.9,0.489,3.5,56.88,3
flight,FLT-04,AeroIndia AI-303,DEL -> DXB,14500.0,18210.0,40220.0,2.209,220,41,0.186,0.815,14,0,Festival Surge,1.45,Festival,1.5,Leisure Flyer,1.12,0.4,0.731,9.5,100.0,13
flight,FLT-05,JetExpress 9W-445,BOM -> CCU,5800.0,7080.0,17980.0,2.54,180,14,0.078,0.921,4,0,Festival Surge,1.45,Major Event,1.55,Corporate Traveler,0.26,3.0,0.774,7.5,100.0,11
flight,FLT-06,Vistara Line UK-992,DEL -> BLR,6800.0,7930.0,20900.0,2.636,160,6,0.037,0.964,1,0,Festival Surge,1.45,Major Event,1.55,Last-minute Rush,0.2,8.0,0.777,7.5,100.0,6
flight,FLT-07,SkyWings 6E-512,BLR -> DEL,6200.0,7010.0,7090.0,1.011,180,56,0.311,0.689,7,0,Standard,1.0,Normal Day,1.0,Student Traveler,1.44,1.4,0.387,4.5,50.8,7
flight,FLT-08,JetExpress 9W-445,BOM -> CCU,5800.0,6120.0,6990.0,1.142,180,51,0.283,0.716,21,0,Standard,1.0,Normal Day,1.0,Leisure Flyer,1.16,0.5,0.408,1.5,51.92,1
flight,FLT-01,AeroIndia AI-801,BOM -> GOA,4200.0,4970.0,4620.0,0.93,150,34,0.227,0.776,10,0,Low Traffic,0.85,Normal Day,1.0,Last-minute Rush,0.17,0.5,0.582,4.5,70.63,4
flight,FLT-02,AeroIndia AI-303,DEL -> DXB,14500.0,18970.0,38100.0,2.008,220,14,0.064,0.938,1,0,Festival Surge,1.45,Holiday,1.35,Last-minute Rush,0.11,1.1,0.781,8.5,100.0,13
flight,FLT-03,SkyWings 6E-512,BLR -> DEL,6200.0,7110.0,11480.0,1.615,180,65,0.361,0.641,7,0,Standard,1.0,Major Event,1.55,Leisure Flyer,1.07,2.6,0.727,11.5,99.01,15
flight,FLT-04,AeroIndia AI-801,BOM -> GOA,4200.0,5050.0,6890.0,1.364,150,40,0.267,0.73,5,0,Vacation Peak,1.3,Normal Day,1.0,Corporate Traveler,0.21,5.0,0.716,6.5,90.97,11
flight,FLT-05,JetExpress 9W-110,HYD -> MAA,3600.0,3900.0,4100.0,1.051,140,48,0.343,0.654,16,0,Standard,1.0,Normal Day,1.0,Corporate Traveler,0.18,3.6,0.555,3.5,66.61,4
flight,FLT-06,JetExpress 9W-445,BOM -> CCU,5800.0,7260.0,15080.0,2.077,180,30,0.167,0.834,2,1,Festival Surge,1.45,Holiday,1.35,Leisure Flyer,1.11,0.5,0.731,9.5,100.0,11
flight,FLT-07,JetExpress 9W-445,BOM -> CCU,5800.0,6740.0,6320.0,0.938,180,62,0.344,0.653,26,1,Low Traffic,0.85,Weekend,1.15,Corporate Traveler,0.31,9.1,0.444,2.5,50.98,3
flight,FLT-08,JetExpress 9W-110,HYD -> MAA,3600.0,4300.0,11010.0,2.56,140,15,0.107,0.895,2,1,Festival Surge,1.45,Festival,1.5,Student Traveler,1.4,0.7,0.717,7.5,100.0,10
flight,FLT-01,JetExpress 9W-445,BOM -> CCU,5800.0,6560.0,9250.0,1.41,180,63,0.35,0.647,2,0,Vacation Peak,1.3,Normal Day,1.0,Leisure Flyer,1.19,0.6,0.56,7.5,74.94,6
flight,FLT-02,SkyWings 6E-512,BLR -> DEL,6200.0,7920.0,19130.0,2.415,180,4,0.022,0.98,4,0,Festival Surge,1.45,Major Event,1.55,Corporate Traveler,0.23,8.9,0.775,2.5,100.0,4
flight,FLT-03,Vistara Line UK-821,MAA -> DEL,6400.0,6680.0,6270.0,0.939,160,62,0.388,0.61,12,0,Low Traffic,0.85,Normal Day,1.0,Corporate Traveler,0.28,13.7,0.581,1.5,71.19,1
flight,FLT-04,SkyWings 6E-204,DEL -> BOM,5500.0,6210.0,6480.0,1.043,180,46,0.256,0.745,14,0,Standard,1.0,Normal Day,1.0,Corporate Traveler,0.15,6.9,0.608,3.5,74.39,4
flight,FLT-05,AeroIndia AI-801,BOM -> GOA,4200.0,5500.0,11710.0,2.129,150,7,0.047,0.951,4,0,Festival Surge,1.45,Holiday,1.35,Leisure Flyer,1.11,0.9,0.731,7.5,100.0,7
flight,FLT-06,Vistara Line UK-992,DEL -> BLR,6800.0,8190.0,7900.0,0.965,160,23,0.144,0.853,9,0,Low Traffic,0.85,Normal Day,1.0,Last-minute Rush,0.14,0.2,0.537,0.5,63.67,0
flight,FLT-07,AeroIndia AI-303,DEL -> DXB,14500.0,18620.0,16990.0,0.912,220,30,0.136,0.863,11,0,Standard,1.0,Normal Day,1.0,Student Traveler,1.41,0.2,0.46,5.5,61.53,5
flight,FLT-08,Vistara Line UK-821,MAA -> DEL,6400.0,7350.0,16290.0,2.216,160,34,0.212,0.789,2,1,Festival Surge,1.45,Festival,1.5,Leisure Flyer,1.08,0.5,0.733,10.5,100.0,14
flight,FLT-01,AeroIndia AI-303,DEL -> DXB,14500.0,16010.0,19270.0,1.204,220,97,0.441,0.559,21,0,Vacation Peak,1.3,Normal Day,1.0,Leisure Flyer,1.07,0.7,0.474,3.5,61.19,2
flight,FLT-02,AeroIndia AI-801,BOM -> GOA,4200.0,5090.0,6650.0,1.306,150,35,0.233,0.766,7,1,Standard,1.0,Weekend,1.15,Leisure Flyer,1.09,0.4,0.506,1.5,66.07,3
flight,FLT-03,JetExpress 9W-445,BOM -> CCU,5800.0,6990.0,5820.0,0.833,180,17,0.094,0.904,17,0,Low Traffic,0.85,Normal Day,1.0,Leisure Flyer,1.09,1.9,0.519,6.5,68.07,6
flight,FLT-04,Vistara Line UK-821,MAA -> DEL,6400.0,8020.0,5980.0,0.746,160,34,0.212,0.787,11,0,Low Traffic,0.85,Normal Day,1.0,Last-minute Rush,0.2,0.7,0.452,1.5,51.24,1
flight,FLT-05,SkyWings 6E-204,DEL -> BOM,5500.0,5300.0,5370.0,1.013,180,117,0.65,0.35,44,0,Standard,1.0,Normal Day,1.0,Student Traveler,1.45,0.5,0.313,3.5,39.81,4
flight,FLT-06,AeroIndia AI-801,BOM -> GOA,4200.0,5020.0,5210.0,1.038,150,30,0.2,0.8,4,0,Standard,1.0,Normal Day,1.0,Last-minute Rush,0.14,0.2,0.618,7.5,75.73,10
flight,FLT-07,Vistara Line UK-821,MAA -> DEL,6400.0,7300.0,8190.0,1.122,160,40,0.25,0.748,1,1,Low Traffic,0.85,Weekend,1.15,Leisure Flyer,1.06,0.7,0.525,6.5,68.69,8
flight,FLT-08,SkyWings 6E-512,BLR -> DEL,6200.0,7520.0,6880.0,0.915,180,46,0.256,0.743,11,0,Standard,1.0,Normal Day,1.0,Leisure Flyer,1.15,0.3,0.457,3.5,59.21,3
flight,FLT-01,Vistara Line UK-992,DEL -> BLR,6800.0,7910.0,9470.0,1.197,160,22,0.138,0.861,1,1,Standard,1.0,Weekend,1.15,Leisure Flyer,1.11,0.7,0.603,6.5,80.78,8
flight,FLT-02,AeroIndia AI-303,DEL -> DXB,14500.0,17450.0,18840.0,1.08,220,35,0.159,0.84,9,0,Standard,1.0,Normal Day,1.0,Corporate Traveler,0.21,2.1,0.584,1.5,71.17,2
flight,FLT-03,JetExpress 9W-110,HYD -> MAA,3600.0,4340.0,6710.0,1.546,140,31,0.221,0.781,11,1,Vacation Peak,1.3,Weekend,1.15,Corporate Traveler,0.27,5.1,0.733,2.5,93.9,2
flight,FLT-04,SkyWings 6E-204,DEL -> BOM,5500.0,6320.0,9880.0,1.563,180,67,0.372,0.627,17,1,Vacation Peak,1.3,Weekend,1.15,Corporate Traveler,0.25,12.9,0.73,3.5,93.33,6
flight,FLT-05,AeroIndia AI-801,BOM -> GOA,4200.0,4870.0,5330.0,1.094,150,35,0.233,0.769,16,0,Standard,1.0,Normal Day,1.0,Leisure Flyer,1.15,0.3,0.444,3.5,57.29,3
flight,FLT-06,Vistara Line UK-821,MAA -> DEL,6400.0,7080.0,7660.0,1.082,160,81,0.506,0.493,23,0,Standard,1.0,Normal Day,1.0,Leisure Flyer,1.07,1.0,0.38,0.5,47.04,0
flight,FLT-07,JetExpress 9W-445,BOM -> CCU,5800.0,6830.0,7500.0,1.098,180,32,0.178,0.824,1,0,Standard,1.0,Normal Day,1.0,Student Traveler,1.4,0.2,0.509,3.5,68.91,4
flight,FLT-08,Vistara Line UK-992,DEL -> BLR,6800.0,7890.0,8730.0,1.106,160,45,0.281,0.716,4,0,Vacation Peak,1.3,Normal Day,1.0,Leisure Flyer,1.04,0.6,0.634,10.5,84.87,16
flight,FLT-01,AeroIndia AI-303,DEL -> DXB,14500.0,18250.0,31010.0,1.699,220,39,0.177,0.824,7,0,Festival Surge,1.45,Holiday,1.35,Corporate Traveler,0.17,4.0,0.778,10.5,100.0,17
flight,FLT-02,AeroIndia AI-801,BOM -> GOA,4200.0,4560.0,9010.0,1.976,150,62,0.413,0.587,37,1,Festival Surge,1.45,Holiday,1.35,Student Traveler,1.39,0.6,0.71,3.5,98.98,5
flight,FLT-03,Vistara Line UK-821,MAA -> DEL,6400.0,8410.0,16810.0,1.999,160,26,0.163,0.838,3,0,Festival Surge,1.45,Festival,1.5,Student Traveler,1.44,0.4,0.715,6.5,100.0,10
flight,FLT-04,AeroIndia AI-801,BOM -> GOA,4200.0,4840.0,5140.0,1.062,150,24,0.16,0.838,2,0,Standard,1.0,Normal Day,1.0,Leisure Flyer,1.13,0.6,0.537,6.5,70.95,7
flight,FLT-05,Vistara Line UK-821,MAA -> DEL,6400.0,7470.0,13730.0,1.838,160,20,0.125,0.877,29,0,Standard,1.0,Major Event,1.55,Leisure Flyer,1.17,0.1,0.728,8.5,100.0,14
flight,FLT-06,JetExpress 9W-445,BOM -> CCU,5800.0,7060.0,7470.0,1.058,180,25,0.139,0.862,4,0,Standard,1.0,Normal Day,1.0,Leisure Flyer,1.16,0.0,0.537,6.5,71.3,4
flight,FLT-07,AeroIndia AI-303,DEL -> DXB,14500.0,16900.0,27400.0,1.621,220,53,0.241,0.76,10,1,Vacation Peak,1.3,Weekend,1.15,Last-minute Rush,0.15,1.0,0.69,2.5,86.65,4
flight,FLT-08,SkyWings 6E-512,BLR -> DEL,6200.0,6530.0,11940.0,1.828,180,79,0.439,0.563,18,0,Vacation Peak,1.3,Major Event,1.55,Corporate Traveler,0.27,6.6,0.746,6.5,95.98,10
flight,FLT-01,Vistara Line UK-992,DEL -> BLR,6800.0,7750.0,7350.0,0.948,160,64,0.4,0.6,14,0,Standard,1.0,Normal Day,1.0,Leisure Flyer,1.1,2.9,0.435,2.5,55.57,2
flight,FLT-02,SkyWings 6E-512,BLR -> DEL,6200.0,7280.0,5980.0,0.821,180,40,0.222,0.778,7,0,Low Traffic,0.85,Normal Day,1.0,Corporate Traveler,0.25,10.0,0.548,3.5,66.09,3
flight,FLT-03,SkyWings 6E-512,BLR -> DEL,6200.0,6830.0,15460.0,2.264,180,42,0.233,0.764,5,0,Festival Surge,1.45,Festival,1.5,Leisure Flyer,1.1,1.5,0.732,6.5,100.0,8
flight,FLT-04,SkyWings 6E-512,BLR -> DEL,6200.0,6460.0,7070.0,1.094,180,60,0.333,0.667,16,0,Standard,1.0,Normal Day,1.0,Leisure Flyer,1.08,0.9,0.5,4.5,65.06,4
flight,FLT-05,JetExpress 9W-445,BOM -> CCU,5800.0,6320.0,6950.0,1.1,180,39,0.217,0.785,15,0,Standard,1.0,Normal Day,1.0,Corporate Traveler,0.22,8.2,0.577,8.5,70.15,7
flight,FLT-06,JetExpress 9W-445,BOM -> CCU,5800.0,6580.0,8930.0,1.357,180,62,0.344,0.656,8,0,Vacation Peak,1.3,Normal Day,1.0,Student Traveler,1.44,2.4,0.612,4.5,84.55,4
flight,FLT-07,JetExpress 9W-110,HYD -> MAA,3600.0,4070.0,10840.0,2.663,140,30,0.214,0.785,3,0,Festival Surge,1.45,Major Event,1.55,Leisure Flyer,1.13,5.1,0.73,6.5,100.0,9
flight,FLT-08,AeroIndia AI-303,DEL -> DXB,14500.0,16510.0,31960.0,1.936,220,65,0.295,0.705,12,0,Vacation Peak,1.3,Holiday,1.35,Leisure Flyer,1.09,0.1,0.732,12.5,100.0,20
flight,FLT-01,Vistara Line UK-992,DEL -> BLR,6800.0,7980.0,11450.0,1.435,160,58,0.362,0.64,24,1,Standard,1.0,Major Event,1.55,Last-minute Rush,0.18,1.7,0.77,12.5,98.79,19
flight,FLT-02,JetExpress 9W-445,BOM -> CCU,5800.0,7560.0,16890.0,2.234,180,4,0.022,0.98,1,0,Festival Surge,1.45,Major Event,1.55,Student Traveler,1.45,1.0,0.714,6.5,100.0,4
flight,FLT-03,Vistara Line UK-992,DEL -> BLR,6800.0,8010.0,16820.0,2.1,160,17,0.106,0.895,1,1,Festival Surge,1.45,Festival,1.5,Leisure Flyer,1.14,1.7,0.73,7.5,100.0,11
flight,FLT-04,Vistara Line UK-992,DEL -> BLR,6800.0,8480.0,13870.0,1.636,160,13,0.081,0.922,1,0,Standard,1.0,Festival,1.5,Corporate Traveler,0.32,4.3,0.771,11.5,100.0,13
flight,FLT-05,Vistara Line UK-821,MAA -> DEL,6400.0,7760.0,9670.0,1.246,160,35,0.219,0.779,5,0,Vacation Peak,1.3,Normal Day,1.0,Last-minute Rush,0.18,0.6,0.753,10.5,96.25,16
flight,FLT-06,AeroIndia AI-303,DEL -> DXB,14500.0,19400.0,41070.0,2.117,220,18,0.082,0.917,1,1,Festival Surge,1.45,Festival,1.5,Corporate Traveler,0.23,5.1,0.775,10.5,100.0,18
flight,FLT-07,AeroIndia AI-801,BOM -> GOA,4200.0,5050.0,12410.0,2.457,150,34,0.227,0.772,9,0,Festival Surge,1.45,Major Event,1.55,Student Traveler,1.4,1.8,0.717,8.5,100.0,12
flight,FLT-08,Vistara Line UK-992,DEL -> BLR,6800.0,8160.0,7370.0,0.903,160,51,0.319,0.681,1,1,Standard,1.0,Weekend,1.15,Corporate Traveler,0.18,7.5,0.689,12.5,86.63,21
flight,FLT-01,JetExpress 9W-445,BOM -> CCU,5800.0,6690.0,6250.0,0.934,180,57,0.317,0.681,6,0,Low Traffic,0.85,Normal Day,1.0,Student Traveler,1.4,0.6,0.398,3.5,52.23,2
flight,FLT-02,SkyWings 6E-204,DEL -> BOM,5500.0,6430.0,4820.0,0.75,180,35,0.194,0.804,11,0,Low Traffic,0.85,Normal Day,1.0,Leisure Flyer,1.13,0.7,0.407,3.5,51.53,2
flight,FLT-03,SkyWings 6E-204,DEL -> BOM,5500.0,5900.0,8360.0,1.417,180,38,0.211,0.786,1,1,Standard,1.0,Weekend,1.15,Leisure Flyer,1.1,0.5,0.639,10.5,86.06,17
flight,FLT-04,SkyWings 6E-512,BLR -> DEL,6200.0,6920.0,9890.0,1.429,180,47,0.261,0.739,10,1,Standard,1.0,Holiday,1.35,Corporate Traveler,0.24,8.3,0.751,6.5,96.43,11
flight,FLT-05,AeroIndia AI-303,DEL -> DXB,14500.0,17530.0,18090.0,1.032,220,44,0.2,0.8,4,1,Standard,1.0,Weekend,1.15,Last-minute Rush,0.19,1.1,0.7,7.5,88.37,9
flight,FLT-06,JetExpress 9W-445,BOM -> CCU,5800.0,7560.0,8190.0,1.083,180,11,0.061,0.938,2,0,Standard,1.0,Normal Day,1.0,Leisure Flyer,1.1,0.3,0.6,8.5,80.22,6
flight,FLT-07,SkyWings 6E-512,BLR -> DEL,6200.0,7230.0,5900.0,0.816,180,38,0.211,0.789,10,0,Low Traffic,0.85,Normal Day,1.0,Corporate Traveler,0.28,9.9,0.545,5.5,65.85,6
flight,FLT-08,AeroIndia AI-303,DEL -> DXB,14500.0,16270.0,12060.0,0.741,220,83,0.377,0.622,11,0,Low Traffic,0.85,Normal Day,1.0,Student Traveler,1.4,0.8,0.336,1.5,42.96,2
flight,FLT-01,JetExpress 9W-110,HYD -> MAA,3600.0,4240.0,6070.0,1.432,140,24,0.171,0.829,12,0,Vacation Peak,1.3,Normal Day,1.0,Last-minute Rush,0.13,0.2,0.632,2.5,77.78,2
flight,FLT-02,Vistara Line UK-821,MAA -> DEL,6400.0,7490.0,7400.0,0.988,160,39,0.244,0.754,18,1,Low Traffic,0.85,Weekend,1.15,Leisure Flyer,1.06,0.4,0.471,2.5,60.67,2
flight,FLT-03,SkyWings 6E-512,BLR -> DEL,6200.0,6490.0,5750.0,0.886,180,87,0.483,0.514,39,0,Low Traffic,0.85,Normal Day,1.0,Corporate Traveler,0.27,15.1,0.485,4.5,56.7,2
flight,FLT-04,JetExpress 9W-445,BOM -> CCU,5800.0,7260.0,6170.0,0.85,180,33,0.183,0.817,8,0,Low Traffic,0.85,Normal Day,1.0,Leisure Flyer,1.09,0.6,0.456,3.5,58.64,4
flight,FLT-05,AeroIndia AI-801,BOM -> GOA,4200.0,4710.0,5590.0,1.187,150,31,0.207,0.79,3,0,Standard,1.0,Normal Day,1.0,Leisure Flyer,1.09,0.3,0.53,5.5,69.75,5
flight,FLT-06,SkyWings 6E-204,DEL -> BOM,5500.0,6910.0,11350.0,1.643,180,4,0.022,0.98,14,1,Standard,1.0,Holiday,1.35,Corporate Traveler,0.24,5.7,0.775,5.5,100.0,4
flight,FLT-07,Vistara Line UK-821,MAA -> DEL,6400.0,7480.0,7170.0,0.959,160,29,0.181,0.816,5,1,Low Traffic,0.85,Weekend,1.15,Last-minute Rush,0.13,3.3,0.561,1.5,67.08,0
flight,FLT-08,JetExpress 9W-110,HYD -> MAA,3600.0,4130.0,3640.0,0.881,140,40,0.286,0.716,26,0,Low Traffic,0.85,Normal Day,1.0,Corporate Traveler,0.26,4.7,0.468,4.5,54.13,5
flight,FLT-01,SkyWings 6E-512,BLR -> DEL,6200.0,7740.0,6440.0,0.832,180,27,0.15,0.85,9,0,Low Traffic,0.85,Normal Day,1.0,Last-minute Rush,0.23,2.6,0.53,0.5,63.24,0
flight,FLT-02,SkyWings 6E-512,BLR -> DEL,6200.0,6930.0,6670.0,0.962,180,72,0.4,0.6,35,0,Standard,1.0,Normal Day,1.0,Leisure Flyer,1.05,0.5,0.426,4.5,53.83,3
flight,FLT-03,JetExpress 9W-110,HYD -> MAA,3600.0,4650.0,11750.0,2.527,140,3,0.021,0.98,12,0,Festival Surge,1.45,Major Event,1.55,Leisure Flyer,1.07,0.2,0.733,10.5,100.0,3
flight,FLT-04,AeroIndia AI-303,DEL -> DXB,14500.0,17030.0,17280.0,1.015,220,61,0.277,0.725,7,0,Standard,1.0,Normal Day,1.0,Corporate Traveler,0.31,4.8,0.487,0.5,57.33,1
flight,FLT-05,Vistara Line UK-992,DEL -> BLR,6800.0,8240.0,9500.0,1.153,160,25,0.156,0.847,5,0,Standard,1.0,Normal Day,1.0,Leisure Flyer,1.12,2.5,0.545,4.5,72.19,6
flight,FLT-06,SkyWings 6E-204,DEL -> BOM,5500.0,7130.0,6370.0,0.893,180,6,0.033,0.969,2,0,Low Traffic,0.85,Normal Day,1.0,Last-minute Rush,0.14,0.9,0.623,8.5,76.49,6
flight,FLT-07,Vistara Line UK-992,DEL -> BLR,6800.0,7380.0,16730.0,2.267,160,73,0.456,0.544,21,0,Festival Surge,1.45,Major Event,1.55,Last-minute Rush,0.08,0.5,0.783,3.5,100.0,7
flight,FLT-08,AeroIndia AI-801,BOM -> GOA,4200.0,4790.0,6920.0,1.445,150,55,0.367,0.632,11,0,Vacation Peak,1.3,Normal Day,1.0,Leisure Flyer,1.12,0.4,0.599,2.5,80.32,4
flight,FLT-01,AeroIndia AI-303,DEL -> DXB,14500.0,19610.0,23170.0,1.182,220,15,0.068,0.932,6,0,Vacation Peak,1.3,Normal Day,1.0,Leisure Flyer,1.05,3.9,0.684,6.5,92.5,9
flight,FLT-02,AeroIndia AI-303,DEL -> DXB,14500.0,17660.0,15370.0,0.87,220,66,0.3,0.702,6,0,Low Traffic,0.85,Normal Day,1.0,Corporate Traveler,0.25,11.9,0.557,3.5,67.37,2
flight,FLT-03,JetExpress 9W-110,HYD -> MAA,3600.0,4410.0,5570.0,1.263,140,15,0.107,0.894,1,0,Low Traffic,0.85,Major Event,1.55,Leisure Flyer,1.14,0.3,0.695,13.5,94.82,15
flight,FLT-04,Vistara Line UK-821,MAA -> DEL,6400.0,7520.0,7720.0,1.027,160,42,0.263,0.738,11,0,Standard,1.0,Normal Day,1.0,Corporate Traveler,0.19,6.7,0.533,0.5,63.32,1
flight,FLT-05,AeroIndia AI-801,BOM -> GOA,4200.0,5040.0,6280.0,1.246,150,32,0.213,0.786,3,0,Vacation Peak,1.3,Normal Day,1.0,Last-minute Rush,0.13,2.0,0.712,6.5,89.71,10
flight,FLT-06,JetExpress 9W-445,BOM -> CCU,5800.0,7110.0,15130.0,2.128,180,37,0.206,0.795,21,0,Festival Surge,1.45,Major Event,1.55,Corporate Traveler,0.22,6.2,0.776,6.5,100.0,13
flight,FLT-07,Vistara Line UK-992,DEL -> BLR,6800.0,7700.0,20100.0,2.61,160,39,0.244,0.754,7,0,Festival Surge,1.45,Major Event,1.55,Corporate Traveler,0.25,8.3,0.774,5.5,100.0,10
flight,FLT-08,AeroIndia AI-801,BOM -> GOA,4200.0,4920.0,4700.0,0.955,150,55,0.367,0.631,26,0,Standard,1.0,Normal Day,1.0,Corporate Traveler,0.24,15.3,0.566,2.5,68.75,1
flight,FLT-01,Vistara Line UK-992,DEL -> BLR,6800.0,7460.0,7590.0,1.017,160,69,0.431,0.571,18,0,Standard,1.0,Normal Day,1.0,Corporate Traveler,0.28,3.8,0.466,3.5,53.95,3
flight,FLT-02,JetExpress 9W-110,HYD -> MAA,3600.0,4710.0,6210.0,1.318,140,16,0.114,0.887,9,0,Vacation Peak,1.3,Normal Day,1.0,Student Traveler,1.4,1.8,0.613,2.5,84.51,4
flight,FLT-03,AeroIndia AI-801,BOM -> GOA,4200.0,5320.0,4480.0,0.842,150,20,0.133,0.863,1,0,Low Traffic,0.85,Normal Day,1.0,Corporate Traveler,0.26,7.2,0.55,3.5,66.47,4
flight,FLT-04,AeroIndia AI-801,BOM -> GOA,4200.0,4450.0,5900.0,1.326,150,67,0.447,0.552,4,0,Vacation Peak,1.3,Normal Day,1.0,Leisure Flyer,1.14,0.9,0.546,6.5,72.39,8
flight,FLT-05,Vistara Line UK-992,DEL -> BLR,6800.0,7820.0,16620.0,2.125,160,28,0.175,0.824,3,1,Festival Surge,1.45,Festival,1.5,Leisure Flyer,1.07,1.3,0.733,6.5,100.0,12
flight,FLT-06,SkyWings 6E-512,BLR -> DEL,6200.0,7750.0,8390.0,1.083,180,23,0.128,0.875,4,0,Standard,1.0,Normal Day,1.0,Leisure Flyer,1.09,0.6,0.546,5.5,72.02,5
flight,FLT-07,Vistara Line UK-992,DEL -> BLR,6800.0,8430.0,19690.0,2.336,160,22,0.138,0.861,4,0,Festival Surge,1.45,Festival,1.5,Corporate Traveler,0.2,10.3,0.777,10.5,100.0,16
flight,FLT-08,AeroIndia AI-801,BOM -> GOA,4200.0,5130.0,4370.0,0.852,150,33,0.22,0.783,1,0,Low Traffic,0.85,Normal Day,1.0,Last-minute Rush,0.17,0.5,0.572,10.5,69.03,16
flight,FLT-01,JetExpress 9W-445,BOM -> CCU,5800.0,7520.0,9190.0,1.222,180,12,0.067,0.935,5,1,Standard,1.0,Weekend,1.15,Student Traveler,1.48,0.4,0.583,12.5,80.62,12
flight,FLT-02,SkyWings 6E-512,BLR -> DEL,6200.0,7860.0,17060.0,2.17,180,45,0.25,0.749,7,0,Festival Surge,1.45,Major Event,1.55,Leisure Flyer,1.06,0.4,0.734,7.5,100.0,12
flight,FLT-03,SkyWings 6E-512,BLR -> DEL,6200.0,6820.0,8480.0,1.243,180,73,0.406,0.593,25,1,Standard,1.0,Weekend,1.15,Leisure Flyer,1.14,0.3,0.486,4.5,63.41,4
flight,FLT-04,SkyWings 6E-204,DEL -> BOM,5500.0,6770.0,7740.0,1.143,180,35,0.194,0.804,11,0,Standard,1.0,Normal Day,1.0,Student Traveler,1.39,0.2,0.471,2.5,63.04,2
flight,FLT-05,AeroIndia AI-801,BOM -> GOA,4200.0,5250.0,5530.0,1.053,150,25,0.167,0.832,7,0,Standard,1.0,Normal Day,1.0,Leisure Flyer,1.18,0.1,0.497,2.5,65.35,1
flight,FLT-06,AeroIndia AI-801,BOM -> GOA,4200.0,4870.0,6760.0,1.388,150,37,0.247,0.754,1,0,Standard,1.0,Holiday,1.35,Leisure Flyer,1.16,1.3,0.643,8.5,87.12,10
flight,FLT-07,JetExpress 9W-445,BOM -> CCU,5800.0,6620.0,7730.0,1.168,180,53,0.294,0.706,7,0,Vacation Peak,1.3,Normal Day,1.0,Corporate Traveler,0.19,10.0,0.621,1.5,76.59,3
flight,FLT-08,SkyWings 6E-512,BLR -> DEL,6200.0,7120.0,7880.0,1.107,180,56,0.311,0.687,6,0,Standard,1.0,Normal Day,1.0,Last-minute Rush,0.18,0.3,0.54,1.5,64.33,3
flight,FLT-01,JetExpress 9W-445,BOM -> CCU,5800.0,6780.0,8740.0,1.289,180,33,0.183,0.817,11,1,Standard,1.0,Weekend,1.15,Leisure Flyer,1.13,3.4,0.572,2.5,76.34,3
flight,FLT-02,AeroIndia AI-303,DEL -> DXB,14500.0,17740.0,22670.0,1.278,220,51,0.232,0.769,6,1,Standard,1.0,Weekend,1.15,Student Traveler,1.47,1.5,0.501,2.5,68.19,0
flight,FLT-03,SkyWings 6E-204,DEL -> BOM,5500.0,6300.0,10520.0,1.67,180,44,0.244,0.753,15,1,Vacation Peak,1.3,Weekend,1.15,Student Traveler,1.46,1.5,0.586,2.5,80.89,3
flight,FLT-04,SkyWings 6E-204,DEL -> BOM,5500.0,6250.0,14020.0,2.243,180,44,0.244,0.756,22,0,Festival Surge,1.45,Festival,1.5,Leisure Flyer,1.12,0.1,0.731,6.5,100.0,11
flight,FLT-05,Vistara Line UK-821,MAA -> DEL,6400.0,6670.0,10080.0,1.511,160,64,0.4,0.6,17,1,Vacation Peak,1.3,Weekend,1.15,Leisure Flyer,1.1,0.9,0.609,5.5,81.66,6
flight,FLT-06,JetExpress 9W-445,BOM -> CCU,5800.0,6370.0,6410.0,1.006,180,65,0.361,0.64,2,0,Standard,1.0,Normal Day,1.0,Corporate Traveler,0.29,5.2,0.543,5.5,65.67,4
flight,FLT-07,JetExpress 9W-110,HYD -> MAA,3600.0,4050.0,4490.0,1.109,140,59,0.421,0.577,34,0,Standard,1.0,Normal Day,1.0,Leisure Flyer,1.11,1.4,0.406,1.5,51.27,3
flight,FLT-08,Vistara Line UK-992,DEL -> BLR,6800.0,7880.0,15870.0,2.014,160,36,0.225,0.775,13,0,Festival Surge,1.45,Festival,1.5,Student Traveler,1.4,0.8,0.717,7.5,100.0,9
flight,FLT-01,JetExpress 9W-445,BOM -> CCU,5800.0,7230.0,11210.0,1.55,180,38,0.211,0.789,19,0,Vacation Peak,1.3,Normal Day,1.0,Corporate Traveler,0.25,10.4,0.742,3.5,95.1,6
flight,FLT-02,SkyWings 6E-204,DEL -> BOM,5500.0,6420.0,7220.0,1.125,180,48,0.267,0.732,14,0,Standard,1.0,Normal Day,1.0,Last-minute Rush,0.23,1.2,0.552,1.5,66.6,2
flight,FLT-03,JetExpress 9W-445,BOM -> CCU,5800.0,6700.0,5780.0,0.863,180,53,0.294,0.704,10,0,Standard,1.0,Normal Day,1.0,Last-minute Rush,0.18,0.2,0.498,0.5,58.1,0
flight,FLT-04,AeroIndia AI-303,DEL -> DXB,14500.0,17080.0,35750.0,2.093,220,42,0.191,0.809,6,1,Vacation Peak,1.3,Major Event,1.55,Student Traveler,1.45,2.8,0.714,11.5,100.0,17
flight,FLT-05,SkyWings 6E-204,DEL -> BOM,5500.0,6430.0,8930.0,1.389,180,18,0.1,0.9,4,1,Standard,1.0,Weekend,1.15,Student Traveler,1.42,1.3,0.623,9.5,86.14,11
flight,FLT-06,JetExpress 9W-110,HYD -> MAA,3600.0,4140.0,3730.0,0.901,140,21,0.15,0.849,5,1,Low Traffic,0.85,Weekend,1.15,Last-minute Rush,0.18,1.8,0.637,7.5,78.9,6
flight,FLT-07,SkyWings 6E-204,DEL -> BOM,5500.0,6180.0,6050.0,0.979,180,65,0.361,0.639,9,0,Standard,1.0,Normal Day,1.0,Corporate Traveler,0.29,3.7,0.464,3.5,53.78,1
flight,FLT-08,JetExpress 9W-445,BOM -> CCU,5800.0,6810.0,8600.0,1.263,180,15,0.083,0.916,2,1,Standard,1.0,Weekend,1.15,Leisure Flyer,1.07,0.8,0.636,8.5,85.36,13
flight,FLT-01,Vistara Line UK-992,DEL -> BLR,6800.0,8570.0,19510.0,2.277,160,21,0.131,0.869,2,0,Festival Surge,1.45,Festival,1.5,Corporate Traveler,0.22,15.5,0.776,6.5,100.0,10
flight,FLT-02,SkyWings 6E-204,DEL -> BOM,5500.0,5860.0,6200.0,1.058,180,97,0.539,0.461,44,1,Low Traffic,0.85,Weekend,1.15,Leisure Flyer,1.09,0.4,0.329,2.5,39.54,0
flight,FLT-03,Vistara Line UK-992,DEL -> BLR,6800.0,8130.0,7440.0,0.915,160,43,0.269,0.734,8,0,Standard,1.0,Normal Day,1.0,Student Traveler,1.3,1.4,0.421,4.5,54.86,2
flight,FLT-04,SkyWings 6E-204,DEL -> BOM,5500.0,6430.0,8060.0,1.253,180,49,0.272,0.729,7,0,Vacation Peak,1.3,Normal Day,1.0,Last-minute Rush,0.14,2.4,0.67,3.5,83.51,5
flight,FLT-05,AeroIndia AI-801,BOM -> GOA,4200.0,5310.0,11530.0,2.171,150,11,0.073,0.925,29,0,Festival Surge,1.45,Holiday,1.35,Last-minute Rush,0.18,1.9,0.778,4.5,100.0,3
flight,FLT-06,JetExpress 9W-445,BOM -> CCU,5800.0,6640.0,13960.0,2.102,180,34,0.189,0.814,6,0,Vacation Peak,1.3,Major Event,1.55,Corporate Traveler,0.22,12.9,0.776,8.5,100.0,15
flight,FLT-07,Vistara Line UK-821,MAA -> DEL,6400.0,7240.0,11070.0,1.529,160,42,0.263,0.739,8,0,Standard,1.0,Holiday,1.35,Student Traveler,1.44,0.5,0.626,9.5,86.69,14
flight,FLT-08,SkyWings 6E-204,DEL -> BOM,5500.0,5970.0,6620.0,1.109,180,47,0.261,0.739,9,0,Standard,1.0,Normal Day,1.0,Last-minute Rush,0.14,2.7,0.559,2.5,66.91,4
flight,FLT-01,AeroIndia AI-801,BOM -> GOA,4200.0,4870.0,4610.0,0.947,150,36,0.24,0.76,7,0,Standard,1.0,Normal Day,1.0,Student Traveler,1.38,0.6,0.471,6.5,63.06,4
flight,FLT-02,JetExpress 9W-110,HYD -> MAA,3600.0,4200.0,3390.0,0.807,140,52,0.371,0.628,15,0,Standard,1.0,Normal Day,1.0,Corporate Traveler,0.2,8.9,0.512,3.5,60.23,4
flight,FLT-03,JetExpress 9W-445,BOM -> CCU,5800.0,7280.0,8800.0,1.209,180,55,0.306,0.696,22,0,Vacation Peak,1.3,Normal Day,1.0,Corporate Traveler,0.26,2.3,0.527,1.5,63.02,2
flight,FLT-04,Vistara Line UK-992,DEL -> BLR,6800.0,8700.0,8460.0,0.972,160,15,0.094,0.909,7,0,Standard,1.0,Normal Day,1.0,Last-minute Rush,0.14,0.4,0.609,5.5,74.38,6
flight,FLT-05,SkyWings 6E-512,BLR -> DEL,6200.0,6900.0,6080.0,0.881,180,54,0.3,0.702,6,0,Low Traffic,0.85,Normal Day,1.0,Corporate Traveler,0.26,5.2,0.53,4.5,63.39,3
flight,FLT-06,JetExpress 9W-110,HYD -> MAA,3600.0,3810.0,6320.0,1.659,140,71,0.507,0.496,23,0,Vacation Peak,1.3,Holiday,1.35,Corporate Traveler,0.23,14.9,0.775,11.5,100.0,19
flight,FLT-07,Vistara Line UK-992,DEL -> BLR,6800.0,9200.0,8410.0,0.914,160,15,0.094,0.904,11,0,Standard,1.0,Normal Day,1.0,Student Traveler,1.34,2.2,0.445,2.5,58.84,3
flight,FLT-08,Vistara Line UK-821,MAA -> DEL,6400.0,6650.0,15830.0,2.38,160,94,0.588,0.411,39,1,Festival Surge,1.45,Major Event,1.55,Corporate Traveler,0.31,3.1,0.771,2.5,100.0,4
flight,FLT-01,Vistara Line UK-992,DEL -> BLR,6800.0,9030.0,17070.0,1.89,160,4,0.025,0.976,1,0,Vacation Peak,1.3,Holiday,1.35,Leisure Flyer,1.07,1.4,0.733,7.5,100.0,4
flight,FLT-02,Vistara Line UK-992,DEL -> BLR,6800.0,7840.0,9730.0,1.241,160,30,0.188,0.815,2,0,Standard,1.0,Normal Day,1.0,Corporate Traveler,0.26,8.1,0.706,10.5,89.9,16
flight,FLT-03,JetExpress 9W-445,BOM -> CCU,5800.0,6900.0,6230.0,0.903,180,58,0.322,0.68,9,0,Standard,1.0,Normal Day,1.0,Corporate Traveler,0.26,5.5,0.644,9.5,80.6,14
flight,FLT-04,SkyWings 6E-512,BLR -> DEL,6200.0,8060.0,7540.0,0.935,180,4,0.022,0.98,1,1,Low Traffic,0.85,Weekend,1.15,Corporate Traveler,0.24,13.5,0.747,7.5,95.79,4
flight,FLT-05,AeroIndia AI-801,BOM -> GOA,4200.0,5170.0,11660.0,2.255,150,12,0.08,0.922,1,1,Festival Surge,1.45,Festival,1.5,Leisure Flyer,1.13,0.8,0.73,8.5,100.0,12
flight,FLT-06,AeroIndia AI-303,DEL -> DXB,14500.0,17580.0,40480.0,2.303,220,5,0.023,0.977,6,0,Festival Surge,1.45,Festival,1.5,Leisure Flyer,1.06,0.0,0.734,4.5,100.0,5
flight,FLT-07,Vistara Line UK-992,DEL -> BLR,6800.0,7480.0,7740.0,1.035,160,60,0.375,0.624,24,1,Low Traffic,0.85,Weekend,1.15,Leisure Flyer,1.1,3.1,0.408,2.5,51.4,4
flight,FLT-08,AeroIndia AI-303,DEL -> DXB,14500.0,17020.0,16420.0,0.965,220,50,0.227,0.772,6,0,Standard,1.0,Normal Day,1.0,Leisure Flyer,1.09,0.4,0.426,3.5,54.01,1
flight,FLT-01,JetExpress 9W-445,BOM -> CCU,5800.0,6850.0,6670.0,0.974,180,26,0.144,0.854,10,0,Standard,1.0,Normal Day,1.0,Student Traveler,1.41,0.9,0.506,4.5,68.46,4
flight,FLT-02,JetExpress 9W-445,BOM -> CCU,5800.0,6800.0,14900.0,2.191,180,35,0.194,0.806,1,0,Festival Surge,1.45,Festival,1.5,Corporate Traveler,0.26,6.0,0.774,6.5,100.0,7
flight,FLT-03,SkyWings 6E-512,BLR -> DEL,6200.0,7050.0,14220.0,2.017,180,61,0.339,0.66,16,1,Festival Surge,1.45,Holiday,1.35,Leisure Flyer,1.06,1.8,0.723,7.5,98.36,8
flight,FLT-04,SkyWings 6E-204,DEL -> BOM,5500.0,6550.0,14550.0,2.221,180,27,0.15,0.849,3,1,Festival Surge,1.45,Festival,1.5,Last-minute Rush,0.15,0.5,0.779,5.5,100.0,8
flight,FLT-05,JetExpress 9W-445,BOM -> CCU,5800.0,6690.0,8420.0,1.259,180,53,0.294,0.704,17,1,Standard,1.0,Weekend,1.15,Last-minute Rush,0.17,2.9,0.653,2.5,81.22,3
flight,FLT-06,Vistara Line UK-992,DEL -> BLR,6800.0,7750.0,7340.0,0.947,160,56,0.35,0.653,19,1,Low Traffic,0.85,Weekend,1.15,Leisure Flyer,1.04,0.2,0.438,1.5,55.43,2
flight,FLT-07,Vistara Line UK-821,MAA -> DEL,6400.0,7340.0,6450.0,0.879,160,50,0.312,0.685,2,0,Low Traffic,0.85,Normal Day,1.0,Leisure Flyer,1.05,0.4,0.471,6.5,60.56,2
flight,FLT-08,Vistara Line UK-992,DEL -> BLR,6800.0,9060.0,21140.0,2.333,160,3,0.019,0.98,1,1,Festival Surge,1.45,Major Event,1.55,Leisure Flyer,1.11,1.0,0.731,6.5,100.0,3
flight,FLT-01,AeroIndia AI-801,BOM -> GOA,4200.0,5600.0,12380.0,2.211,150,3,0.02,0.98,1,0,Festival Surge,1.45,Festival,1.5,Corporate Traveler,0.26,7.0,0.774,9.5,100.0,3
flight,FLT-02,JetExpress 9W-445,BOM -> CCU,5800.0,7480.0,9810.0,1.311,180,39,0.217,0.782,6,1,Low Traffic,0.85,Festival,1.5,Last-minute Rush,0.12,0.4,0.781,9.5,100.0,11
flight,FLT-03,Vistara Line UK-821,MAA -> DEL,6400.0,7450.0,9640.0,1.294,160,40,0.25,0.747,10,0,Vacation Peak,1.3,Normal Day,1.0,Corporate Traveler,0.22,8.1,0.711,5.5,90.27,8
flight,FLT-04,JetExpress 9W-445,BOM -> CCU,5800.0,7160.0,15800.0,2.207,180,7,0.039,0.962,3,0,Festival Surge,1.45,Festival,1.5,Corporate Traveler,0.21,4.1,0.776,9.5,100.0,7
flight,FLT-05,Vistara Line UK-821,MAA -> DEL,6400.0,8030.0,10800.0,1.345,160,5,0.031,0.967,2,1,Standard,1.0,Weekend,1.15,Leisure Flyer,1.12,0.4,0.619,8.5,83.32,5
flight,FLT-06,SkyWings 6E-204,DEL -> BOM,5500.0,7170.0,17100.0,2.385,180,10,0.056,0.942,8,0,Festival Surge,1.45,Major Event,1.55,Leisure Flyer,1.12,1.1,0.731,2.5,100.0,3
flight,FLT-07,SkyWings 6E-204,DEL -> BOM,5500.0,6850.0,6530.0,0.953,180,27,0.15,0.848,14,0,Standard,1.0,Normal Day,1.0,Corporate Traveler,0.29,7.5,0.505,0.5,59.99,0
flight,FLT-08,SkyWings 6E-204,DEL -> BOM,5500.0,6530.0,6470.0,0.991,180,36,0.2,0.8,10,1,Low Traffic,0.85,Weekend,1.15,Leisure Flyer,1.08,0.0,0.487,2.5,63.19,3
flight,FLT-01,JetExpress 9W-110,HYD -> MAA,3600.0,4130.0,10290.0,2.492,140,25,0.179,0.82,14,0,Festival Surge,1.45,Major Event,1.55,Leisure Flyer,0.98,0.3,0.738,0.5,100.0,1
flight,FLT-02,AeroIndia AI-303,DEL -> DXB,14500.0,18040.0,25390.0,1.407,220,42,0.191,0.811,21,0,Low Traffic,0.85,Major Event,1.55,Student Traveler,1.42,2.2,0.54,2.5,73.61,2
flight,FLT-03,JetExpress 9W-110,HYD -> MAA,3600.0,4170.0,4850.0,1.163,140,12,0.086,0.915,1,1,Standard,1.0,Weekend,1.15,Corporate Traveler,0.29,8.7,0.673,8.5,85.16,11
flight,FLT-04,JetExpress 9W-110,HYD -> MAA,3600.0,4170.0,5800.0,1.391,140,33,0.236,0.767,22,1,Low Traffic,0.85,Major Event,1.55,Corporate Traveler,0.29,9.2,0.751,9.5,96.83,15
flight,FLT-05,Vistara Line UK-821,MAA -> DEL,6400.0,8100.0,7630.0,0.942,160,20,0.125,0.873,3,1,Low Traffic,0.85,Weekend,1.15,Corporate Traveler,0.19,9.6,0.691,12.5,87.15,20
flight,FLT-06,AeroIndia AI-801,BOM -> GOA,4200.0,5790.0,6130.0,1.059,150,14,0.093,0.905,2,0,Vacation Peak,1.3,Normal Day,1.0,Student Traveler,1.39,0.6,0.59,9.5,80.94,13
flight,FLT-07,Vistara Line UK-821,MAA -> DEL,6400.0,7590.0,7860.0,1.036,160,25,0.156,0.844,3,1,Low Traffic,0.85,Weekend,1.15,Corporate Traveler,0.21,4.8,0.64,6.5,79.58,7
flight,FLT-08,SkyWings 6E-204,DEL -> BOM,5500.0,7180.0,14560.0,2.028,180,15,0.083,0.914,7,1,Festival Surge,1.45,Holiday,1.35,Leisure Flyer,1.09,3.5,0.732,11.5,100.0,15
flight,FLT-01,SkyWings 6E-204,DEL -> BOM,5500.0,6680.0,6840.0,1.024,180,38,0.211,0.787,4,1,Standard,1.0,Weekend,1.15,Last-minute Rush,0.14,0.5,0.623,7.5,76.49,10
flight,FLT-02,AeroIndia AI-303,DEL -> DXB,14500.0,19540.0,32640.0,1.67,220,24,0.109,0.891,1,0,Festival Surge,1.45,Holiday,1.35,Corporate Traveler,0.21,6.1,0.776,8.5,100.0,14
flight,FLT-03,Vistara Line UK-821,MAA -> DEL,6400.0,6860.0,13210.0,1.926,160,68,0.425,0.574,33,0,Festival Surge,1.45,Holiday,1.35,Leisure Flyer,1.07,1.3,0.681,3.5,92.15,5
flight,FLT-04,AeroIndia AI-801,BOM -> GOA,4200.0,4990.0,6140.0,1.23,150,30,0.2,0.801,11,1,Standard,1.0,Weekend,1.15,Leisure Flyer,1.11,0.6,0.537,4.5,70.85,4
flight,FLT-05,SkyWings 6E-204,DEL -> BOM,5500.0,6730.0,11310.0,1.681,180,26,0.144,0.853,18,0,Standard,1.0,Major Event,1.55,Leisure Flyer,1.06,0.8,0.734,7.5,100.0,10
flight,FLT-06,JetExpress 9W-445,BOM -> CCU,5800.0,6860.0,5570.0,0.812,180,38,0.211,0.788,14,0,Low Traffic,0.85,Normal Day,1.0,Leisure Flyer,1.07,4.4,0.45,6.5,57.49,6
flight,FLT-07,SkyWings 6E-204,DEL -> BOM,5500.0,6900.0,8020.0,1.162,180,25,0.139,0.862,6,1,Standard,1.0,Weekend,1.15,Leisure Flyer,1.16,1.8,0.541,3.5,71.84,3
flight,FLT-08,SkyWings 6E-204,DEL -> BOM,5500.0,6620.0,14950.0,2.258,180,28,0.156,0.843,1,0,Festival Surge,1.45,Holiday,1.35,Last-minute Rush,0.13,0.3,0.78,4.5,100.0,7
flight,FLT-01,Vistara Line UK-992,DEL -> BLR,6800.0,7760.0,6680.0,0.861,160,54,0.338,0.665,27,0,Standard,1.0,Normal Day,1.0,Leisure Flyer,1.1,0.9,0.456,9.5,58.7,8
flight,FLT-02,Vistara Line UK-992,DEL -> BLR,6800.0,7880.0,6220.0,0.789,160,44,0.275,0.728,15,0,Low Traffic,0.85,Normal Day,1.0,Corporate Traveler,0.27,6.8,0.475,0.5,55.31,0
flight,FLT-03,AeroIndia AI-303,DEL -> DXB,14500.0,16520.0,18120.0,1.097,220,67,0.305,0.697,13,0,Standard,1.0,Normal Day,1.0,Corporate Traveler,0.27,10.1,0.61,3.5,75.48,4
flight,FLT-04,Vistara Line UK-992,DEL -> BLR,6800.0,7510.0,17510.0,2.332,160,17,0.106,0.896,8,0,Festival Surge,1.45,Holiday,1.35,Corporate Traveler,0.29,16.6,0.772,1.5,100.0,3
flight,FLT-05,AeroIndia AI-303,DEL -> DXB,14500.0,15620.0,20500.0,1.312,220,88,0.4,0.599,24,1,Standard,1.0,Weekend,1.15,Last-minute Rush,0.12,0.1,0.522,1.5,61.26,3
flight,FLT-06,JetExpress 9W-110,HYD -> MAA,3600.0,4610.0,9960.0,2.161,140,26,0.186,0.818,3,0,Festival Surge,1.45,Festival,1.5,Corporate Traveler,0.19,2.5,0.777,11.5,100.0,17
flight,FLT-07,SkyWings 6E-204,DEL -> BOM,5500.0,6920.0,15840.0,2.289,180,16,0.089,0.912,1,1,Festival Surge,1.45,Holiday,1.35,Student Traveler,1.43,0.8,0.715,5.5,100.0,7
flight,FLT-08,Vistara Line UK-992,DEL -> BLR,6800.0,8250.0,12310.0,1.492,160,34,0.212,0.786,5,0,Vacation Peak,1.3,Normal Day,1.0,Corporate Traveler,0.21,14.0,0.776,8.5,100.0,14
flight,FLT-01,Vistara Line UK-992,DEL -> BLR,6800.0,8980.0,18970.0,2.112,160,3,0.019,0.98,6,0,Festival Surge,1.45,Festival,1.5,Corporate Traveler,0.18,5.3,0.778,6.5,100.0,3
flight,FLT-02,JetExpress 9W-110,HYD -> MAA,3600.0,4490.0,5340.0,1.189,140,18,0.129,0.87,1,0,Standard,1.0,Festival,1.5,Leisure Flyer,1.1,2.9,0.628,3.5,84.44,7
flight,FLT-03,Vistara Line UK-821,MAA -> DEL,6400.0,8050.0,10430.0,1.296,160,14,0.087,0.915,2,0,Vacation Peak,1.3,Normal Day,1.0,Corporate Traveler,0.32,6.7,0.724,3.5,92.96,5
flight,FLT-04,Vistara Line UK-992,DEL -> BLR,6800.0,8230.0,9160.0,1.113,160,28,0.175,0.824,16,1,Standard,1.0,Weekend,1.15,Student Traveler,1.37,0.8,0.5,4.5,67.25,2
flight,FLT-05,AeroIndia AI-303,DEL -> DXB,14500.0,17230.0,37770.0,2.192,220,49,0.223,0.778,4,1,Festival Surge,1.45,Festival,1.5,Student Traveler,1.37,0.2,0.718,9.5,100.0,13
flight,FLT-06,SkyWings 6E-204,DEL -> BOM,5500.0,6980.0,13760.0,1.971,180,32,0.178,0.821,4,0,Festival Surge,1.45,Holiday,1.35,Corporate Traveler,0.26,6.1,0.774,4.5,100.0,8
flight,FLT-07,AeroIndia AI-801,BOM -> GOA,4200.0,5260.0,4320.0,0.821,150,27,0.18,0.822,6,0,Low Traffic,0.85,Normal Day,1.0,Leisure Flyer,1.08,0.3,0.414,1.5,52.19,1
flight,FLT-08,AeroIndia AI-303,DEL -> DXB,14500.0,15860.0,34660.0,2.185,220,85,0.386,0.612,32,1,Festival Surge,1.45,Festival,1.5,Leisure Flyer,1.04,1.5,0.735,6.5,100.0,10
flight,FLT-01,JetExpress 9W-110,HYD -> MAA,3600.0,4550.0,3810.0,0.837,140,40,0.286,0.713,22,0,Low Traffic,0.85,Normal Day,1.0,Last-minute Rush,0.12,2.2,0.498,2.5,57.6,2
flight,FLT-02,JetExpress 9W-445,BOM -> CCU,5800.0,6410.0,6820.0,1.064,180,55,0.306,0.697,7,0,Standard,1.0,Normal Day,1.0,Corporate Traveler,0.28,15.6,0.62,9.5,77.1,10
flight,FLT-03,JetExpress 9W-445,BOM -> CCU,5800.0,7790.0,13860.0,1.779,180,4,0.022,0.98,1,1,Festival Surge,1.45,Holiday,1.35,Leisure Flyer,1.06,0.6,0.734,7.5,100.0,4
flight,FLT-04,AeroIndia AI-801,BOM -> GOA,4200.0,5210.0,10460.0,2.008,150,18,0.12,0.879,4,1,Festival Surge,1.45,Festival,1.5,Corporate Traveler,0.27,5.5,0.773,3.5,100.0,5
flight,FLT-05,Vistara Line UK-992,DEL -> BLR,6800.0,8080.0,8840.0,1.094,160,54,0.338,0.661,21,1,Low Traffic,0.85,Weekend,1.15,Leisure Flyer,1.12,1.5,0.379,4.5,47.19,3
flight,FLT-06,JetExpress 9W-445,BOM -> CCU,5800.0,6820.0,5450.0,0.799,180,43,0.239,0.759,3,0,Low Traffic,0.85,Normal Day,1.0,Corporate Traveler,0.22,14.6,0.596,6.5,73.0,8
flight,FLT-07,SkyWings 6E-204,DEL -> BOM,5500.0,6540.0,6500.0,0.994,180,39,0.217,0.785,9,0,Standard,1.0,Normal Day,1.0,Leisure Flyer,1.13,0.3,0.46,5.5,59.54,7
flight,FLT-08,AeroIndia AI-801,BOM -> GOA,4200.0,4990.0,5680.0,1.138,150,39,0.26,0.74,5,0,Standard,1.0,Normal Day,1.0,Leisure Flyer,1.19,1.8,0.449,2.5,58.3,2
flight,FLT-01,JetExpress 9W-445,BOM -> CCU,5800.0,7350.0,9590.0,1.305,180,25,0.139,0.859,11,0,Vacation Peak,1.3,Normal Day,1.0,Student Traveler,1.38,0.5,0.516,2.5,69.82,2
flight,FLT-02,Vistara Line UK-821,MAA -> DEL,6400.0,7110.0,8590.0,1.208,160,55,0.344,0.658,11,1,Standard,1.0,Weekend,1.15,Corporate Traveler,0.21,9.4,0.568,0.5,68.73,1
flight,FLT-03,Vistara Line UK-821,MAA -> DEL,6400.0,7700.0,12980.0,1.686,160,9,0.056,0.942,3,1,Standard,1.0,Festival,1.5,Leisure Flyer,1.11,0.3,0.706,7.5,96.15,9
flight,FLT-04,JetExpress 9W-445,BOM -> CCU,5800.0,7180.0,8030.0,1.118,180,29,0.161,0.84,4,1,Standard,1.0,Weekend,1.15,Leisure Flyer,1.15,0.8,0.579,8.5,77.51,12
flight,FLT-05,SkyWings 6E-204,DEL -> BOM,5500.0,5630.0,5860.0,1.041,180,80,0.444,0.555,9,0,Standard,1.0,Normal Day,1.0,Corporate Traveler,0.3,9.8,0.533,2.5,64.14,3
flight,FLT-06,SkyWings 6E-512,BLR -> DEL,6200.0,7430.0,6680.0,0.899,180,47,0.261,0.739,8,0,Low Traffic,0.85,Normal Day,1.0,Student Traveler,1.44,2.6,0.357,1.5,46.4,1
flight,FLT-07,AeroIndia AI-303,DEL -> DXB,14500.0,17820.0,20630.0,1.158,220,52,0.236,0.764,17,1,Standard,1.0,Weekend,1.15,Student Traveler,1.43,0.9,0.482,3.5,65.09,2
flight,FLT-08,Vistara Line UK-821,MAA -> DEL,6400.0,6880.0,7460.0,1.084,160,68,0.425,0.577,3,0,Standard,1.0,Normal Day,1.0,Leisure Flyer,1.15,2.4,0.458,4.5,59.26,3
flight,FLT-01,JetExpress 9W-110,HYD -> MAA,3600.0,4160.0,3790.0,0.911,140,60,0.429,0.569,30,0,Low Traffic,0.85,Normal Day,1.0,Corporate Traveler,0.25,14.8,0.54,1.5,64.84,3
flight,FLT-02,Vistara Line UK-821,MAA -> DEL,6400.0,8480.0,10020.0,1.182,160,17,0.106,0.895,8,0,Vacation Peak,1.3,Normal Day,1.0,Student Traveler,1.33,2.0,0.562,2.5,76.25,2
flight,FLT-03,SkyWings 6E-204,DEL -> BOM,5500.0,6440.0,6990.0,1.085,180,29,0.161,0.84,1,0,Standard,1.0,Normal Day,1.0,Corporate Traveler,0.29,7.7,0.647,6.5,81.26,9
flight,FLT-04,JetExpress 9W-110,HYD -> MAA,3600.0,4280.0,9580.0,2.238,140,35,0.25,0.749,7,0,Festival Surge,1.45,Festival,1.5,Leisure Flyer,1.12,0.5,0.731,11.5,100.0,18
flight,FLT-05,AeroIndia AI-801,BOM -> GOA,4200.0,5360.0,7240.0,1.351,150,11,0.073,0.928,8,1,Standard,1.0,Weekend,1.15,Leisure Flyer,1.1,1.3,0.58,2.5,77.23,5
flight,FLT-06,Vistara Line UK-992,DEL -> BLR,6800.0,8970.0,8410.0,0.938,160,26,0.163,0.84,3,0,Standard,1.0,Normal Day,1.0,Leisure Flyer,1.11,0.8,0.47,4.5,60.84,5
flight,FLT-07,JetExpress 9W-110,HYD -> MAA,3600.0,4310.0,3800.0,0.882,140,34,0.243,0.755,8,0,Standard,1.0,Normal Day,1.0,Leisure Flyer,1.14,1.7,0.394,5.5,49.63,4
flight,FLT-08,Vistara Line UK-821,MAA -> DEL,6400.0,6710.0,5620.0,0.838,160,75,0.469,0.531,16,0,Low Traffic,0.85,Normal Day,1.0,Corporate Traveler,0.25,7.3,0.421,2.5,46.95,2
flight,FLT-01,JetExpress 9W-110,HYD -> MAA,3600.0,4180.0,4650.0,1.112,140,39,0.279,0.72,14,0,Standard,1.0,Normal Day,1.0,Leisure Flyer,1.15,1.6,0.474,5.5,61.75,5
flight,FLT-02,AeroIndia AI-303,DEL -> DXB,14500.0,16790.0,29530.0,1.759,220,16,0.073,0.928,3,0,Standard,1.0,Festival,1.5,Leisure Flyer,1.14,1.4,0.726,6.5,99.43,11
flight,FLT-03,Vistara Line UK-992,DEL -> BLR,6800.0,8080.0,9630.0,1.192,160,37,0.231,0.768,3,1,Standard,1.0,Weekend,1.15,Corporate Traveler,0.24,3.0,0.679,6.5,85.61,6
flight,FLT-04,SkyWings 6E-204,DEL -> BOM,5500.0,6740.0,9220.0,1.368,180,30,0.167,0.831,5,0,Vacation Peak,1.3,Normal Day,1.0,Corporate Traveler,0.27,1.8,0.682,6.5,86.4,10
flight,FLT-05,SkyWings 6E-512,BLR -> DEL,6200.0,7150.0,14460.0,2.022,180,60,0.333,0.669,4,0,Festival Surge,1.45,Holiday,1.35,Corporate Traveler,0.25,3.1,0.774,8.5,100.0,15
flight,FLT-06,AeroIndia AI-303,DEL -> DXB,14500.0,16200.0,26540.0,1.638,220,67,0.305,0.698,23,1,Vacation Peak,1.3,Weekend,1.15,Student Traveler,1.44,1.2,0.577,3.5,79.33,4
flight,FLT-07,Vistara Line UK-992,DEL -> BLR,6800.0,7530.0,6830.0,0.907,160,67,0.419,0.584,2,0,Low Traffic,0.85,Normal Day,1.0,Leisure Flyer,1.16,3.2,0.405,5.5,51.47,2
flight,FLT-08,AeroIndia AI-801,BOM -> GOA,4200.0,5370.0,3610.0,0.672,150,20,0.133,0.868,12,0,Low Traffic,0.85,Normal Day,1.0,Leisure Flyer,1.11,4.3,0.404,1.5,50.9,2
flight,FLT-01,AeroIndia AI-303,DEL -> DXB,14500.0,17420.0,46120.0,2.648,220,5,0.023,0.979,4,1,Festival Surge,1.45,Major Event,1.55,Corporate Traveler,0.27,11.3,0.773,7.5,100.0,5
flight,FLT-02,Vistara Line UK-821,MAA -> DEL,6400.0,8150.0,8600.0,1.055,160,23,0.144,0.854,6,0,Standard,1.0,Normal Day,1.0,Corporate Traveler,0.22,11.3,0.593,2.5,72.56,3
flight,FLT-03,Vistara Line UK-992,DEL -> BLR,6800.0,8170.0,19890.0,2.435,160,29,0.181,0.822,10,0,Festival Surge,1.45,Festival,1.5,Student Traveler,1.38,0.3,0.718,9.5,100.0,14
flight,FLT-04,JetExpress 9W-110,HYD -> MAA,3600.0,4700.0,6520.0,1.387,140,9,0.064,0.937,3,1,Standard,1.0,Holiday,1.35,Corporate Traveler,0.26,9.5,0.774,9.5,100.0,9
flight,FLT-05,Vistara Line UK-821,MAA -> DEL,6400.0,7730.0,9190.0,1.189,160,24,0.15,0.848,10,1,Standard,1.0,Weekend,1.15,Corporate Traveler,0.17,1.6,0.615,5.5,75.55,10
flight,FLT-06,SkyWings 6E-204,DEL -> BOM,5500.0,6300.0,6310.0,1.002,180,62,0.344,0.658,15,0,Standard,1.0,Normal Day,1.0,Last-minute Rush,0.13,0.0,0.555,4.5,66.28,5
flight,FLT-07,AeroIndia AI-303,DEL -> DXB,14500.0,19600.0,17230.0,0.879,220,4,0.018,0.98,4,0,Standard,1.0,Normal Day,1.0,Student Traveler,1.38,0.3,0.55,9.5,74.86,4
flight,FLT-08,JetExpress 9W-445,BOM -> CCU,5800.0,7360.0,9760.0,1.326,180,15,0.083,0.919,6,0,Vacation Peak,1.3,Normal Day,1.0,Leisure Flyer,1.1,0.5,0.644,6.5,86.86,4
flight,FLT-01,SkyWings 6E-204,DEL -> BOM,5500.0,6990.0,6710.0,0.96,180,8,0.044,0.953,1,0,Low Traffic,0.85,Normal Day,1.0,Student Traveler,1.48,0.2,0.463,4.5,62.48,5
flight,FLT-02,JetExpress 9W-445,BOM -> CCU,5800.0,7190.0,8640.0,1.202,180,46,0.256,0.746,6,0,Vacation Peak,1.3,Normal Day,1.0,Leisure Flyer,1.09,2.8,0.573,3.5,76.11,3
flight,FLT-03,JetExpress 9W-445,BOM -> CCU,5800.0,7330.0,7830.0,1.068,180,33,0.183,0.815,3,0,Standard,1.0,Normal Day,1.0,Corporate Traveler,0.17,8.5,0.726,9.5,92.23,13
flight,FLT-04,SkyWings 6E-204,DEL -> BOM,5500.0,6940.0,7380.0,1.063,180,32,0.178,0.823,6,1,Low Traffic,0.85,Weekend,1.15,Student Traveler,1.33,1.6,0.479,3.5,63.87,1
flight,FLT-05,Vistara Line UK-992,DEL -> BLR,6800.0,8400.0,7430.0,0.885,160,42,0.263,0.74,13,0,Standard,1.0,Normal Day,1.0,Corporate Traveler,0.2,4.4,0.502,2.5,58.78,3
flight,FLT-06,SkyWings 6E-512,BLR -> DEL,6200.0,8040.0,14180.0,1.764,180,51,0.283,0.717,12,0,Festival Surge,1.45,Holiday,1.35,Corporate Traveler,0.23,15.3,0.775,5.5,100.0,9
flight,FLT-07,Vistara Line UK-821,MAA -> DEL,6400.0,6440.0,8480.0,1.317,160,94,0.588,0.411,38,1,Standard,1.0,Weekend,1.15,Corporate Traveler,0.23,4.7,0.491,2.5,57.34,2
flight,FLT-08,JetExpress 9W-445,BOM -> CCU,5800.0,7690.0,17880.0,2.325,180,9,0.05,0.947,1,0,Festival Surge,1.45,Festival,1.5,Leisure Flyer,1.04,3.0,0.735,9.5,100.0,9
flight,FLT-01,SkyWings 6E-512,BLR -> DEL,6200.0,8560.0,7820.0,0.914,180,4,0.022,0.979,1,0,Low Traffic,0.85,Normal Day,1.0,Leisure Flyer,1.1,0.7,0.604,11.5,80.88,4
flight,FLT-02,JetExpress 9W-445,BOM -> CCU,5800.0,7370.0,9270.0,1.258,180,32,0.178,0.823,7,1,Low Traffic,0.85,Holiday,1.35,Leisure Flyer,1.12,0.6,0.67,10.5,90.97,11
flight,FLT-03,AeroIndia AI-801,BOM -> GOA,4200.0,4990.0,5330.0,1.068,150,32,0.213,0.785,10,0,Standard,1.0,Normal Day,1.0,Corporate Traveler,0.28,9.4,0.62,1.5,77.16,3
flight,FLT-04,JetExpress 9W-445,BOM -> CCU,5800.0,6490.0,7240.0,1.116,180,40,0.222,0.779,12,0,Standard,1.0,Normal Day,1.0,Last-minute Rush,0.13,0.5,0.614,6.5,75.08,11
flight,FLT-05,JetExpress 9W-110,HYD -> MAA,3600.0,4320.0,4140.0,0.958,140,40,0.286,0.714,13,0,Standard,1.0,Normal Day,1.0,Student Traveler,1.41,1.1,0.457,3.5,61.1,3
flight,FLT-06,AeroIndia AI-801,BOM -> GOA,4200.0,4970.0,5100.0,1.026,150,38,0.253,0.749,2,0,Standard,1.0,Normal Day,1.0,Last-minute Rush,0.14,0.8,0.558,5.5,66.7,2
flight,FLT-07,AeroIndia AI-801,BOM -> GOA,4200.0,5550.0,5290.0,0.953,150,6,0.04,0.962,7,0,Standard,1.0,Normal Day,1.0,Corporate Traveler,0.28,11.2,0.543,1.5,65.59,2
flight,FLT-08,Vistara Line UK-821,MAA -> DEL,6400.0,7460.0,6870.0,0.921,160,44,0.275,0.724,11,0,Low Traffic,0.85,Normal Day,1.0,Corporate Traveler,0.19,8.2,0.495,1.5,57.75,2
flight,FLT-01,JetExpress 9W-445,BOM -> CCU,5800.0,6440.0,6110.0,0.949,180,56,0.311,0.689,6,0,Standard,1.0,Normal Day,1.0,Corporate Traveler,0.3,4.3,0.551,2.5,66.93,2
flight,FLT-02,SkyWings 6E-512,BLR -> DEL,6200.0,7490.0,11530.0,1.539,180,28,0.156,0.845,11,1,Vacation Peak,1.3,Weekend,1.15,Leisure Flyer,1.08,0.8,0.633,3.5,85.04,7
flight,FLT-03,JetExpress 9W-445,BOM -> CCU,5800.0,6980.0,5620.0,0.805,180,44,0.244,0.755,11,0,Standard,1.0,Normal Day,1.0,Corporate Traveler,0.15,3.1,0.541,2.5,64.26,3
flight,FLT-04,SkyWings 6E-512,BLR -> DEL,6200.0,7760.0,12220.0,1.575,180,28,0.156,0.843,19,0,Vacation Peak,1.3,Normal Day,1.0,Student Traveler,1.43,0.3,0.562,2.5,76.98,3
flight,FLT-05,SkyWings 6E-512,BLR -> DEL,6200.0,7400.0,6400.0,0.865,180,31,0.172,0.83,4,0,Low Traffic,0.85,Normal Day,1.0,Last-minute Rush,0.14,3.6,0.655,10.5,81.3,14
flight,FLT-06,JetExpress 9W-110,HYD -> MAA,3600.0,3830.0,5740.0,1.499,140,42,0.3,0.696,8,0,Low Traffic,0.85,Festival,1.5,Last-minute Rush,0.22,1.3,0.731,10.5,93.23,10
flight,FLT-07,AeroIndia AI-801,BOM -> GOA,4200.0,4850.0,4440.0,0.915,150,36,0.24,0.757,8,0,Low Traffic,0.85,Normal Day,1.0,Student Traveler,1.37,7.2,0.392,2.5,51.04,2
flight,FLT-08,JetExpress 9W-445,BOM -> CCU,5800.0,6500.0,6600.0,1.015,180,47,0.261,0.737,6,1,Low Traffic,0.85,Weekend,1.15,Corporate Traveler,0.32,7.5,0.567,4.5,69.52,7
flight,FLT-01,Vistara Line UK-992,DEL -> BLR,6800.0,8570.0,11730.0,1.369,160,8,0.05,0.948,1,0,Vacation Peak,1.3,Normal Day,1.0,Leisure Flyer,1.13,6.1,0.685,4.5,93.25,6
flight,FLT-02,SkyWings 6E-204,DEL -> BOM,5500.0,7080.0,10250.0,1.448,180,21,0.117,0.882,8,0,Standard,1.0,Holiday,1.35,Leisure Flyer,1.06,1.9,0.644,1.5,86.48,2
flight,FLT-03,JetExpress 9W-445,BOM -> CCU,5800.0,6990.0,6950.0,0.994,180,54,0.3,0.701,13,1,Low Traffic,0.85,Weekend,1.15,Leisure Flyer,1.1,0.1,0.488,5.5,63.51,8
flight,FLT-04,Vistara Line UK-992,DEL -> BLR,6800.0,7320.0,7600.0,1.038,160,64,0.4,0.602,20,0,Standard,1.0,Normal Day,1.0,Leisure Flyer,1.07,2.2,0.377,3.5,46.61,1
flight,FLT-05,AeroIndia AI-303,DEL -> DXB,14500.0,18260.0,18900.0,1.035,220,50,0.227,0.774,10,0,Standard,1.0,Normal Day,1.0,Leisure Flyer,1.05,0.2,0.478,3.5,61.63,1
flight,FLT-06,SkyWings 6E-512,BLR -> DEL,6200.0,7650.0,12430.0,1.625,180,27,0.15,0.848,1,1,Vacation Peak,1.3,Weekend,1.15,Last-minute Rush,0.18,3.5,0.778,8.5,100.0,12
flight,FLT-07,AeroIndia AI-303,DEL -> DXB,14500.0,17020.0,17230.0,1.012,220,27,0.123,0.878,5,0,Standard,1.0,Normal Day,1.0,Corporate Traveler,0.25,8.4,0.741,10.5,95.09,17
flight,FLT-08,JetExpress 9W-110,HYD -> MAA,3600.0,3880.0,8420.0,2.17,140,67,0.479,0.52,23,0,Festival Surge,1.45,Festival,1.5,Corporate Traveler,0.3,7.8,0.772,6.5,100.0,9
flight,FLT-01,SkyWings 6E-204,DEL -> BOM,5500.0,7570.0,7300.0,0.964,180,10,0.056,0.943,10,0,Standard,1.0,Normal Day,1.0,Leisure Flyer,1.12,0.5,0.445,2.5,57.15,2
flight,FLT-02,AeroIndia AI-303,DEL -> DXB,14500.0,16840.0,22020.0,1.308,220,53,0.241,0.76,45,1,Low Traffic,0.85,Festival,1.5,Leisure Flyer,1.09,1.0,0.576,7.5,76.54,7
flight,FLT-03,AeroIndia AI-303,DEL -> DXB,14500.0,16740.0,18190.0,1.087,220,40,0.182,0.817,25,0,Standard,1.0,Normal Day,1.0,Leisure Flyer,1.11,0.4,0.443,3.5,56.72,3
flight,FLT-04,SkyWings 6E-204,DEL -> BOM,5500.0,6620.0,6800.0,1.027,180,31,0.172,0.83,6,0,Standard,1.0,Normal Day,1.0,Student Traveler,1.38,0.3,0.481,4.5,64.57,5
flight,FLT-05,Vistara Line UK-821,MAA -> DEL,6400.0,7460.0,11620.0,1.558,160,59,0.369,0.632,4,1,Vacation Peak,1.3,Weekend,1.15,Last-minute Rush,0.18,0.9,0.698,5.5,88.02,6
flight,FLT-06,Vistara Line UK-821,MAA -> DEL,6400.0,6760.0,7370.0,1.09,160,85,0.531,0.47,45,1,Standard,1.0,Weekend,1.15,Leisure Flyer,1.05,0.5,0.387,5.5,47.95,3
flight,FLT-07,AeroIndia AI-303,DEL -> DXB,14500.0,17280.0,16570.0,0.959,220,50,0.227,0.775,17,1,Low Traffic,0.85,Weekend,1.15,Student Traveler,1.37,0.5,0.386,1.5,50.11,0
flight,FLT-08,SkyWings 6E-512,BLR -> DEL,6200.0,7520.0,11730.0,1.56,180,39,0.217,0.781,11,1,Vacation Peak,1.3,Weekend,1.15,Last-minute Rush,0.17,0.0,0.739,6.5,94.13,10
flight,FLT-01,SkyWings 6E-204,DEL -> BOM,5500.0,5910.0,8090.0,1.369,180,95,0.528,0.472,28,0,Standard,1.0,Holiday,1.35,Leisure Flyer,1.12,1.6,0.537,6.5,70.93,11
flight,FLT-02,AeroIndia AI-303,DEL -> DXB,14500.0,17120.0,14670.0,0.857,220,54,0.245,0.753,1,0,Low Traffic,0.85,Normal Day,1.0,Leisure Flyer,1.09,0.8,0.559,10.5,74.06,12
flight,FLT-03,AeroIndia AI-303,DEL -> DXB,14500.0,16370.0,24200.0,1.478,220,42,0.191,0.811,14,0,Standard,1.0,Holiday,1.35,Leisure Flyer,1.11,0.9,0.644,6.5,86.87,10
flight,FLT-04,JetExpress 9W-110,HYD -> MAA,3600.0,4970.0,4870.0,0.98,140,16,0.114,0.887,4,0,Standard,1.0,Normal Day,1.0,Student Traveler,1.4,0.7,0.487,8.5,65.56,6
flight,FLT-05,Vistara Line UK-992,DEL -> BLR,6800.0,8650.0,7650.0,0.884,160,34,0.212,0.789,2,0,Low Traffic,0.85,Normal Day,1.0,Corporate Traveler,0.24,9.8,0.601,7.5,73.96,9
flight,FLT-06,AeroIndia AI-303,DEL -> DXB,14500.0,16500.0,15930.0,0.965,220,67,0.305,0.694,2,0,Standard,1.0,Normal Day,1.0,Corporate Traveler,0.28,5.3,0.598,10.5,73.82,14
flight,FLT-07,AeroIndia AI-801,BOM -> GOA,4200.0,4890.0,4500.0,0.92,150,50,0.333,0.669,10,0,Standard,1.0,Normal Day,1.0,Last-minute Rush,0.13,0.2,0.516,8.5,60.32,11
flight,FLT-08,SkyWings 6E-512,BLR -> DEL,6200.0,7010.0,6470.0,0.923,180,70,0.389,0.614,25,0,Standard,1.0,Normal Day,1.0,Corporate Traveler,0.24,8.4,0.509,1.5,60.22,3
flight,FLT-01,JetExpress 9W-110,HYD -> MAA,3600.0,4770.0,5740.0,1.203,140,22,0.157,0.841,3,1,Vacation Peak,1.3,Weekend,1.15,Last-minute Rush,0.24,2.3,0.673,4.5,84.76,9
flight,FLT-02,AeroIndia AI-303,DEL -> DXB,14500.0,17530.0,21380.0,1.22,220,39,0.177,0.825,3,1,Standard,1.0,Weekend,1.15,Last-minute Rush,0.17,1.4,0.645,5.5,79.99,9
flight,FLT-03,AeroIndia AI-801,BOM -> GOA,4200.0,4790.0,5750.0,1.2,150,24,0.16,0.84,3,0,Vacation Peak,1.3,Normal Day,1.0,Student Traveler,1.43,0.2,0.549,6.5,75.05,2
flight,FLT-04,SkyWings 6E-204,DEL -> BOM,5500.0,6560.0,9810.0,1.495,180,11,0.061,0.937,5,0,Standard,1.0,Major Event,1.55,Leisure Flyer,1.04,1.1,0.735,10.5,100.0,11
flight,FLT-05,Vistara Line UK-992,DEL -> BLR,6800.0,8130.0,10760.0,1.323,160,35,0.219,0.778,11,0,Vacation Peak,1.3,Normal Day,1.0,Corporate Traveler,0.33,4.8,0.687,5.5,87.53,5
flight,FLT-06,AeroIndia AI-801,BOM -> GOA,4200.0,5000.0,6160.0,1.232,150,33,0.22,0.781,9,0,Low Traffic,0.85,Major Event,1.55,Corporate Traveler,0.33,3.2,0.702,10.5,89.81,19
flight,FLT-07,AeroIndia AI-801,BOM -> GOA,4200.0,4800.0,6010.0,1.252,150,24,0.16,0.837,16,1,Standard,1.0,Weekend,1.15,Leisure Flyer,1.14,2.0,0.552,4.5,73.32,7
flight,FLT-08,Vistara Line UK-821,MAA -> DEL,6400.0,7430.0,7510.0,1.011,160,57,0.356,0.643,31,0,Standard,1.0,Normal Day,1.0,Leisure Flyer,1.1,0.3,0.402,4.5,50.6,4
flight,FLT-01,AeroIndia AI-801,BOM -> GOA,4200.0,4960.0,5140.0,1.036,150,40,0.267,0.735,13,1,Low Traffic,0.85,Weekend,1.15,Student Traveler,1.39,0.8,0.434,3.5,57.49,4
flight,FLT-02,JetExpress 9W-445,BOM -> CCU,5800.0,7710.0,12760.0,1.655,180,21,0.117,0.885,1,1,Standard,1.0,Major Event,1.55,Corporate Traveler,0.22,9.3,0.776,6.5,100.0,5
flight,FLT-03,Vistara Line UK-992,DEL -> BLR,6800.0,7190.0,7150.0,0.994,160,69,0.431,0.567,15,0,Standard,1.0,Normal Day,1.0,Student Traveler,1.37,0.6,0.386,4.5,50.22,3
flight,FLT-04,Vistara Line UK-992,DEL -> BLR,6800.0,8440.0,10340.0,1.225,160,43,0.269,0.732,16,1,Standard,1.0,Weekend,1.15,Leisure Flyer,1.12,3.0,0.566,4.5,75.3,4
flight,FLT-05,Vistara Line UK-992,DEL -> BLR,6800.0,7740.0,8210.0,1.061,160,42,0.263,0.737,9,0,Standard,1.0,Normal Day,1.0,Leisure Flyer,1.14,2.7,0.421,3.5,53.67,3
flight,FLT-06,JetExpress 9W-445,BOM -> CCU,5800.0,7630.0,8170.0,1.071,180,28,0.156,0.842,5,1,Standard,1.0,Weekend,1.15,Leisure Flyer,1.1,2.9,0.565,5.5,74.99,6
flight,FLT-07,Vistara Line UK-992,DEL -> BLR,6800.0,8420.0,11360.0,1.349,160,33,0.206,0.791,5,0,Vacation Peak,1.3,Normal Day,1.0,Leisure Flyer,1.06,0.6,0.654,8.5,88.04,14
flight,FLT-08,Vistara Line UK-992,DEL -> BLR,6800.0,8320.0,9700.0,1.166,160,41,0.256,0.742,14,1,Standard,1.0,Weekend,1.15,Corporate Traveler,0.25,9.1,0.652,4.5,81.72,8
flight,FLT-01,AeroIndia AI-801,BOM -> GOA,4200.0,4960.0,4950.0,0.998,150,38,0.253,0.747,7,0,Standard,1.0,Normal Day,1.0,Student Traveler,1.33,0.4,0.413,2.5,53.94,3
flight,FLT-02,JetExpress 9W-445,BOM -> CCU,5800.0,6910.0,9150.0,1.324,180,23,0.128,0.873,5,1,Low Traffic,0.85,Holiday,1.35,Leisure Flyer,1.14,0.7,0.62,5.5,83.59,9
flight,FLT-03,JetExpress 9W-445,BOM -> CCU,5800.0,7230.0,14280.0,1.975,180,41,0.228,0.774,3,0,Festival Surge,1.45,Holiday,1.35,Last-minute Rush,0.11,0.0,0.781,6.5,100.0,10
flight,FLT-04,Vistara Line UK-992,DEL -> BLR,6800.0,7750.0,10310.0,1.33,160,45,0.281,0.717,8,0,Vacation Peak,1.3,Normal Day,1.0,Last-minute Rush,0.14,2.1,0.651,1.5,80.72,2
flight,FLT-05,SkyWings 6E-204,DEL -> BOM,5500.0,6460.0,15240.0,2.359,180,34,0.189,0.809,8,1,Vacation Peak,1.3,Major Event,1.55,Corporate Traveler,0.19,12.7,0.777,13.5,100.0,22
flight,FLT-06,SkyWings 6E-512,BLR -> DEL,6200.0,8010.0,17390.0,2.171,180,16,0.089,0.914,3,0,Festival Surge,1.45,Major Event,1.55,Corporate Traveler,0.24,12.9,0.775,7.5,100.0,12
flight,FLT-07,AeroIndia AI-303,DEL -> DXB,14500.0,14970.0,13280.0,0.887,220,135,0.614,0.388,43,0,Standard,1.0,Normal Day,1.0,Corporate Traveler,0.28,7.5,0.404,2.5,44.65,3
flight,FLT-08,Vistara Line UK-821,MAA -> DEL,6400.0,7350.0,7760.0,1.056,160,54,0.338,0.663,14,0,Standard,1.0,Normal Day,1.0,Corporate Traveler,0.26,9.2,0.6,0.5,73.99,1
flight,FLT-01,SkyWings 6E-204,DEL -> BOM,5500.0,6290.0,5870.0,0.933,180,63,0.35,0.651,7,0,Standard,1.0,Normal Day,1.0,Last-minute Rush,0.13,0.4,0.554,4.5,66.02,6
flight,FLT-02,Vistara Line UK-992,DEL -> BLR,6800.0,8280.0,13980.0,1.688,160,25,0.156,0.844,5,1,Standard,1.0,Festival,1.5,Student Traveler,1.42,0.7,0.716,10.5,100.0,13
flight,FLT-03,JetExpress 9W-445,BOM -> CCU,5800.0,6740.0,7070.0,1.049,180,46,0.256,0.746,9,1,Low Traffic,0.85,Weekend,1.15,Corporate Traveler,0.24,9.4,0.596,3.5,73.19,5
flight,FLT-04,Vistara Line UK-821,MAA -> DEL,6400.0,7120.0,13760.0,1.933,160,51,0.319,0.681,18,0,Festival Surge,1.45,Holiday,1.35,Leisure Flyer,1.13,0.0,0.73,7.5,100.0,13
flight,FLT-05,SkyWings 6E-512,BLR -> DEL,6200.0,6650.0,6610.0,0.994,180,49,0.272,0.727,11,0,Low Traffic,0.85,Normal Day,1.0,Leisure Flyer,1.11,0.1,0.463,4.5,59.72,8
flight,FLT-06,JetExpress 9W-110,HYD -> MAA,3600.0,4370.0,4380.0,1.002,140,40,0.286,0.712,2,1,Standard,1.0,Weekend,1.15,Corporate Traveler,0.24,9.2,0.667,9.5,83.8,14
flight,FLT-07,JetExpress 9W-445,BOM -> CCU,5800.0,6350.0,6710.0,1.057,180,64,0.356,0.643,8,0,Standard,1.0,Normal Day,1.0,Last-minute Rush,0.14,0.5,0.468,1.5,53.26,3
flight,FLT-08,JetExpress 9W-445,BOM -> CCU,5800.0,7390.0,14470.0,1.958,180,46,0.256,0.746,11,1,Festival Surge,1.45,Holiday,1.35,Last-minute Rush,0.18,1.8,0.778,7.5,100.0,13
flight,FLT-01,AeroIndia AI-303,DEL -> DXB,14500.0,16050.0,24640.0,1.535,220,69,0.314,0.685,22,1,Standard,1.0,Major Event,1.55,Leisure Flyer,1.11,3.6,0.656,5.5,88.78,8
flight,FLT-02,Vistara Line UK-992,DEL -> BLR,6800.0,6460.0,5380.0,0.833,160,105,0.656,0.346,28,0,Low Traffic,0.85,Normal Day,1.0,Leisure Flyer,1.06,0.1,0.341,6.5,41.08,5
flight,FLT-03,JetExpress 9W-110,HYD -> MAA,3600.0,4350.0,6170.0,1.418,140,41,0.293,0.707,21,1,Low Traffic,0.85,Festival,1.5,Corporate Traveler,0.25,8.2,0.641,1.5,80.09,3
flight,FLT-04,SkyWings 6E-512,BLR -> DEL,6200.0,6780.0,6270.0,0.925,180,67,0.372,0.629,6,0,Low Traffic,0.85,Normal Day,1.0,Leisure Flyer,1.08,1.8,0.388,2.5,48.24,1
flight,FLT-05,JetExpress 9W-445,BOM -> CCU,5800.0,6430.0,5100.0,0.793,180,68,0.378,0.625,10,0,Low Traffic,0.85,Normal Day,1.0,Student Traveler,1.4,0.2,0.349,1.5,44.83,1
flight,FLT-06,AeroIndia AI-801,BOM -> GOA,4200.0,4770.0,4690.0,0.983,150,40,0.267,0.736,12,1,Low Traffic,0.85,Weekend,1.15,Student Traveler,1.34,1.4,0.46,4.5,61.04,4
flight,FLT-07,JetExpress 9W-445,BOM -> CCU,5800.0,6310.0,6600.0,1.046,180,70,0.389,0.61,25,1,Low Traffic,0.85,Weekend,1.15,Student Traveler,1.36,3.4,0.426,4.5,56.1,5
flight,FLT-08,JetExpress 9W-110,HYD -> MAA,3600.0,4660.0,4190.0,0.899,140,27,0.193,0.805,3,0,Standard,1.0,Normal Day,1.0,Corporate Traveler,0.24,8.1,0.637,7.5,79.39,11
flight,FLT-01,JetExpress 9W-445,BOM -> CCU,5800.0,6730.0,6790.0,1.009,180,55,0.306,0.694,3,1,Low Traffic,0.85,Weekend,1.15,Corporate Traveler,0.34,3.7,0.547,4.5,66.55,5
flight,FLT-02,AeroIndia AI-801,BOM -> GOA,4200.0,4970.0,4110.0,0.827,150,45,0.3,0.701,1,0,Low Traffic,0.85,Normal Day,1.0,Leisure Flyer,1.09,3.4,0.465,4.5,59.92,7
flight,FLT-03,Vistara Line UK-992,DEL -> BLR,6800.0,7730.0,8210.0,1.062,160,25,0.156,0.843,18,0,Standard,1.0,Normal Day,1.0,Leisure Flyer,1.07,1.0,0.489,5.5,63.35,4
flight,FLT-04,AeroIndia AI-801,BOM -> GOA,4200.0,4750.0,5710.0,1.202,150,25,0.167,0.835,1,0,Standard,1.0,Normal Day,1.0,Corporate Traveler,0.26,5.6,0.671,3.5,84.53,6
flight,FLT-05,JetExpress 9W-110,HYD -> MAA,3600.0,4090.0,3630.0,0.888,140,28,0.2,0.797,11,0,Low Traffic,0.85,Normal Day,1.0,Corporate Traveler,0.21,1.7,0.517,4.5,61.15,6
flight,FLT-06,SkyWings 6E-512,BLR -> DEL,6200.0,7110.0,16300.0,2.293,180,39,0.217,0.785,2,0,Festival Surge,1.45,Holiday,1.35,Leisure Flyer,1.06,6.1,0.734,7.5,100.0,12
flight,FLT-07,Vistara Line UK-992,DEL -> BLR,6800.0,7340.0,10660.0,1.452,160,49,0.306,0.696,5,0,Vacation Peak,1.3,Normal Day,1.0,Leisure Flyer,1.15,1.2,0.598,4.5,80.25,6
flight,FLT-08,AeroIndia AI-303,DEL -> DXB,14500.0,15980.0,39050.0,2.444,220,93,0.423,0.578,18,1,Festival Surge,1.45,Major Event,1.55,Corporate Traveler,0.31,3.3,0.771,7.5,100.0,13
flight,FLT-01,AeroIndia AI-303,DEL -> DXB,14500.0,17610.0,19380.0,1.101,220,25,0.114,0.888,3,0,Standard,1.0,Normal Day,1.0,Leisure Flyer,1.05,0.5,0.598,9.5,79.63,12
flight,FLT-02,AeroIndia AI-801,BOM -> GOA,4200.0,4570.0,10360.0,2.267,150,48,0.32,0.681,17,1,Festival Surge,1.45,Festival,1.5,Student Traveler,1.41,0.5,0.716,7.5,100.0,12
flight,FLT-03,SkyWings 6E-204,DEL -> BOM,5500.0,6190.0,9730.0,1.572,180,44,0.244,0.755,10,1,Vacation Peak,1.3,Weekend,1.15,Leisure Flyer,1.13,0.7,0.56,0.5,74.55,1
flight,FLT-04,JetExpress 9W-445,BOM -> CCU,5800.0,6860.0,17130.0,2.497,180,57,0.317,0.685,14,0,Festival Surge,1.45,Major Event,1.55,Last-minute Rush,0.17,1.8,0.778,6.5,100.0,9
flight,FLT-05,Vistara Line UK-821,MAA -> DEL,6400.0,8180.0,8450.0,1.033,160,11,0.069,0.929,9,0,Standard,1.0,Normal Day,1.0,Leisure Flyer,1.05,2.6,0.547,5.5,71.96,6
flight,FLT-06,SkyWings 6E-204,DEL -> BOM,5500.0,6080.0,9670.0,1.59,180,51,0.283,0.716,20,0,Vacation Peak,1.3,Normal Day,1.0,Corporate Traveler,0.22,3.8,0.694,1.5,87.78,2
flight,FLT-07,JetExpress 9W-110,HYD -> MAA,3600.0,4430.0,3850.0,0.869,140,43,0.307,0.693,14,0,Low Traffic,0.85,Normal Day,1.0,Corporate Traveler,0.29,10.2,0.578,2.5,70.84,2
flight,FLT-08,Vistara Line UK-821,MAA -> DEL,6400.0,7860.0,18830.0,2.396,160,3,0.019,0.98,1,0,Festival Surge,1.45,Festival,1.5,Leisure Flyer,1.08,1.6,0.733,7.5,100.0,3
flight,FLT-01,AeroIndia AI-801,BOM -> GOA,4200.0,4960.0,5610.0,1.131,150,30,0.2,0.802,7,0,Standard,1.0,Normal Day,1.0,Leisure Flyer,1.09,1.1,0.49,3.5,63.64,4
flight,FLT-02,JetExpress 9W-445,BOM -> CCU,5800.0,7560.0,15830.0,2.094,180,4,0.022,0.98,1,0,Festival Surge,1.45,Festival,1.5,Leisure Flyer,1.11,1.0,0.731,5.5,100.0,4
flight,FLT-03,AeroIndia AI-801,BOM -> GOA,4200.0,4960.0,5040.0,1.016,150,34,0.227,0.774,2,0,Standard,1.0,Normal Day,1.0,Corporate Traveler,0.22,10.3,0.595,4.5,72.95,6
flight,FLT-04,JetExpress 9W-110,HYD -> MAA,3600.0,4680.0,3660.0,0.782,140,15,0.107,0.894,10,0,Low Traffic,0.85,Normal Day,1.0,Student Traveler,1.45,0.1,0.391,4.5,51.49,4
flight,FLT-05,AeroIndia AI-303,DEL -> DXB,14500.0,18590.0,18760.0,1.009,220,5,0.023,0.975,2,0,Standard,1.0,Normal Day,1.0,Corporate Traveler,0.24,3.5,0.662,5.5,83.06,5
flight,FLT-06,JetExpress 9W-110,HYD -> MAA,3600.0,3810.0,3990.0,1.047,140,67,0.479,0.52,29,0,Standard,1.0,Normal Day,1.0,Student Traveler,1.45,1.6,0.347,1.5,44.89,1
flight,FLT-07,Vistara Line UK-992,DEL -> BLR,6800.0,8890.0,9370.0,1.054,160,16,0.1,0.899,5,0,Standard,1.0,Normal Day,1.0,Corporate Traveler,0.27,3.2,0.649,6.5,81.41,7
flight,FLT-08,SkyWings 6E-512,BLR -> DEL,6200.0,6430.0,15040.0,2.339,180,78,0.433,0.568,11,0,Festival Surge,1.45,Festival,1.5,Leisure Flyer,1.16,1.5,0.729,5.5,100.0,9
flight,FLT-01,Vistara Line UK-821,MAA -> DEL,6400.0,8330.0,10370.0,1.245,160,9,0.056,0.946,1,1,Standard,1.0,Weekend,1.15,Corporate Traveler,0.3,4.9,0.772,12.5,100.0,9
flight,FLT-02,AeroIndia AI-801,BOM -> GOA,4200.0,4880.0,10130.0,2.076,150,29,0.193,0.804,14,0,Festival Surge,1.45,Holiday,1.35,Student Traveler,1.44,1.2,0.715,3.5,100.0,4
flight,FLT-03,Vistara Line UK-992,DEL -> BLR,6800.0,8390.0,12870.0,1.534,160,33,0.206,0.792,3,1,Vacation Peak,1.3,Weekend,1.15,Corporate Traveler,0.17,3.9,0.778,8.5,100.0,13
flight,FLT-04,JetExpress 9W-445,BOM -> CCU,5800.0,7090.0,7100.0,1.001,180,29,0.161,0.84,1,1,Low Traffic,0.85,Weekend,1.15,Leisure Flyer,1.13,0.6,0.536,6.5,70.94,8
flight,FLT-05,SkyWings 6E-512,BLR -> DEL,6200.0,7500.0,9790.0,1.305,180,30,0.167,0.836,2,0,Vacation Peak,1.3,Normal Day,1.0,Leisure Flyer,1.09,2.1,0.635,6.5,85.48,7
flight,FLT-06,SkyWings 6E-204,DEL -> BOM,5500.0,6420.0,7540.0,1.174,180,15,0.083,0.917,2,0,Standard,1.0,Normal Day,1.0,Leisure Flyer,1.1,1.0,0.598,7.5,79.88,10
flight,FLT-07,AeroIndia AI-801,BOM -> GOA,4200.0,4980.0,8420.0,1.691,150,31,0.207,0.793,6,1,Vacation Peak,1.3,Weekend,1.15,Leisure Flyer,1.12,0.6,0.715,5.5,97.63,11
flight,FLT-08,JetExpress 9W-445,BOM -> CCU,5800.0,6480.0,6920.0,1.068,180,78,0.433,0.568,21,0,Standard,1.0,Normal Day,1.0,Corporate Traveler,0.31,9.1,0.54,3.5,65.27,5
flight,FLT-01,JetExpress 9W-110,HYD -> MAA,3600.0,4200.0,9450.0,2.25,140,35,0.25,0.751,10,0,Festival Surge,1.45,Major Event,1.55,Leisure Flyer,1.05,1.9,0.734,6.5,100.0,12
flight,FLT-02,SkyWings 6E-204,DEL -> BOM,5500.0,6820.0,15190.0,2.227,180,43,0.239,0.761,8,1,Festival Surge,1.45,Major Event,1.55,Leisure Flyer,1.13,1.1,0.73,4.5,100.0,7
flight,FLT-03,SkyWings 6E-512,BLR -> DEL,6200.0,6680.0,7860.0,1.177,180,58,0.322,0.677,20,0,Standard,1.0,Normal Day,1.0,Last-minute Rush,0.14,1.0,0.497,0.5,57.58,0
flight,FLT-04,AeroIndia AI-303,DEL -> DXB,14500.0,16090.0,33380.0,2.075,220,61,0.277,0.722,13,0,Festival Surge,1.45,Major Event,1.55,Leisure Flyer,1.13,0.9,0.73,5.5,100.0,10
flight,FLT-05,SkyWings 6E-512,BLR -> DEL,6200.0,7610.0,20490.0,2.693,180,19,0.106,0.896,2,0,Festival Surge,1.45,Major Event,1.55,Last-minute Rush,0.16,0.4,0.779,6.5,100.0,9
flight,FLT-06,Vistara Line UK-821,MAA -> DEL,6400.0,7600.0,10670.0,1.404,160,26,0.163,0.835,9,0,Standard,1.0,Holiday,1.35,Corporate Traveler,0.19,17.4,0.777,12.5,100.0,23
flight,FLT-07,JetExpress 9W-110,HYD -> MAA,3600.0,4340.0,5830.0,1.343,140,30,0.214,0.784,5,1,Standard,1.0,Holiday,1.35,Leisure Flyer,1.1,0.5,0.593,5.5,79.23,10
flight,FLT-08,JetExpress 9W-445,BOM -> CCU,5800.0,6680.0,6000.0,0.898,180,57,0.317,0.682,21,0,Standard,1.0,Normal Day,1.0,Corporate Traveler,0.24,3.1,0.502,5.5,59.03,6
flight,FLT-01,JetExpress 9W-110,HYD -> MAA,3600.0,4540.0,3800.0,0.837,140,12,0.086,0.913,1,0,Low Traffic,0.85,Normal Day,1.0,Last-minute Rush,0.26,0.2,0.539,10.5,64.76,8
flight,FLT-02,SkyWings 6E-512,BLR -> DEL,6200.0,7950.0,7140.0,0.898,180,14,0.078,0.924,2,0,Low Traffic,0.85,Normal Day,1.0,Student Traveler,1.4,0.2,0.554,9.5,75.55,12
flight,FLT-03,Vistara Line UK-821,MAA -> DEL,6400.0,7430.0,11290.0,1.52,160,26,0.163,0.837,1,1,Standard,1.0,Holiday,1.35,Corporate Traveler,0.25,8.2,0.774,11.5,100.0,19
flight,FLT-04,JetExpress 9W-110,HYD -> MAA,3600.0,4790.0,4040.0,0.843,140,3,0.021,0.98,3,0,Standard,1.0,Normal Day,1.0,Leisure Flyer,1.02,0.9,0.554,4.5,72.71,3
flight,FLT-05,Vistara Line UK-821,MAA -> DEL,6400.0,7630.0,9090.0,1.191,160,41,0.256,0.745,16,1,Standard,1.0,Weekend,1.15,Last-minute Rush,0.12,0.8,0.581,3.5,70.02,6
flight,FLT-06,AeroIndia AI-303,DEL -> DXB,14500.0,17560.0,20140.0,1.147,220,65,0.295,0.705,11,1,Standard,1.0,Weekend,1.15,Last-minute Rush,0.15,1.5,0.604,0.5,73.67,1
flight,FLT-07,SkyWings 6E-512,BLR -> DEL,6200.0,7380.0,8570.0,1.161,180,27,0.15,0.852,6,0,Standard,1.0,Normal Day,1.0,Leisure Flyer,1.16,1.7,0.468,1.5,60.85,1
flight,FLT-08,Vistara Line UK-821,MAA -> DEL,6400.0,8300.0,8120.0,0.978,160,23,0.144,0.856,2,0,Low Traffic,0.85,Normal Day,1.0,Leisure Flyer,1.06,0.1,0.507,8.5,65.94,9
flight,FLT-01,SkyWings 6E-204,DEL -> BOM,5500.0,6330.0,5800.0,0.916,180,49,0.272,0.73,8,0,Standard,1.0,Normal Day,1.0,Leisure Flyer,1.09,0.3,0.448,4.5,57.38,3
flight,FLT-02,Vistara Line UK-821,MAA -> DEL,6400.0,6990.0,15860.0,2.269,160,47,0.294,0.707,9,0,Festival Surge,1.45,Festival,1.5,Corporate Traveler,0.23,3.8,0.775,7.5,100.0,11
flight,FLT-03,JetExpress 9W-110,HYD -> MAA,3600.0,4030.0,4150.0,1.03,140,66,0.471,0.53,23,0,Standard,1.0,Normal Day,1.0,Leisure Flyer,1.07,0.8,0.434,5.5,55.15,3
flight,FLT-04,AeroIndia AI-303,DEL -> DXB,14500.0,16760.0,18530.0,1.106,220,59,0.268,0.73,17,1,Low Traffic,0.85,Weekend,1.15,Leisure Flyer,1.08,1.1,0.442,3.5,56.42,1
flight,FLT-05,AeroIndia AI-303,DEL -> DXB,14500.0,17220.0,18810.0,1.092,220,32,0.145,0.855,3,1,Low Traffic,0.85,Weekend,1.15,Corporate Traveler,0.25,8.9,0.621,7.5,77.07,5
flight,FLT-06,Vistara Line UK-992,DEL -> BLR,6800.0,7700.0,11060.0,1.436,160,34,0.212,0.788,6,0,Standard,1.0,Festival,1.5,Leisure Flyer,1.09,1.0,0.627,7.5,84.18,11
flight,FLT-07,Vistara Line UK-821,MAA -> DEL,6400.0,7130.0,8700.0,1.22,160,51,0.319,0.679,11,1,Standard,1.0,Weekend,1.15,Leisure Flyer,1.12,4.3,0.473,1.5,61.35,0
flight,FLT-08,AeroIndia AI-801,BOM -> GOA,4200.0,4540.0,4280.0,0.943,150,41,0.273,0.729,12,0,Low Traffic,0.85,Normal Day,1.0,Last-minute Rush,0.08,1.6,0.523,1.5,61.1,3
flight,FLT-01,AeroIndia AI-303,DEL -> DXB,14500.0,17560.0,23120.0,1.317,220,46,0.209,0.793,8,1,Standard,1.0,Weekend,1.15,Corporate Traveler,0.24,14.1,0.647,2.5,80.86,2
flight,FLT-02,JetExpress 9W-445,BOM -> CCU,5800.0,6750.0,8510.0,1.261,180,45,0.25,0.75,1,0,Standard,1.0,Normal Day,1.0,Last-minute Rush,0.13,0.5,0.664,6.5,82.61,7
flight,FLT-03,JetExpress 9W-110,HYD -> MAA,3600.0,4140.0,4860.0,1.174,140,60,0.429,0.572,6,1,Standard,1.0,Weekend,1.15,Leisure Flyer,1.12,2.7,0.482,3.5,62.69,1
flight,FLT-04,SkyWings 6E-512,BLR -> DEL,6200.0,6700.0,8310.0,1.24,180,89,0.494,0.508,21,0,Standard,1.0,Holiday,1.35,Leisure Flyer,1.1,0.5,0.541,9.5,71.46,6
