domain,item_id,item_name,sub_type,base_price,current_price,competitor_price,price_ratio,total_capacity,inventory_remaining,inventory_ratio,occupancy_rate,days_remaining,is_weekend,season,season_multiplier,special_event,event_multiplier,customer_segment,price_sensitivity,purchase_frequency,conversion_rate,booking_velocity,demand_score,units_booked
hotel,HTL-01,Mountain Bliss Lodge,Alpine Chalet,7500.0,8040.0,10340.0,1.286,25,12,0.48,0.535,19,0,Peak,1.35,Normal Day,1.0,Business,0.4,1.6,0.582,2.5,73.02,7
hotel,HTL-02,Grand Palace Hotel,Deluxe,5000.0,4710.0,4910.0,1.042,50,30,0.6,0.402,2,0,Regular,1.0,Normal Day,1.0,Business,0.47,2.8,0.462,2.5,54.5,4
hotel,HTL-03,Mountain Bliss Lodge,Alpine Chalet,7500.0,6700.0,6130.0,0.915,25,21,0.84,0.179,22,0,Regular,1.0,Normal Day,1.0,Business,0.43,1.9,0.378,1.5,40.58,1
hotel,HTL-04,Urban Hub Suites,Penthouse,12000.0,12710.0,10370.0,0.816,10,4,0.4,0.565,5,0,Low,0.8,Normal Day,1.0,Budget,1.48,2.7,0.355,1.5,46.95,0
hotel,HTL-05,Mountain Bliss Lodge,Alpine Chalet,7500.0,7110.0,11380.0,1.601,25,8,0.32,0.667,23,1,Regular,1.0,Holiday,1.3,Business,0.46,1.6,0.685,5.5,90.1,8
hotel,HTL-06,Urban Hub Suites,Studio Room,3200.0,3350.0,2930.0,0.875,80,38,0.475,0.52,8,1,Low,0.8,Weekend,1.15,Budget,1.54,5.8,0.445,6.5,62.0,7
hotel,HTL-07,Mountain Bliss Lodge,Alpine Chalet,7500.0,7950.0,10610.0,1.335,25,9,0.36,0.647,2,0,Peak,1.35,Normal Day,1.0,Business,0.41,3.9,0.559,3.5,69.3,5
hotel,HTL-08,Grand Palace Hotel,Deluxe,5000.0,5410.0,4740.0,0.876,50,12,0.24,0.759,4,0,Low,0.8,Normal Day,1.0,Leisure,0.88,1.1,0.429,3.5,53.1,3
hotel,HTL-01,Urban Hub Suites,Penthouse,12000.0,12800.0,13590.0,1.062,10,3,0.3,0.69,13,0,Regular,1.0,Normal Day,1.0,Budget,1.48,2.5,0.376,0.5,50.32,0
hotel,HTL-02,City Central Inn,Economy Twin,2400.0,2560.0,2470.0,0.965,100,29,0.29,0.711,7,1,Low,0.8,Weekend,1.15,Leisure,0.86,2.1,0.527,4.5,68.52,8
hotel,HTL-03,Sea Breeze Resort,Ocean View,6500.0,6960.0,10860.0,1.56,40,17,0.425,0.569,27,1,Peak,1.35,Weekend,1.15,Budget,1.51,0.6,0.515,4.5,72.93,6
hotel,HTL-04,Mountain Bliss Lodge,Alpine Chalet,7500.0,7750.0,11240.0,1.45,25,11,0.44,0.549,10,0,Peak,1.35,Normal Day,1.0,Leisure,0.93,2.5,0.517,5.5,67.67,6
hotel,HTL-05,Sea Breeze Resort,Standard Room,3800.0,3700.0,3570.0,0.965,60,29,0.483,0.521,7,1,Low,0.8,Weekend,1.15,Leisure,0.89,0.5,0.519,5.5,67.52,7
hotel,HTL-06,Grand Palace Hotel,Deluxe,5000.0,5340.0,4820.0,0.903,50,14,0.28,0.711,10,1,Low,0.8,Weekend,1.15,Budget,1.5,0.5,0.373,2.5,50.14,3
hotel,HTL-07,Sea Breeze Resort,Ocean View,6500.0,6940.0,7390.0,1.065,40,21,0.525,0.485,5,0,Regular,1.0,Normal Day,1.0,Budget,1.6,0.4,0.403,2.5,55.82,5
hotel,HTL-08,Sea Breeze Resort,Standard Room,3800.0,3920.0,5090.0,1.298,60,30,0.5,0.498,7,0,Peak,1.35,Normal Day,1.0,Leisure,0.94,0.5,0.489,2.5,63.24,2
hotel,HTL-01,Urban Hub Suites,Studio Room,3200.0,3480.0,3670.0,1.055,80,38,0.475,0.529,17,1,Regular,1.0,Weekend,1.15,Business,0.39,1.9,0.506,0.5,60.68,1
hotel,HTL-02,Grand Palace Hotel,Deluxe,5000.0,5280.0,4940.0,0.936,50,18,0.36,0.636,1,0,Regular,1.0,Normal Day,1.0,Leisure,0.85,1.2,0.524,7.5,68.07,11
hotel,HTL-03,Grand Palace Hotel,Deluxe,5000.0,5560.0,14660.0,2.637,50,9,0.18,0.827,3,1,Holiday,1.6,Festival,1.45,Business,0.42,3.5,0.75,4.5,100.0,9
hotel,HTL-04,Grand Palace Hotel,Deluxe,5000.0,5370.0,7030.0,1.309,50,20,0.4,0.602,3,0,Peak,1.35,Normal Day,1.0,Leisure,0.89,1.1,0.573,7.5,76.28,10
hotel,HTL-05,Grand Palace Hotel,Deluxe,5000.0,4580.0,4530.0,0.989,50,39,0.78,0.219,23,1,Low,0.8,Weekend,1.15,Leisure,0.95,0.2,0.386,3.5,46.81,5
hotel,HTL-06,Urban Hub Suites,Penthouse,12000.0,11990.0,13250.0,1.105,10,7,0.7,0.329,21,0,Peak,1.35,Normal Day,1.0,Budget,1.5,0.2,0.389,5.5,52.66,6
hotel,HTL-07,Grand Palace Hotel,Executive Suite,9000.0,8380.0,14210.0,1.696,20,12,0.6,0.42,21,1,Peak,1.35,Weekend,1.15,Budget,1.5,0.7,0.545,6.5,77.63,5
hotel,HTL-08,Urban Hub Suites,Penthouse,12000.0,12880.0,13030.0,1.012,10,3,0.3,0.666,1,1,Regular,1.0,Weekend,1.15,Leisure,0.85,5.5,0.575,3.5,76.23,3
hotel,HTL-01,Urban Hub Suites,Penthouse,12000.0,14030.0,12680.0,0.904,10,2,0.2,0.827,7,1,Low,0.8,Weekend,1.15,Budget,1.55,1.3,0.493,6.5,69.78,2
hotel,HTL-02,Urban Hub Suites,Studio Room,3200.0,3290.0,4900.0,1.489,80,51,0.637,0.358,18,0,Holiday,1.6,Normal Day,1.0,Leisure,0.88,0.9,0.565,6.5,74.89,8
hotel,HTL-03,Urban Hub Suites,Penthouse,12000.0,12820.0,19600.0,1.529,10,5,0.5,0.498,19,0,Holiday,1.6,Normal Day,1.0,Business,0.48,7.4,0.696,7.5,92.0,5
hotel,HTL-04,Grand Palace Hotel,Executive Suite,9000.0,10160.0,14650.0,1.442,20,4,0.2,0.807,2,1,Peak,1.35,Weekend,1.15,Budget,1.49,1.6,0.622,3.5,89.82,4
hotel,HTL-05,Urban Hub Suites,Studio Room,3200.0,3290.0,5150.0,1.565,80,31,0.388,0.611,4,0,Holiday,1.6,Normal Day,1.0,Business,0.39,2.8,0.729,4.5,96.31,10
hotel,HTL-06,Sea Breeze Resort,Ocean View,6500.0,6350.0,11150.0,1.756,40,18,0.45,0.551,4,0,Holiday,1.6,Normal Day,1.0,Leisure,0.89,0.7,0.643,5.5,87.48,10
hotel,HTL-07,Urban Hub Suites,Studio Room,3200.0,3300.0,6350.0,1.924,80,42,0.525,0.474,7,0,Peak,1.35,Holiday,1.3,Business,0.45,2.0,0.692,5.5,91.07,13
hotel,HTL-08,Grand Palace Hotel,Deluxe,5000.0,5350.0,7860.0,1.469,50,9,0.18,0.812,12,1,Regular,1.0,Festival,1.45,Luxury,0.28,1.0,0.688,2.5,88.82,5
hotel,HTL-01,Sea Breeze Resort,Standard Room,3800.0,3800.0,9160.0,2.411,60,17,0.283,0.722,11,1,Holiday,1.6,Festival,1.45,Budget,1.46,1.8,0.687,4.5,100.0,11
hotel,HTL-02,Grand Palace Hotel,Executive Suite,9000.0,9260.0,13100.0,1.415,20,6,0.3,0.707,9,0,Peak,1.35,Normal Day,1.0,Business,0.4,0.7,0.658,4.5,85.06,6
hotel,HTL-03,Urban Hub Suites,Studio Room,3200.0,3470.0,5680.0,1.637,80,17,0.212,0.792,2,1,Peak,1.35,Weekend,1.15,Budget,1.52,1.3,0.64,4.5,93.03,9
hotel,HTL-04,Urban Hub Suites,Studio Room,3200.0,3520.0,3390.0,0.963,80,18,0.225,0.775,8,0,Regular,1.0,Normal Day,1.0,Leisure,1.0,2.1,0.468,2.5,60.52,3
hotel,HTL-05,Sea Breeze Resort,Ocean View,6500.0,6390.0,6960.0,1.089,40,18,0.45,0.55,2,0,Regular,1.0,Normal Day,1.0,Leisure,0.82,2.6,0.46,1.5,57.42,3
hotel,HTL-06,Sea Breeze Resort,Ocean View,6500.0,7890.0,10810.0,1.37,40,6,0.15,0.853,10,0,Peak,1.35,Normal Day,1.0,Business,0.38,3.4,0.664,3.5,85.83,5
hotel,HTL-07,Urban Hub Suites,Penthouse,12000.0,12150.0,21000.0,1.728,10,5,0.5,0.47,7,0,Holiday,1.6,Normal Day,1.0,Luxury,0.28,3.9,0.654,1.5,83.37,4
hotel,HTL-08,Sea Breeze Resort,Standard Room,3800.0,3820.0,5020.0,1.314,60,26,0.433,0.566,1,0,Regular,1.0,Holiday,1.3,Luxury,0.22,1.5,0.609,6.5,75.63,11
hotel,HTL-01,Sea Breeze Resort,Ocean View,6500.0,6540.0,9620.0,1.471,40,23,0.575,0.416,8,0,Holiday,1.6,Normal Day,1.0,Business,0.32,4.4,0.582,1.5,72.12,2
hotel,HTL-02,Grand Palace Hotel,Deluxe,5000.0,5250.0,10620.0,2.023,50,25,0.5,0.507,7,0,Holiday,1.6,Holiday,1.3,Budget,1.47,0.4,0.677,5.5,98.44,11
hotel,HTL-03,Urban Hub Suites,Penthouse,12000.0,11250.0,11890.0,1.057,10,6,0.6,0.407,10,0,Regular,1.0,Normal Day,1.0,Budget,1.45,0.2,0.341,1.5,44.45,1
hotel,HTL-04,City Central Inn,Economy Twin,2400.0,2380.0,1780.0,0.748,100,42,0.42,0.582,11,0,Low,0.8,Normal Day,1.0,Business,0.4,3.6,0.486,6.5,57.65,11
hotel,HTL-05,Urban Hub Suites,Studio Room,3200.0,3530.0,2450.0,0.694,80,33,0.412,0.591,11,0,Low,0.8,Normal Day,1.0,Leisure,0.86,0.7,0.312,2.5,34.24,1
hotel,HTL-06,Sea Breeze Resort,Standard Room,3800.0,4240.0,8010.0,1.889,60,19,0.317,0.687,2,1,Holiday,1.6,Weekend,1.15,Business,0.48,3.1,0.746,5.5,100.0,10
hotel,HTL-07,Grand Palace Hotel,Deluxe,5000.0,4800.0,5470.0,1.14,50,16,0.32,0.673,13,0,Regular,1.0,Normal Day,1.0,Budget,1.57,3.9,0.405,2.5,55.88,3
hotel,HTL-08,Grand Palace Hotel,Executive Suite,9000.0,9910.0,8490.0,0.857,20,5,0.25,0.77,7,1,Low,0.8,Weekend,1.15,Leisure,0.91,1.0,0.491,2.5,63.29,5
hotel,HTL-01,Sea Breeze Resort,Ocean View,6500.0,7400.0,11060.0,1.495,40,1,0.025,0.974,2,1,Regular,1.0,Concert,1.35,Business,0.41,5.3,0.727,1.5,96.29,1
hotel,HTL-02,City Central Inn,Economy Twin,2400.0,2430.0,3940.0,1.621,100,48,0.48,0.521,20,1,Peak,1.35,Weekend,1.15,Leisure,1.0,1.1,0.625,5.5,85.52,6
hotel,HTL-03,Mountain Bliss Lodge,Alpine Chalet,7500.0,9050.0,14900.0,1.646,25,1,0.04,0.98,1,1,Peak,1.35,Weekend,1.15,Leisure,0.89,0.3,0.682,7.5,93.63,1
hotel,HTL-04,Grand Palace Hotel,Executive Suite,9000.0,9170.0,8620.0,0.94,20,7,0.35,0.651,1,1,Low,0.8,Weekend,1.15,Luxury,0.24,6.8,0.616,8.5,76.93,7
hotel,HTL-05,Grand Palace Hotel,Deluxe,5000.0,5560.0,7530.0,1.354,50,12,0.24,0.761,1,1,Regular,1.0,Concert,1.35,Leisure,0.85,2.6,0.653,4.5,88.65,10
hotel,HTL-06,Grand Palace Hotel,Executive Suite,9000.0,9890.0,7780.0,0.787,20,11,0.55,0.429,38,0,Regular,1.0,Normal Day,1.0,Leisure,1.02,0.3,0.392,2.5,48.5,4
hotel,HTL-07,Grand Palace Hotel,Deluxe,5000.0,5030.0,4780.0,0.95,50,16,0.32,0.67,2,0,Regular,1.0,Normal Day,1.0,Budget,1.47,1.9,0.408,0.5,55.45,0
hotel,HTL-08,Urban Hub Suites,Penthouse,12000.0,12410.0,19870.0,1.601,10,4,0.4,0.629,27,0,Holiday,1.6,Normal Day,1.0,Budget,1.45,1.2,0.536,7.5,75.65,4
hotel,HTL-01,Sea Breeze Resort,Standard Room,3800.0,3910.0,5080.0,1.299,60,14,0.233,0.771,3,1,Regular,1.0,Weekend,1.15,Budget,1.46,1.0,0.557,5.5,79.14,10
hotel,HTL-02,Sea Breeze Resort,Standard Room,3800.0,3740.0,4330.0,1.158,60,26,0.433,0.573,2,1,Low,0.8,Holiday,1.3,Luxury,0.2,6.7,0.629,3.5,78.54,7
hotel,HTL-03,Grand Palace Hotel,Executive Suite,9000.0,8930.0,8630.0,0.966,20,8,0.4,0.624,56,1,Low,0.8,Weekend,1.15,Leisure,0.86,0.1,0.461,4.5,57.98,8
hotel,HTL-04,Sea Breeze Resort,Ocean View,6500.0,6420.0,5060.0,0.788,40,22,0.55,0.438,14,0,Low,0.8,Normal Day,1.0,Budget,1.56,2.0,0.286,2.5,36.71,1
hotel,HTL-05,City Central Inn,Economy Twin,2400.0,2600.0,3760.0,1.446,100,37,0.37,0.628,10,1,Peak,1.35,Weekend,1.15,Budget,1.52,1.0,0.513,0.5,72.65,1
hotel,HTL-06,Mountain Bliss Lodge,Alpine Chalet,7500.0,6540.0,5610.0,0.858,25,15,0.6,0.403,7,0,Low,0.8,Normal Day,1.0,Business,0.33,3.5,0.387,2.5,41.05,3
hotel,HTL-07,Grand Palace Hotel,Deluxe,5000.0,4870.0,12570.0,2.581,50,16,0.32,0.675,16,1,Holiday,1.6,Festival,1.45,Luxury,0.24,3.2,0.761,2.5,100.0,7
hotel,HTL-08,Sea Breeze Resort,Standard Room,3800.0,3660.0,3820.0,1.044,60,40,0.667,0.336,46,0,Regular,1.0,Normal Day,1.0,Leisure,0.87,1.6,0.382,4.5,45.45,6
hotel,HTL-01,City Central Inn,Economy Twin,2400.0,2660.0,3060.0,1.15,100,33,0.33,0.67,8,1,Regular,1.0,Weekend,1.15,Leisure,1.02,0.6,0.61,3.5,83.45,5
hotel,HTL-02,Urban Hub Suites,Penthouse,12000.0,11810.0,14800.0,1.253,10,7,0.7,0.341,9,0,Regular,1.0,Holiday,1.3,Leisure,0.9,0.9,0.557,6.5,73.76,7
hotel,HTL-03,Grand Palace Hotel,Executive Suite,9000.0,8910.0,8480.0,0.952,20,11,0.55,0.429,13,1,Regular,1.0,Weekend,1.15,Business,0.38,2.0,0.536,5.5,65.41,11
hotel,HTL-04,Urban Hub Suites,Studio Room,3200.0,3270.0,3200.0,0.979,80,39,0.487,0.51,6,0,Regular,1.0,Normal Day,1.0,Budget,1.46,1.6,0.388,3.5,52.09,3
hotel,HTL-05,Urban Hub Suites,Penthouse,12000.0,11020.0,9340.0,0.848,10,7,0.7,0.283,11,0,Low,0.8,Normal Day,1.0,Budget,1.44,0.3,0.337,3.5,43.8,1
hotel,HTL-06,Urban Hub Suites,Penthouse,12000.0,11290.0,10320.0,0.914,10,7,0.7,0.279,34,0,Low,0.8,Holiday,1.3,Budget,1.62,1.4,0.236,3.5,29.28,2
hotel,HTL-07,Mountain Bliss Lodge,Alpine Chalet,7500.0,8600.0,6410.0,0.745,25,8,0.32,0.675,15,0,Low,0.8,Normal Day,1.0,Leisure,0.91,0.6,0.397,1.5,48.2,2
hotel,HTL-08,Sea Breeze Resort,Standard Room,3800.0,4150.0,3770.0,0.908,60,12,0.2,0.801,31,1,Low,0.8,Weekend,1.15,Leisure,0.92,2.3,0.544,6.5,71.79,7
hotel,HTL-01,Sea Breeze Resort,Ocean View,6500.0,6640.0,10570.0,1.592,40,11,0.275,0.722,20,1,Peak,1.35,Weekend,1.15,Budget,1.53,1.0,0.628,4.5,91.09,8
hotel,HTL-02,Urban Hub Suites,Penthouse,12000.0,11260.0,11220.0,0.996,10,8,0.8,0.223,37,0,Regular,1.0,Normal Day,1.0,Luxury,0.25,3.5,0.448,2.5,50.03,3
hotel,HTL-03,City Central Inn,Economy Twin,2400.0,2740.0,3240.0,1.182,100,29,0.29,0.715,4,1,Regular,1.0,Holiday,1.3,Business,0.4,2.3,0.624,5.5,79.74,8
hotel,HTL-04,Mountain Bliss Lodge,Alpine Chalet,7500.0,8170.0,9510.0,1.164,25,6,0.24,0.749,2,1,Regular,1.0,Weekend,1.15,Luxury,0.2,7.4,0.644,3.5,81.01,6
hotel,HTL-05,Grand Palace Hotel,Executive Suite,9000.0,9590.0,11660.0,1.216,20,5,0.25,0.733,18,1,Regular,1.0,Weekend,1.15,Business,0.37,5.0,0.694,4.5,90.64,5
hotel,HTL-06,Urban Hub Suites,Studio Room,3200.0,3280.0,3290.0,1.003,80,15,0.188,0.81,10,0,Regular,1.0,Normal Day,1.0,Business,0.31,3.1,0.556,1.5,67.94,0
hotel,HTL-07,Sea Breeze Resort,Standard Room,3800.0,3840.0,5110.0,1.331,60,35,0.583,0.42,5,0,Peak,1.35,Normal Day,1.0,Leisure,0.96,2.3,0.527,4.5,69.55,8
hotel,HTL-08,City Central Inn,Economy Twin,2400.0,2470.0,2560.0,1.036,100,42,0.42,0.575,5,0,Regular,1.0,Normal Day,1.0,Leisure,0.87,4.1,0.457,0.5,57.4,0
hotel,HTL-01,City Central Inn,Economy Twin,2400.0,2290.0,3140.0,1.371,100,67,0.67,0.33,21,0,Regular,1.0,Festival,1.45,Leisure,0.85,0.7,0.541,6.5,70.66,9
hotel,HTL-02,Urban Hub Suites,Penthouse,12000.0,11770.0,9010.0,0.766,10,7,0.7,0.297,6,0,Low,0.8,Normal Day,1.0,Business,0.43,3.4,0.347,3.5,35.63,3
hotel,HTL-03,Grand Palace Hotel,Deluxe,5000.0,5610.0,5220.0,0.93,50,9,0.18,0.827,6,1,Low,0.8,Weekend,1.15,Leisure,0.96,0.6,0.504,3.5,65.91,3
hotel,HTL-04,Sea Breeze Resort,Standard Room,3800.0,3590.0,3780.0,1.053,60,33,0.55,0.452,28,0,Regular,1.0,Normal Day,1.0,Business,0.41,1.8,0.447,1.5,51.51,0
hotel,HTL-05,Sea Breeze Resort,Ocean View,6500.0,6130.0,7730.0,1.261,40,24,0.6,0.398,2,0,Regular,1.0,Holiday,1.3,Budget,1.48,1.1,0.471,3.5,65.62,5
hotel,HTL-06,City Central Inn,Economy Twin,2400.0,2520.0,3420.0,1.357,100,45,0.45,0.552,5,0,Peak,1.35,Normal Day,1.0,Business,0.48,1.4,0.562,3.5,70.48,9
hotel,HTL-07,Mountain Bliss Lodge,Alpine Chalet,7500.0,7790.0,7930.0,1.018,25,8,0.32,0.664,3,0,Regular,1.0,Normal Day,1.0,Business,0.27,4.3,0.538,0.5,64.72,1
hotel,HTL-08,City Central Inn,Economy Twin,2400.0,2540.0,1820.0,0.717,100,54,0.54,0.457,2,0,Low,0.8,Normal Day,1.0,Leisure,0.83,0.0,0.418,5.5,50.8,3
hotel,HTL-01,Sea Breeze Resort,Standard Room,3800.0,4420.0,7270.0,1.645,60,6,0.1,0.893,9,1,Peak,1.35,Weekend,1.15,Budget,1.48,1.0,0.562,3.5,80.09,6
hotel,HTL-02,Sea Breeze Resort,Standard Room,3800.0,4190.0,6150.0,1.468,60,14,0.233,0.762,13,1,Regular,1.0,Festival,1.45,Business,0.41,6.9,0.669,2.5,87.04,6
hotel,HTL-03,Grand Palace Hotel,Deluxe,5000.0,4740.0,4900.0,1.034,50,31,0.62,0.372,42,0,Regular,1.0,Normal Day,1.0,Budget,1.46,1.2,0.311,3.5,39.72,3
hotel,HTL-04,Sea Breeze Resort,Standard Room,3800.0,3950.0,4340.0,1.099,60,28,0.467,0.53,4,0,Regular,1.0,Normal Day,1.0,Leisure,0.84,0.9,0.475,3.5,60.01,3
hotel,HTL-05,City Central Inn,Economy Twin,2400.0,2260.0,1780.0,0.788,100,75,0.75,0.255,51,0,Low,0.8,Normal Day,1.0,Budget,1.58,1.1,0.292,2.5,37.9,2
hotel,HTL-06,Mountain Bliss Lodge,Alpine Chalet,7500.0,7700.0,6080.0,0.79,25,13,0.52,0.482,2,0,Low,0.8,Normal Day,1.0,Leisure,0.95,0.3,0.423,4.5,52.8,7
hotel,HTL-07,Sea Breeze Resort,Ocean View,6500.0,6290.0,5060.0,0.804,40,20,0.5,0.503,19,0,Low,0.8,Normal Day,1.0,Budget,1.46,0.5,0.266,1.5,32.5,2
hotel,HTL-08,City Central Inn,Economy Twin,2400.0,2450.0,2650.0,1.082,100,36,0.36,0.638,14,0,Low,0.8,Holiday,1.3,Budget,1.4,0.2,0.475,3.5,65.45,5
hotel,HTL-01,Grand Palace Hotel,Executive Suite,9000.0,8730.0,8330.0,0.954,20,11,0.55,0.447,1,0,Regular,1.0,Normal Day,1.0,Leisure,0.99,1.7,0.4,3.5,49.5,3
hotel,HTL-02,Grand Palace Hotel,Deluxe,5000.0,4830.0,5340.0,1.106,50,23,0.46,0.538,60,1,Regular,1.0,Weekend,1.15,Business,0.44,6.8,0.554,5.5,68.93,9
hotel,HTL-03,Urban Hub Suites,Studio Room,3200.0,2700.0,3660.0,1.356,80,68,0.85,0.151,23,0,Peak,1.35,Normal Day,1.0,Business,0.44,1.0,0.5,5.5,60.25,4
hotel,HTL-04,City Central Inn,Economy Twin,2400.0,2310.0,1780.0,0.771,100,61,0.61,0.389,4,0,Low,0.8,Normal Day,1.0,Luxury,0.24,1.7,0.424,2.5,46.18,3
hotel,HTL-05,Mountain Bliss Lodge,Alpine Chalet,7500.0,7820.0,5820.0,0.744,25,11,0.44,0.551,16,0,Low,0.8,Normal Day,1.0,Budget,1.44,0.9,0.296,4.5,37.13,7
hotel,HTL-06,Sea Breeze Resort,Standard Room,3800.0,4150.0,4180.0,1.007,60,19,0.317,0.678,2,0,Regular,1.0,Normal Day,1.0,Budget,1.45,1.4,0.397,0.5,53.44,0
hotel,HTL-07,Urban Hub Suites,Penthouse,12000.0,14790.0,17540.0,1.186,10,1,0.1,0.98,7,1,Low,0.8,Major Event,1.55,Leisure,0.88,0.7,0.611,3.5,82.18,1
hotel,HTL-08,Mountain Bliss Lodge,Alpine Chalet,7500.0,8560.0,18010.0,2.104,25,2,0.08,0.913,1,1,Peak,1.35,Festival,1.45,Leisure,0.86,0.8,0.723,3.5,100.0,2
hotel,HTL-01,Sea Breeze Resort,Standard Room,3800.0,3880.0,3740.0,0.964,60,33,0.55,0.455,2,0,Regular,1.0,Normal Day,1.0,Budget,1.66,3.1,0.415,2.5,58.36,2
hotel,HTL-02,City Central Inn,Economy Twin,2400.0,2580.0,4300.0,1.667,100,28,0.28,0.723,4,1,Peak,1.35,Holiday,1.3,Budget,1.41,3.3,0.645,5.5,92.78,5
hotel,HTL-03,Grand Palace Hotel,Executive Suite,9000.0,9750.0,9400.0,0.964,20,8,0.4,0.584,1,0,Regular,1.0,Normal Day,1.0,Business,0.46,4.7,0.476,2.5,56.5,3
hotel,HTL-04,Mountain Bliss Lodge,Alpine Chalet,7500.0,8130.0,7370.0,0.907,25,11,0.44,0.549,4,0,Regular,1.0,Normal Day,1.0,Leisure,0.96,0.1,0.399,0.5,49.08,0
hotel,HTL-05,Sea Breeze Resort,Ocean View,6500.0,6510.0,6710.0,1.031,40,19,0.475,0.536,6,0,Regular,1.0,Normal Day,1.0,Business,0.42,3.3,0.521,3.5,63.36,6
hotel,HTL-06,Mountain Bliss Lodge,Alpine Chalet,7500.0,7510.0,9780.0,1.302,25,5,0.2,0.793,3,1,Regular,1.0,Holiday,1.3,Business,0.38,4.5,0.725,7.5,95.68,5
hotel,HTL-07,Urban Hub Suites,Penthouse,12000.0,13130.0,15730.0,1.198,10,3,0.3,0.704,1,0,Peak,1.35,Normal Day,1.0,Budget,1.56,1.9,0.556,7.5,79.89,3
hotel,HTL-08,Sea Breeze Resort,Ocean View,6500.0,7120.0,12660.0,1.778,40,9,0.225,0.768,14,1,Holiday,1.6,Weekend,1.15,Budget,1.46,1.1,0.659,3.5,95.4,8
hotel,HTL-01,Urban Hub Suites,Studio Room,3200.0,3370.0,4460.0,1.323,80,35,0.438,0.56,25,0,Regular,1.0,Festival,1.45,Business,0.46,0.2,0.572,7.5,71.92,13
hotel,HTL-02,Urban Hub Suites,Studio Room,3200.0,3070.0,5020.0,1.635,80,45,0.562,0.434,4,0,Holiday,1.6,Normal Day,1.0,Luxury,0.2,2.1,0.616,0.5,76.46,1
hotel,HTL-03,Grand Palace Hotel,Deluxe,5000.0,4610.0,4630.0,1.004,50,32,0.64,0.36,3,0,Regular,1.0,Normal Day,1.0,Budget,1.52,1.3,0.336,0.5,44.39,0
hotel,HTL-04,Sea Breeze Resort,Ocean View,6500.0,6360.0,4960.0,0.78,40,23,0.575,0.425,21,0,Low,0.8,Normal Day,1.0,Leisure,0.97,2.7,0.336,0.5,39.0,0
hotel,HTL-05,City Central Inn,Economy Twin,2400.0,2280.0,2180.0,0.956,100,66,0.66,0.34,29,0,Regular,1.0,Normal Day,1.0,Leisure,0.9,2.5,0.395,1.5,47.82,0
hotel,HTL-06,Urban Hub Suites,Penthouse,12000.0,12270.0,17940.0,1.462,10,3,0.3,0.695,2,0,Peak,1.35,Normal Day,1.0,Business,0.44,2.8,0.684,7.5,89.67,3
hotel,HTL-07,Urban Hub Suites,Penthouse,12000.0,12390.0,9860.0,0.796,10,5,0.5,0.496,7,0,Low,0.8,Normal Day,1.0,Business,0.48,2.2,0.481,3.5,57.63,4
hotel,HTL-08,Urban Hub Suites,Studio Room,3200.0,3340.0,4480.0,1.341,80,29,0.362,0.637,4,0,Peak,1.35,Normal Day,1.0,Business,0.36,7.8,0.629,1.5,80.14,3
hotel,HTL-01,Sea Breeze Resort,Standard Room,3800.0,3540.0,3270.0,0.924,60,36,0.6,0.396,27,0,Regular,1.0,Normal Day,1.0,Budget,1.38,1.2,0.334,1.5,42.61,1
hotel,HTL-02,Sea Breeze Resort,Standard Room,3800.0,3730.0,3500.0,0.938,60,27,0.45,0.552,2,0,Regular,1.0,Normal Day,1.0,Luxury,0.28,1.4,0.492,2.5,57.46,2
hotel,HTL-03,Grand Palace Hotel,Executive Suite,9000.0,9940.0,10030.0,1.009,20,5,0.25,0.767,5,1,Low,0.8,Weekend,1.15,Leisure,0.84,1.1,0.52,3.5,67.31,5
hotel,HTL-04,City Central Inn,Economy Twin,2400.0,2660.0,3660.0,1.376,100,29,0.29,0.709,9,0,Peak,1.35,Normal Day,1.0,Budget,1.56,1.4,0.481,4.5,67.94,8
hotel,HTL-05,Sea Breeze Resort,Ocean View,6500.0,6740.0,5230.0,0.776,40,17,0.425,0.571,1,0,Low,0.8,Normal Day,1.0,Business,0.34,3.8,0.43,1.5,48.07,3
hotel,HTL-06,Sea Breeze Resort,Standard Room,3800.0,4250.0,10730.0,2.525,60,14,0.233,0.76,9,1,Holiday,1.6,Major Event,1.55,Business,0.44,1.0,0.749,7.5,100.0,14
hotel,HTL-07,Grand Palace Hotel,Deluxe,5000.0,4950.0,3780.0,0.764,50,32,0.64,0.353,13,0,Low,0.8,Normal Day,1.0,Budget,1.5,0.3,0.325,3.5,42.32,5
hotel,HTL-08,Grand Palace Hotel,Deluxe,5000.0,4540.0,5840.0,1.286,50,39,0.78,0.223,38,0,Regular,1.0,Holiday,1.3,Budget,1.57,3.0,0.321,0.5,42.43,0
hotel,HTL-01,Grand Palace Hotel,Executive Suite,9000.0,9910.0,9840.0,0.993,20,5,0.25,0.747,7,0,Low,0.8,Holiday,1.3,Business,0.42,6.3,0.517,0.5,62.78,1
hotel,HTL-02,Grand Palace Hotel,Executive Suite,9000.0,8920.0,7150.0,0.802,20,11,0.55,0.472,5,0,Low,0.8,Normal Day,1.0,Budget,1.53,2.3,0.262,1.5,32.6,1
hotel,HTL-03,Urban Hub Suites,Penthouse,12000.0,14440.0,12180.0,0.843,10,1,0.1,0.879,25,1,Low,0.8,Weekend,1.15,Business,0.46,4.3,0.558,3.5,69.62,1
hotel,HTL-04,Grand Palace Hotel,Deluxe,5000.0,5330.0,8230.0,1.544,50,17,0.34,0.667,9,0,Regular,1.0,Festival,1.45,Business,0.44,3.7,0.696,5.5,91.55,8
hotel,HTL-05,Sea Breeze Resort,Ocean View,6500.0,6410.0,14530.0,2.267,40,20,0.5,0.507,40,0,Holiday,1.6,Festival,1.45,Budget,1.51,2.2,0.667,4.5,97.22,10
hotel,HTL-06,Sea Breeze Resort,Standard Room,3800.0,4160.0,5190.0,1.248,60,24,0.4,0.6,1,0,Peak,1.35,Normal Day,1.0,Luxury,0.21,0.1,0.606,3.5,74.96,7
hotel,HTL-07,Grand Palace Hotel,Deluxe,5000.0,5450.0,8080.0,1.483,50,13,0.26,0.736,13,1,Peak,1.35,Weekend,1.15,Budget,1.52,2.1,0.59,4.5,84.98,6
hotel,HTL-08,Urban Hub Suites,Penthouse,12000.0,12530.0,15810.0,1.262,10,4,0.4,0.574,22,0,Regular,1.0,Holiday,1.3,Luxury,0.18,4.5,0.588,2.5,71.84,4
hotel,HTL-01,Grand Palace Hotel,Executive Suite,9000.0,8680.0,9470.0,1.091,20,10,0.5,0.483,18,0,Regular,1.0,Normal Day,1.0,Business,0.42,2.8,0.386,0.5,41.83,0
hotel,HTL-02,City Central Inn,Economy Twin,2400.0,2430.0,2470.0,1.016,100,48,0.48,0.522,10,0,Regular,1.0,Normal Day,1.0,Leisure,0.91,3.1,0.406,1.5,49.68,0
hotel,HTL-03,Sea Breeze Resort,Standard Room,3800.0,3960.0,3580.0,0.904,60,31,0.517,0.489,35,1,Low,0.8,Weekend,1.15,Business,0.52,1.2,0.508,4.5,62.29,8
hotel,HTL-04,Grand Palace Hotel,Deluxe,5000.0,5190.0,7750.0,1.493,50,15,0.3,0.694,16,0,Holiday,1.6,Normal Day,1.0,Budget,1.45,2.8,0.516,2.5,72.43,1
hotel,HTL-05,Urban Hub Suites,Penthouse,12000.0,11900.0,9020.0,0.758,10,6,0.6,0.41,20,0,Low,0.8,Normal Day,1.0,Business,0.46,2.2,0.322,1.5,31.96,1
hotel,HTL-06,Sea Breeze Resort,Ocean View,6500.0,7130.0,8620.0,1.209,40,14,0.35,0.638,1,0,Low,0.8,Festival,1.45,Leisure,0.92,1.2,0.549,4.5,72.63,6
hotel,HTL-07,Urban Hub Suites,Penthouse,12000.0,11350.0,16790.0,1.479,10,5,0.5,0.514,19,1,Regular,1.0,Weekend,1.15,Leisure,0.84,1.2,0.621,4.5,83.47,5
hotel,HTL-08,Urban Hub Suites,Penthouse,12000.0,13740.0,23350.0,1.699,10,1,0.1,0.91,11,1,Holiday,1.6,Weekend,1.15,Budget,1.48,0.1,0.667,3.5,96.94,1
hotel,HTL-01,Urban Hub Suites,Studio Room,3200.0,3080.0,3980.0,1.292,80,33,0.412,0.585,10,1,Regular,1.0,Weekend,1.15,Leisure,0.89,0.9,0.59,7.5,78.87,14
hotel,HTL-02,Grand Palace Hotel,Executive Suite,9000.0,8900.0,13830.0,1.554,20,10,0.5,0.476,7,0,Holiday,1.6,Normal Day,1.0,Leisure,0.88,3.1,0.608,4.5,81.77,10
hotel,HTL-03,Grand Palace Hotel,Deluxe,5000.0,4660.0,3720.0,0.798,50,29,0.58,0.414,16,0,Low,0.8,Normal Day,1.0,Budget,1.48,1.1,0.29,0.5,36.57,0
hotel,HTL-04,Urban Hub Suites,Studio Room,3200.0,2980.0,3070.0,1.03,80,49,0.613,0.389,5,0,Regular,1.0,Normal Day,1.0,Leisure,0.97,0.7,0.414,5.5,51.6,8
hotel,HTL-05,Grand Palace Hotel,Deluxe,5000.0,5180.0,5080.0,0.981,50,23,0.46,0.55,8,0,Regular,1.0,Normal Day,1.0,Luxury,0.23,1.6,0.485,2.5,55.75,2
hotel,HTL-06,Urban Hub Suites,Penthouse,12000.0,12260.0,20710.0,1.689,10,4,0.4,0.625,16,0,Holiday,1.6,Normal Day,1.0,Budget,1.48,0.7,0.584,8.5,83.7,4
hotel,HTL-07,Sea Breeze Resort,Standard Room,3800.0,4200.0,5210.0,1.24,60,8,0.133,0.872,12,1,Low,0.8,Festival,1.45,Leisure,0.97,1.4,0.531,3.5,70.31,7
hotel,HTL-08,Grand Palace Hotel,Executive Suite,9000.0,9050.0,12320.0,1.361,20,9,0.45,0.543,12,0,Peak,1.35,Normal Day,1.0,Leisure,0.95,0.5,0.54,6.5,71.47,7
hotel,HTL-01,Urban Hub Suites,Studio Room,3200.0,3410.0,4640.0,1.361,80,39,0.487,0.519,1,0,Peak,1.35,Normal Day,1.0,Budget,1.44,4.4,0.493,3.5,68.77,6
hotel,HTL-02,City Central Inn,Economy Twin,2400.0,2370.0,3600.0,1.519,100,54,0.54,0.46,35,0,Holiday,1.6,Normal Day,1.0,Budget,1.43,1.7,0.516,5.5,72.25,7
hotel,HTL-03,Grand Palace Hotel,Executive Suite,9000.0,8010.0,8710.0,1.087,20,14,0.7,0.307,42,0,Regular,1.0,Normal Day,1.0,Budget,1.62,0.7,0.318,2.5,42.36,2
hotel,HTL-04,Sea Breeze Resort,Standard Room,3800.0,3980.0,3700.0,0.93,60,26,0.433,0.574,3,0,Low,0.8,Holiday,1.3,Budget,1.58,0.9,0.412,3.5,57.03,4
hotel,HTL-05,Urban Hub Suites,Studio Room,3200.0,3580.0,4290.0,1.198,80,23,0.287,0.714,3,1,Regular,1.0,Weekend,1.15,Leisure,0.9,2.1,0.63,7.5,85.43,12
hotel,HTL-06,Mountain Bliss Lodge,Alpine Chalet,7500.0,7240.0,10610.0,1.465,25,11,0.44,0.546,4,0,Peak,1.35,Normal Day,1.0,Budget,1.44,4.1,0.586,7.5,83.54,11
hotel,HTL-07,Sea Breeze Resort,Ocean View,6500.0,6310.0,9660.0,1.531,40,10,0.25,0.751,3,0,Peak,1.35,Normal Day,1.0,Business,0.44,2.4,0.684,5.5,89.7,10
hotel,HTL-08,Urban Hub Suites,Penthouse,12000.0,12220.0,13270.0,1.086,10,3,0.3,0.678,9,0,Regular,1.0,Normal Day,1.0,Budget,1.57,0.7,0.392,1.5,53.72,2
hotel,HTL-01,Sea Breeze Resort,Ocean View,6500.0,5860.0,7840.0,1.338,40,26,0.65,0.339,32,0,Peak,1.35,Normal Day,1.0,Business,0.41,5.5,0.555,7.5,68.72,12
hotel,HTL-02,Urban Hub Suites,Studio Room,3200.0,3470.0,3760.0,1.084,80,37,0.463,0.537,24,1,Regular,1.0,Weekend,1.15,Leisure,0.95,1.8,0.473,3.5,60.72,4
hotel,HTL-03,Sea Breeze Resort,Standard Room,3800.0,3820.0,3770.0,0.987,60,34,0.567,0.427,3,0,Regular,1.0,Normal Day,1.0,Budget,1.52,0.5,0.42,4.5,57.71,4
hotel,HTL-04,Grand Palace Hotel,Executive Suite,9000.0,10110.0,13980.0,1.383,20,4,0.2,0.813,12,1,Regular,1.0,Holiday,1.3,Business,0.37,3.0,0.678,6.5,87.97,4
hotel,HTL-05,Sea Breeze Resort,Ocean View,6500.0,6650.0,6210.0,0.934,40,16,0.4,0.592,1,0,Regular,1.0,Normal Day,1.0,Business,0.49,4.1,0.473,2.5,56.33,3
hotel,HTL-06,City Central Inn,Economy Twin,2400.0,2590.0,2810.0,1.085,100,44,0.44,0.564,3,0,Low,0.8,Festival,1.45,Business,0.4,4.5,0.522,2.5,63.32,4
hotel,HTL-07,City Central Inn,Economy Twin,2400.0,2850.0,4030.0,1.414,100,2,0.02,0.98,6,1,Regular,1.0,Holiday,1.3,Leisure,0.87,1.0,0.688,4.5,94.44,2
hotel,HTL-08,Grand Palace Hotel,Deluxe,5000.0,4640.0,3720.0,0.802,50,37,0.74,0.252,15,0,Low,0.8,Normal Day,1.0,Leisure,0.93,0.3,0.356,2.5,41.87,2
hotel,HTL-01,Urban Hub Suites,Studio Room,3200.0,3300.0,3950.0,1.197,80,46,0.575,0.419,3,0,Peak,1.35,Normal Day,1.0,Budget,1.51,0.8,0.439,2.5,60.69,4
hotel,HTL-02,City Central Inn,Economy Twin,2400.0,2450.0,2490.0,1.016,100,50,0.5,0.499,13,0,Regular,1.0,Normal Day,1.0,Budget,1.55,3.2,0.387,3.5,52.77,5
hotel,HTL-03,Grand Palace Hotel,Executive Suite,9000.0,8820.0,13170.0,1.493,20,9,0.45,0.527,7,0,Regular,1.0,Holiday,1.3,Budget,1.5,2.5,0.536,6.5,76.23,8
hotel,HTL-04,Urban Hub Suites,Studio Room,3200.0,2900.0,2170.0,0.748,80,59,0.738,0.258,60,0,Low,0.8,Normal Day,1.0,Leisure,0.88,1.6,0.279,1.5,29.05,2
hotel,HTL-05,Sea Breeze Resort,Ocean View,6500.0,7160.0,6700.0,0.936,40,16,0.4,0.607,5,0,Low,0.8,Holiday,1.3,Leisure,0.89,3.3,0.557,9.5,73.73,12
hotel,HTL-06,Urban Hub Suites,Penthouse,12000.0,12000.0,11550.0,0.963,10,5,0.5,0.483,13,0,Regular,1.0,Normal Day,1.0,Business,0.33,6.5,0.526,5.5,63.31,5
hotel,HTL-07,Urban Hub Suites,Penthouse,12000.0,12200.0,9510.0,0.78,10,6,0.6,0.401,11,0,Low,0.8,Normal Day,1.0,Leisure,0.9,4.9,0.379,1.5,45.33,2
hotel,HTL-08,Urban Hub Suites,Penthouse,12000.0,12280.0,20010.0,1.629,10,4,0.4,0.58,37,0,Holiday,1.6,Normal Day,1.0,Business,0.42,4.3,0.599,4.5,75.87,4
hotel,HTL-01,Sea Breeze Resort,Ocean View,6500.0,6280.0,6300.0,1.003,40,18,0.45,0.551,27,1,Low,0.8,Concert,1.35,Leisure,0.93,0.6,0.508,5.5,66.24,9
hotel,HTL-02,Urban Hub Suites,Penthouse,12000.0,12230.0,11960.0,0.978,10,5,0.5,0.501,3,0,Regular,1.0,Normal Day,1.0,Business,0.42,2.3,0.504,2.5,60.7,4
hotel,HTL-03,City Central Inn,Economy Twin,2400.0,2470.0,2000.0,0.81,100,41,0.41,0.59,22,0,Low,0.8,Normal Day,1.0,Business,0.37,5.5,0.447,2.5,51.14,3
hotel,HTL-04,Mountain Bliss Lodge,Alpine Chalet,7500.0,7510.0,5710.0,0.76,25,11,0.44,0.562,8,0,Low,0.8,Normal Day,1.0,Business,0.4,6.4,0.522,4.5,63.41,7
hotel,HTL-05,Sea Breeze Resort,Standard Room,3800.0,4290.0,4100.0,0.956,60,15,0.25,0.743,2,0,Regular,1.0,Normal Day,1.0,Budget,1.5,0.6,0.419,5.5,57.47,5
hotel,HTL-06,City Central Inn,Economy Twin,2400.0,2340.0,2050.0,0.876,100,52,0.52,0.482,3,0,Low,0.8,Normal Day,1.0,Leisure,0.95,1.6,0.355,1.5,41.9,2
hotel,HTL-07,Mountain Bliss Lodge,Alpine Chalet,7500.0,7290.0,9450.0,1.296,25,15,0.6,0.381,54,0,Regular,1.0,Holiday,1.3,Budget,1.49,0.8,0.402,0.5,54.62,0
hotel,HTL-08,Grand Palace Hotel,Deluxe,5000.0,5370.0,5420.0,1.009,50,20,0.4,0.594,5,0,Regular,1.0,Normal Day,1.0,Luxury,0.23,3.6,0.56,2.5,67.79,4
hotel,HTL-01,Urban Hub Suites,Penthouse,12000.0,12530.0,23840.0,1.903,10,3,0.3,0.69,7,1,Holiday,1.6,Weekend,1.15,Budget,1.53,0.6,0.683,4.5,100.0,3
hotel,HTL-02,Sea Breeze Resort,Ocean View,6500.0,7040.0,10310.0,1.464,40,15,0.375,0.636,5,0,Peak,1.35,Normal Day,1.0,Leisure,0.89,1.4,0.554,1.5,73.17,1
hotel,HTL-03,City Central Inn,Economy Twin,2400.0,2680.0,6290.0,2.347,100,37,0.37,0.633,1,0,Holiday,1.6,Festival,1.45,Business,0.33,2.7,0.755,3.5,100.0,8
hotel,HTL-04,Urban Hub Suites,Penthouse,12000.0,13670.0,23490.0,1.718,10,1,0.1,0.95,17,1,Holiday,1.6,Weekend,1.15,Luxury,0.23,5.6,0.761,2.5,100.0,1
hotel,HTL-05,City Central Inn,Economy Twin,2400.0,2690.0,3870.0,1.439,100,26,0.26,0.738,3,0,Holiday,1.6,Normal Day,1.0,Budget,1.48,0.4,0.538,3.5,76.29,7
hotel,HTL-06,Sea Breeze Resort,Ocean View,6500.0,6320.0,5000.0,0.791,40,21,0.525,0.477,3,0,Low,0.8,Normal Day,1.0,Business,0.36,5.8,0.438,3.5,49.55,6
hotel,HTL-07,Urban Hub Suites,Penthouse,12000.0,11600.0,9370.0,0.808,10,6,0.6,0.433,2,0,Low,0.8,Normal Day,1.0,Luxury,0.11,4.3,0.516,2.5,59.62,4
hotel,HTL-08,Grand Palace Hotel,Executive Suite,9000.0,9960.0,10720.0,1.076,20,5,0.25,0.729,22,0,Regular,1.0,Normal Day,1.0,Budget,1.51,0.3,0.391,2.5,52.99,3
hotel,HTL-01,Sea Breeze Resort,Standard Room,3800.0,4260.0,6070.0,1.425,60,10,0.167,0.826,17,1,Peak,1.35,Weekend,1.15,Business,0.39,1.9,0.661,1.5,85.46,4
hotel,HTL-02,Grand Palace Hotel,Executive Suite,9000.0,9390.0,11160.0,1.188,20,4,0.2,0.788,21,1,Regular,1.0,Weekend,1.15,Business,0.41,2.1,0.61,3.5,77.5,4
hotel,HTL-03,Grand Palace Hotel,Deluxe,5000.0,5070.0,5080.0,1.002,50,31,0.62,0.373,1,0,Regular,1.0,Normal Day,1.0,Budget,1.52,4.5,0.375,1.5,50.59,2
hotel,HTL-04,Mountain Bliss Lodge,Alpine Chalet,7500.0,7190.0,7040.0,0.979,25,15,0.6,0.414,12,0,Regular,1.0,Normal Day,1.0,Leisure,0.89,0.9,0.391,4.5,47.06,6
hotel,HTL-05,Urban Hub Suites,Penthouse,12000.0,10830.0,10650.0,0.983,10,7,0.7,0.343,5,0,Regular,1.0,Normal Day,1.0,Budget,1.41,1.3,0.265,0.5,31.94,0
hotel,HTL-06,City Central Inn,Economy Twin,2400.0,2740.0,3030.0,1.106,100,25,0.25,0.751,10,1,Regular,1.0,Weekend,1.15,Leisure,0.87,0.9,0.515,5.5,66.74,8
hotel,HTL-07,City Central Inn,Economy Twin,2400.0,2520.0,2960.0,1.175,100,60,0.6,0.404,22,0,Peak,1.35,Normal Day,1.0,Leisure,0.91,0.3,0.459,4.5,58.11,6
hotel,HTL-08,Sea Breeze Resort,Ocean View,6500.0,6960.0,10790.0,1.55,40,11,0.275,0.731,12,0,Holiday,1.6,Normal Day,1.0,Business,0.33,0.4,0.641,4.5,81.69,10
hotel,HTL-01,Sea Breeze Resort,Ocean View,6500.0,6800.0,10530.0,1.549,40,15,0.375,0.629,5,1,Peak,1.35,Weekend,1.15,Budget,1.52,0.8,0.619,7.5,89.68,13
hotel,HTL-02,City Central Inn,Economy Twin,2400.0,2550.0,5240.0,2.055,100,42,0.42,0.576,10,0,Holiday,1.6,Festival,1.45,Business,0.36,2.3,0.732,2.5,96.63,5
hotel,HTL-03,Sea Breeze Resort,Standard Room,3800.0,3540.0,3520.0,0.994,60,37,0.617,0.383,5,0,Regular,1.0,Normal Day,1.0,Business,0.34,3.8,0.429,1.5,47.93,2
hotel,HTL-04,Urban Hub Suites,Studio Room,3200.0,3150.0,3990.0,1.267,80,44,0.55,0.446,5,0,Peak,1.35,Normal Day,1.0,Budget,1.41,0.3,0.468,4.5,64.49,6
hotel,HTL-05,Urban Hub Suites,Penthouse,12000.0,13630.0,11820.0,0.867,10,3,0.3,0.674,2,0,Regular,1.0,Normal Day,1.0,Budget,1.48,2.0,0.343,2.5,45.11,3
hotel,HTL-06,City Central Inn,Economy Twin,2400.0,2320.0,2120.0,0.914,100,59,0.59,0.414,7,0,Regular,1.0,Normal Day,1.0,Budget,1.46,1.4,0.368,1.5,48.91,2
hotel,HTL-07,Grand Palace Hotel,Executive Suite,9000.0,9910.0,12540.0,1.265,20,6,0.3,0.7,2,0,Peak,1.35,Normal Day,1.0,Leisure,0.93,0.7,0.543,5.5,71.82,6
hotel,HTL-08,Grand Palace Hotel,Deluxe,5000.0,5000.0,4750.0,0.95,50,24,0.48,0.526,13,0,Regular,1.0,Normal Day,1.0,Budget,1.54,0.6,0.34,1.5,45.23,2
hotel,HTL-01,City Central Inn,Economy Twin,2400.0,2350.0,1810.0,0.77,100,67,0.67,0.334,7,0,Low,0.8,Normal Day,1.0,Budget,1.48,2.6,0.272,0.5,33.74,0
hotel,HTL-02,Urban Hub Suites,Penthouse,12000.0,12440.0,16530.0,1.329,10,4,0.4,0.587,20,0,Peak,1.35,Normal Day,1.0,Budget,1.64,2.4,0.467,5.5,66.42,4
hotel,HTL-03,Mountain Bliss Lodge,Alpine Chalet,7500.0,8590.0,7170.0,0.835,25,6,0.24,0.747,5,1,Low,0.8,Weekend,1.15,Business,0.43,1.8,0.574,3.5,72.0,3
hotel,HTL-04,Sea Breeze Resort,Ocean View,6500.0,5740.0,6840.0,1.192,40,32,0.8,0.209,21,0,Peak,1.35,Normal Day,1.0,Leisure,0.91,0.8,0.38,4.5,45.55,5
hotel,HTL-05,Sea Breeze Resort,Standard Room,3800.0,3800.0,4490.0,1.182,60,23,0.383,0.624,2,0,Regular,1.0,Normal Day,1.0,Budget,1.49,4.2,0.463,5.5,64.38,5
hotel,HTL-06,Grand Palace Hotel,Executive Suite,9000.0,9190.0,9250.0,1.007,20,8,0.4,0.581,5,0,Regular,1.0,Normal Day,1.0,Leisure,0.92,2.6,0.438,1.5,54.98,1
hotel,HTL-07,Urban Hub Suites,Penthouse,12000.0,13130.0,12650.0,0.963,10,4,0.4,0.559,12,0,Regular,1.0,Normal Day,1.0,Leisure,0.94,3.9,0.452,2.5,57.27,1
hotel,HTL-08,City Central Inn,Economy Twin,2400.0,2800.0,4920.0,1.757,100,19,0.19,0.808,22,1,Holiday,1.6,Weekend,1.15,Leisure,0.89,1.4,0.717,5.5,99.32,14
hotel,HTL-01,Urban Hub Suites,Penthouse,12000.0,11670.0,11830.0,1.014,10,6,0.6,0.406,2,0,Regular,1.0,Normal Day,1.0,Business,0.36,8.1,0.491,1.5,57.98,2
hotel,HTL-02,Urban Hub Suites,Studio Room,3200.0,3470.0,4320.0,1.245,80,10,0.125,0.87,5,1,Low,0.8,Major Event,1.55,Budget,1.44,3.7,0.617,1.5,88.51,2
hotel,HTL-03,Grand Palace Hotel,Deluxe,5000.0,5020.0,5820.0,1.159,50,22,0.44,0.561,2,0,Regular,1.0,Normal Day,1.0,Business,0.42,1.8,0.539,3.5,66.31,6
hotel,HTL-04,Mountain Bliss Lodge,Alpine Chalet,7500.0,7440.0,7230.0,0.972,25,17,0.68,0.337,53,0,Regular,1.0,Normal Day,1.0,Business,0.43,6.9,0.451,2.5,52.26,0
hotel,HTL-05,Urban Hub Suites,Studio Room,3200.0,3130.0,3010.0,0.962,80,44,0.55,0.444,7,0,Regular,1.0,Normal Day,1.0,Business,0.38,3.5,0.471,1.5,55.06,2
hotel,HTL-06,Grand Palace Hotel,Deluxe,5000.0,4990.0,5060.0,1.014,50,23,0.46,0.531,3,0,Regular,1.0,Normal Day,1.0,Business,0.42,2.6,0.505,2.5,60.89,4
hotel,HTL-07,Sea Breeze Resort,Ocean View,6500.0,5740.0,5170.0,0.901,40,22,0.55,0.444,2,0,Low,0.8,Normal Day,1.0,Budget,1.53,0.7,0.236,0.5,28.47,1
hotel,HTL-08,Sea Breeze Resort,Standard Room,3800.0,4150.0,3550.0,0.855,60,30,0.5,0.506,1,0,Regular,1.0,Normal Day,1.0,Business,0.38,2.2,0.524,5.5,63.51,4
hotel,HTL-01,Sea Breeze Resort,Standard Room,3800.0,4090.0,2850.0,0.697,60,29,0.483,0.516,4,0,Low,0.8,Normal Day,1.0,Luxury,0.2,4.0,0.374,2.5,37.82,0
hotel,HTL-02,Grand Palace Hotel,Deluxe,5000.0,5240.0,4530.0,0.865,50,19,0.38,0.611,1,1,Low,0.8,Weekend,1.15,Luxury,0.18,3.2,0.579,2.5,70.34,4
hotel,HTL-03,Mountain Bliss Lodge,Alpine Chalet,7500.0,7940.0,13110.0,1.651,25,7,0.28,0.732,59,1,Regular,1.0,Major Event,1.55,Luxury,0.17,3.1,0.728,2.5,94.09,6
hotel,HTL-04,Sea Breeze Resort,Standard Room,3800.0,4730.0,8190.0,1.732,60,1,0.017,0.98,1,1,Peak,1.35,Holiday,1.3,Business,0.35,6.1,0.754,4.5,100.0,1
hotel,HTL-05,Urban Hub Suites,Penthouse,12000.0,12650.0,14070.0,1.112,10,3,0.3,0.733,8,0,Regular,1.0,Normal Day,1.0,Business,0.39,7.8,0.526,3.5,63.96,3
hotel,HTL-06,Urban Hub Suites,Studio Room,3200.0,3030.0,3480.0,1.149,80,52,0.65,0.353,9,0,Regular,1.0,Holiday,1.3,Budget,1.52,0.7,0.411,2.5,56.33,2
hotel,HTL-07,Sea Breeze Resort,Ocean View,6500.0,6200.0,4260.0,0.687,40,29,0.725,0.284,16,0,Low,0.8,Normal Day,1.0,Budget,1.51,2.2,0.276,1.5,34.65,1
hotel,HTL-08,Urban Hub Suites,Penthouse,12000.0,12030.0,17460.0,1.451,10,5,0.5,0.497,3,0,Holiday,1.6,Normal Day,1.0,Budget,1.52,0.5,0.49,3.5,68.95,5
hotel,HTL-01,Mountain Bliss Lodge,Alpine Chalet,7500.0,8520.0,9180.0,1.077,25,5,0.2,0.802,5,1,Regular,1.0,Weekend,1.15,Business,0.32,8.9,0.662,3.5,85.05,5
hotel,HTL-02,City Central Inn,Economy Twin,2400.0,2310.0,3770.0,1.632,100,56,0.56,0.439,3,0,Peak,1.35,Holiday,1.3,Budget,1.45,0.4,0.537,5.5,75.87,12
hotel,HTL-03,Urban Hub Suites,Studio Room,3200.0,3670.0,5690.0,1.55,80,11,0.138,0.86,11,1,Regular,1.0,Major Event,1.55,Business,0.38,2.4,0.731,2.5,96.58,4
hotel,HTL-04,Sea Breeze Resort,Standard Room,3800.0,4170.0,6620.0,1.588,60,16,0.267,0.738,3,1,Peak,1.35,Weekend,1.15,Business,0.4,1.9,0.727,4.5,96.14,9
hotel,HTL-05,Grand Palace Hotel,Deluxe,5000.0,5040.0,4010.0,0.796,50,19,0.38,0.614,4,0,Low,0.8,Normal Day,1.0,Business,0.4,3.0,0.472,3.5,55.32,5
hotel,HTL-06,Sea Breeze Resort,Ocean View,6500.0,6660.0,9490.0,1.425,40,14,0.35,0.643,1,0,Peak,1.35,Normal Day,1.0,Business,0.38,6.2,0.686,6.5,89.37,11
hotel,HTL-07,Mountain Bliss Lodge,Alpine Chalet,7500.0,8100.0,15700.0,1.938,25,7,0.28,0.724,2,1,Peak,1.35,Festival,1.45,Business,0.4,3.7,0.751,4.5,100.0,7
hotel,HTL-08,Urban Hub Suites,Penthouse,12000.0,11110.0,10210.0,0.919,10,8,0.8,0.244,3,0,Regular,1.0,Normal Day,1.0,Business,0.37,3.0,0.471,3.5,54.86,3
hotel,HTL-01,City Central Inn,Economy Twin,2400.0,2490.0,2750.0,1.104,100,45,0.45,0.554,9,1,Regular,1.0,Weekend,1.15,Luxury,0.24,3.0,0.581,1.5,71.24,3
hotel,HTL-02,Urban Hub Suites,Penthouse,12000.0,12760.0,23420.0,1.835,10,2,0.2,0.752,16,1,Peak,1.35,Concert,1.35,Budget,1.39,1.4,0.686,3.5,99.16,2
hotel,HTL-03,Mountain Bliss Lodge,Alpine Chalet,7500.0,8100.0,16780.0,2.072,25,9,0.36,0.649,18,1,Peak,1.35,Festival,1.45,Business,0.4,3.9,0.751,5.5,100.0,9
hotel,HTL-04,City Central Inn,Economy Twin,2400.0,2490.0,2820.0,1.133,100,28,0.28,0.724,37,1,Low,0.8,Festival,1.45,Budget,1.47,1.1,0.545,7.5,77.34,13
hotel,HTL-05,Grand Palace Hotel,Executive Suite,9000.0,9460.0,15750.0,1.665,20,6,0.3,0.723,21,0,Holiday,1.6,Normal Day,1.0,Budget,1.49,1.4,0.497,0.5,69.9,0
hotel,HTL-06,Urban Hub Suites,Penthouse,12000.0,12660.0,25180.0,1.989,10,3,0.3,0.742,8,1,Holiday,1.6,Weekend,1.15,Budget,1.56,1.0,0.65,3.5,95.01,3
hotel,HTL-07,Grand Palace Hotel,Deluxe,5000.0,4960.0,3870.0,0.78,50,33,0.66,0.349,6,0,Low,0.8,Normal Day,1.0,Budget,1.48,1.5,0.308,2.5,39.46,0
hotel,HTL-08,Grand Palace Hotel,Deluxe,5000.0,4960.0,5220.0,1.052,50,21,0.42,0.583,32,0,Regular,1.0,Normal Day,1.0,Leisure,0.93,4.6,0.474,5.5,60.71,7
hotel,HTL-01,Grand Palace Hotel,Executive Suite,9000.0,8090.0,6590.0,0.815,20,13,0.65,0.326,26,0,Low,0.8,Normal Day,1.0,Leisure,0.88,1.0,0.303,1.5,32.96,1
hotel,HTL-02,Grand Palace Hotel,Deluxe,5000.0,5520.0,3950.0,0.716,50,25,0.5,0.49,11,0,Low,0.8,Normal Day,1.0,Budget,1.41,0.7,0.317,3.5,40.33,3
hotel,HTL-03,Sea Breeze Resort,Standard Room,3800.0,3900.0,3190.0,0.818,60,30,0.5,0.497,8,0,Low,0.8,Normal Day,1.0,Leisure,0.89,2.2,0.409,3.5,49.97,3
hotel,HTL-04,Sea Breeze Resort,Ocean View,6500.0,6320.0,9880.0,1.563,40,18,0.45,0.541,52,1,Peak,1.35,Weekend,1.15,Business,0.37,3.4,0.684,1.5,89.04,3
hotel,HTL-05,Sea Breeze Resort,Standard Room,3800.0,4370.0,5440.0,1.245,60,6,0.1,0.908,10,1,Low,0.8,Festival,1.45,Business,0.4,2.6,0.751,6.5,100.0,6
hotel,HTL-06,City Central Inn,Economy Twin,2400.0,2510.0,2420.0,0.964,100,16,0.16,0.839,4,1,Low,0.8,Weekend,1.15,Business,0.42,1.9,0.654,6.5,84.72,13
hotel,HTL-07,City Central Inn,Economy Twin,2400.0,2470.0,3030.0,1.227,100,54,0.54,0.46,23,0,Regular,1.0,Holiday,1.3,Leisure,0.89,0.3,0.484,4.5,62.01,7
hotel,HTL-08,Sea Breeze Resort,Ocean View,6500.0,6740.0,6270.0,0.93,40,18,0.45,0.541,15,0,Regular,1.0,Normal Day,1.0,Budget,1.57,1.3,0.366,3.5,49.66,4
hotel,HTL-01,Sea Breeze Resort,Ocean View,6500.0,6740.0,17170.0,2.547,40,8,0.2,0.797,11,1,Holiday,1.6,Festival,1.45,Business,0.32,2.0,0.756,7.5,100.0,8
hotel,HTL-02,Urban Hub Suites,Penthouse,12000.0,11330.0,9860.0,0.87,10,5,0.5,0.497,5,0,Low,0.8,Normal Day,1.0,Budget,1.58,1.6,0.32,0.5,42.29,0
hotel,HTL-03,Sea Breeze Resort,Ocean View,6500.0,7060.0,13790.0,1.953,40,8,0.2,0.807,8,1,Peak,1.35,Festival,1.45,Business,0.35,3.7,0.754,2.5,100.0,6
hotel,HTL-04,Grand Palace Hotel,Executive Suite,9000.0,9140.0,10470.0,1.146,20,7,0.35,0.66,6,1,Regular,1.0,Weekend,1.15,Leisure,0.89,1.7,0.596,8.5,79.96,7
hotel,HTL-05,City Central Inn,Economy Twin,2400.0,2340.0,2470.0,1.056,100,48,0.48,0.517,4,0,Regular,1.0,Normal Day,1.0,Leisure,0.94,7.6,0.452,0.5,57.27,1
hotel,HTL-06,Grand Palace Hotel,Executive Suite,9000.0,8330.0,11140.0,1.337,20,12,0.6,0.404,1,0,Peak,1.35,Normal Day,1.0,Leisure,0.91,0.3,0.543,5.5,71.61,9
hotel,HTL-07,Sea Breeze Resort,Standard Room,3800.0,3820.0,2960.0,0.775,60,30,0.5,0.508,1,0,Low,0.8,Normal Day,1.0,Business,0.38,2.6,0.452,3.5,51.99,2
hotel,HTL-08,Sea Breeze Resort,Standard Room,3800.0,3940.0,6060.0,1.538,60,23,0.383,0.622,12,0,Regular,1.0,Festival,1.45,Luxury,0.15,7.5,0.687,5.5,87.31,12
hotel,HTL-01,Sea Breeze Resort,Standard Room,3800.0,3990.0,7250.0,1.817,60,15,0.25,0.756,1,1,Holiday,1.6,Weekend,1.15,Budget,1.57,3.3,0.668,6.5,97.98,12
hotel,HTL-02,Grand Palace Hotel,Deluxe,5000.0,5190.0,5650.0,1.089,50,19,0.38,0.623,11,0,Regular,1.0,Normal Day,1.0,Budget,1.58,2.6,0.395,3.5,54.42,7
hotel,HTL-03,Sea Breeze Resort,Ocean View,6500.0,6780.0,8250.0,1.217,40,12,0.3,0.69,8,1,Regular,1.0,Weekend,1.15,Leisure,0.93,1.1,0.611,6.5,82.62,12
hotel,HTL-04,Grand Palace Hotel,Deluxe,5000.0,5080.0,7680.0,1.512,50,22,0.44,0.553,5,1,Regular,1.0,Major Event,1.55,Business,0.39,2.0,0.626,0.5,79.88,1
hotel,HTL-05,Sea Breeze Resort,Ocean View,6500.0,7260.0,11310.0,1.558,40,13,0.325,0.677,2,0,Holiday,1.6,Normal Day,1.0,Budget,1.5,0.3,0.468,1.5,65.28,2
hotel,HTL-06,Grand Palace Hotel,Executive Suite,9000.0,9960.0,11630.0,1.168,20,2,0.1,0.876,19,1,Regular,1.0,Weekend,1.15,Budget,1.55,1.3,0.54,7.5,77.34,2
hotel,HTL-07,Sea Breeze Resort,Standard Room,3800.0,3460.0,2770.0,0.801,60,43,0.717,0.277,41,0,Low,0.8,Normal Day,1.0,Business,0.44,3.6,0.307,2.5,29.32,3
hotel,HTL-08,Grand Palace Hotel,Deluxe,5000.0,4700.0,6000.0,1.277,50,24,0.48,0.511,38,1,Low,0.8,Festival,1.45,Business,0.4,6.6,0.584,6.5,73.26,11
hotel,HTL-01,Mountain Bliss Lodge,Alpine Chalet,7500.0,7640.0,5640.0,0.738,25,15,0.6,0.418,9,0,Low,0.8,Normal Day,1.0,Business,0.35,4.7,0.408,1.5,44.69,0
hotel,HTL-02,Sea Breeze Resort,Standard Room,3800.0,3970.0,5320.0,1.34,60,22,0.367,0.639,11,0,Peak,1.35,Normal Day,1.0,Business,0.36,7.5,0.67,6.5,86.67,14
hotel,HTL-03,Sea Breeze Resort,Ocean View,6500.0,6940.0,5290.0,0.762,40,19,0.475,0.519,2,0,Low,0.8,Normal Day,1.0,Budget,1.49,1.4,0.307,0.5,39.35,0
hotel,HTL-04,Sea Breeze Resort,Standard Room,3800.0,3800.0,6660.0,1.753,60,27,0.45,0.553,14,0,Holiday,1.6,Normal Day,1.0,Leisure,0.91,0.6,0.603,4.5,81.16,5
hotel,HTL-05,Sea Breeze Resort,Ocean View,6500.0,5840.0,4930.0,0.844,40,25,0.625,0.368,3,0,Low,0.8,Normal Day,1.0,Leisure,0.91,0.7,0.302,2.5,33.06,1
hotel,HTL-06,City Central Inn,Economy Twin,2400.0,2320.0,2090.0,0.901,100,70,0.7,0.298,9,0,Regular,1.0,Normal Day,1.0,Leisure,0.88,2.6,0.392,1.5,47.14,1
hotel,HTL-07,Mountain Bliss Lodge,Alpine Chalet,7500.0,7480.0,10810.0,1.445,25,10,0.4,0.586,50,1,Peak,1.35,Weekend,1.15,Budget,1.51,0.4,0.535,4.5,76.09,7
hotel,HTL-08,Sea Breeze Resort,Standard Room,3800.0,3940.0,4090.0,1.038,60,25,0.417,0.579,4,0,Regular,1.0,Normal Day,1.0,Business,0.4,1.1,0.475,1.5,55.89,3
hotel,HTL-01,Urban Hub Suites,Penthouse,12000.0,11680.0,13030.0,1.116,10,5,0.5,0.545,1,0,Regular,1.0,Normal Day,1.0,Leisure,0.94,0.6,0.415,1.5,51.47,1
hotel,HTL-02,Sea Breeze Resort,Standard Room,3800.0,3930.0,7660.0,1.949,60,30,0.5,0.492,2,0,Peak,1.35,Festival,1.45,Business,0.34,5.6,0.752,4.5,99.56,11
hotel,HTL-03,Urban Hub Suites,Studio Room,3200.0,3440.0,5750.0,1.672,80,27,0.338,0.66,22,0,Holiday,1.6,Normal Day,1.0,Budget,1.45,2.5,0.606,5.5,86.92,9
hotel,HTL-04,Sea Breeze Resort,Ocean View,6500.0,6760.0,6540.0,0.967,40,18,0.45,0.541,18,0,Regular,1.0,Normal Day,1.0,Business,0.39,3.0,0.504,6.5,60.46,5
hotel,HTL-05,Urban Hub Suites,Studio Room,3200.0,3300.0,3380.0,1.024,80,32,0.4,0.6,14,0,Regular,1.0,Normal Day,1.0,Budget,1.46,0.8,0.384,0.5,51.47,0
hotel,HTL-06,Urban Hub Suites,Studio Room,3200.0,3580.0,6660.0,1.86,80,19,0.237,0.768,9,1,Peak,1.35,Holiday,1.3,Leisure,0.92,0.2,0.66,4.5,90.42,11
hotel,HTL-07,Grand Palace Hotel,Executive Suite,9000.0,10410.0,16790.0,1.613,20,3,0.15,0.851,25,1,Peak,1.35,Concert,1.35,Budget,1.56,1.5,0.651,3.5,95.15,3
hotel,HTL-08,Mountain Bliss Lodge,Alpine Chalet,7500.0,8330.0,10060.0,1.208,25,4,0.16,0.821,15,1,Regular,1.0,Weekend,1.15,Business,0.43,7.3,0.708,4.5,93.41,4
hotel,HTL-01,Sea Breeze Resort,Standard Room,3800.0,3850.0,5230.0,1.358,60,31,0.517,0.489,39,0,Regular,1.0,Festival,1.45,Budget,1.53,2.1,0.427,2.5,59.07,3
hotel,HTL-02,Grand Palace Hotel,Executive Suite,9000.0,10290.0,11890.0,1.155,20,3,0.15,0.826,5,1,Regular,1.0,Weekend,1.15,Luxury,0.15,1.4,0.667,5.5,84.09,3
hotel,HTL-03,Grand Palace Hotel,Deluxe,5000.0,4610.0,4710.0,1.022,50,33,0.66,0.342,21,0,Regular,1.0,Normal Day,1.0,Business,0.52,13.5,0.454,3.5,53.68,3
hotel,HTL-04,Grand Palace Hotel,Executive Suite,9000.0,8940.0,10080.0,1.128,20,8,0.4,0.611,14,0,Regular,1.0,Normal Day,1.0,Budget,1.5,0.7,0.425,3.5,58.36,6
hotel,HTL-05,Sea Breeze Resort,Ocean View,6500.0,6600.0,5530.0,0.838,40,21,0.525,0.473,21,1,Low,0.8,Weekend,1.15,Budget,1.51,0.5,0.433,7.5,59.77,8
hotel,HTL-06,Grand Palace Hotel,Executive Suite,9000.0,9340.0,9010.0,0.965,20,7,0.35,0.671,4,1,Low,0.8,Weekend,1.15,Business,0.39,4.3,0.574,6.5,71.51,7
hotel,HTL-07,Sea Breeze Resort,Standard Room,3800.0,4300.0,8170.0,1.9,60,17,0.283,0.724,4,0,Peak,1.35,Festival,1.45,Luxury,0.14,9.2,0.767,3.5,100.0,8
hotel,HTL-08,Sea Breeze Resort,Standard Room,3800.0,3850.0,4750.0,1.234,60,18,0.3,0.702,6,1,Regular,1.0,Weekend,1.15,Budget,1.42,2.1,0.586,7.5,83.45,13
hotel,HTL-01,Sea Breeze Resort,Ocean View,6500.0,6950.0,8830.0,1.271,40,17,0.425,0.564,9,0,Peak,1.35,Normal Day,1.0,Luxury,0.27,2.2,0.472,0.5,54.06,0
hotel,HTL-02,Mountain Bliss Lodge,Alpine Chalet,7500.0,7920.0,11140.0,1.407,25,9,0.36,0.653,26,0,Peak,1.35,Normal Day,1.0,Luxury,0.14,2.4,0.58,2.5,70.12,6
hotel,HTL-03,Grand Palace Hotel,Executive Suite,9000.0,9010.0,6530.0,0.725,20,11,0.55,0.471,6,0,Low,0.8,Normal Day,1.0,Business,0.54,2.1,0.417,4.5,47.96,5
hotel,HTL-04,Urban Hub Suites,Penthouse,12000.0,13280.0,15600.0,1.175,10,2,0.2,0.843,13,1,Regular,1.0,Weekend,1.15,Budget,1.5,2.2,0.466,1.5,64.98,0
hotel,HTL-05,Sea Breeze Resort,Ocean View,6500.0,6240.0,7780.0,1.247,40,23,0.575,0.417,11,0,Regular,1.0,Holiday,1.3,Business,0.39,3.3,0.561,7.5,69.43,14
hotel,HTL-06,Grand Palace Hotel,Executive Suite,9000.0,10090.0,15760.0,1.562,20,3,0.15,0.838,2,1,Regular,1.0,Major Event,1.55,Leisure,0.95,2.2,0.649,1.5,89.03,3
hotel,HTL-07,Grand Palace Hotel,Deluxe,5000.0,4600.0,7750.0,1.685,50,30,0.6,0.403,34,0,Holiday,1.6,Normal Day,1.0,Leisure,0.9,1.9,0.588,2.5,78.66,7
hotel,HTL-08,Sea Breeze Resort,Standard Room,3800.0,3850.0,3580.0,0.93,60,32,0.533,0.463,4,0,Regular,1.0,Normal Day,1.0,Budget,1.55,1.3,0.415,5.5,57.21,7
hotel,HTL-01,Urban Hub Suites,Studio Room,3200.0,3470.0,4860.0,1.401,80,39,0.487,0.509,3,0,Peak,1.35,Normal Day,1.0,Business,0.37,3.7,0.631,6.5,80.46,10
hotel,HTL-02,Mountain Bliss Lodge,Alpine Chalet,7500.0,7980.0,19190.0,2.405,25,6,0.24,0.777,18,1,Holiday,1.6,Concert,1.35,Budget,1.46,1.2,0.687,3.5,100.0,6
hotel,HTL-03,Urban Hub Suites,Studio Room,3200.0,3220.0,2440.0,0.758,80,49,0.613,0.388,3,0,Low,0.8,Normal Day,1.0,Leisure,0.96,1.2,0.342,4.5,39.99,6
hotel,HTL-04,Mountain Bliss Lodge,Alpine Chalet,7500.0,7600.0,7180.0,0.945,25,13,0.52,0.481,33,0,Regular,1.0,Normal Day,1.0,Luxury,0.04,3.7,0.44,3.5,46.85,5
hotel,HTL-05,Sea Breeze Resort,Ocean View,6500.0,6250.0,6870.0,1.099,40,23,0.575,0.435,6,0,Regular,1.0,Normal Day,1.0,Luxury,0.19,1.0,0.516,2.5,60.42,5
hotel,HTL-06,Grand Palace Hotel,Executive Suite,9000.0,9350.0,8460.0,0.905,20,8,0.4,0.597,21,0,Regular,1.0,Normal Day,1.0,Budget,1.4,0.9,0.39,1.5,51.82,1
hotel,HTL-07,Sea Breeze Resort,Standard Room,3800.0,3670.0,3670.0,1.0,60,40,0.667,0.333,15,0,Regular,1.0,Normal Day,1.0,Luxury,0.23,5.6,0.391,0.5,40.83,0
hotel,HTL-08,Mountain Bliss Lodge,Alpine Chalet,7500.0,8070.0,7790.0,0.965,25,11,0.44,0.578,26,0,Regular,1.0,Normal Day,1.0,Business,0.4,7.9,0.471,0.5,55.23,1
hotel,HTL-01,Sea Breeze Resort,Ocean View,6500.0,7060.0,9720.0,1.377,40,15,0.375,0.632,9,0,Peak,1.35,Normal Day,1.0,Leisure,0.9,1.3,0.529,1.5,69.25,3
hotel,HTL-02,Sea Breeze Resort,Standard Room,3800.0,4270.0,4530.0,1.061,60,16,0.267,0.73,27,1,Low,0.8,Concert,1.35,Budget,1.49,4.7,0.506,3.5,71.33,5
hotel,HTL-03,City Central Inn,Economy Twin,2400.0,2690.0,2590.0,0.963,100,10,0.1,0.898,1,1,Low,0.8,Weekend,1.15,Budget,1.45,2.6,0.543,5.5,76.83,8
hotel,HTL-04,Sea Breeze Resort,Ocean View,6500.0,7330.0,11350.0,1.548,40,6,0.15,0.862,8,1,Peak,1.35,Weekend,1.15,Leisure,0.89,1.6,0.655,3.5,89.31,6
hotel,HTL-05,Mountain Bliss Lodge,Alpine Chalet,7500.0,6920.0,8470.0,1.224,25,18,0.72,0.277,12,0,Regular,1.0,Festival,1.45,Budget,1.56,1.2,0.351,0.5,47.21,0
hotel,HTL-06,Mountain Bliss Lodge,Alpine Chalet,7500.0,7160.0,13470.0,1.881,25,9,0.36,0.634,10,0,Holiday,1.6,Normal Day,1.0,Leisure,0.81,0.3,0.691,3.5,94.26,5
hotel,HTL-07,Grand Palace Hotel,Deluxe,5000.0,5290.0,6880.0,1.301,50,17,0.34,0.663,9,0,Peak,1.35,Normal Day,1.0,Business,0.46,2.5,0.652,11.5,84.72,17
hotel,HTL-08,Grand Palace Hotel,Deluxe,5000.0,5770.0,7840.0,1.359,50,6,0.12,0.888,8,1,Regular,1.0,Festival,1.45,Luxury,0.09,1.4,0.717,2.5,91.52,6
hotel,HTL-01,Grand Palace Hotel,Executive Suite,9000.0,10620.0,11390.0,1.073,20,6,0.3,0.72,6,1,Regular,1.0,Weekend,1.15,Budget,1.64,1.5,0.404,2.5,56.4,1
hotel,HTL-02,Grand Palace Hotel,Executive Suite,9000.0,8670.0,8910.0,1.028,20,10,0.5,0.509,14,0,Regular,1.0,Normal Day,1.0,Budget,1.53,1.1,0.357,1.5,47.87,2
hotel,HTL-03,Sea Breeze Resort,Ocean View,6500.0,6610.0,6900.0,1.044,40,19,0.475,0.533,21,0,Regular,1.0,Normal Day,1.0,Budget,1.51,3.9,0.359,1.5,48.0,1
hotel,HTL-04,Urban Hub Suites,Studio Room,3200.0,3320.0,3270.0,0.985,80,38,0.475,0.522,23,0,Regular,1.0,Normal Day,1.0,Business,0.42,1.1,0.457,2.5,53.16,4
hotel,HTL-05,Grand Palace Hotel,Deluxe,5000.0,5120.0,5280.0,1.031,50,18,0.36,0.632,22,1,Low,0.8,Weekend,1.15,Leisure,0.84,0.7,0.509,6.5,65.48,11
hotel,HTL-06,Mountain Bliss Lodge,Alpine Chalet,7500.0,7570.0,13390.0,1.769,25,9,0.36,0.626,10,0,Holiday,1.6,Normal Day,1.0,Business,0.31,3.5,0.654,1.5,83.61,3
hotel,HTL-07,Mountain Bliss Lodge,Alpine Chalet,7500.0,6990.0,5820.0,0.833,25,13,0.52,0.49,6,0,Low,0.8,Normal Day,1.0,Leisure,0.87,1.5,0.34,0.5,38.69,0
hotel,HTL-08,Urban Hub Suites,Penthouse,12000.0,13700.0,26110.0,1.906,10,4,0.4,0.628,9,0,Peak,1.35,Festival,1.45,Business,0.44,1.5,0.709,2.5,93.61,4
hotel,HTL-01,Urban Hub Suites,Penthouse,12000.0,11180.0,15980.0,1.429,10,6,0.6,0.431,2,0,Regular,1.0,Holiday,1.3,Luxury,0.23,4.4,0.564,1.5,68.48,1
hotel,HTL-02,Sea Breeze Resort,Standard Room,3800.0,3720.0,5420.0,1.457,60,21,0.35,0.651,8,0,Peak,1.35,Normal Day,1.0,Business,0.4,6.9,0.675,7.5,87.86,16
hotel,HTL-03,Urban Hub Suites,Studio Room,3200.0,3230.0,3180.0,0.985,80,38,0.475,0.527,3,0,Regular,1.0,Normal Day,1.0,Budget,1.52,0.9,0.378,2.5,51.14,4
hotel,HTL-04,Grand Palace Hotel,Executive Suite,9000.0,9180.0,18050.0,1.966,20,10,0.5,0.497,25,0,Holiday,1.6,Holiday,1.3,Business,0.4,4.7,0.737,3.5,97.82,7
hotel,HTL-05,Urban Hub Suites,Penthouse,12000.0,12030.0,9850.0,0.819,10,5,0.5,0.505,3,0,Low,0.8,Normal Day,1.0,Leisure,0.88,0.5,0.425,3.5,52.39,3
hotel,HTL-06,Grand Palace Hotel,Executive Suite,9000.0,8960.0,9000.0,1.004,20,8,0.4,0.622,9,0,Regular,1.0,Normal Day,1.0,Budget,1.56,2.3,0.373,0.5,50.66,0
hotel,HTL-07,Sea Breeze Resort,Standard Room,3800.0,4310.0,5710.0,1.325,60,13,0.217,0.782,13,0,Peak,1.35,Normal Day,1.0,Leisure,0.84,0.1,0.589,4.5,78.33,6
hotel,HTL-08,Grand Palace Hotel,Executive Suite,9000.0,9090.0,13320.0,1.465,20,10,0.5,0.506,8,0,Regular,1.0,Festival,1.45,Budget,1.51,0.3,0.559,4.5,79.87,4
hotel,HTL-01,City Central Inn,Economy Twin,2400.0,2760.0,5400.0,1.957,100,28,0.28,0.717,2,0,Peak,1.35,Festival,1.45,Leisure,0.8,0.6,0.678,3.5,92.22,8
hotel,HTL-02,Urban Hub Suites,Penthouse,12000.0,13520.0,12780.0,0.945,10,4,0.4,0.615,10,0,Regular,1.0,Normal Day,1.0,Budget,1.48,1.9,0.342,2.5,44.94,4
hotel,HTL-03,Mountain Bliss Lodge,Alpine Chalet,7500.0,7810.0,7460.0,0.955,25,12,0.48,0.512,14,0,Regular,1.0,Normal Day,1.0,Leisure,0.96,0.7,0.393,2.5,48.14,2
hotel,HTL-04,Grand Palace Hotel,Executive Suite,9000.0,8500.0,6340.0,0.746,20,14,0.7,0.293,4,0,Low,0.8,Normal Day,1.0,Budget,1.43,2.0,0.303,4.5,38.15,5
hotel,HTL-05,Urban Hub Suites,Studio Room,3200.0,3550.0,3340.0,0.941,80,20,0.25,0.746,11,1,Low,0.8,Weekend,1.15,Leisure,0.86,1.6,0.481,5.5,61.16,7
hotel,HTL-06,Grand Palace Hotel,Executive Suite,9000.0,9030.0,13350.0,1.478,20,7,0.35,0.627,6,0,Peak,1.35,Normal Day,1.0,Budget,1.47,3.8,0.578,7.5,82.52,7
hotel,HTL-07,Sea Breeze Resort,Ocean View,6500.0,6820.0,9820.0,1.44,40,15,0.375,0.621,8,0,Peak,1.35,Normal Day,1.0,Leisure,0.91,1.5,0.54,2.5,71.18,7
hotel,HTL-08,Grand Palace Hotel,Executive Suite,9000.0,8450.0,9350.0,1.107,20,9,0.45,0.525,10,0,Regular,1.0,Normal Day,1.0,Budget,1.5,2.8,0.375,2.5,50.45,0
hotel,HTL-01,Grand Palace Hotel,Deluxe,5000.0,4900.0,3870.0,0.79,50,22,0.44,0.557,30,0,Low,0.8,Normal Day,1.0,Budget,1.49,3.9,0.365,4.5,48.69,2
hotel,HTL-02,Sea Breeze Resort,Standard Room,3800.0,3730.0,3750.0,1.005,60,36,0.6,0.407,17,0,Regular,1.0,Normal Day,1.0,Luxury,0.2,2.9,0.503,2.5,58.43,4
hotel,HTL-03,Grand Palace Hotel,Deluxe,5000.0,4970.0,4280.0,0.861,50,27,0.54,0.461,4,0,Low,0.8,Normal Day,1.0,Luxury,0.21,2.5,0.46,2.5,51.66,2
hotel,HTL-04,Urban Hub Suites,Penthouse,12000.0,12300.0,9330.0,0.759,10,5,0.5,0.509,20,0,Low,0.8,Normal Day,1.0,Budget,1.56,1.7,0.319,3.5,42.05,3
hotel,HTL-05,City Central Inn,Economy Twin,2400.0,2530.0,3200.0,1.265,100,45,0.45,0.549,5,0,Peak,1.35,Normal Day,1.0,Business,0.35,1.7,0.541,6.5,65.87,8
hotel,HTL-06,Mountain Bliss Lodge,Alpine Chalet,7500.0,8570.0,19630.0,2.291,25,1,0.04,0.969,19,1,Holiday,1.6,Festival,1.45,Business,0.41,1.0,0.75,5.5,100.0,1
hotel,HTL-07,City Central Inn,Economy Twin,2400.0,2440.0,4010.0,1.643,100,31,0.31,0.689,7,1,Regular,1.0,Major Event,1.55,Leisure,0.82,2.4,0.726,5.5,100.0,9
hotel,HTL-08,Mountain Bliss Lodge,Alpine Chalet,7500.0,7860.0,15630.0,1.989,25,10,0.4,0.596,2,0,Peak,1.35,Festival,1.45,Business,0.4,1.0,0.655,2.5,84.58,2
hotel,HTL-01,Sea Breeze Resort,Ocean View,6500.0,6510.0,11540.0,1.773,40,15,0.375,0.619,6,0,Holiday,1.6,Normal Day,1.0,Leisure,0.87,0.4,0.676,6.5,92.48,13
hotel,HTL-02,Grand Palace Hotel,Executive Suite,9000.0,9550.0,8430.0,0.883,20,7,0.35,0.628,8,1,Low,0.8,Weekend,1.15,Business,0.45,5.9,0.541,2.5,66.88,6
hotel,HTL-03,Grand Palace Hotel,Executive Suite,9000.0,9840.0,9740.0,0.99,20,7,0.35,0.645,2,1,Low,0.8,Weekend,1.15,Leisure,0.89,0.1,0.552,9.5,72.91,7
hotel,HTL-04,Urban Hub Suites,Penthouse,12000.0,13490.0,24800.0,1.838,10,1,0.1,0.874,1,1,Peak,1.35,Concert,1.35,Luxury,0.24,3.9,0.761,3.5,100.0,1
hotel,HTL-05,Sea Breeze Resort,Ocean View,6500.0,7830.0,13150.0,1.679,40,1,0.025,0.98,4,1,Peak,1.35,Weekend,1.15,Business,0.44,1.6,0.749,3.5,100.0,1
hotel,HTL-06,Grand Palace Hotel,Executive Suite,9000.0,11430.0,24690.0,2.16,20,1,0.05,0.928,12,1,Holiday,1.6,Festival,1.45,Leisure,0.92,0.6,0.72,6.5,100.0,1
hotel,HTL-07,Urban Hub Suites,Penthouse,12000.0,10610.0,8590.0,0.81,10,9,0.9,0.1,26,0,Low,0.8,Normal Day,1.0,Luxury,0.17,0.6,0.382,5.5,38.75,3
hotel,HTL-08,Grand Palace Hotel,Executive Suite,9000.0,9330.0,12440.0,1.333,20,7,0.35,0.633,9,1,Low,0.8,Festival,1.45,Leisure,0.85,1.2,0.569,6.5,75.19,7
hotel,HTL-01,Sea Breeze Resort,Standard Room,3800.0,4280.0,6380.0,1.491,60,15,0.25,0.743,8,1,Regular,1.0,Major Event,1.55,Business,0.45,4.2,0.731,4.5,97.33,10
hotel,HTL-02,Mountain Bliss Lodge,Alpine Chalet,7500.0,8090.0,8760.0,1.083,25,6,0.24,0.742,5,1,Low,0.8,Holiday,1.3,Business,0.41,6.1,0.596,2.5,75.35,4
hotel,HTL-03,Mountain Bliss Lodge,Alpine Chalet,7500.0,8040.0,11190.0,1.392,25,11,0.44,0.542,30,0,Peak,1.35,Normal Day,1.0,Luxury,0.11,5.5,0.584,2.5,70.44,6
hotel,HTL-04,City Central Inn,Economy Twin,2400.0,2420.0,2980.0,1.231,100,44,0.44,0.561,40,0,Peak,1.35,Normal Day,1.0,Budget,1.55,1.2,0.449,6.5,62.75,11
hotel,HTL-05,Sea Breeze Resort,Ocean View,6500.0,6420.0,8010.0,1.248,40,21,0.525,0.476,2,0,Peak,1.35,Normal Day,1.0,Leisure,0.82,0.0,0.514,4.5,66.18,4
hotel,HTL-06,Sea Breeze Resort,Ocean View,6500.0,6460.0,6050.0,0.937,40,21,0.525,0.475,3,0,Regular,1.0,Normal Day,1.0,Business,0.37,4.1,0.467,2.5,54.31,3
hotel,HTL-07,Grand Palace Hotel,Executive Suite,9000.0,10770.0,26440.0,2.455,20,1,0.05,0.98,25,1,Holiday,1.6,Major Event,1.55,Budget,1.43,3.0,0.689,5.5,100.0,1
hotel,HTL-08,Grand Palace Hotel,Deluxe,5000.0,5130.0,7050.0,1.374,50,15,0.3,0.692,2,0,Peak,1.35,Normal Day,1.0,Budget,1.49,3.9,0.55,2.5,78.32,2
hotel,HTL-01,Sea Breeze Resort,Ocean View,6500.0,6850.0,10240.0,1.495,40,11,0.275,0.729,1,0,Regular,1.0,Festival,1.45,Luxury,0.19,2.0,0.708,3.5,91.11,9
hotel,HTL-02,City Central Inn,Economy Twin,2400.0,2280.0,2420.0,1.061,100,53,0.53,0.475,7,0,Regular,1.0,Normal Day,1.0,Business,0.39,3.7,0.479,1.5,56.39,2
hotel,HTL-03,City Central Inn,Economy Twin,2400.0,2460.0,3780.0,1.537,100,46,0.46,0.543,6,0,Holiday,1.6,Normal Day,1.0,Business,0.33,3.7,0.722,7.5,94.77,16
hotel,HTL-04,Grand Palace Hotel,Deluxe,5000.0,5610.0,5210.0,0.929,50,4,0.08,0.93,9,1,Low,0.8,Weekend,1.15,Budget,1.45,0.5,0.466,4.5,64.46,4
hotel,HTL-05,City Central Inn,Economy Twin,2400.0,2650.0,3930.0,1.483,100,17,0.17,0.833,1,0,Regular,1.0,Holiday,1.3,Budget,1.53,1.7,0.569,5.5,81.75,12
hotel,HTL-06,Sea Breeze Resort,Standard Room,3800.0,4430.0,3960.0,0.894,60,10,0.167,0.826,1,1,Low,0.8,Weekend,1.15,Leisure,0.92,0.4,0.537,4.5,70.7,7
hotel,HTL-07,City Central Inn,Economy Twin,2400.0,2240.0,2600.0,1.161,100,59,0.59,0.412,2,0,Low,0.8,Holiday,1.3,Business,0.37,5.4,0.621,7.5,78.95,12
hotel,HTL-08,City Central Inn,Economy Twin,2400.0,2380.0,3040.0,1.277,100,43,0.43,0.574,14,1,Low,0.8,Major Event,1.55,Leisure,1.0,1.1,0.568,4.5,76.42,8
hotel,HTL-01,Sea Breeze Resort,Standard Room,3800.0,3980.0,5760.0,1.447,60,26,0.433,0.56,3,0,Regular,1.0,Festival,1.45,Leisure,0.79,0.2,0.571,4.5,74.95,8
hotel,HTL-02,Sea Breeze Resort,Ocean View,6500.0,7380.0,7720.0,1.046,40,9,0.225,0.766,3,1,Low,0.8,Concert,1.35,Budget,1.47,1.3,0.545,7.5,77.38,9
hotel,HTL-03,Mountain Bliss Lodge,Alpine Chalet,7500.0,7980.0,8040.0,1.008,25,12,0.48,0.503,4,0,Regular,1.0,Normal Day,1.0,Business,0.5,5.1,0.518,2.5,63.6,6
hotel,HTL-04,City Central Inn,Economy Twin,2400.0,2380.0,1840.0,0.773,100,55,0.55,0.447,15,0,Low,0.8,Normal Day,1.0,Budget,1.47,0.9,0.244,0.5,29.1,1
hotel,HTL-05,City Central Inn,Economy Twin,2400.0,2470.0,5360.0,2.17,100,50,0.5,0.501,20,0,Holiday,1.6,Festival,1.45,Leisure,0.94,0.7,0.706,7.5,98.06,13
hotel,HTL-06,Grand Palace Hotel,Deluxe,5000.0,5370.0,11780.0,2.194,50,21,0.42,0.576,60,1,Holiday,1.6,Festival,1.45,Leisure,0.94,0.0,0.719,9.5,100.0,18
hotel,HTL-07,Urban Hub Suites,Penthouse,12000.0,13000.0,13960.0,1.074,10,4,0.4,0.642,15,1,Regular,1.0,Weekend,1.15,Business,0.33,1.2,0.583,3.5,72.43,3
hotel,HTL-08,Grand Palace Hotel,Executive Suite,9000.0,8780.0,9680.0,1.103,20,9,0.45,0.54,10,1,Regular,1.0,Weekend,1.15,Business,0.44,4.2,0.499,1.5,60.05,3
hotel,HTL-01,Grand Palace Hotel,Deluxe,5000.0,4670.0,6590.0,1.411,50,29,0.58,0.428,6,0,Peak,1.35,Normal Day,1.0,Budget,1.44,1.5,0.46,4.5,63.38,7
hotel,HTL-02,Sea Breeze Resort,Ocean View,6500.0,6210.0,9020.0,1.452,40,20,0.5,0.491,35,0,Regular,1.0,Festival,1.45,Leisure,0.99,0.4,0.485,5.5,63.03,7
hotel,HTL-03,City Central Inn,Economy Twin,2400.0,2590.0,2730.0,1.054,100,28,0.28,0.716,40,1,Low,0.8,Concert,1.35,Budget,1.47,0.5,0.473,3.5,65.79,6
hotel,HTL-04,Sea Breeze Resort,Ocean View,6500.0,6610.0,7440.0,1.126,40,22,0.55,0.442,12,0,Low,0.8,Festival,1.45,Leisure,0.9,0.3,0.501,5.5,64.83,10
hotel,HTL-05,Urban Hub Suites,Studio Room,3200.0,3150.0,4280.0,1.359,80,48,0.6,0.401,13,0,Regular,1.0,Festival,1.45,Leisure,0.93,0.4,0.508,3.5,66.19,3
hotel,HTL-06,Grand Palace Hotel,Deluxe,5000.0,5860.0,9160.0,1.563,50,4,0.08,0.922,1,0,Holiday,1.6,Normal Day,1.0,Business,0.42,2.5,0.75,5.5,100.0,4
hotel,HTL-07,Sea Breeze Resort,Ocean View,6500.0,7040.0,13230.0,1.879,40,7,0.175,0.819,4,1,Peak,1.35,Festival,1.45,Leisure,0.91,0.7,0.72,4.5,100.0,7
hotel,HTL-08,Sea Breeze Resort,Ocean View,6500.0,6410.0,9570.0,1.493,40,23,0.575,0.434,13,0,Regular,1.0,Festival,1.45,Luxury,0.2,2.9,0.631,3.5,78.87,8
hotel,HTL-01,City Central Inn,Economy Twin,2400.0,2330.0,2530.0,1.086,100,56,0.56,0.441,20,0,Regular,1.0,Normal Day,1.0,Business,0.34,2.1,0.452,1.5,51.64,2
hotel,HTL-02,Urban Hub Suites,Penthouse,12000.0,13460.0,19460.0,1.446,10,3,0.3,0.684,27,1,Regular,1.0,Festival,1.45,Budget,1.55,2.1,0.578,8.5,83.42,3
hotel,HTL-03,Urban Hub Suites,Penthouse,12000.0,13530.0,12550.0,0.928,10,1,0.1,0.98,1,1,Low,0.8,Weekend,1.15,Business,0.48,7.2,0.644,3.5,83.66,1
hotel,HTL-04,Sea Breeze Resort,Ocean View,6500.0,5950.0,4800.0,0.807,40,30,0.75,0.245,12,0,Low,0.8,Normal Day,1.0,Business,0.42,6.4,0.433,1.5,49.34,2
hotel,HTL-05,Sea Breeze Resort,Ocean View,6500.0,7490.0,15420.0,2.059,40,5,0.125,0.875,5,1,Peak,1.35,Festival,1.45,Budget,1.52,5.2,0.684,6.5,100.0,5
hotel,HTL-06,Urban Hub Suites,Studio Room,3200.0,3350.0,2280.0,0.681,80,50,0.625,0.379,15,0,Low,0.8,Normal Day,1.0,Budget,1.48,1.0,0.31,1.5,39.74,2
hotel,HTL-07,Sea Breeze Resort,Standard Room,3800.0,3920.0,3260.0,0.832,60,22,0.367,0.634,7,0,Low,0.8,Normal Day,1.0,Budget,1.64,1.9,0.343,3.5,46.55,4
hotel,HTL-08,Sea Breeze Resort,Ocean View,6500.0,7290.0,11830.0,1.623,40,11,0.275,0.721,9,1,Peak,1.35,Weekend,1.15,Business,0.36,1.7,0.694,2.5,90.57,5
hotel,HTL-01,Sea Breeze Resort,Ocean View,6500.0,5960.0,5700.0,0.956,40,26,0.65,0.353,12,0,Regular,1.0,Normal Day,1.0,Business,0.51,2.4,0.435,2.5,50.57,3
hotel,HTL-02,City Central Inn,Economy Twin,2400.0,2560.0,2190.0,0.855,100,47,0.47,0.528,18,1,Low,0.8,Weekend,1.15,Budget,1.5,0.4,0.42,5.5,57.64,10
hotel,HTL-03,Urban Hub Suites,Studio Room,3200.0,3310.0,3390.0,1.024,80,30,0.375,0.622,1,0,Regular,1.0,Normal Day,1.0,Leisure,0.94,0.5,0.46,3.5,58.66,4
hotel,HTL-04,Sea Breeze Resort,Ocean View,6500.0,7370.0,11700.0,1.588,40,12,0.3,0.705,3,0,Holiday,1.6,Normal Day,1.0,Leisure,0.95,2.6,0.623,3.5,84.8,5
hotel,HTL-05,Grand Palace Hotel,Deluxe,5000.0,5140.0,6000.0,1.167,50,18,0.36,0.63,12,1,Regular,1.0,Weekend,1.15,Leisure,0.86,0.4,0.546,4.5,71.54,6
hotel,HTL-06,Grand Palace Hotel,Deluxe,5000.0,5250.0,5140.0,0.979,50,19,0.38,0.624,14,0,Regular,1.0,Normal Day,1.0,Business,0.36,11.0,0.506,4.5,60.42,5
hotel,HTL-07,City Central Inn,Economy Twin,2400.0,2510.0,2430.0,0.968,100,46,0.46,0.537,19,0,Regular,1.0,Normal Day,1.0,Leisure,0.86,2.4,0.423,1.5,51.94,1
hotel,HTL-08,Grand Palace Hotel,Deluxe,5000.0,5040.0,6850.0,1.359,50,20,0.4,0.591,2,0,Peak,1.35,Normal Day,1.0,Luxury,0.25,4.8,0.585,4.5,71.94,7
hotel,HTL-01,Grand Palace Hotel,Executive Suite,9000.0,9320.0,9180.0,0.985,20,6,0.3,0.682,1,1,Low,0.8,Weekend,1.15,Business,0.41,8.8,0.602,7.5,76.21,6
hotel,HTL-02,Urban Hub Suites,Studio Room,3200.0,2870.0,6640.0,2.314,80,45,0.562,0.44,29,0,Holiday,1.6,Holiday,1.3,Leisure,0.88,0.7,0.713,7.5,98.55,14
hotel,HTL-03,Grand Palace Hotel,Deluxe,5000.0,4970.0,4000.0,0.805,50,29,0.58,0.426,10,0,Low,0.8,Normal Day,1.0,Leisure,0.92,0.5,0.367,0.5,43.63,1
hotel,HTL-04,Urban Hub Suites,Studio Room,3200.0,3480.0,4950.0,1.422,80,17,0.212,0.792,5,0,Peak,1.35,Normal Day,1.0,Leisure,0.95,0.9,0.54,1.5,71.55,1
hotel,HTL-05,Mountain Bliss Lodge,Alpine Chalet,7500.0,7540.0,11080.0,1.469,25,12,0.48,0.528,21,0,Regular,1.0,Festival,1.45,Budget,1.5,4.6,0.513,4.5,72.48,3
hotel,HTL-06,Grand Palace Hotel,Deluxe,5000.0,5410.0,8170.0,1.51,50,14,0.28,0.728,8,1,Peak,1.35,Weekend,1.15,Budget,1.54,0.4,0.574,1.5,82.63,3
hotel,HTL-07,Sea Breeze Resort,Standard Room,3800.0,4140.0,3160.0,0.763,60,19,0.317,0.679,2,0,Low,0.8,Normal Day,1.0,Business,0.42,7.8,0.485,2.5,57.69,3
hotel,HTL-08,Mountain Bliss Lodge,Alpine Chalet,7500.0,7640.0,8140.0,1.065,25,12,0.48,0.519,18,0,Low,0.8,Festival,1.45,Leisure,0.86,0.9,0.445,6.5,55.48,7
hotel,HTL-01,City Central Inn,Economy Twin,2400.0,2080.0,1620.0,0.779,100,76,0.76,0.236,15,0,Low,0.8,Normal Day,1.0,Leisure,0.92,0.5,0.303,0.5,33.34,0
hotel,HTL-02,Mountain Bliss Lodge,Alpine Chalet,7500.0,8070.0,8620.0,1.068,25,6,0.24,0.775,20,1,Regular,1.0,Weekend,1.15,Budget,1.49,1.0,0.552,4.5,78.57,6
hotel,HTL-03,Sea Breeze Resort,Standard Room,3800.0,3970.0,3990.0,1.005,60,30,0.5,0.501,1,0,Regular,1.0,Normal Day,1.0,Business,0.4,8.6,0.517,1.5,62.52,2
hotel,HTL-04,Grand Palace Hotel,Executive Suite,9000.0,10240.0,10130.0,0.989,20,1,0.05,0.959,8,1,Regular,1.0,Weekend,1.15,Budget,1.56,1.3,0.498,3.5,70.68,1
hotel,HTL-05,Urban Hub Suites,Penthouse,12000.0,11120.0,9450.0,0.85,10,6,0.6,0.367,7,0,Low,0.8,Normal Day,1.0,Business,0.32,8.1,0.468,4.5,53.9,6
hotel,HTL-06,City Central Inn,Economy Twin,2400.0,2530.0,4820.0,1.905,100,43,0.43,0.572,29,0,Peak,1.35,Festival,1.45,Leisure,0.88,3.3,0.706,7.5,97.46,19
hotel,HTL-07,Mountain Bliss Lodge,Alpine Chalet,7500.0,7130.0,6320.0,0.886,25,14,0.56,0.438,40,0,Low,0.8,Normal Day,1.0,Business,0.43,4.5,0.43,5.5,48.91,7
hotel,HTL-08,Mountain Bliss Lodge,Alpine Chalet,7500.0,7560.0,9130.0,1.208,25,10,0.4,0.616,11,1,Regular,1.0,Weekend,1.15,Budget,1.41,4.2,0.519,4.5,72.5,4
hotel,HTL-01,Sea Breeze Resort,Standard Room,3800.0,3370.0,2740.0,0.813,60,47,0.783,0.21,11,0,Low,0.8,Normal Day,1.0,Budget,1.47,2.9,0.328,5.5,42.58,3
hotel,HTL-02,Grand Palace Hotel,Deluxe,5000.0,5000.0,3750.0,0.75,50,23,0.46,0.546,4,0,Low,0.8,Normal Day,1.0,Budget,1.48,0.5,0.322,2.5,41.69,3
hotel,HTL-03,Mountain Bliss Lodge,Alpine Chalet,7500.0,8450.0,8350.0,0.988,25,4,0.16,0.835,1,1,Low,0.8,Weekend,1.15,Business,0.35,1.8,0.693,8.5,90.27,4
hotel,HTL-04,Urban Hub Suites,Studio Room,3200.0,3290.0,3110.0,0.945,80,37,0.463,0.534,9,0,Regular,1.0,Normal Day,1.0,Budget,1.46,0.4,0.367,2.5,48.69,0
hotel,HTL-05,Urban Hub Suites,Studio Room,3200.0,2980.0,3210.0,1.077,80,50,0.625,0.381,5,0,Low,0.8,Holiday,1.3,Budget,1.42,1.3,0.357,4.5,46.77,4
hotel,HTL-06,Urban Hub Suites,Penthouse,12000.0,11300.0,18160.0,1.607,10,5,0.5,0.533,15,0,Holiday,1.6,Normal Day,1.0,Budget,1.51,1.1,0.518,3.5,73.4,5
hotel,HTL-07,Urban Hub Suites,Studio Room,3200.0,3160.0,3520.0,1.114,80,23,0.287,0.707,3,0,Regular,1.0,Normal Day,1.0,Business,0.4,2.5,0.561,3.5,69.68,7
hotel,HTL-08,Sea Breeze Resort,Standard Room,3800.0,4010.0,9040.0,2.254,60,22,0.367,0.637,14,1,Holiday,1.6,Festival,1.45,Leisure,0.92,0.2,0.72,4.5,100.0,8
hotel,HTL-01,Urban Hub Suites,Studio Room,3200.0,3240.0,3740.0,1.154,80,25,0.312,0.682,14,1,Regular,1.0,Weekend,1.15,Budget,1.52,0.1,0.434,3.5,60.04,3
hotel,HTL-02,Grand Palace Hotel,Executive Suite,9000.0,10430.0,17470.0,1.675,20,1,0.05,0.98,4,1,Peak,1.35,Weekend,1.15,Leisure,0.95,1.3,0.695,1.5,96.38,1
hotel,HTL-03,Grand Palace Hotel,Deluxe,5000.0,5090.0,4730.0,0.929,50,22,0.44,0.554,1,0,Regular,1.0,Normal Day,1.0,Leisure,0.98,1.3,0.375,1.5,45.46,1
hotel,HTL-04,Grand Palace Hotel,Executive Suite,9000.0,8890.0,7180.0,0.808,20,13,0.65,0.336,37,0,Low,0.8,Normal Day,1.0,Budget,1.44,3.0,0.233,3.5,27.06,3
hotel,HTL-05,Sea Breeze Resort,Ocean View,6500.0,6030.0,9300.0,1.542,40,31,0.775,0.236,27,0,Holiday,1.6,Normal Day,1.0,Business,0.37,7.0,0.607,6.5,76.72,12
hotel,HTL-06,Sea Breeze Resort,Standard Room,3800.0,3480.0,2950.0,0.848,60,41,0.683,0.325,26,0,Low,0.8,Normal Day,1.0,Business,0.35,3.2,0.339,2.5,33.61,1
hotel,HTL-07,City Central Inn,Economy Twin,2400.0,2770.0,2630.0,0.949,100,35,0.35,0.652,2,0,Regular,1.0,Normal Day,1.0,Luxury,0.2,2.7,0.495,2.5,57.12,3
hotel,HTL-08,Urban Hub Suites,Penthouse,12000.0,12250.0,13560.0,1.107,10,5,0.5,0.531,4,0,Regular,1.0,Normal Day,1.0,Leisure,0.78,0.5,0.469,3.5,58.5,4
hotel,HTL-01,Urban Hub Suites,Studio Room,3200.0,3080.0,4150.0,1.347,80,39,0.487,0.508,35,1,Peak,1.35,Weekend,1.15,Leisure,0.95,2.0,0.548,4.5,72.78,8
hotel,HTL-02,Sea Breeze Resort,Ocean View,6500.0,6550.0,6320.0,0.965,40,16,0.4,0.599,1,0,Regular,1.0,Normal Day,1.0,Business,0.35,1.2,0.499,3.5,59.27,6
hotel,HTL-03,Sea Breeze Resort,Standard Room,3800.0,3960.0,4710.0,1.189,60,31,0.517,0.488,11,0,Regular,1.0,Holiday,1.3,Budget,1.5,0.3,0.471,4.5,65.8,6
hotel,HTL-04,City Central Inn,Economy Twin,2400.0,2610.0,3370.0,1.291,100,24,0.24,0.765,3,0,Low,0.8,Festival,1.45,Leisure,0.84,0.7,0.551,2.5,72.25,1
hotel,HTL-05,Urban Hub Suites,Penthouse,12000.0,13050.0,18210.0,1.395,10,2,0.2,0.783,3,0,Peak,1.35,Normal Day,1.0,Budget,1.42,2.7,0.522,2.5,73.1,2
hotel,HTL-06,City Central Inn,Economy Twin,2400.0,2640.0,4950.0,1.875,100,22,0.22,0.776,1,0,Holiday,1.6,Normal Day,1.0,Business,0.3,1.1,0.757,4.5,100.0,11
hotel,HTL-07,Grand Palace Hotel,Deluxe,5000.0,5210.0,4010.0,0.77,50,24,0.48,0.526,3,0,Low,0.8,Normal Day,1.0,Luxury,0.21,2.2,0.417,1.5,44.7,2
hotel,HTL-08,Sea Breeze Resort,Ocean View,6500.0,7040.0,14470.0,2.055,40,14,0.35,0.641,12,1,Peak,1.35,Major Event,1.55,Leisure,0.91,0.9,0.72,3.5,100.0,5
hotel,HTL-01,Mountain Bliss Lodge,Alpine Chalet,7500.0,7610.0,8300.0,1.091,25,14,0.56,0.453,8,0,Low,0.8,Festival,1.45,Business,0.38,3.0,0.521,2.5,63.09,6
hotel,HTL-02,Grand Palace Hotel,Deluxe,5000.0,5030.0,5990.0,1.191,50,6,0.12,0.87,6,1,Low,0.8,Weekend,1.15,Leisure,1.03,3.9,0.603,7.5,82.36,6
hotel,HTL-03,City Central Inn,Economy Twin,2400.0,2600.0,4050.0,1.558,100,21,0.21,0.791,13,1,Peak,1.35,Weekend,1.15,Budget,1.56,2.8,0.566,3.5,81.59,5
hotel,HTL-04,Sea Breeze Resort,Standard Room,3800.0,4160.0,4140.0,0.995,60,20,0.333,0.675,32,1,Regular,1.0,Weekend,1.15,Leisure,0.97,0.1,0.47,0.5,60.47,1
hotel,HTL-05,Grand Palace Hotel,Executive Suite,9000.0,9750.0,10650.0,1.092,20,4,0.2,0.825,3,1,Regular,1.0,Weekend,1.15,Luxury,0.13,4.9,0.686,4.5,86.96,4
hotel,HTL-06,Urban Hub Suites,Studio Room,3200.0,3020.0,3050.0,1.01,80,43,0.537,0.468,17,0,Regular,1.0,Normal Day,1.0,Leisure,0.86,0.9,0.376,4.5,44.45,5
hotel,HTL-07,Urban Hub Suites,Studio Room,3200.0,3350.0,6660.0,1.988,80,15,0.188,0.808,10,0,Peak,1.35,Festival,1.45,Business,0.39,2.3,0.752,4.5,100.0,12
hotel,HTL-08,Grand Palace Hotel,Deluxe,5000.0,4670.0,5090.0,1.09,50,26,0.52,0.489,14,0,Regular,1.0,Normal Day,1.0,Budget,1.49,0.4,0.376,3.5,50.46,3
hotel,HTL-01,Urban Hub Suites,Penthouse,12000.0,11660.0,24020.0,2.06,10,4,0.4,0.631,3,1,Peak,1.35,Concert,1.35,Luxury,0.18,2.6,0.764,6.5,100.0,4
hotel,HTL-02,Mountain Bliss Lodge,Alpine Chalet,7500.0,8320.0,16100.0,1.935,25,6,0.24,0.754,17,1,Holiday,1.6,Weekend,1.15,Leisure,0.87,1.5,0.723,3.5,100.0,6
hotel,HTL-03,Grand Palace Hotel,Deluxe,5000.0,4730.0,3890.0,0.822,50,28,0.56,0.432,8,0,Low,0.8,Normal Day,1.0,Leisure,0.99,0.5,0.367,3.5,44.26,5
hotel,HTL-04,Sea Breeze Resort,Standard Room,3800.0,4100.0,7840.0,1.912,60,13,0.217,0.784,9,1,Holiday,1.6,Weekend,1.15,Budget,1.59,1.0,0.653,7.5,95.81,13
hotel,HTL-05,Mountain Bliss Lodge,Alpine Chalet,7500.0,8890.0,13450.0,1.513,25,4,0.16,0.84,8,1,Peak,1.35,Weekend,1.15,Business,0.47,3.1,0.697,5.5,92.05,4
hotel,HTL-06,Grand Palace Hotel,Executive Suite,9000.0,8960.0,17210.0,1.921,20,10,0.5,0.491,11,0,Holiday,1.6,Holiday,1.3,Leisure,0.96,0.1,0.706,4.5,98.14,10
hotel,HTL-07,Grand Palace Hotel,Deluxe,5000.0,5420.0,6380.0,1.177,50,11,0.22,0.782,5,1,Low,0.8,Festival,1.45,Leisure,0.95,0.9,0.561,3.5,74.87,4
hotel,HTL-08,City Central Inn,Economy Twin,2400.0,2460.0,2430.0,0.988,100,26,0.26,0.743,3,0,Low,0.8,Normal Day,1.0,Budget,1.47,0.7,0.381,1.5,51.01,1
hotel,HTL-01,City Central Inn,Economy Twin,2400.0,2730.0,4400.0,1.612,100,2,0.02,0.98,14,1,Peak,1.35,Weekend,1.15,Business,0.46,2.1,0.747,4.5,100.0,2
hotel,HTL-02,Urban Hub Suites,Studio Room,3200.0,2890.0,2630.0,0.91,80,68,0.85,0.154,6,0,Regular,1.0,Normal Day,1.0,Leisure,0.9,1.3,0.354,1.5,41.21,1
hotel,HTL-03,Sea Breeze Resort,Ocean View,6500.0,6420.0,6370.0,0.992,40,21,0.525,0.473,15,0,Regular,1.0,Normal Day,1.0,Leisure,0.85,2.4,0.368,1.5,43.06,1
hotel,HTL-04,Mountain Bliss Lodge,Alpine Chalet,7500.0,9000.0,14760.0,1.64,25,1,0.04,0.968,6,1,Peak,1.35,Weekend,1.15,Budget,1.54,0.8,0.637,6.5,92.75,1
hotel,HTL-05,City Central Inn,Economy Twin,2400.0,2770.0,4130.0,1.491,100,7,0.07,0.929,16,1,Regular,1.0,Major Event,1.55,Leisure,0.94,3.0,0.709,8.5,98.4,7
hotel,HTL-06,Urban Hub Suites,Penthouse,12000.0,11620.0,8510.0,0.732,10,7,0.7,0.285,16,0,Low,0.8,Normal Day,1.0,Business,0.34,1.8,0.406,2.5,44.21,2
hotel,HTL-07,Urban Hub Suites,Penthouse,12000.0,12780.0,21240.0,1.662,10,4,0.4,0.595,8,1,Regular,1.0,Major Event,1.55,Leisure,0.94,0.3,0.688,4.5,95.1,4
hotel,HTL-08,Grand Palace Hotel,Deluxe,5000.0,4820.0,6550.0,1.359,50,33,0.66,0.35,60,0,Peak,1.35,Normal Day,1.0,Leisure,0.85,2.5,0.478,3.5,60.58,6
hotel,HTL-01,Sea Breeze Resort,Ocean View,6500.0,6260.0,7960.0,1.272,40,19,0.475,0.516,15,0,Low,0.8,Festival,1.45,Business,0.39,7.4,0.604,3.5,76.33,7
hotel,HTL-02,Grand Palace Hotel,Deluxe,5000.0,4900.0,5130.0,1.047,50,26,0.52,0.471,16,1,Low,0.8,Holiday,1.3,Luxury,0.19,2.7,0.56,5.5,67.45,8
hotel,HTL-03,Sea Breeze Resort,Ocean View,6500.0,6830.0,12870.0,1.884,40,14,0.35,0.651,5,0,Peak,1.35,Festival,1.45,Budget,1.5,0.2,0.579,3.5,83.05,6
hotel,HTL-04,Urban Hub Suites,Studio Room,3200.0,3210.0,2860.0,0.891,80,23,0.287,0.707,12,0,Low,0.8,Normal Day,1.0,Luxury,0.23,5.9,0.478,2.5,54.65,2
hotel,HTL-05,City Central Inn,Economy Twin,2400.0,2490.0,2070.0,0.831,100,36,0.36,0.642,4,0,Low,0.8,Normal Day,1.0,Business,0.43,1.5,0.436,2.5,49.83,5
hotel,HTL-06,Grand Palace Hotel,Deluxe,5000.0,4870.0,7860.0,1.614,50,23,0.46,0.535,14,0,Holiday,1.6,Normal Day,1.0,Business,0.33,0.8,0.706,5.5,92.07,12
hotel,HTL-07,Grand Palace Hotel,Deluxe,5000.0,4980.0,4390.0,0.882,50,37,0.74,0.267,2,0,Regular,1.0,Normal Day,1.0,Leisure,0.96,1.2,0.281,1.5,30.23,3
hotel,HTL-08,Urban Hub Suites,Studio Room,3200.0,3140.0,2950.0,0.939,80,50,0.625,0.381,37,0,Regular,1.0,Normal Day,1.0,Business,0.39,2.0,0.418,1.5,46.66,1
hotel,HTL-01,Urban Hub Suites,Penthouse,12000.0,11370.0,12200.0,1.073,10,6,0.6,0.395,12,0,Regular,1.0,Normal Day,1.0,Leisure,0.84,1.1,0.349,0.5,39.95,0
hotel,HTL-02,Mountain Bliss Lodge,Alpine Chalet,7500.0,8150.0,7320.0,0.898,25,10,0.4,0.598,1,0,Regular,1.0,Normal Day,1.0,Budget,1.4,0.7,0.401,2.5,53.55,2
hotel,HTL-03,Grand Palace Hotel,Deluxe,5000.0,4860.0,4020.0,0.827,50,31,0.62,0.389,15,0,Low,0.8,Normal Day,1.0,Leisure,0.89,1.4,0.374,1.5,44.32,1
hotel,HTL-04,Sea Breeze Resort,Ocean View,6500.0,6170.0,4720.0,0.765,40,25,0.625,0.37,14,0,Low,0.8,Normal Day,1.0,Leisure,0.9,0.7,0.249,2.5,24.47,3
hotel,HTL-05,Urban Hub Suites,Studio Room,3200.0,2920.0,2990.0,1.024,80,65,0.812,0.182,17,0,Regular,1.0,Normal Day,1.0,Budget,1.54,1.1,0.283,1.5,36.08,0
hotel,HTL-06,Grand Palace Hotel,Executive Suite,9000.0,9490.0,13590.0,1.432,20,7,0.35,0.662,7,0,Peak,1.35,Normal Day,1.0,Luxury,0.27,4.4,0.671,3.5,85.88,5
hotel,HTL-07,City Central Inn,Economy Twin,2400.0,2380.0,3150.0,1.324,100,52,0.52,0.485,6,0,Peak,1.35,Normal Day,1.0,Leisure,0.8,1.5,0.525,2.5,67.75,4
hotel,HTL-08,Sea Breeze Resort,Standard Room,3800.0,3540.0,3430.0,0.969,60,43,0.717,0.279,7,0,Regular,1.0,Normal Day,1.0,Luxury,0.02,4.1,0.53,4.5,61.01,8
hotel,HTL-01,City Central Inn,Economy Twin,2400.0,2630.0,3600.0,1.369,100,24,0.24,0.761,1,1,Regular,1.0,Major Event,1.55,Leisure,0.89,4.5,0.665,4.5,90.96,10
hotel,HTL-02,Sea Breeze Resort,Standard Room,3800.0,3940.0,3430.0,0.871,60,20,0.333,0.659,8,1,Low,0.8,Weekend,1.15,Budget,1.5,0.7,0.443,5.5,61.23,8
hotel,HTL-03,Sea Breeze Resort,Ocean View,6500.0,5710.0,6600.0,1.156,40,17,0.425,0.573,1,0,Regular,1.0,Normal Day,1.0,Business,0.33,1.1,0.492,1.5,57.82,1
hotel,HTL-04,Sea Breeze Resort,Ocean View,6500.0,6590.0,8320.0,1.263,40,22,0.55,0.441,9,0,Peak,1.35,Normal Day,1.0,Budget,1.46,0.7,0.436,3.5,59.74,5
hotel,HTL-05,Sea Breeze Resort,Ocean View,6500.0,6580.0,7840.0,1.191,40,19,0.475,0.517,13,0,Low,0.8,Festival,1.45,Business,0.46,7.0,0.652,8.5,84.67,17
hotel,HTL-06,City Central Inn,Economy Twin,2400.0,2370.0,3500.0,1.477,100,51,0.51,0.485,52,1,Regular,1.0,Major Event,1.55,Leisure,0.94,0.5,0.542,3.5,71.81,7
hotel,HTL-07,Grand Palace Hotel,Deluxe,5000.0,4970.0,4650.0,0.936,50,24,0.48,0.522,9,0,Low,0.8,Holiday,1.3,Leisure,0.9,0.7,0.413,5.5,50.77,5
hotel,HTL-08,Urban Hub Suites,Studio Room,3200.0,3560.0,6300.0,1.77,80,14,0.175,0.826,2,0,Holiday,1.6,Normal Day,1.0,Budget,1.47,2.3,0.687,5.5,100.0,10
hotel,HTL-01,City Central Inn,Economy Twin,2400.0,2400.0,2010.0,0.838,100,42,0.42,0.583,16,0,Low,0.8,Normal Day,1.0,Luxury,0.11,2.1,0.506,6.5,57.94,8
hotel,HTL-02,Urban Hub Suites,Penthouse,12000.0,12160.0,15340.0,1.262,10,4,0.4,0.575,1,0,Peak,1.35,Normal Day,1.0,Business,0.45,3.7,0.594,3.5,75.31,4
hotel,HTL-03,City Central Inn,Economy Twin,2400.0,2690.0,1940.0,0.721,100,33,0.33,0.668,9,0,Low,0.8,Normal Day,1.0,Leisure,0.81,1.8,0.378,2.5,44.33,3
hotel,HTL-04,City Central Inn,Economy Twin,2400.0,2310.0,2960.0,1.281,100,57,0.57,0.433,21,0,Peak,1.35,Normal Day,1.0,Leisure,0.87,1.5,0.495,2.5,63.61,3
hotel,HTL-05,Grand Palace Hotel,Executive Suite,9000.0,9270.0,14280.0,1.54,20,10,0.5,0.521,11,0,Holiday,1.6,Normal Day,1.0,Budget,1.51,1.6,0.509,3.5,71.89,5
hotel,HTL-06,Grand Palace Hotel,Deluxe,5000.0,4890.0,5540.0,1.133,50,26,0.52,0.472,8,0,Regular,1.0,Normal Day,1.0,Leisure,0.9,0.9,0.434,1.5,54.09,3
hotel,HTL-07,Urban Hub Suites,Studio Room,3200.0,3690.0,4090.0,1.108,80,11,0.138,0.861,1,1,Low,0.8,Concert,1.35,Budget,1.53,1.1,0.572,6.5,82.16,11
hotel,HTL-08,Sea Breeze Resort,Standard Room,3800.0,4390.0,6200.0,1.412,60,10,0.167,0.833,2,1,Regular,1.0,Holiday,1.3,Business,0.42,4.9,0.715,3.5,94.44,7
hotel,HTL-01,Sea Breeze Resort,Ocean View,6500.0,6190.0,5940.0,0.96,40,28,0.7,0.304,1,0,Regular,1.0,Normal Day,1.0,Business,0.4,2.6,0.411,0.5,45.59,0
hotel,HTL-02,Urban Hub Suites,Studio Room,3200.0,3880.0,5990.0,1.544,80,9,0.113,0.886,33,1,Holiday,1.6,Weekend,1.15,Business,0.34,5.3,0.729,2.5,95.86,4
hotel,HTL-03,Mountain Bliss Lodge,Alpine Chalet,7500.0,8130.0,12960.0,1.594,25,9,0.36,0.652,16,0,Holiday,1.6,Normal Day,1.0,Luxury,0.22,4.0,0.663,0.5,84.17,1
hotel,HTL-04,Urban Hub Suites,Penthouse,12000.0,12730.0,23410.0,1.839,10,5,0.5,0.518,60,0,Peak,1.35,Festival,1.45,Business,0.39,4.8,0.639,0.5,82.0,1
hotel,HTL-05,Grand Palace Hotel,Executive Suite,9000.0,9160.0,9150.0,0.999,20,10,0.5,0.489,21,0,Regular,1.0,Normal Day,1.0,Business,0.44,2.1,0.44,2.5,50.68,2
hotel,HTL-06,Mountain Bliss Lodge,Alpine Chalet,7500.0,8010.0,6810.0,0.85,25,10,0.4,0.602,1,0,Low,0.8,Normal Day,1.0,Business,0.37,9.8,0.522,0.5,63.1,1
hotel,HTL-07,City Central Inn,Economy Twin,2400.0,2320.0,1980.0,0.853,100,56,0.56,0.438,9,0,Regular,1.0,Normal Day,1.0,Luxury,0.18,0.9,0.455,2.5,50.46,3
hotel,HTL-08,Mountain Bliss Lodge,Alpine Chalet,7500.0,8260.0,7890.0,0.955,25,6,0.24,0.762,3,0,Regular,1.0,Normal Day,1.0,Budget,1.43,1.1,0.422,1.5,57.32,2
hotel,HTL-01,Mountain Bliss Lodge,Alpine Chalet,7500.0,7990.0,15000.0,1.877,25,5,0.2,0.794,22,0,Peak,1.35,Holiday,1.3,Leisure,0.89,0.6,0.671,0.5,91.88,1
hotel,HTL-02,Urban Hub Suites,Penthouse,12000.0,14770.0,34670.0,2.347,10,1,0.1,0.98,6,1,Holiday,1.6,Major Event,1.55,Business,0.5,2.6,0.745,2.5,100.0,1
hotel,HTL-03,Grand Palace Hotel,Deluxe,5000.0,5280.0,6520.0,1.235,50,7,0.14,0.86,22,1,Regular,1.0,Weekend,1.15,Budget,1.46,0.4,0.525,2.5,74.05,4
hotel,HTL-04,Mountain Bliss Lodge,Alpine Chalet,7500.0,6710.0,7050.0,1.051,25,17,0.68,0.302,16,0,Regular,1.0,Normal Day,1.0,Business,0.39,0.9,0.433,3.5,49.0,7
hotel,HTL-05,Urban Hub Suites,Studio Room,3200.0,3170.0,5430.0,1.713,80,34,0.425,0.573,4,0,Holiday,1.6,Normal Day,1.0,Business,0.42,4.4,0.75,12.5,100.0,30
hotel,HTL-06,Urban Hub Suites,Studio Room,3200.0,3260.0,3140.0,0.963,80,48,0.6,0.405,10,0,Regular,1.0,Normal Day,1.0,Leisure,0.85,0.6,0.38,2.5,45.02,4
hotel,HTL-07,Sea Breeze Resort,Ocean View,6500.0,6460.0,6730.0,1.042,40,20,0.5,0.509,9,0,Regular,1.0,Normal Day,1.0,Leisure,0.96,0.3,0.364,0.5,43.39,1
hotel,HTL-08,Urban Hub Suites,Penthouse,12000.0,12230.0,15920.0,1.302,10,5,0.5,0.462,14,0,Peak,1.35,Normal Day,1.0,Leisure,0.94,1.1,0.548,5.5,72.74,5
hotel,HTL-01,Sea Breeze Resort,Standard Room,3800.0,4100.0,5190.0,1.266,60,13,0.217,0.789,8,1,Regular,1.0,Weekend,1.15,Luxury,0.22,1.8,0.663,4.5,84.19,10
hotel,HTL-02,Urban Hub Suites,Penthouse,12000.0,13820.0,32330.0,2.339,10,1,0.1,0.98,21,1,Peak,1.35,Major Event,1.55,Budget,1.57,0.4,0.681,5.5,100.0,1
hotel,HTL-03,Sea Breeze Resort,Standard Room,3800.0,4190.0,3150.0,0.752,60,18,0.3,0.7,4,0,Low,0.8,Normal Day,1.0,Leisure,0.82,2.0,0.358,1.5,41.1,2
hotel,HTL-04,Urban Hub Suites,Penthouse,12000.0,13000.0,19300.0,1.485,10,3,0.3,0.683,8,1,Peak,1.35,Weekend,1.15,Leisure,0.85,9.2,0.713,5.5,98.31,3
hotel,HTL-05,Sea Breeze Resort,Ocean View,6500.0,7260.0,10000.0,1.377,40,10,0.25,0.756,6,0,Peak,1.35,Normal Day,1.0,Business,0.47,8.2,0.703,6.5,92.91,10
hotel,HTL-06,Grand Palace Hotel,Deluxe,5000.0,5340.0,5110.0,0.957,50,22,0.44,0.553,21,0,Regular,1.0,Holiday,1.3,Leisure,0.95,5.2,0.454,3.5,57.73,3
hotel,HTL-07,Sea Breeze Resort,Ocean View,6500.0,6160.0,5940.0,0.964,40,23,0.575,0.42,21,0,Regular,1.0,Normal Day,1.0,Budget,1.46,1.4,0.26,1.5,31.64,0
hotel,HTL-08,Sea Breeze Resort,Standard Room,3800.0,3920.0,3840.0,0.98,60,26,0.433,0.564,8,0,Regular,1.0,Normal Day,1.0,Business,0.45,4.6,0.486,1.5,58.14,2
hotel,HTL-01,Grand Palace Hotel,Executive Suite,9000.0,9860.0,11850.0,1.202,20,4,0.2,0.808,6,1,Regular,1.0,Holiday,1.3,Leisure,0.87,1.9,0.63,6.5,85.21,4
hotel,HTL-02,Urban Hub Suites,Studio Room,3200.0,3190.0,3050.0,0.956,80,46,0.575,0.42,1,0,Regular,1.0,Normal Day,1.0,Leisure,0.9,5.0,0.45,2.5,56.72,4
hotel,HTL-03,Grand Palace Hotel,Deluxe,5000.0,5870.0,8440.0,1.438,50,8,0.16,0.834,4,1,Regular,1.0,Festival,1.45,Budget,1.5,1.6,0.548,1.5,78.11,2
hotel,HTL-04,Grand Palace Hotel,Executive Suite,9000.0,9430.0,11780.0,1.249,20,8,0.4,0.587,1,0,Regular,1.0,Holiday,1.3,Budget,1.55,0.5,0.508,4.5,72.14,7
hotel,HTL-05,Urban Hub Suites,Studio Room,3200.0,3310.0,3370.0,1.018,80,39,0.487,0.51,17,0,Regular,1.0,Normal Day,1.0,Business,0.44,5.3,0.448,3.5,51.86,4
hotel,HTL-06,Sea Breeze Resort,Ocean View,6500.0,6940.0,9020.0,1.3,40,23,0.575,0.426,21,0,Holiday,1.6,Normal Day,1.0,Budget,1.6,0.7,0.461,4.5,65.14,3
hotel,HTL-07,Mountain Bliss Lodge,Alpine Chalet,7500.0,7640.0,8510.0,1.114,25,5,0.2,0.816,5,1,Low,0.8,Holiday,1.3,Budget,1.46,1.2,0.505,4.5,70.82,5
hotel,HTL-08,Sea Breeze Resort,Ocean View,6500.0,6790.0,13150.0,1.937,40,12,0.3,0.688,2,1,Holiday,1.6,Weekend,1.15,Luxury,0.17,12.9,0.765,3.5,100.0,9
hotel,HTL-01,Urban Hub Suites,Penthouse,12000.0,12550.0,9680.0,0.771,10,5,0.5,0.542,3,0,Low,0.8,Normal Day,1.0,Budget,1.59,0.2,0.334,1.5,44.68,3
hotel,HTL-02,Sea Breeze Resort,Ocean View,6500.0,6480.0,5700.0,0.88,40,26,0.65,0.362,6,0,Low,0.8,Normal Day,1.0,Luxury,0.14,2.3,0.462,6.5,51.34,8
hotel,HTL-03,City Central Inn,Economy Twin,2400.0,2220.0,3030.0,1.365,100,71,0.71,0.294,33,0,Peak,1.35,Normal Day,1.0,Leisure,0.94,0.9,0.412,4.5,50.92,4
hotel,HTL-04,Grand Palace Hotel,Deluxe,5000.0,4620.0,4320.0,0.935,50,41,0.82,0.18,33,0,Regular,1.0,Normal Day,1.0,Business,0.34,10.2,0.366,0.5,37.89,0
hotel,HTL-05,City Central Inn,Economy Twin,2400.0,2500.0,1930.0,0.772,100,33,0.33,0.67,8,0,Low,0.8,Normal Day,1.0,Leisure,0.91,0.8,0.37,3.5,43.92,5
hotel,HTL-06,City Central Inn,Economy Twin,2400.0,2710.0,2650.0,0.978,100,29,0.29,0.712,1,1,Low,0.8,Weekend,1.15,Leisure,0.87,4.3,0.579,2.5,76.94,6
hotel,HTL-07,Mountain Bliss Lodge,Alpine Chalet,7500.0,8450.0,9620.0,1.138,25,4,0.16,0.829,2,1,Regular,1.0,Weekend,1.15,Business,0.42,3.5,0.651,4.5,84.14,4
hotel,HTL-08,Mountain Bliss Lodge,Alpine Chalet,7500.0,8950.0,8350.0,0.933,25,3,0.12,0.868,17,1,Regular,1.0,Weekend,1.15,Budget,1.59,1.1,0.493,3.5,70.21,3
hotel,HTL-01,Grand Palace Hotel,Deluxe,5000.0,4610.0,4500.0,0.976,50,31,0.62,0.37,16,0,Regular,1.0,Normal Day,1.0,Leisure,0.91,2.6,0.367,2.5,43.39,5
hotel,HTL-02,Grand Palace Hotel,Executive Suite,9000.0,8770.0,8670.0,0.989,20,13,0.65,0.374,15,0,Regular,1.0,Normal Day,1.0,Budget,1.52,2.7,0.325,2.5,42.59,1
hotel,HTL-03,Sea Breeze Resort,Standard Room,3800.0,4490.0,7120.0,1.586,60,9,0.15,0.846,9,1,Peak,1.35,Weekend,1.15,Leisure,0.91,0.4,0.662,1.5,90.73,1
hotel,HTL-04,Mountain Bliss Lodge,Alpine Chalet,7500.0,7250.0,13020.0,1.796,25,6,0.24,0.752,5,0,Holiday,1.6,Normal Day,1.0,Leisure,0.78,4.2,0.728,6.5,100.0,6
hotel,HTL-05,Sea Breeze Resort,Standard Room,3800.0,3820.0,4210.0,1.102,60,26,0.433,0.568,2,0,Regular,1.0,Normal Day,1.0,Budget,1.46,3.4,0.505,3.5,70.78,7
hotel,HTL-06,City Central Inn,Economy Twin,2400.0,2660.0,3690.0,1.387,100,40,0.4,0.595,34,1,Regular,1.0,Major Event,1.55,Business,0.46,0.7,0.622,5.5,79.87,12
hotel,HTL-07,City Central Inn,Economy Twin,2400.0,2470.0,2390.0,0.968,100,49,0.49,0.515,1,0,Regular,1.0,Normal Day,1.0,Business,0.43,4.4,0.488,2.5,58.21,4
hotel,HTL-08,City Central Inn,Economy Twin,2400.0,2660.0,3610.0,1.357,100,15,0.15,0.853,13,1,Regular,1.0,Concert,1.35,Budget,1.46,0.8,0.545,1.5,77.26,2
hotel,HTL-01,Mountain Bliss Lodge,Alpine Chalet,7500.0,7110.0,9950.0,1.399,25,14,0.56,0.424,5,0,Peak,1.35,Normal Day,1.0,Leisure,0.8,0.9,0.553,4.5,72.2,6
hotel,HTL-02,Mountain Bliss Lodge,Alpine Chalet,7500.0,8280.0,8000.0,0.966,25,9,0.36,0.658,3,1,Low,0.8,Weekend,1.15,Business,0.4,1.2,0.516,3.5,62.33,6
hotel,HTL-03,Sea Breeze Resort,Ocean View,6500.0,5870.0,8490.0,1.446,40,30,0.75,0.258,29,0,Peak,1.35,Normal Day,1.0,Business,0.34,4.0,0.495,3.5,58.43,6
hotel,HTL-04,Grand Palace Hotel,Executive Suite,9000.0,9690.0,17020.0,1.756,20,3,0.15,0.853,3,1,Regular,1.0,Major Event,1.55,Budget,1.58,0.6,0.671,3.5,98.57,3
hotel,HTL-05,Sea Breeze Resort,Standard Room,3800.0,3930.0,4990.0,1.27,60,30,0.5,0.495,3,0,Regular,1.0,Holiday,1.3,Business,0.36,5.3,0.624,6.5,79.37,12
hotel,HTL-06,Mountain Bliss Lodge,Alpine Chalet,7500.0,8690.0,7770.0,0.894,25,8,0.32,0.669,13,1,Low,0.8,Weekend,1.15,Business,0.44,3.6,0.536,7.5,65.99,8
hotel,HTL-07,Grand Palace Hotel,Deluxe,5000.0,5180.0,5330.0,1.029,50,22,0.44,0.56,9,1,Low,0.8,Festival,1.45,Business,0.44,4.9,0.612,8.5,78.16,13
hotel,HTL-08,Mountain Bliss Lodge,Alpine Chalet,7500.0,7100.0,7390.0,1.041,25,16,0.64,0.373,7,0,Regular,1.0,Normal Day,1.0,Business,0.39,2.3,0.437,1.5,49.61,1
hotel,HTL-01,Grand Palace Hotel,Deluxe,5000.0,4940.0,7950.0,1.609,50,12,0.24,0.762,6,1,Regular,1.0,Major Event,1.55,Leisure,0.9,0.9,0.653,1.5,89.19,3
hotel,HTL-02,Urban Hub Suites,Studio Room,3200.0,3460.0,5840.0,1.688,80,30,0.375,0.62,8,0,Holiday,1.6,Normal Day,1.0,Luxury,0.18,0.5,0.713,9.5,91.83,19
hotel,HTL-03,Grand Palace Hotel,Executive Suite,9000.0,9810.0,19630.0,2.001,20,2,0.1,0.903,7,1,Peak,1.35,Concert,1.35,Business,0.38,8.1,0.752,3.5,100.0,2
hotel,HTL-04,Urban Hub Suites,Penthouse,12000.0,12370.0,19150.0,1.548,10,5,0.5,0.517,36,1,Peak,1.35,Weekend,1.15,Business,0.44,1.2,0.62,2.5,79.39,5
hotel,HTL-05,Sea Breeze Resort,Ocean View,6500.0,6600.0,6750.0,1.023,40,20,0.5,0.5,22,0,Regular,1.0,Normal Day,1.0,Luxury,0.23,1.5,0.4,1.5,42.19,0
hotel,HTL-06,Urban Hub Suites,Studio Room,3200.0,2950.0,2370.0,0.803,80,49,0.613,0.39,7,0,Low,0.8,Normal Day,1.0,Budget,1.54,0.1,0.262,1.5,32.71,1
hotel,HTL-07,Mountain Bliss Lodge,Alpine Chalet,7500.0,7370.0,9450.0,1.282,25,16,0.64,0.359,56,0,Regular,1.0,Festival,1.45,Luxury,0.26,5.5,0.559,2.5,67.9,5
hotel,HTL-08,Grand Palace Hotel,Executive Suite,9000.0,8820.0,6600.0,0.748,20,13,0.65,0.339,12,0,Low,0.8,Normal Day,1.0,Luxury,0.2,3.4,0.421,0.5,45.36,0
hotel,HTL-01,Mountain Bliss Lodge,Alpine Chalet,7500.0,7380.0,7700.0,1.043,25,9,0.36,0.644,1,0,Regular,1.0,Normal Day,1.0,Luxury,0.17,0.8,0.51,2.5,59.2,3
hotel,HTL-02,Urban Hub Suites,Studio Room,3200.0,3000.0,3170.0,1.057,80,34,0.425,0.573,9,0,Regular,1.0,Normal Day,1.0,Leisure,0.81,0.9,0.439,2.5,53.98,3
hotel,HTL-03,Urban Hub Suites,Penthouse,12000.0,13180.0,16640.0,1.263,10,3,0.3,0.742,49,1,Regular,1.0,Holiday,1.3,Luxury,0.2,2.7,0.645,3.5,81.08,3
hotel,HTL-04,Urban Hub Suites,Penthouse,12000.0,12420.0,15820.0,1.274,10,4,0.4,0.566,18,0,Peak,1.35,Normal Day,1.0,Leisure,0.93,0.8,0.502,1.5,65.29,3
hotel,HTL-05,Grand Palace Hotel,Executive Suite,9000.0,8520.0,14150.0,1.661,20,11,0.55,0.474,7,0,Holiday,1.6,Normal Day,1.0,Business,0.43,0.6,0.627,1.5,80.46,3
hotel,HTL-06,City Central Inn,Economy Twin,2400.0,2650.0,2350.0,0.887,100,31,0.31,0.694,13,1,Low,0.8,Weekend,1.15,Luxury,0.2,4.0,0.582,2.5,70.99,6
hotel,HTL-07,Sea Breeze Resort,Ocean View,6500.0,6730.0,10770.0,1.6,40,18,0.45,0.561,11,0,Holiday,1.6,Normal Day,1.0,Budget,1.49,1.6,0.541,2.5,76.89,5
hotel,HTL-08,Grand Palace Hotel,Executive Suite,9000.0,10020.0,9370.0,0.935,20,7,0.35,0.637,11,0,Regular,1.0,Normal Day,1.0,Luxury,0.2,6.6,0.545,2.5,65.17,5
hotel,HTL-01,Sea Breeze Resort,Standard Room,3800.0,3470.0,4630.0,1.334,60,42,0.7,0.293,20,0,Regular,1.0,Holiday,1.3,Leisure,0.89,0.8,0.448,3.5,56.15,5
hotel,HTL-02,Grand Palace Hotel,Executive Suite,9000.0,9260.0,11980.0,1.294,20,11,0.55,0.45,30,0,Peak,1.35,Normal Day,1.0,Leisure,0.82,1.0,0.543,5.5,70.71,7
hotel,HTL-03,Sea Breeze Resort,Standard Room,3800.0,4220.0,4120.0,0.976,60,13,0.217,0.782,4,1,Low,0.8,Weekend,1.15,Luxury,0.26,2.7,0.617,7.5,77.29,13
hotel,HTL-04,Sea Breeze Resort,Ocean View,6500.0,6230.0,8230.0,1.321,40,26,0.65,0.361,15,0,Peak,1.35,Normal Day,1.0,Luxury,0.26,3.5,0.544,2.5,65.55,4
hotel,HTL-05,Grand Palace Hotel,Deluxe,5000.0,5860.0,5660.0,0.966,50,12,0.24,0.755,7,1,Regular,1.0,Weekend,1.15,Budget,1.48,0.6,0.494,7.5,69.32,10
hotel,HTL-06,Sea Breeze Resort,Standard Room,3800.0,3970.0,5940.0,1.496,60,19,0.317,0.686,25,1,Regular,1.0,Concert,1.35,Business,0.42,2.9,0.626,5.5,80.13,6
hotel,HTL-07,Sea Breeze Resort,Standard Room,3800.0,4010.0,5200.0,1.297,60,16,0.267,0.736,12,1,Regular,1.0,Weekend,1.15,Business,0.38,1.3,0.64,5.5,82.1,11
hotel,HTL-08,Urban Hub Suites,Penthouse,12000.0,10340.0,11070.0,1.071,10,8,0.8,0.227,60,0,Regular,1.0,Normal Day,1.0,Business,0.38,5.5,0.431,4.5,48.64,5
hotel,HTL-01,Mountain Bliss Lodge,Alpine Chalet,7500.0,7610.0,9140.0,1.201,25,8,0.32,0.687,24,1,Low,0.8,Festival,1.45,Leisure,0.86,3.5,0.548,4.5,71.89,8
hotel,HTL-02,Sea Breeze Resort,Standard Room,3800.0,4050.0,4050.0,1.0,60,26,0.433,0.575,15,0,Regular,1.0,Normal Day,1.0,Budget,1.5,3.4,0.436,3.5,60.1,5
hotel,HTL-03,Grand Palace Hotel,Executive Suite,9000.0,8910.0,8650.0,0.971,20,14,0.7,0.314,5,0,Regular,1.0,Normal Day,1.0,Business,0.45,0.7,0.34,4.5,34.75,1
hotel,HTL-04,Mountain Bliss Lodge,Alpine Chalet,7500.0,8130.0,9830.0,1.209,25,10,0.4,0.608,14,0,Peak,1.35,Normal Day,1.0,Budget,1.53,2.7,0.483,6.5,67.94,10
hotel,HTL-05,Grand Palace Hotel,Executive Suite,9000.0,9880.0,18480.0,1.87,20,4,0.2,0.811,13,1,Peak,1.35,Festival,1.45,Business,0.39,4.0,0.752,3.5,100.0,4
hotel,HTL-06,Mountain Bliss Lodge,Alpine Chalet,7500.0,7910.0,8320.0,1.052,25,9,0.36,0.655,4,0,Regular,1.0,Normal Day,1.0,Business,0.32,4.8,0.563,1.5,69.15,1
hotel,HTL-07,Urban Hub Suites,Penthouse,12000.0,12740.0,12500.0,0.981,10,4,0.4,0.584,6,0,Regular,1.0,Normal Day,1.0,Budget,1.48,2.8,0.357,0.5,47.4,1
hotel,HTL-08,Sea Breeze Resort,Ocean View,6500.0,6530.0,11020.0,1.688,40,15,0.375,0.615,1,0,Holiday,1.6,Normal Day,1.0,Leisure,0.83,0.1,0.657,3.5,89.04,5
hotel,HTL-01,Urban Hub Suites,Penthouse,12000.0,11930.0,11450.0,0.96,10,4,0.4,0.595,5,1,Low,0.8,Weekend,1.15,Business,0.36,1.2,0.524,3.5,63.28,4
hotel,HTL-02,Sea Breeze Resort,Standard Room,3800.0,4170.0,4160.0,0.998,60,17,0.283,0.719,4,0,Regular,1.0,Normal Day,1.0,Budget,1.62,3.5,0.393,2.5,54.4,4
hotel,HTL-03,Sea Breeze Resort,Standard Room,3800.0,3870.0,4290.0,1.109,60,19,0.317,0.677,7,0,Regular,1.0,Normal Day,1.0,Leisure,0.85,2.1,0.458,3.5,57.46,4
hotel,HTL-04,Grand Palace Hotel,Deluxe,5000.0,5880.0,8690.0,1.478,50,1,0.02,0.98,1,1,Regular,1.0,Festival,1.45,Budget,1.48,0.9,0.651,7.5,94.43,1
hotel,HTL-05,Mountain Bliss Lodge,Alpine Chalet,7500.0,6970.0,7470.0,1.072,25,14,0.56,0.443,15,0,Regular,1.0,Normal Day,1.0,Luxury,0.27,3.4,0.456,1.5,51.49,1
hotel,HTL-06,Grand Palace Hotel,Deluxe,5000.0,5640.0,8900.0,1.578,50,6,0.12,0.88,14,1,Peak,1.35,Weekend,1.15,Business,0.5,1.6,0.629,0.5,81.44,1
hotel,HTL-07,Sea Breeze Resort,Standard Room,3800.0,3960.0,5360.0,1.354,60,17,0.283,0.724,4,0,Peak,1.35,Normal Day,1.0,Leisure,0.94,6.6,0.652,8.5,89.36,17
hotel,HTL-08,Sea Breeze Resort,Ocean View,6500.0,6960.0,8410.0,1.208,40,9,0.225,0.774,21,1,Regular,1.0,Weekend,1.15,Luxury,0.27,2.8,0.663,5.5,84.67,7
hotel,HTL-01,Mountain Bliss Lodge,Alpine Chalet,7500.0,6940.0,6860.0,0.988,25,20,0.8,0.195,37,0,Regular,1.0,Normal Day,1.0,Leisure,0.97,2.2,0.383,4.5,46.52,5
hotel,HTL-02,Grand Palace Hotel,Deluxe,5000.0,4750.0,4480.0,0.943,50,34,0.68,0.32,21,0,Regular,1.0,Normal Day,1.0,Leisure,0.95,4.7,0.341,1.5,39.72,1
hotel,HTL-03,Grand Palace Hotel,Executive Suite,9000.0,8830.0,13010.0,1.473,20,10,0.5,0.525,8,0,Regular,1.0,Holiday,1.3,Business,0.35,2.5,0.61,2.5,77.03,4
hotel,HTL-04,Urban Hub Suites,Studio Room,3200.0,3180.0,2260.0,0.711,80,45,0.562,0.436,24,0,Low,0.8,Normal Day,1.0,Leisure,0.94,0.4,0.318,0.5,35.91,0
hotel,HTL-05,Urban Hub Suites,Penthouse,12000.0,13140.0,30840.0,2.347,10,1,0.1,0.872,25,0,Holiday,1.6,Festival,1.45,Leisure,0.96,1.8,0.717,9.5,100.0,1
hotel,HTL-06,Sea Breeze Resort,Ocean View,6500.0,6010.0,6430.0,1.07,40,22,0.55,0.44,16,0,Regular,1.0,Normal Day,1.0,Budget,1.57,1.3,0.432,7.5,60.16,7
hotel,HTL-07,Grand Palace Hotel,Deluxe,5000.0,5340.0,5540.0,1.037,50,19,0.38,0.621,14,0,Regular,1.0,Normal Day,1.0,Business,0.39,2.8,0.447,0.5,51.32,0
hotel,HTL-08,Sea Breeze Resort,Ocean View,6500.0,6430.0,5560.0,0.865,40,18,0.45,0.554,11,0,Low,0.8,Normal Day,1.0,Budget,1.52,0.8,0.348,2.5,46.29,2
hotel,HTL-01,Grand Palace Hotel,Executive Suite,9000.0,10090.0,13180.0,1.306,20,3,0.15,0.829,2,1,Regular,1.0,Weekend,1.15,Budget,1.5,0.8,0.585,7.5,83.97,3
hotel,HTL-02,Grand Palace Hotel,Executive Suite,9000.0,9450.0,8180.0,0.866,20,10,0.5,0.496,17,0,Regular,1.0,Normal Day,1.0,Leisure,0.89,0.2,0.369,1.5,43.64,2
hotel,HTL-03,City Central Inn,Economy Twin,2400.0,2510.0,5110.0,2.036,100,37,0.37,0.627,14,1,Peak,1.35,Festival,1.45,Budget,1.56,3.0,0.681,4.5,100.0,8
hotel,HTL-04,Sea Breeze Resort,Ocean View,6500.0,6220.0,5070.0,0.815,40,23,0.575,0.427,7,0,Low,0.8,Normal Day,1.0,Leisure,0.97,0.2,0.319,4.5,36.33,3
hotel,HTL-05,Sea Breeze Resort,Ocean View,6500.0,6230.0,6300.0,1.011,40,24,0.6,0.397,11,0,Regular,1.0,Normal Day,1.0,Business,0.44,1.6,0.47,2.5,55.42,3
hotel,HTL-06,Sea Breeze Resort,Standard Room,3800.0,3840.0,3430.0,0.893,60,23,0.383,0.623,7,0,Low,0.8,Normal Day,1.0,Budget,1.56,1.0,0.413,5.5,57.09,9
hotel,HTL-07,Sea Breeze Resort,Ocean View,6500.0,6470.0,7170.0,1.108,40,17,0.425,0.571,44,0,Regular,1.0,Normal Day,1.0,Luxury,0.19,2.4,0.452,1.5,50.12,3
hotel,HTL-08,Urban Hub Suites,Studio Room,3200.0,3350.0,3160.0,0.943,80,35,0.438,0.562,18,0,Regular,1.0,Normal Day,1.0,Business,0.41,5.1,0.482,2.5,57.03,4
hotel,HTL-01,Urban Hub Suites,Penthouse,12000.0,11070.0,8640.0,0.78,10,7,0.7,0.271,12,0,Low,0.8,Normal Day,1.0,Budget,1.4,2.9,0.287,3.5,35.28,1
hotel,HTL-02,Sea Breeze Resort,Standard Room,3800.0,3950.0,5640.0,1.428,60,23,0.383,0.62,12,0,Peak,1.35,Normal Day,1.0,Leisure,1.02,1.4,0.526,2.5,69.88,5
hotel,HTL-03,Urban Hub Suites,Studio Room,3200.0,3190.0,4200.0,1.317,80,39,0.487,0.516,1,0,Peak,1.35,Normal Day,1.0,Business,0.43,1.2,0.663,7.5,86.27,15
hotel,HTL-04,City Central Inn,Economy Twin,2400.0,2380.0,2440.0,1.025,100,68,0.68,0.319,23,0,Regular,1.0,Normal Day,1.0,Budget,1.5,0.7,0.333,0.5,43.72,0
hotel,HTL-05,Mountain Bliss Lodge,Alpine Chalet,7500.0,7930.0,8220.0,1.037,25,12,0.48,0.527,32,1,Low,0.8,Festival,1.45,Business,0.41,3.7,0.564,4.5,70.25,8
hotel,HTL-06,Grand Palace Hotel,Deluxe,5000.0,5680.0,13070.0,2.301,50,13,0.26,0.743,18,0,Holiday,1.6,Festival,1.45,Business,0.4,4.7,0.751,3.5,100.0,9
hotel,HTL-07,Sea Breeze Resort,Ocean View,6500.0,6350.0,5280.0,0.831,40,21,0.525,0.467,5,0,Low,0.8,Normal Day,1.0,Leisure,0.92,0.7,0.455,3.5,57.63,3
hotel,HTL-08,City Central Inn,Economy Twin,2400.0,2220.0,1760.0,0.793,100,72,0.72,0.279,5,0,Low,0.8,Normal Day,1.0,Business,0.39,1.8,0.357,0.5,36.94,0
hotel,HTL-01,Urban Hub Suites,Studio Room,3200.0,3310.0,3340.0,1.009,80,33,0.412,0.591,1,0,Regular,1.0,Normal Day,1.0,Business,0.45,1.1,0.462,1.5,54.22,1
hotel,HTL-02,Mountain Bliss Lodge,Alpine Chalet,7500.0,6940.0,6730.0,0.97,25,18,0.72,0.263,44,0,Regular,1.0,Normal Day,1.0,Leisure,0.89,1.4,0.337,0.5,38.5,0
hotel,HTL-03,Grand Palace Hotel,Executive Suite,9000.0,9510.0,14250.0,1.498,20,3,0.15,0.828,2,1,Peak,1.35,Weekend,1.15,Business,0.4,2.3,0.732,3.5,97.01,3
hotel,HTL-04,Urban Hub Suites,Penthouse,12000.0,11110.0,23590.0,2.123,10,5,0.5,0.463,12,0,Peak,1.35,Festival,1.45,Business,0.39,3.9,0.752,9.5,100.0,5
hotel,HTL-05,Sea Breeze Resort,Ocean View,6500.0,5690.0,6150.0,1.081,40,28,0.7,0.302,10,0,Regular,1.0,Normal Day,1.0,Budget,1.59,2.1,0.267,0.5,34.06,0
hotel,HTL-06,City Central Inn,Economy Twin,2400.0,2170.0,1760.0,0.811,100,77,0.77,0.234,19,0,Low,0.8,Normal Day,1.0,Luxury,0.14,2.8,0.429,4.5,46.06,5
hotel,HTL-07,Grand Palace Hotel,Executive Suite,9000.0,8640.0,7420.0,0.859,20,12,0.6,0.402,2,0,Regular,1.0,Normal Day,1.0,Budget,1.45,1.6,0.377,1.5,50.18,2
hotel,HTL-08,Grand Palace Hotel,Executive Suite,9000.0,9700.0,8720.0,0.899,20,10,0.5,0.475,4,0,Regular,1.0,Normal Day,1.0,Business,0.36,2.2,0.509,3.5,60.85,4
hotel,HTL-01,Sea Breeze Resort,Ocean View,6500.0,6840.0,6240.0,0.912,40,15,0.375,0.616,14,1,Low,0.8,Weekend,1.15,Business,0.4,2.0,0.585,2.5,73.4,3
hotel,HTL-02,Urban Hub Suites,Studio Room,3200.0,3320.0,5830.0,1.756,80,30,0.375,0.626,3,1,Peak,1.35,Holiday,1.3,Luxury,0.25,1.0,0.745,5.5,97.61,13
hotel,HTL-03,Urban Hub Suites,Studio Room,3200.0,3140.0,2690.0,0.857,80,42,0.525,0.477,19,0,Low,0.8,Normal Day,1.0,Business,0.4,3.8,0.395,0.5,43.06,0
hotel,HTL-04,Mountain Bliss Lodge,Alpine Chalet,7500.0,8400.0,13340.0,1.588,25,9,0.36,0.658,4,0,Holiday,1.6,Normal Day,1.0,Luxury,0.24,0.6,0.727,4.5,94.69,9
hotel,HTL-05,Grand Palace Hotel,Executive Suite,9000.0,8670.0,7550.0,0.871,20,10,0.5,0.476,14,0,Low,0.8,Normal Day,1.0,Leisure,0.84,1.1,0.419,4.5,51.1,6
hotel,HTL-06,Sea Breeze Resort,Ocean View,6500.0,5980.0,8190.0,1.37,40,25,0.625,0.369,28,0,Peak,1.35,Normal Day,1.0,Luxury,0.22,1.7,0.54,3.5,64.43,7
hotel,HTL-07,City Central Inn,Economy Twin,2400.0,2610.0,5420.0,2.077,100,2,0.02,0.98,21,1,Holiday,1.6,Concert,1.35,Budget,1.53,1.6,0.683,2.5,100.0,2
hotel,HTL-08,Urban Hub Suites,Penthouse,12000.0,12710.0,12790.0,1.006,10,4,0.4,0.566,6,0,Regular,1.0,Normal Day,1.0,Business,0.39,2.6,0.583,5.5,73.03,4
hotel,HTL-01,Sea Breeze Resort,Standard Room,3800.0,4230.0,4230.0,1.0,60,16,0.267,0.733,6,0,Regular,1.0,Normal Day,1.0,Business,0.4,8.7,0.504,0.5,60.53,0
hotel,HTL-02,Mountain Bliss Lodge,Alpine Chalet,7500.0,7230.0,9810.0,1.357,25,15,0.6,0.395,46,0,Peak,1.35,Normal Day,1.0,Budget,1.47,1.5,0.438,3.5,60.27,3
hotel,HTL-03,Grand Palace Hotel,Executive Suite,9000.0,9130.0,8730.0,0.956,20,12,0.6,0.408,14,0,Regular,1.0,Normal Day,1.0,Business,0.45,2.3,0.406,1.5,45.33,1
hotel,HTL-04,Urban Hub Suites,Penthouse,12000.0,13590.0,23530.0,1.731,10,2,0.2,0.782,4,0,Peak,1.35,Holiday,1.3,Business,0.41,1.0,0.75,5.5,100.0,2
hotel,HTL-05,Sea Breeze Resort,Standard Room,3800.0,3750.0,5350.0,1.427,60,25,0.417,0.582,16,0,Regular,1.0,Festival,1.45,Leisure,0.86,1.7,0.572,4.5,75.76,10
hotel,HTL-06,Sea Breeze Resort,Ocean View,6500.0,6210.0,4720.0,0.76,40,23,0.575,0.428,2,0,Low,0.8,Normal Day,1.0,Leisure,0.9,0.7,0.303,0.5,33.12,0
hotel,HTL-07,Mountain Bliss Lodge,Alpine Chalet,7500.0,7420.0,6030.0,0.813,25,14,0.56,0.447,8,0,Low,0.8,Normal Day,1.0,Business,0.41,3.8,0.415,2.5,46.36,2
hotel,HTL-08,Grand Palace Hotel,Deluxe,5000.0,5110.0,4340.0,0.849,50,24,0.48,0.524,22,1,Low,0.8,Weekend,1.15,Leisure,0.96,3.0,0.444,5.5,56.24,8
hotel,HTL-01,Sea Breeze Resort,Ocean View,6500.0,6520.0,4720.0,0.724,40,19,0.475,0.513,8,0,Low,0.8,Normal Day,1.0,Budget,1.5,1.3,0.319,2.5,41.36,2
hotel,HTL-02,Urban Hub Suites,Penthouse,12000.0,12460.0,19800.0,1.589,10,5,0.5,0.508,12,0,Holiday,1.6,Normal Day,1.0,Budget,1.46,2.5,0.548,4.5,77.78,5
hotel,HTL-03,Sea Breeze Resort,Ocean View,6500.0,6830.0,6760.0,0.99,40,17,0.425,0.573,11,0,Regular,1.0,Normal Day,1.0,Budget,1.52,0.0,0.334,1.5,44.06,0
hotel,HTL-04,Urban Hub Suites,Penthouse,12000.0,10820.0,15840.0,1.464,10,8,0.8,0.236,36,0,Regular,1.0,Holiday,1.3,Business,0.45,1.1,0.462,3.5,54.28,4
hotel,HTL-05,Grand Palace Hotel,Deluxe,5000.0,5320.0,3820.0,0.718,50,25,0.5,0.509,10,0,Low,0.8,Normal Day,1.0,Leisure,0.86,1.6,0.347,2.5,39.86,2
hotel,HTL-06,Mountain Bliss Lodge,Alpine Chalet,7500.0,7660.0,11310.0,1.477,25,9,0.36,0.631,26,1,Regular,1.0,Festival,1.45,Business,0.44,3.5,0.687,6.5,90.17,9
hotel,HTL-07,Grand Palace Hotel,Deluxe,5000.0,4660.0,4700.0,1.009,50,36,0.72,0.275,47,0,Regular,1.0,Normal Day,1.0,Budget,1.55,1.1,0.293,0.5,37.78,0
hotel,HTL-08,Grand Palace Hotel,Deluxe,5000.0,5290.0,5670.0,1.072,50,16,0.32,0.686,5,0,Regular,1.0,Normal Day,1.0,Budget,1.57,0.7,0.435,4.5,60.7,6
hotel,HTL-01,Urban Hub Suites,Penthouse,12000.0,12140.0,11070.0,0.912,10,6,0.6,0.426,12,0,Regular,1.0,Normal Day,1.0,Business,0.41,7.2,0.445,3.5,51.21,1
hotel,HTL-02,Urban Hub Suites,Penthouse,12000.0,11570.0,8000.0,0.691,10,7,0.7,0.344,22,0,Low,0.8,Normal Day,1.0,Business,0.42,1.2,0.377,0.5,40.36,0
hotel,HTL-03,Mountain Bliss Lodge,Alpine Chalet,7500.0,6940.0,5760.0,0.83,25,16,0.64,0.377,21,0,Low,0.8,Normal Day,1.0,Budget,1.48,0.2,0.291,2.5,36.76,2
hotel,HTL-04,Urban Hub Suites,Penthouse,12000.0,14730.0,15800.0,1.073,10,1,0.1,0.98,1,1,Regular,1.0,Weekend,1.15,Budget,1.55,0.6,0.558,4.5,80.12,1
hotel,HTL-05,City Central Inn,Economy Twin,2400.0,2240.0,1800.0,0.804,100,71,0.71,0.294,48,0,Low,0.8,Normal Day,1.0,Budget,1.51,0.3,0.261,1.5,32.3,1
hotel,HTL-06,City Central Inn,Economy Twin,2400.0,2530.0,2620.0,1.036,100,44,0.44,0.557,17,1,Regular,1.0,Weekend,1.15,Budget,1.42,0.8,0.416,3.5,56.27,4
hotel,HTL-07,Grand Palace Hotel,Executive Suite,9000.0,9450.0,10910.0,1.154,20,9,0.45,0.542,7,1,Regular,1.0,Weekend,1.15,Leisure,0.99,0.4,0.535,7.5,71.13,9
hotel,HTL-08,Sea Breeze Resort,Standard Room,3800.0,4040.0,6920.0,1.713,60,11,0.183,0.811,4,1,Peak,1.35,Holiday,1.3,Luxury,0.15,8.5,0.766,8.5,100.0,11
hotel,HTL-01,Sea Breeze Resort,Ocean View,6500.0,6810.0,5450.0,0.8,40,17,0.425,0.573,11,1,Low,0.8,Weekend,1.15,Luxury,0.21,4.0,0.546,3.5,65.37,6
hotel,HTL-02,Urban Hub Suites,Studio Room,3200.0,3120.0,2780.0,0.891,80,43,0.537,0.465,29,0,Regular,1.0,Normal Day,1.0,Budget,1.51,0.2,0.308,2.5,39.79,0
hotel,HTL-03,Grand Palace Hotel,Deluxe,5000.0,5250.0,5170.0,0.985,50,17,0.34,0.669,3,0,Regular,1.0,Normal Day,1.0,Business,0.46,0.6,0.454,2.5,52.99,3
hotel,HTL-04,Urban Hub Suites,Penthouse,12000.0,13220.0,11990.0,0.907,10,5,0.5,0.519,2,0,Regular,1.0,Normal Day,1.0,Luxury,0.28,5.3,0.518,1.5,61.64,2
hotel,HTL-05,Grand Palace Hotel,Executive Suite,9000.0,9470.0,13760.0,1.453,20,7,0.35,0.646,10,1,Regular,1.0,Festival,1.45,Leisure,0.78,3.0,0.617,5.5,82.23,7
hotel,HTL-06,Urban Hub Suites,Penthouse,12000.0,11830.0,10810.0,0.914,10,7,0.7,0.346,52,0,Regular,1.0,Normal Day,1.0,Business,0.34,0.8,0.325,0.5,31.24,0
hotel,HTL-07,Mountain Bliss Lodge,Alpine Chalet,7500.0,7030.0,8790.0,1.25,25,19,0.76,0.221,30,0,Peak,1.35,Normal Day,1.0,Leisure,0.9,1.2,0.436,3.5,54.4,4
hotel,HTL-08,Sea Breeze Resort,Standard Room,3800.0,4100.0,4510.0,1.1,60,24,0.4,0.598,25,0,Low,0.8,Festival,1.45,Budget,1.58,0.6,0.408,1.5,56.42,2
hotel,HTL-01,Urban Hub Suites,Penthouse,12000.0,11830.0,11760.0,0.994,10,5,0.5,0.52,4,0,Regular,1.0,Normal Day,1.0,Business,0.4,3.7,0.478,2.5,56.37,3
hotel,HTL-02,Urban Hub Suites,Penthouse,12000.0,11820.0,19070.0,1.613,10,6,0.6,0.394,17,0,Holiday,1.6,Normal Day,1.0,Leisure,0.88,0.4,0.587,6.5,78.31,6
hotel,HTL-03,City Central Inn,Economy Twin,2400.0,2670.0,2930.0,1.097,100,17,0.17,0.835,8,1,Regular,1.0,Weekend,1.15,Leisure,0.91,0.7,0.568,7.5,75.57,17
hotel,HTL-04,Urban Hub Suites,Studio Room,3200.0,2980.0,3390.0,1.138,80,52,0.65,0.348,3,0,Regular,1.0,Normal Day,1.0,Business,0.4,3.1,0.496,3.5,59.2,5
hotel,HTL-05,Grand Palace Hotel,Deluxe,5000.0,4920.0,5950.0,1.209,50,24,0.48,0.513,8,1,Regular,1.0,Weekend,1.15,Budget,1.49,1.8,0.425,2.5,58.33,4
hotel,HTL-06,Grand Palace Hotel,Executive Suite,9000.0,10310.0,14030.0,1.361,20,5,0.25,0.762,13,1,Regular,1.0,Concert,1.35,Leisure,0.94,0.6,0.657,4.5,90.21,5
hotel,HTL-07,Grand Palace Hotel,Executive Suite,9000.0,8530.0,7000.0,0.821,20,9,0.45,0.54,8,0,Low,0.8,Normal Day,1.0,Leisure,0.9,1.5,0.304,0.5,33.25,0
hotel,HTL-08,Sea Breeze Resort,Standard Room,3800.0,4800.0,7340.0,1.529,60,3,0.05,0.945,13,1,Peak,1.35,Weekend,1.15,Business,0.44,3.4,0.709,5.5,93.63,3
hotel,HTL-01,Grand Palace Hotel,Deluxe,5000.0,4720.0,10060.0,2.131,50,28,0.56,0.43,23,0,Peak,1.35,Festival,1.45,Leisure,0.85,2.0,0.722,5.5,99.64,10
hotel,HTL-02,Sea Breeze Resort,Standard Room,3800.0,3910.0,6970.0,1.783,60,29,0.483,0.511,5,0,Peak,1.35,Holiday,1.3,Luxury,0.17,0.8,0.742,4.5,96.31,8
hotel,HTL-03,Mountain Bliss Lodge,Alpine Chalet,7500.0,8220.0,10320.0,1.255,25,8,0.32,0.663,19,0,Peak,1.35,Normal Day,1.0,Leisure,0.89,0.3,0.544,1.5,71.62,2
hotel,HTL-04,City Central Inn,Economy Twin,2400.0,2460.0,1880.0,0.764,100,46,0.46,0.542,9,0,Low,0.8,Normal Day,1.0,Luxury,0.12,0.9,0.476,2.5,53.28,2
hotel,HTL-05,Urban Hub Suites,Penthouse,12000.0,13190.0,12280.0,0.931,10,3,0.3,0.702,4,0,Regular,1.0,Normal Day,1.0,Leisure,0.87,0.5,0.433,3.5,53.69,3
hotel,HTL-06,Sea Breeze Resort,Standard Room,3800.0,3960.0,3450.0,0.871,60,31,0.517,0.485,14,0,Regular,1.0,Normal Day,1.0,Leisure,0.85,0.6,0.413,1.5,50.18,1
hotel,HTL-07,Sea Breeze Resort,Standard Room,3800.0,3880.0,4050.0,1.044,60,24,0.4,0.599,2,0,Regular,1.0,Normal Day,1.0,Business,0.32,1.7,0.449,1.5,50.94,3
hotel,HTL-08,Grand Palace Hotel,Executive Suite,9000.0,9610.0,16870.0,1.755,20,6,0.3,0.706,27,0,Holiday,1.6,Normal Day,1.0,Budget,1.46,0.9,0.544,3.5,77.09,5
hotel,HTL-01,Urban Hub Suites,Penthouse,12000.0,12810.0,12640.0,0.987,10,5,0.5,0.521,7,0,Regular,1.0,Normal Day,1.0,Budget,1.53,1.1,0.361,1.5,48.49,1
hotel,HTL-02,Sea Breeze Resort,Ocean View,6500.0,6780.0,12250.0,1.807,40,13,0.325,0.686,13,0,Holiday,1.6,Normal Day,1.0,Business,0.34,0.7,0.661,1.5,84.95,2
hotel,HTL-03,Grand Palace Hotel,Deluxe,5000.0,5140.0,5640.0,1.097,50,23,0.46,0.544,9,0,Low,0.8,Holiday,1.3,Leisure,0.82,1.8,0.558,9.5,73.08,14
hotel,HTL-04,City Central Inn,Economy Twin,2400.0,2220.0,2200.0,0.991,100,58,0.58,0.416,60,1,Low,0.8,Festival,1.45,Budget,1.61,3.2,0.384,3.5,52.87,3
hotel,HTL-05,Sea Breeze Resort,Standard Room,3800.0,3830.0,3550.0,0.927,60,27,0.45,0.554,14,0,Regular,1.0,Normal Day,1.0,Budget,1.52,1.2,0.398,1.5,54.24,3
hotel,HTL-06,Grand Palace Hotel,Executive Suite,9000.0,8780.0,9390.0,1.069,20,11,0.55,0.459,17,0,Regular,1.0,Normal Day,1.0,Luxury,0.22,6.9,0.496,1.5,57.4,2
hotel,HTL-07,Urban Hub Suites,Studio Room,3200.0,3180.0,4440.0,1.396,80,37,0.463,0.535,11,0,Peak,1.35,Normal Day,1.0,Budget,1.5,3.5,0.475,3.5,66.4,7
hotel,HTL-08,Urban Hub Suites,Studio Room,3200.0,3120.0,4400.0,1.41,80,35,0.438,0.563,11,0,Peak,1.35,Normal Day,1.0,Budget,1.54,1.2,0.477,4.5,67.15,6
hotel,HTL-01,City Central Inn,Economy Twin,2400.0,2770.0,6660.0,2.404,100,2,0.02,0.98,3,1,Holiday,1.6,Concert,1.35,Business,0.36,4.7,0.753,4.5,100.0,2
hotel,HTL-02,City Central Inn,Economy Twin,2400.0,2560.0,3540.0,1.383,100,26,0.26,0.738,5,0,Peak,1.35,Normal Day,1.0,Leisure,0.86,2.8,0.546,2.5,71.6,5
hotel,HTL-03,Mountain Bliss Lodge,Alpine Chalet,7500.0,6660.0,5160.0,0.775,25,18,0.72,0.269,18,0,Low,0.8,Normal Day,1.0,Business,0.43,4.9,0.389,5.5,42.36,7
hotel,HTL-04,Urban Hub Suites,Studio Room,3200.0,3740.0,6560.0,1.754,80,11,0.138,0.864,1,1,Holiday,1.6,Weekend,1.15,Luxury,0.21,1.6,0.762,5.5,100.0,11
hotel,HTL-05,City Central Inn,Economy Twin,2400.0,2570.0,3460.0,1.346,100,31,0.31,0.693,20,0,Regular,1.0,Festival,1.45,Business,0.38,5.5,0.603,3.5,76.18,8
hotel,HTL-06,Sea Breeze Resort,Ocean View,6500.0,6630.0,7720.0,1.164,40,19,0.475,0.533,7,0,Low,0.8,Festival,1.45,Business,0.36,9.3,0.572,2.5,70.93,2
hotel,HTL-07,Urban Hub Suites,Studio Room,3200.0,3730.0,4400.0,1.18,80,9,0.113,0.886,2,1,Regular,1.0,Weekend,1.15,Budget,1.5,2.7,0.515,4.5,72.88,7
hotel,HTL-08,Urban Hub Suites,Penthouse,12000.0,12120.0,13060.0,1.078,10,4,0.4,0.619,13,0,Regular,1.0,Normal Day,1.0,Budget,1.45,0.4,0.392,1.5,52.66,1
hotel,HTL-01,Grand Palace Hotel,Deluxe,5000.0,5250.0,3890.0,0.741,50,24,0.48,0.52,18,0,Low,0.8,Normal Day,1.0,Budget,1.5,2.2,0.3,1.5,38.4,1
hotel,HTL-02,City Central Inn,Economy Twin,2400.0,2260.0,2950.0,1.305,100,47,0.47,0.533,15,0,Regular,1.0,Holiday,1.3,Leisure,0.91,0.3,0.568,6.5,75.65,8
hotel,HTL-03,Mountain Bliss Lodge,Alpine Chalet,7500.0,7370.0,8100.0,1.099,25,11,0.44,0.577,25,0,Regular,1.0,Normal Day,1.0,Leisure,0.92,0.9,0.403,2.5,49.39,4
hotel,HTL-04,Mountain Bliss Lodge,Alpine Chalet,7500.0,8370.0,13850.0,1.655,25,5,0.2,0.817,19,1,Peak,1.35,Weekend,1.15,Budget,1.58,0.3,0.634,3.5,92.56,5
hotel,HTL-05,Sea Breeze Resort,Ocean View,6500.0,6610.0,7880.0,1.192,40,15,0.375,0.624,18,1,Regular,1.0,Weekend,1.15,Leisure,0.89,0.5,0.53,6.5,69.37,13
hotel,HTL-06,Sea Breeze Resort,Ocean View,6500.0,6890.0,8280.0,1.202,40,15,0.375,0.633,9,1,Regular,1.0,Weekend,1.15,Budget,1.51,0.6,0.526,8.5,74.71,15
hotel,HTL-07,Urban Hub Suites,Studio Room,3200.0,3350.0,2930.0,0.875,80,45,0.562,0.435,9,0,Regular,1.0,Normal Day,1.0,Budget,1.62,0.5,0.267,1.5,34.29,2
hotel,HTL-08,Urban Hub Suites,Penthouse,12000.0,12010.0,12620.0,1.051,10,6,0.6,0.404,1,0,Regular,1.0,Normal Day,1.0,Leisure,0.87,0.9,0.464,1.5,58.58,1
hotel,HTL-01,Urban Hub Suites,Studio Room,3200.0,3350.0,4260.0,1.272,80,33,0.412,0.588,13,0,Regular,1.0,Holiday,1.3,Leisure,0.9,1.8,0.537,7.5,70.51,11
hotel,HTL-02,Sea Breeze Resort,Ocean View,6500.0,6380.0,7130.0,1.118,40,19,0.475,0.537,8,0,Regular,1.0,Normal Day,1.0,Budget,1.54,0.4,0.348,0.5,46.54,0
hotel,HTL-03,Sea Breeze Resort,Ocean View,6500.0,7090.0,8750.0,1.234,40,11,0.275,0.737,15,1,Regular,1.0,Weekend,1.15,Leisure,0.85,0.3,0.526,4.5,68.39,8
hotel,HTL-04,Sea Breeze Resort,Ocean View,6500.0,6670.0,8170.0,1.225,40,18,0.45,0.559,8,0,Peak,1.35,Normal Day,1.0,Budget,1.49,0.4,0.501,3.5,70.5,6
hotel,HTL-05,Grand Palace Hotel,Deluxe,5000.0,5390.0,8270.0,1.534,50,11,0.22,0.775,5,1,Regular,1.0,Festival,1.45,Budget,1.52,1.9,0.604,4.5,87.17,7
hotel,HTL-06,Grand Palace Hotel,Executive Suite,9000.0,9620.0,16520.0,1.717,20,7,0.35,0.672,12,1,Peak,1.35,Holiday,1.3,Leisure,0.98,0.4,0.642,2.5,88.1,3
hotel,HTL-07,Urban Hub Suites,Penthouse,12000.0,12200.0,21120.0,1.731,10,4,0.4,0.551,26,1,Peak,1.35,Weekend,1.15,Budget,1.48,0.9,0.567,6.5,80.9,4
hotel,HTL-08,Sea Breeze Resort,Ocean View,6500.0,6570.0,4630.0,0.705,40,26,0.65,0.356,12,0,Low,0.8,Normal Day,1.0,Business,0.37,2.4,0.363,2.5,37.59,0
hotel,HTL-01,Grand Palace Hotel,Executive Suite,9000.0,9230.0,14180.0,1.536,20,9,0.45,0.551,25,0,Holiday,1.6,Normal Day,1.0,Budget,1.5,0.1,0.524,6.5,74.25,7
hotel,HTL-02,Sea Breeze Resort,Ocean View,6500.0,5590.0,5660.0,1.013,40,35,0.875,0.115,22,0,Regular,1.0,Normal Day,1.0,Business,0.38,4.4,0.426,2.5,47.83,3
hotel,HTL-03,Sea Breeze Resort,Standard Room,3800.0,3690.0,6750.0,1.829,60,14,0.233,0.759,5,1,Peak,1.35,Weekend,1.15,Budget,1.56,0.9,0.642,4.5,93.72,10
hotel,HTL-04,Mountain Bliss Lodge,Alpine Chalet,7500.0,7660.0,7100.0,0.927,25,12,0.48,0.531,9,0,Regular,1.0,Normal Day,1.0,Leisure,0.86,0.5,0.442,0.5,55.01,0
hotel,HTL-05,Urban Hub Suites,Studio Room,3200.0,3220.0,5330.0,1.655,80,38,0.475,0.526,18,0,Peak,1.35,Holiday,1.3,Business,0.41,0.9,0.543,2.5,66.82,2
hotel,HTL-06,Sea Breeze Resort,Ocean View,6500.0,6570.0,5150.0,0.784,40,20,0.5,0.506,4,0,Low,0.8,Normal Day,1.0,Business,0.36,9.7,0.462,1.5,53.4,3
hotel,HTL-07,City Central Inn,Economy Twin,2400.0,2600.0,3450.0,1.327,100,34,0.34,0.662,11,0,Peak,1.35,Normal Day,1.0,Leisure,0.88,4.0,0.583,3.5,77.78,5
hotel,HTL-08,Grand Palace Hotel,Executive Suite,9000.0,9420.0,7300.0,0.775,20,9,0.45,0.541,3,0,Low,0.8,Normal Day,1.0,Budget,1.41,0.8,0.303,0.5,37.96,1
hotel,HTL-01,Mountain Bliss Lodge,Alpine Chalet,7500.0,7570.0,10290.0,1.359,25,10,0.4,0.607,9,0,Peak,1.35,Normal Day,1.0,Budget,1.54,0.5,0.469,3.5,65.79,6
hotel,HTL-02,Sea Breeze Resort,Ocean View,6500.0,7150.0,6000.0,0.839,40,23,0.575,0.413,33,0,Regular,1.0,Normal Day,1.0,Budget,1.51,0.9,0.316,3.5,41.05,5
hotel,HTL-03,Urban Hub Suites,Studio Room,3200.0,3100.0,5570.0,1.797,80,42,0.525,0.47,13,0,Holiday,1.6,Normal Day,1.0,Leisure,0.83,1.7,0.605,2.5,80.78,4
hotel,HTL-04,Urban Hub Suites,Studio Room,3200.0,3020.0,3050.0,1.01,80,51,0.637,0.367,16,0,Regular,1.0,Normal Day,1.0,Luxury,0.3,4.3,0.49,3.5,57.23,6
hotel,HTL-05,Mountain Bliss Lodge,Alpine Chalet,7500.0,8160.0,8190.0,1.004,25,7,0.28,0.722,20,0,Regular,1.0,Normal Day,1.0,Budget,1.49,3.1,0.413,4.5,56.39,5
hotel,HTL-06,Sea Breeze Resort,Standard Room,3800.0,3790.0,3140.0,0.828,60,33,0.55,0.456,17,0,Low,0.8,Normal Day,1.0,Luxury,0.16,5.3,0.439,2.5,47.72,6
hotel,HTL-07,Grand Palace Hotel,Executive Suite,9000.0,8640.0,12630.0,1.462,20,11,0.55,0.442,15,0,Regular,1.0,Festival,1.45,Luxury,0.16,2.0,0.581,1.5,70.49,1
hotel,HTL-08,Urban Hub Suites,Penthouse,12000.0,12900.0,9340.0,0.724,10,4,0.4,0.607,6,0,Low,0.8,Normal Day,1.0,Budget,1.42,2.6,0.352,4.5,45.98,3
hotel,HTL-01,Urban Hub Suites,Penthouse,12000.0,11960.0,8190.0,0.685,10,6,0.6,0.373,3,0,Low,0.8,Normal Day,1.0,Business,0.4,4.7,0.407,3.5,44.89,4
hotel,HTL-02,Sea Breeze Resort,Standard Room,3800.0,4020.0,3970.0,0.988,60,22,0.367,0.629,13,0,Regular,1.0,Normal Day,1.0,Leisure,0.83,1.7,0.398,3.5,47.65,5
hotel,HTL-03,Sea Breeze Resort,Ocean View,6500.0,6310.0,9160.0,1.452,40,15,0.375,0.615,5,0,Regular,1.0,Holiday,1.3,Leisure,0.9,1.5,0.592,3.5,79.35,7
hotel,HTL-04,Grand Palace Hotel,Executive Suite,9000.0,8700.0,17840.0,2.051,20,6,0.3,0.697,18,1,Holiday,1.6,Weekend,1.15,Luxury,0.26,3.5,0.759,4.5,100.0,6
hotel,HTL-05,Grand Palace Hotel,Deluxe,5000.0,4920.0,5040.0,1.024,50,32,0.64,0.356,24,0,Low,0.8,Holiday,1.3,Leisure,0.86,0.7,0.457,7.5,57.38,13
hotel,HTL-06,Sea Breeze Resort,Ocean View,6500.0,6510.0,10690.0,1.642,40,18,0.45,0.55,28,0,Holiday,1.6,Normal Day,1.0,Business,0.49,1.7,0.568,2.5,71.61,3
hotel,HTL-07,City Central Inn,Economy Twin,2400.0,2660.0,2640.0,0.992,100,30,0.3,0.702,3,0,Regular,1.0,Normal Day,1.0,Business,0.37,5.9,0.567,4.5,70.32,9
hotel,HTL-08,Mountain Bliss Lodge,Alpine Chalet,7500.0,6970.0,4730.0,0.679,25,17,0.68,0.328,28,0,Low,0.8,Normal Day,1.0,Budget,1.56,1.2,0.207,1.5,24.06,2
hotel,HTL-01,Sea Breeze Resort,Ocean View,6500.0,6760.0,7840.0,1.16,40,20,0.5,0.491,26,0,Regular,1.0,Holiday,1.3,Budget,1.47,3.6,0.419,1.5,57.09,1
hotel,HTL-02,Urban Hub Suites,Penthouse,12000.0,13340.0,21320.0,1.598,10,1,0.1,0.857,6,1,Peak,1.35,Weekend,1.15,Leisure,0.9,0.3,0.686,2.5,94.33,1
hotel,HTL-03,Urban Hub Suites,Penthouse,12000.0,12520.0,12800.0,1.022,10,4,0.4,0.629,20,0,Regular,1.0,Normal Day,1.0,Leisure,0.91,1.4,0.395,2.5,47.91,3
hotel,HTL-04,City Central Inn,Economy Twin,2400.0,2330.0,3320.0,1.425,100,55,0.55,0.447,9,0,Peak,1.35,Normal Day,1.0,Luxury,0.13,4.4,0.624,1.5,77.03,3
hotel,HTL-05,Sea Breeze Resort,Standard Room,3800.0,3720.0,5760.0,1.548,60,38,0.633,0.368,28,1,Peak,1.35,Weekend,1.15,Business,0.42,2.7,0.541,2.5,66.52,3
hotel,HTL-06,Urban Hub Suites,Penthouse,12000.0,11930.0,10230.0,0.858,10,5,0.5,0.492,32,0,Low,0.8,Normal Day,1.0,Business,0.4,3.1,0.417,3.5,46.55,4
hotel,HTL-07,Grand Palace Hotel,Deluxe,5000.0,5560.0,11260.0,2.025,50,1,0.02,0.98,9,1,Holiday,1.6,Weekend,1.15,Business,0.45,1.9,0.748,5.5,100.0,1
hotel,HTL-08,Grand Palace Hotel,Deluxe,5000.0,5410.0,5430.0,1.004,50,15,0.3,0.699,14,1,Regular,1.0,Weekend,1.15,Business,0.47,0.8,0.534,3.5,65.98,7
hotel,HTL-01,City Central Inn,Economy Twin,2400.0,2480.0,2940.0,1.185,100,44,0.44,0.556,5,1,Regular,1.0,Weekend,1.15,Leisure,0.82,0.6,0.562,8.5,73.87,13
hotel,HTL-02,City Central Inn,Economy Twin,2400.0,2610.0,5400.0,2.069,100,15,0.15,0.854,17,1,Peak,1.35,Major Event,1.55,Business,0.37,1.3,0.753,4.5,100.0,11
hotel,HTL-03,Mountain Bliss Lodge,Alpine Chalet,7500.0,8140.0,7790.0,0.957,25,8,0.32,0.678,7,0,Regular,1.0,Normal Day,1.0,Leisure,0.91,1.8,0.423,2.5,52.46,3
hotel,HTL-04,Mountain Bliss Lodge,Alpine Chalet,7500.0,8120.0,8480.0,1.044,25,9,0.36,0.646,4,1,Low,0.8,Concert,1.35,Business,0.52,3.2,0.572,3.5,72.5,7
hotel,HTL-05,Mountain Bliss Lodge,Alpine Chalet,7500.0,8450.0,18780.0,2.222,25,4,0.16,0.848,8,1,Peak,1.35,Festival,1.45,Budget,1.47,1.0,0.687,4.5,100.0,4
hotel,HTL-06,Mountain Bliss Lodge,Alpine Chalet,7500.0,7440.0,6910.0,0.929,25,16,0.64,0.363,33,0,Regular,1.0,Normal Day,1.0,Budget,1.59,0.4,0.281,2.5,36.25,1
hotel,HTL-07,Grand Palace Hotel,Deluxe,5000.0,5240.0,9600.0,1.832,50,24,0.48,0.523,26,1,Holiday,1.6,Weekend,1.15,Leisure,0.98,0.1,0.663,5.5,91.41,11
hotel,HTL-08,Sea Breeze Resort,Ocean View,6500.0,6000.0,4900.0,0.817,40,22,0.55,0.439,18,0,Low,0.8,Normal Day,1.0,Business,0.32,0.9,0.396,1.5,42.48,2
hotel,HTL-01,Mountain Bliss Lodge,Alpine Chalet,7500.0,7240.0,6950.0,0.96,25,12,0.48,0.526,10,0,Regular,1.0,Normal Day,1.0,Business,0.38,4.0,0.495,4.5,58.92,8
hotel,HTL-02,City Central Inn,Economy Twin,2400.0,2540.0,2550.0,1.004,100,33,0.33,0.667,3,0,Regular,1.0,Normal Day,1.0,Budget,1.51,7.7,0.448,0.5,62.11,1
hotel,HTL-03,Mountain Bliss Lodge,Alpine Chalet,7500.0,8360.0,13920.0,1.665,25,6,0.24,0.75,6,0,Holiday,1.6,Normal Day,1.0,Luxury,0.21,1.6,0.727,4.5,94.36,6
hotel,HTL-04,Grand Palace Hotel,Deluxe,5000.0,5280.0,7150.0,1.354,50,17,0.34,0.664,7,1,Regular,1.0,Holiday,1.3,Budget,1.53,0.4,0.545,6.5,77.92,8
hotel,HTL-05,Grand Palace Hotel,Executive Suite,9000.0,8560.0,12360.0,1.444,20,11,0.55,0.444,2,0,Regular,1.0,Holiday,1.3,Budget,1.53,2.2,0.464,4.5,64.99,4
hotel,HTL-06,Grand Palace Hotel,Executive Suite,9000.0,8400.0,6870.0,0.818,20,15,0.75,0.245,14,0,Low,0.8,Normal Day,1.0,Business,0.38,2.3,0.33,1.5,32.37,1
hotel,HTL-07,Urban Hub Suites,Penthouse,12000.0,12460.0,12070.0,0.969,10,3,0.3,0.701,33,0,Regular,1.0,Normal Day,1.0,Leisure,0.92,0.8,0.4,1.5,48.8,2
hotel,HTL-08,Sea Breeze Resort,Standard Room,3800.0,3970.0,3350.0,0.844,60,18,0.3,0.703,22,0,Low,0.8,Normal Day,1.0,Leisure,0.91,0.6,0.342,0.5,39.4,0
hotel,HTL-01,Sea Breeze Resort,Ocean View,6500.0,6870.0,6210.0,0.904,40,13,0.325,0.682,17,1,Low,0.8,Weekend,1.15,Luxury,0.27,1.2,0.527,4.5,62.86,9
hotel,HTL-02,Grand Palace Hotel,Deluxe,5000.0,5480.0,8150.0,1.487,50,8,0.16,0.848,3,1,Peak,1.35,Weekend,1.15,Budget,1.43,2.0,0.645,4.5,92.95,8
hotel,HTL-03,City Central Inn,Economy Twin,2400.0,2340.0,5420.0,2.316,100,40,0.4,0.601,32,1,Peak,1.35,Festival,1.45,Budget,1.46,1.2,0.679,3.5,98.58,7
hotel,HTL-04,Mountain Bliss Lodge,Alpine Chalet,7500.0,7150.0,5420.0,0.758,25,17,0.68,0.326,5,0,Low,0.8,Normal Day,1.0,Leisure,0.91,2.5,0.306,1.5,33.7,4
hotel,HTL-05,Sea Breeze Resort,Ocean View,6500.0,5970.0,4390.0,0.735,40,28,0.7,0.312,29,0,Low,0.8,Normal Day,1.0,Leisure,0.9,0.6,0.256,1.5,25.56,2
hotel,HTL-06,Sea Breeze Resort,Ocean View,6500.0,6440.0,6040.0,0.938,40,25,0.625,0.38,10,0,Regular,1.0,Normal Day,1.0,Luxury,0.27,2.4,0.406,2.5,43.59,2
hotel,HTL-07,Urban Hub Suites,Studio Room,3200.0,3290.0,5020.0,1.526,80,16,0.2,0.795,19,1,Regular,1.0,Concert,1.35,Business,0.4,1.4,0.639,4.5,82.08,5
hotel,HTL-08,Sea Breeze Resort,Ocean View,6500.0,7240.0,10080.0,1.392,40,12,0.3,0.692,8,0,Peak,1.35,Normal Day,1.0,Leisure,0.92,1.1,0.619,10.5,83.91,12
hotel,HTL-01,Urban Hub Suites,Penthouse,12000.0,11690.0,18120.0,1.55,10,7,0.7,0.318,22,0,Holiday,1.6,Normal Day,1.0,Leisure,0.91,0.3,0.503,4.5,65.27,7
hotel,HTL-02,Urban Hub Suites,Penthouse,12000.0,12210.0,17000.0,1.392,10,5,0.5,0.523,19,0,Peak,1.35,Normal Day,1.0,Budget,1.49,1.6,0.525,4.5,74.23,5
hotel,HTL-03,Sea Breeze Resort,Ocean View,6500.0,5870.0,5090.0,0.867,40,25,0.625,0.387,6,0,Low,0.8,Normal Day,1.0,Business,0.4,3.9,0.409,0.5,45.29,1
hotel,HTL-04,Grand Palace Hotel,Deluxe,5000.0,5500.0,8920.0,1.622,50,14,0.28,0.73,1,1,Regular,1.0,Major Event,1.55,Luxury,0.17,5.2,0.765,3.5,100.0,8
hotel,HTL-05,Sea Breeze Resort,Ocean View,6500.0,6710.0,9750.0,1.453,40,17,0.425,0.576,3,1,Peak,1.35,Weekend,1.15,Budget,1.44,2.1,0.618,4.5,88.77,7
hotel,HTL-06,Mountain Bliss Lodge,Alpine Chalet,7500.0,7220.0,5620.0,0.778,25,14,0.56,0.434,19,0,Low,0.8,Normal Day,1.0,Budget,1.56,1.0,0.274,2.5,34.78,2
hotel,HTL-07,Grand Palace Hotel,Executive Suite,9000.0,8860.0,9120.0,1.029,20,11,0.55,0.43,14,0,Regular,1.0,Normal Day,1.0,Leisure,0.91,2.1,0.388,0.5,46.79,0
hotel,HTL-08,Grand Palace Hotel,Deluxe,5000.0,5750.0,6990.0,1.216,50,20,0.4,0.602,6,0,Peak,1.35,Normal Day,1.0,Luxury,0.2,5.8,0.606,3.5,74.93,8
hotel,HTL-01,Mountain Bliss Lodge,Alpine Chalet,7500.0,8370.0,10540.0,1.259,25,4,0.16,0.829,1,1,Regular,1.0,Weekend,1.15,Budget,1.48,2.9,0.561,6.5,80.04,4
hotel,HTL-02,Sea Breeze Resort,Standard Room,3800.0,3810.0,3450.0,0.906,60,35,0.583,0.416,14,0,Regular,1.0,Normal Day,1.0,Budget,1.46,0.9,0.311,0.5,39.76,0
hotel,HTL-03,Urban Hub Suites,Studio Room,3200.0,3190.0,2690.0,0.843,80,37,0.463,0.54,7,0,Low,0.8,Normal Day,1.0,Leisure,0.88,1.1,0.357,5.5,41.63,4
hotel,HTL-04,City Central Inn,Economy Twin,2400.0,2430.0,2680.0,1.103,100,49,0.49,0.505,13,0,Low,0.8,Holiday,1.3,Budget,1.49,0.7,0.366,1.5,48.81,2
hotel,HTL-05,Sea Breeze Resort,Ocean View,6500.0,6760.0,13180.0,1.95,40,11,0.275,0.713,32,1,Holiday,1.6,Weekend,1.15,Budget,1.48,0.8,0.686,7.5,100.0,11
hotel,HTL-06,Mountain Bliss Lodge,Alpine Chalet,7500.0,7370.0,6940.0,0.942,25,11,0.44,0.556,1,0,Regular,1.0,Normal Day,1.0,Leisure,0.82,1.3,0.421,1.5,51.17,2
hotel,HTL-07,City Central Inn,Economy Twin,2400.0,2380.0,2340.0,0.983,100,38,0.38,0.621,8,1,Low,0.8,Weekend,1.15,Budget,1.47,1.1,0.532,7.5,75.16,14
hotel,HTL-08,Grand Palace Hotel,Deluxe,5000.0,5850.0,8950.0,1.53,50,12,0.24,0.759,3,1,Peak,1.35,Weekend,1.15,Business,0.37,5.4,0.753,7.5,100.0,8
hotel,HTL-01,Sea Breeze Resort,Ocean View,6500.0,5770.0,5760.0,0.998,40,31,0.775,0.222,32,0,Regular,1.0,Normal Day,1.0,Leisure,0.99,1.0,0.345,2.5,40.75,3
hotel,HTL-02,Sea Breeze Resort,Ocean View,6500.0,7580.0,11090.0,1.463,40,5,0.125,0.871,8,1,Peak,1.35,Weekend,1.15,Budget,1.52,1.8,0.555,1.5,79.44,3
hotel,HTL-03,Urban Hub Suites,Studio Room,3200.0,3400.0,6560.0,1.929,80,2,0.025,0.98,6,1,Holiday,1.6,Weekend,1.15,Business,0.38,8.8,0.752,5.5,100.0,2
hotel,HTL-04,City Central Inn,Economy Twin,2400.0,2420.0,3510.0,1.45,100,32,0.32,0.677,5,1,Regular,1.0,Holiday,1.3,Budget,1.5,1.6,0.58,3.5,83.17,5
hotel,HTL-05,City Central Inn,Economy Twin,2400.0,2890.0,4910.0,1.699,100,9,0.09,0.908,12,1,Peak,1.35,Weekend,1.15,Budget,1.48,1.1,0.603,2.5,86.65,5
hotel,HTL-06,Urban Hub Suites,Penthouse,12000.0,13400.0,14060.0,1.049,10,1,0.1,0.852,10,1,Low,0.8,Weekend,1.15,Leisure,0.87,1.3,0.549,3.5,72.21,1
hotel,HTL-07,Urban Hub Suites,Penthouse,12000.0,11910.0,18960.0,1.592,10,4,0.4,0.562,8,0,Holiday,1.6,Normal Day,1.0,Leisure,0.9,0.7,0.617,5.5,83.3,4
hotel,HTL-08,Mountain Bliss Lodge,Alpine Chalet,7500.0,7520.0,6840.0,0.91,25,12,0.48,0.507,17,0,Regular,1.0,Normal Day,1.0,Budget,1.52,1.5,0.337,0.5,44.55,0
hotel,HTL-01,Grand Palace Hotel,Executive Suite,9000.0,8600.0,8960.0,1.042,20,11,0.55,0.436,13,0,Regular,1.0,Normal Day,1.0,Budget,1.44,0.3,0.32,2.5,41.0,4
hotel,HTL-02,Sea Breeze Resort,Ocean View,6500.0,6120.0,5350.0,0.874,40,26,0.65,0.36,12,0,Low,0.8,Normal Day,1.0,Budget,1.47,0.4,0.33,4.5,42.89,3
hotel,HTL-03,Grand Palace Hotel,Deluxe,5000.0,5340.0,11500.0,2.154,50,6,0.12,0.882,11,1,Peak,1.35,Festival,1.45,Leisure,0.97,1.8,0.717,3.5,100.0,6
hotel,HTL-04,Mountain Bliss Lodge,Alpine Chalet,7500.0,6980.0,9660.0,1.384,25,17,0.68,0.323,33,0,Peak,1.35,Normal Day,1.0,Business,0.41,2.2,0.518,3.5,62.87,6
hotel,HTL-05,Urban Hub Suites,Studio Room,3200.0,3900.0,4140.0,1.062,80,4,0.05,0.953,5,1,Regular,1.0,Weekend,1.15,Business,0.37,3.3,0.626,5.5,79.65,4
hotel,HTL-06,Sea Breeze Resort,Ocean View,6500.0,6460.0,6960.0,1.077,40,13,0.325,0.676,3,0,Regular,1.0,Normal Day,1.0,Budget,1.45,3.3,0.438,1.5,60.02,1
hotel,HTL-07,Grand Palace Hotel,Executive Suite,9000.0,8810.0,9830.0,1.116,20,11,0.55,0.466,6,0,Low,0.8,Festival,1.45,Budget,1.46,0.5,0.419,2.5,57.02,4
hotel,HTL-08,Sea Breeze Resort,Ocean View,6500.0,6790.0,4630.0,0.682,40,20,0.5,0.503,2,0,Low,0.8,Normal Day,1.0,Leisure,0.96,0.0,0.3,2.5,33.21,3
hotel,HTL-01,Sea Breeze Resort,Standard Room,3800.0,3700.0,5820.0,1.573,60,25,0.417,0.576,11,0,Regular,1.0,Festival,1.45,Budget,1.48,0.6,0.5,2.5,70.23,2
hotel,HTL-02,Sea Breeze Resort,Standard Room,3800.0,3940.0,3660.0,0.929,60,26,0.433,0.559,9,0,Regular,1.0,Normal Day,1.0,Leisure,0.9,2.2,0.5,3.5,64.63,4
hotel,HTL-03,Mountain Bliss Lodge,Alpine Chalet,7500.0,8020.0,7640.0,0.953,25,8,0.32,0.693,9,1,Low,0.8,Holiday,1.3,Luxury,0.23,3.5,0.579,4.5,70.77,8
hotel,HTL-04,Grand Palace Hotel,Deluxe,5000.0,5610.0,4770.0,0.85,50,15,0.3,0.696,5,0,Regular,1.0,Normal Day,1.0,Business,0.43,2.3,0.506,0.5,61.11,1
hotel,HTL-05,City Central Inn,Economy Twin,2400.0,2770.0,3270.0,1.181,100,25,0.25,0.751,3,0,Peak,1.35,Normal Day,1.0,Business,0.42,8.3,0.654,4.5,84.64,7
hotel,HTL-06,Urban Hub Suites,Penthouse,12000.0,12930.0,19290.0,1.492,10,2,0.2,0.783,1,1,Regular,1.0,Festival,1.45,Luxury,0.18,3.1,0.718,1.5,92.63,2
hotel,HTL-07,Mountain Bliss Lodge,Alpine Chalet,7500.0,7420.0,10660.0,1.437,25,15,0.6,0.399,3,0,Regular,1.0,Festival,1.45,Leisure,0.89,1.3,0.546,2.5,71.84,4
hotel,HTL-08,Urban Hub Suites,Studio Room,3200.0,3320.0,5000.0,1.506,80,33,0.412,0.588,37,0,Peak,1.35,Normal Day,1.0,Leisure,0.8,1.8,0.507,3.5,64.82,7
hotel,HTL-01,Urban Hub Suites,Studio Room,3200.0,3520.0,4530.0,1.287,80,33,0.412,0.593,20,0,Regular,1.0,Festival,1.45,Leisure,0.87,1.3,0.619,5.5,83.32,9
hotel,HTL-02,Grand Palace Hotel,Executive Suite,9000.0,9510.0,14160.0,1.489,20,6,0.3,0.706,32,1,Regular,1.0,Festival,1.45,Budget,1.44,2.8,0.563,5.5,79.95,6
hotel,HTL-03,Sea Breeze Resort,Standard Room,3800.0,3890.0,5510.0,1.416,60,23,0.383,0.617,5,0,Regular,1.0,Holiday,1.3,Leisure,1.0,2.2,0.487,1.5,63.57,3
hotel,HTL-04,City Central Inn,Economy Twin,2400.0,2180.0,1650.0,0.757,100,80,0.8,0.196,23,0,Low,0.8,Normal Day,1.0,Luxury,0.23,0.8,0.316,1.5,28.77,1
hotel,HTL-05,City Central Inn,Economy Twin,2400.0,2510.0,4200.0,1.673,100,23,0.23,0.768,6,1,Regular,1.0,Major Event,1.55,Luxury,0.29,4.0,0.758,7.5,100.0,13
hotel,HTL-06,Grand Palace Hotel,Deluxe,5000.0,5600.0,6440.0,1.15,50,14,0.28,0.724,2,1,Low,0.8,Festival,1.45,Budget,1.52,1.5,0.479,2.5,67.28,4
hotel,HTL-07,Mountain Bliss Lodge,Alpine Chalet,7500.0,7330.0,10030.0,1.368,25,18,0.72,0.275,26,0,Peak,1.35,Normal Day,1.0,Leisure,0.91,0.7,0.445,4.5,55.93,5
hotel,HTL-08,Sea Breeze Resort,Standard Room,3800.0,4470.0,10280.0,2.3,60,6,0.1,0.896,2,1,Holiday,1.6,Festival,1.45,Business,0.47,6.0,0.747,4.5,100.0,6
hotel,HTL-01,Mountain Bliss Lodge,Alpine Chalet,7500.0,7750.0,10410.0,1.343,25,9,0.36,0.651,3,0,Peak,1.35,Normal Day,1.0,Budget,1.43,2.5,0.565,6.5,80.17,9
hotel,HTL-02,Grand Palace Hotel,Executive Suite,9000.0,9670.0,9920.0,1.026,20,5,0.25,0.743,14,0,Regular,1.0,Normal Day,1.0,Leisure,0.88,0.9,0.48,4.5,61.21,5
hotel,HTL-03,Mountain Bliss Lodge,Alpine Chalet,7500.0,8300.0,8140.0,0.981,25,8,0.32,0.694,29,1,Regular,1.0,Weekend,1.15,Luxury,0.16,2.1,0.641,8.5,80.14,8
hotel,HTL-04,Urban Hub Suites,Penthouse,12000.0,12910.0,19570.0,1.516,10,4,0.4,0.564,17,0,Holiday,1.6,Normal Day,1.0,Budget,1.59,0.4,0.502,5.5,71.59,4
hotel,HTL-05,Urban Hub Suites,Studio Room,3200.0,3230.0,4320.0,1.337,80,34,0.425,0.577,7,0,Regular,1.0,Holiday,1.3,Business,0.43,2.9,0.522,1.5,63.59,3
hotel,HTL-06,Sea Breeze Resort,Standard Room,3800.0,3450.0,3560.0,1.032,60,43,0.717,0.289,25,0,Regular,1.0,Normal Day,1.0,Budget,1.44,3.2,0.238,1.5,27.86,1
hotel,HTL-07,Urban Hub Suites,Studio Room,3200.0,3010.0,4830.0,1.605,80,39,0.487,0.511,6,0,Holiday,1.6,Normal Day,1.0,Budget,1.44,0.4,0.585,4.5,83.44,8
hotel,HTL-08,Urban Hub Suites,Penthouse,12000.0,12450.0,19380.0,1.557,10,3,0.3,0.683,16,0,Holiday,1.6,Normal Day,1.0,Leisure,0.86,0.5,0.642,5.5,87.02,3
hotel,HTL-01,Sea Breeze Resort,Ocean View,6500.0,7550.0,16820.0,2.228,40,6,0.15,0.86,32,1,Holiday,1.6,Concert,1.35,Business,0.37,2.3,0.753,7.5,100.0,6
hotel,HTL-02,Sea Breeze Resort,Ocean View,6500.0,7010.0,7410.0,1.057,40,12,0.3,0.701,5,0,Regular,1.0,Normal Day,1.0,Leisure,0.94,0.6,0.476,1.5,61.13,2
hotel,HTL-03,Urban Hub Suites,Penthouse,12000.0,11420.0,9360.0,0.82,10,5,0.5,0.491,6,0,Low,0.8,Normal Day,1.0,Luxury,0.2,4.0,0.418,0.5,44.72,0
hotel,HTL-04,Sea Breeze Resort,Ocean View,6500.0,7300.0,7840.0,1.074,40,13,0.325,0.673,9,0,Regular,1.0,Normal Day,1.0,Business,0.39,2.9,0.537,4.5,65.68,7
hotel,HTL-05,Mountain Bliss Lodge,Alpine Chalet,7500.0,7120.0,6670.0,0.937,25,17,0.68,0.321,32,0,Regular,1.0,Normal Day,1.0,Budget,1.43,1.8,0.27,3.5,32.95,1
hotel,HTL-06,Grand Palace Hotel,Deluxe,5000.0,4320.0,4510.0,1.044,50,45,0.9,0.104,44,0,Regular,1.0,Normal Day,1.0,Business,0.45,1.1,0.309,2.5,29.74,2
hotel,HTL-07,Mountain Bliss Lodge,Alpine Chalet,7500.0,8050.0,8200.0,1.019,25,10,0.4,0.61,40,0,Regular,1.0,Normal Day,1.0,Business,0.42,4.6,0.486,1.5,57.75,3
hotel,HTL-08,City Central Inn,Economy Twin,2400.0,2310.0,4040.0,1.749,100,45,0.45,0.553,7,0,Holiday,1.6,Normal Day,1.0,Leisure,0.9,0.7,0.611,3.5,82.45,6
hotel,HTL-01,Mountain Bliss Lodge,Alpine Chalet,7500.0,7400.0,6170.0,0.834,25,15,0.6,0.393,6,0,Low,0.8,Normal Day,1.0,Leisure,0.85,4.8,0.418,1.5,51.02,2
hotel,HTL-02,Sea Breeze Resort,Ocean View,6500.0,6300.0,5990.0,0.951,40,21,0.525,0.481,12,0,Regular,1.0,Normal Day,1.0,Budget,1.47,2.6,0.409,2.5,55.56,3
hotel,HTL-03,Grand Palace Hotel,Deluxe,5000.0,5220.0,6190.0,1.186,50,14,0.28,0.726,7,1,Regular,1.0,Weekend,1.15,Business,0.43,8.8,0.677,3.5,88.37,9
hotel,HTL-04,Mountain Bliss Lodge,Alpine Chalet,7500.0,8040.0,17720.0,2.204,25,7,0.28,0.723,29,1,Peak,1.35,Major Event,1.55,Business,0.4,4.3,0.751,2.5,100.0,5
hotel,HTL-05,Sea Breeze Resort,Standard Room,3800.0,4210.0,4230.0,1.005,60,22,0.367,0.625,1,0,Regular,1.0,Normal Day,1.0,Leisure,0.95,3.4,0.503,3.5,65.53,5
hotel,HTL-06,City Central Inn,Economy Twin,2400.0,2540.0,3700.0,1.457,100,42,0.42,0.578,6,0,Regular,1.0,Festival,1.45,Leisure,0.93,1.5,0.599,2.5,80.75,4
hotel,HTL-07,Sea Breeze Resort,Standard Room,3800.0,3850.0,5570.0,1.447,60,31,0.517,0.48,19,0,Peak,1.35,Normal Day,1.0,Leisure,0.84,5.2,0.53,2.5,68.88,4
hotel,HTL-08,Urban Hub Suites,Studio Room,3200.0,3460.0,5070.0,1.465,80,34,0.425,0.57,13,1,Peak,1.35,Weekend,1.15,Business,0.42,2.1,0.671,5.5,87.43,11
hotel,HTL-01,Sea Breeze Resort,Standard Room,3800.0,3970.0,3180.0,0.801,60,24,0.4,0.602,13,0,Low,0.8,Normal Day,1.0,Luxury,0.27,3.3,0.468,4.5,53.54,4
hotel,HTL-02,Urban Hub Suites,Penthouse,12000.0,11630.0,9600.0,0.825,10,7,0.7,0.34,17,0,Low,0.8,Normal Day,1.0,Budget,1.52,0.5,0.313,3.5,40.64,3
hotel,HTL-03,Sea Breeze Resort,Ocean View,6500.0,5550.0,8540.0,1.539,40,29,0.725,0.268,13,1,Peak,1.35,Weekend,1.15,Business,0.44,3.8,0.644,3.5,83.26,6
hotel,HTL-04,Sea Breeze Resort,Ocean View,6500.0,6960.0,13950.0,2.004,40,16,0.4,0.598,14,0,Peak,1.35,Festival,1.45,Leisure,0.85,0.8,0.671,1.5,91.46,2
hotel,HTL-05,Sea Breeze Resort,Standard Room,3800.0,4250.0,6530.0,1.536,60,12,0.2,0.802,6,1,Regular,1.0,Major Event,1.55,Luxury,0.26,3.4,0.759,6.5,100.0,12
hotel,HTL-06,City Central Inn,Economy Twin,2400.0,2660.0,2780.0,1.045,100,26,0.26,0.745,2,0,Regular,1.0,Normal Day,1.0,Business,0.4,2.4,0.545,1.5,67.0,2
hotel,HTL-07,Mountain Bliss Lodge,Alpine Chalet,7500.0,7620.0,9400.0,1.234,25,14,0.56,0.444,26,0,Peak,1.35,Normal Day,1.0,Luxury,0.18,0.7,0.547,5.5,65.28,9
hotel,HTL-08,Grand Palace Hotel,Executive Suite,9000.0,9160.0,8040.0,0.878,20,10,0.5,0.483,14,0,Regular,1.0,Normal Day,1.0,Luxury,0.32,4.2,0.473,1.5,54.83,2
hotel,HTL-01,Sea Breeze Resort,Ocean View,6500.0,7250.0,7620.0,1.051,40,12,0.3,0.7,13,0,Regular,1.0,Normal Day,1.0,Luxury,0.26,2.1,0.532,2.5,63.62,5
hotel,HTL-02,Urban Hub Suites,Studio Room,3200.0,3200.0,2620.0,0.819,80,40,0.5,0.506,6,0,Low,0.8,Normal Day,1.0,Luxury,0.17,2.9,0.419,0.5,44.64,0
hotel,HTL-03,Mountain Bliss Lodge,Alpine Chalet,7500.0,7400.0,9570.0,1.293,25,13,0.52,0.481,12,0,Peak,1.35,Normal Day,1.0,Leisure,0.95,1.1,0.558,4.5,74.36,8
hotel,HTL-04,Grand Palace Hotel,Deluxe,5000.0,4800.0,3640.0,0.758,50,32,0.64,0.363,26,0,Low,0.8,Normal Day,1.0,Leisure,0.89,0.8,0.303,1.5,33.06,3
hotel,HTL-05,Grand Palace Hotel,Deluxe,5000.0,5010.0,9850.0,1.966,50,17,0.34,0.653,12,0,Peak,1.35,Holiday,1.3,Leisure,0.94,2.4,0.719,6.5,100.0,11
hotel,HTL-06,Sea Breeze Resort,Ocean View,6500.0,7230.0,10660.0,1.474,40,9,0.225,0.773,3,1,Regular,1.0,Major Event,1.55,Leisure,0.85,0.4,0.608,3.5,81.46,5
hotel,HTL-07,Sea Breeze Resort,Standard Room,3800.0,3940.0,3380.0,0.858,60,15,0.25,0.747,10,0,Low,0.8,Normal Day,1.0,Business,0.41,10.4,0.551,2.5,68.14,3
hotel,HTL-08,Mountain Bliss Lodge,Alpine Chalet,7500.0,7780.0,11160.0,1.434,25,11,0.44,0.571,5,0,Peak,1.35,Normal Day,1.0,Budget,1.47,2.7,0.601,5.5,86.26,10
hotel,HTL-01,Sea Breeze Resort,Ocean View,6500.0,6470.0,8740.0,1.351,40,21,0.525,0.482,15,0,Peak,1.35,Normal Day,1.0,Budget,1.46,0.4,0.468,4.5,64.94,3
hotel,HTL-02,Sea Breeze Resort,Standard Room,3800.0,4360.0,4900.0,1.124,60,4,0.067,0.929,1,1,Regular,1.0,Weekend,1.15,Business,0.38,5.9,0.702,4.5,91.99,4
hotel,HTL-03,Urban Hub Suites,Studio Room,3200.0,3280.0,4650.0,1.418,80,20,0.25,0.75,14,1,Regular,1.0,Holiday,1.3,Business,0.41,3.4,0.717,5.5,94.6,14
hotel,HTL-04,Sea Breeze Resort,Standard Room,3800.0,3680.0,5380.0,1.462,60,37,0.617,0.391,1,0,Regular,1.0,Festival,1.45,Leisure,0.85,4.7,0.526,3.5,68.4,7
hotel,HTL-05,Grand Palace Hotel,Deluxe,5000.0,5220.0,4840.0,0.927,50,18,0.36,0.641,15,1,Low,0.8,Weekend,1.15,Business,0.38,6.1,0.529,4.5,64.27,4
hotel,HTL-06,Sea Breeze Resort,Standard Room,3800.0,4030.0,6130.0,1.521,60,19,0.317,0.688,4,1,Regular,1.0,Festival,1.45,Business,0.35,0.9,0.658,2.5,84.69,7
hotel,HTL-07,Grand Palace Hotel,Executive Suite,9000.0,9640.0,18760.0,1.946,20,8,0.4,0.576,43,1,Holiday,1.6,Weekend,1.15,Leisure,0.87,0.1,0.607,0.5,81.45,0
hotel,HTL-08,Grand Palace Hotel,Executive Suite,9000.0,8930.0,10250.0,1.148,20,11,0.55,0.443,4,0,Low,0.8,Festival,1.45,Budget,1.53,0.5,0.462,3.5,64.59,6
hotel,HTL-01,Grand Palace Hotel,Deluxe,5000.0,4570.0,4980.0,1.09,50,33,0.66,0.341,38,0,Regular,1.0,Normal Day,1.0,Leisure,0.89,2.7,0.344,1.5,39.55,1
hotel,HTL-02,Urban Hub Suites,Penthouse,12000.0,11250.0,27640.0,2.457,10,5,0.5,0.513,43,0,Holiday,1.6,Holiday,1.3,Luxury,0.24,3.7,0.761,4.5,100.0,5
hotel,HTL-03,Urban Hub Suites,Penthouse,12000.0,11840.0,12420.0,1.049,10,6,0.6,0.397,12,0,Low,0.8,Holiday,1.3,Business,0.39,4.3,0.449,2.5,51.57,3
hotel,HTL-04,Mountain Bliss Lodge,Alpine Chalet,7500.0,7870.0,9050.0,1.15,25,14,0.56,0.453,17,0,Peak,1.35,Normal Day,1.0,Leisure,0.87,0.5,0.496,5.5,63.75,6
hotel,HTL-05,Grand Palace Hotel,Executive Suite,9000.0,9300.0,11700.0,1.258,20,8,0.4,0.625,2,0,Peak,1.35,Normal Day,1.0,Budget,1.35,0.4,0.523,5.5,72.66,8
hotel,HTL-06,Urban Hub Suites,Studio Room,3200.0,3480.0,3560.0,1.023,80,36,0.45,0.544,2,0,Regular,1.0,Normal Day,1.0,Budget,1.52,0.7,0.385,2.5,52.24,3
hotel,HTL-07,Sea Breeze Resort,Standard Room,3800.0,3900.0,4470.0,1.146,60,21,0.35,0.655,2,0,Low,0.8,Holiday,1.3,Leisure,0.9,0.7,0.549,5.5,72.55,9
hotel,HTL-08,Urban Hub Suites,Penthouse,12000.0,11540.0,13130.0,1.138,10,5,0.5,0.484,11,0,Regular,1.0,Normal Day,1.0,Leisure,0.91,0.2,0.439,4.5,55.01,3
hotel,HTL-01,Urban Hub Suites,Studio Room,3200.0,3320.0,6810.0,2.051,80,37,0.463,0.54,13,1,Peak,1.35,Major Event,1.55,Business,0.44,2.1,0.749,5.5,100.0,12
hotel,HTL-02,City Central Inn,Economy Twin,2400.0,2440.0,5280.0,2.164,100,31,0.31,0.692,11,0,Peak,1.35,Festival,1.45,Leisure,0.91,1.1,0.72,5.5,100.0,12
hotel,HTL-03,Sea Breeze Resort,Standard Room,3800.0,3870.0,4010.0,1.036,60,27,0.45,0.546,10,0,Regular,1.0,Normal Day,1.0,Business,0.34,3.6,0.453,3.5,51.71,3
hotel,HTL-04,Urban Hub Suites,Studio Room,3200.0,2950.0,4630.0,1.569,80,61,0.762,0.243,31,0,Holiday,1.6,Normal Day,1.0,Business,0.27,2.3,0.596,6.5,73.96,13
hotel,HTL-05,Grand Palace Hotel,Deluxe,5000.0,5190.0,6550.0,1.262,50,19,0.38,0.616,10,1,Regular,1.0,Weekend,1.15,Luxury,0.25,1.1,0.6,2.5,74.35,1
hotel,HTL-06,Urban Hub Suites,Penthouse,12000.0,12780.0,17020.0,1.332,10,5,0.5,0.514,8,0,Peak,1.35,Normal Day,1.0,Business,0.4,3.0,0.527,5.5,64.24,5
hotel,HTL-07,City Central Inn,Economy Twin,2400.0,2840.0,4100.0,1.444,100,22,0.22,0.784,2,0,Regular,1.0,Festival,1.45,Budget,1.36,5.1,0.612,5.5,86.94,12
hotel,HTL-08,Grand Palace Hotel,Deluxe,5000.0,5440.0,4870.0,0.895,50,9,0.18,0.828,12,1,Low,0.8,Weekend,1.15,Leisure,0.83,0.1,0.521,3.5,67.37,4
hotel,HTL-01,Sea Breeze Resort,Ocean View,6500.0,6610.0,8340.0,1.262,40,20,0.5,0.509,13,0,Peak,1.35,Normal Day,1.0,Business,0.42,0.4,0.606,8.5,76.99,17
hotel,HTL-02,Grand Palace Hotel,Executive Suite,9000.0,9200.0,8670.0,0.942,20,9,0.45,0.574,10,1,Low,0.8,Weekend,1.15,Leisure,0.9,2.1,0.463,4.5,58.75,4
hotel,HTL-03,Grand Palace Hotel,Executive Suite,9000.0,10240.0,10340.0,1.01,20,3,0.15,0.846,9,1,Low,0.8,Holiday,1.3,Leisure,0.95,1.5,0.61,8.5,82.68,3
hotel,HTL-04,City Central Inn,Economy Twin,2400.0,2690.0,1960.0,0.729,100,33,0.33,0.67,1,0,Low,0.8,Normal Day,1.0,Budget,1.37,0.5,0.31,0.5,38.82,0
hotel,HTL-05,Urban Hub Suites,Penthouse,12000.0,13050.0,9970.0,0.764,10,3,0.3,0.734,12,0,Low,0.8,Normal Day,1.0,Budget,1.47,0.5,0.298,3.5,37.84,1
hotel,HTL-06,Sea Breeze Resort,Ocean View,6500.0,6290.0,5310.0,0.844,40,25,0.625,0.367,9,0,Low,0.8,Normal Day,1.0,Budget,1.39,1.5,0.267,2.5,32.06,3
hotel,HTL-07,Grand Palace Hotel,Deluxe,5000.0,5680.0,8030.0,1.414,50,12,0.24,0.759,1,1,Regular,1.0,Festival,1.45,Business,0.42,3.1,0.737,4.5,97.91,11
hotel,HTL-08,City Central Inn,Economy Twin,2400.0,2340.0,2280.0,0.974,100,60,0.6,0.403,25,0,Regular,1.0,Normal Day,1.0,Business,0.4,4.7,0.48,5.5,56.57,8
hotel,HTL-01,City Central Inn,Economy Twin,2400.0,2600.0,2310.0,0.888,100,28,0.28,0.724,13,1,Low,0.8,Weekend,1.15,Budget,1.57,0.7,0.438,2.5,61.17,2
hotel,HTL-02,Sea Breeze Resort,Standard Room,3800.0,3770.0,6610.0,1.753,60,23,0.383,0.624,26,1,Regular,1.0,Festival,1.45,Business,0.42,2.5,0.686,3.5,89.8,7
hotel,HTL-03,Urban Hub Suites,Penthouse,12000.0,12530.0,13130.0,1.048,10,4,0.4,0.588,15,0,Regular,1.0,Normal Day,1.0,Leisure,0.96,1.9,0.372,1.5,44.74,4
hotel,HTL-04,Urban Hub Suites,Studio Room,3200.0,3330.0,3000.0,0.901,80,42,0.525,0.477,2,0,Regular,1.0,Normal Day,1.0,Leisure,0.85,1.5,0.422,3.5,51.75,5
hotel,HTL-05,Grand Palace Hotel,Deluxe,5000.0,5170.0,5100.0,0.986,50,23,0.46,0.532,4,0,Regular,1.0,Normal Day,1.0,Leisure,0.93,0.2,0.448,2.5,56.66,5
hotel,HTL-06,Sea Breeze Resort,Ocean View,6500.0,5590.0,4530.0,0.81,40,32,0.8,0.207,28,0,Low,0.8,Normal Day,1.0,Business,0.42,3.8,0.376,2.5,40.26,2
hotel,HTL-07,Sea Breeze Resort,Standard Room,3800.0,3690.0,7410.0,2.008,60,25,0.417,0.575,44,1,Holiday,1.6,Weekend,1.15,Budget,1.6,0.6,0.574,4.5,83.22,6
hotel,HTL-08,Sea Breeze Resort,Standard Room,3800.0,3440.0,3050.0,0.887,60,31,0.517,0.476,7,0,Low,0.8,Normal Day,1.0,Budget,1.57,0.8,0.294,1.5,38.17,1
hotel,HTL-01,City Central Inn,Economy Twin,2400.0,2480.0,2510.0,1.012,100,47,0.47,0.53,8,0,Regular,1.0,Normal Day,1.0,Luxury,0.21,0.9,0.457,1.5,51.06,3
hotel,HTL-02,Urban Hub Suites,Studio Room,3200.0,3250.0,4300.0,1.323,80,30,0.375,0.625,7,0,Regular,1.0,Holiday,1.3,Business,0.38,3.2,0.653,5.5,84.07,13
hotel,HTL-03,City Central Inn,Economy Twin,2400.0,2590.0,4190.0,1.618,100,15,0.15,0.852,12,1,Regular,1.0,Major Event,1.55,Luxury,0.28,1.1,0.739,5.5,96.87,15
hotel,HTL-04,Sea Breeze Resort,Standard Room,3800.0,3740.0,2830.0,0.757,60,36,0.6,0.405,20,0,Low,0.8,Normal Day,1.0,Leisure,1.0,2.2,0.332,1.5,38.72,1
hotel,HTL-05,Grand Palace Hotel,Executive Suite,9000.0,9350.0,9060.0,0.969,20,9,0.45,0.573,1,0,Regular,1.0,Normal Day,1.0,Leisure,0.95,2.4,0.45,1.5,57.16,3
hotel,HTL-06,Urban Hub Suites,Studio Room,3200.0,3230.0,3110.0,0.963,80,43,0.537,0.457,18,0,Regular,1.0,Normal Day,1.0,Budget,1.54,0.9,0.272,2.5,34.31,3
hotel,HTL-07,Grand Palace Hotel,Deluxe,5000.0,5710.0,7040.0,1.233,50,8,0.16,0.831,2,1,Regular,1.0,Holiday,1.3,Budget,1.51,4.1,0.556,4.5,79.44,7
hotel,HTL-08,Sea Breeze Resort,Ocean View,6500.0,6870.0,6150.0,0.895,40,13,0.325,0.685,2,0,Low,0.8,Normal Day,1.0,Business,0.47,1.6,0.483,3.5,57.74,5
hotel,HTL-01,Sea Breeze Resort,Standard Room,3800.0,4030.0,5040.0,1.251,60,26,0.433,0.568,6,0,Peak,1.35,Normal Day,1.0,Business,0.43,1.5,0.575,6.5,72.18,7
hotel,HTL-02,Sea Breeze Resort,Ocean View,6500.0,6470.0,8490.0,1.312,40,14,0.35,0.655,22,1,Regular,1.0,Weekend,1.15,Leisure,0.84,2.4,0.545,2.5,71.25,3
hotel,HTL-03,Urban Hub Suites,Penthouse,12000.0,11210.0,12350.0,1.102,10,5,0.5,0.525,23,0,Regular,1.0,Normal Day,1.0,Leisure,0.92,1.7,0.35,0.5,40.86,0
hotel,HTL-04,Sea Breeze Resort,Ocean View,6500.0,6600.0,5240.0,0.794,40,18,0.45,0.547,3,0,Low,0.8,Normal Day,1.0,Leisure,0.94,2.0,0.453,6.5,57.53,8
hotel,HTL-05,Urban Hub Suites,Studio Room,3200.0,3050.0,3160.0,1.036,80,47,0.588,0.408,30,0,Regular,1.0,Normal Day,1.0,Business,0.33,2.1,0.387,0.5,41.04,0
hotel,HTL-06,City Central Inn,Economy Twin,2400.0,2340.0,2420.0,1.034,100,56,0.56,0.435,5,0,Regular,1.0,Normal Day,1.0,Business,0.43,1.6,0.503,3.5,60.68,4
hotel,HTL-07,Mountain Bliss Lodge,Alpine Chalet,7500.0,8700.0,15390.0,1.769,25,2,0.08,0.913,21,1,Holiday,1.6,Weekend,1.15,Leisure,0.82,3.2,0.726,7.5,100.0,2
hotel,HTL-08,City Central Inn,Economy Twin,2400.0,2580.0,2550.0,0.988,100,39,0.39,0.613,9,1,Low,0.8,Weekend,1.15,Leisure,0.86,0.8,0.534,5.5,69.62,12
hotel,HTL-01,Urban Hub Suites,Penthouse,12000.0,10220.0,9670.0,0.946,10,8,0.8,0.205,50,0,Regular,1.0,Normal Day,1.0,Budget,1.55,0.3,0.284,1.5,36.36,2
hotel,HTL-02,Urban Hub Suites,Penthouse,12000.0,11240.0,8000.0,0.712,10,9,0.9,0.1,54,0,Low,0.8,Normal Day,1.0,Business,0.41,1.2,0.264,0.5,22.17,0
hotel,HTL-03,Sea Breeze Resort,Ocean View,6500.0,7070.0,7110.0,1.006,40,15,0.375,0.628,27,0,Regular,1.0,Normal Day,1.0,Luxury,0.24,0.7,0.43,2.5,47.18,1
hotel,HTL-04,Sea Breeze Resort,Standard Room,3800.0,3570.0,3430.0,0.961,60,39,0.65,0.351,11,0,Regular,1.0,Normal Day,1.0,Budget,1.43,0.7,0.32,1.5,40.95,0
hotel,HTL-05,Sea Breeze Resort,Standard Room,3800.0,3510.0,2880.0,0.821,60,39,0.65,0.344,11,0,Low,0.8,Normal Day,1.0,Budget,1.49,0.7,0.249,0.5,30.22,0
hotel,HTL-06,Grand Palace Hotel,Deluxe,5000.0,4780.0,6570.0,1.374,50,30,0.6,0.408,14,0,Peak,1.35,Normal Day,1.0,Business,0.48,2.2,0.546,4.5,67.98,7
hotel,HTL-07,Urban Hub Suites,Penthouse,12000.0,11900.0,23590.0,1.982,10,4,0.4,0.605,14,0,Peak,1.35,Holiday,1.3,Budget,1.5,0.3,0.587,2.5,84.31,4
hotel,HTL-08,City Central Inn,Economy Twin,2400.0,2390.0,3050.0,1.276,100,62,0.62,0.377,1,0,Peak,1.35,Normal Day,1.0,Budget,1.54,3.3,0.464,5.5,65.1,7
hotel,HTL-01,City Central Inn,Economy Twin,2400.0,2450.0,2880.0,1.176,100,30,0.3,0.703,7,1,Regular,1.0,Weekend,1.15,Business,0.37,6.3,0.68,4.5,88.3,9
hotel,HTL-02,Urban Hub Suites,Penthouse,12000.0,12050.0,12270.0,1.018,10,5,0.5,0.451,39,0,Regular,1.0,Normal Day,1.0,Budget,1.54,0.0,0.328,4.5,43.2,5
hotel,HTL-03,Urban Hub Suites,Studio Room,3200.0,3130.0,3140.0,1.003,80,38,0.475,0.522,13,0,Regular,1.0,Normal Day,1.0,Budget,1.49,0.1,0.383,3.5,51.55,2
hotel,HTL-04,Grand Palace Hotel,Deluxe,5000.0,5130.0,6770.0,1.32,50,29,0.58,0.427,36,0,Peak,1.35,Normal Day,1.0,Luxury,0.22,6.6,0.531,2.5,63.07,4
hotel,HTL-05,Urban Hub Suites,Studio Room,3200.0,3510.0,3690.0,1.051,80,32,0.4,0.604,5,0,Regular,1.0,Normal Day,1.0,Business,0.37,3.8,0.471,1.5,54.97,1
hotel,HTL-06,Grand Palace Hotel,Deluxe,5000.0,5230.0,4930.0,0.943,50,28,0.56,0.447,1,0,Regular,1.0,Normal Day,1.0,Leisure,0.96,0.2,0.476,6.5,61.44,7
hotel,HTL-07,Mountain Bliss Lodge,Alpine Chalet,7500.0,8520.0,13220.0,1.552,25,6,0.24,0.776,2,0,Holiday,1.6,Normal Day,1.0,Business,0.37,4.3,0.68,3.5,88.31,6
hotel,HTL-08,Grand Palace Hotel,Executive Suite,9000.0,9950.0,8660.0,0.87,20,4,0.2,0.81,2,1,Low,0.8,Weekend,1.15,Budget,1.44,1.0,0.369,3.5,48.88,2
hotel,HTL-01,Sea Breeze Resort,Standard Room,3800.0,4340.0,5320.0,1.226,60,19,0.317,0.682,4,1,Regular,1.0,Weekend,1.15,Luxury,0.16,2.4,0.662,6.5,83.42,7
hotel,HTL-02,Grand Palace Hotel,Executive Suite,9000.0,8590.0,12900.0,1.502,20,11,0.55,0.438,8,0,Peak,1.35,Normal Day,1.0,Business,0.39,7.9,0.691,6.5,90.25,11
hotel,HTL-03,Grand Palace Hotel,Deluxe,5000.0,6100.0,6700.0,1.098,50,8,0.16,0.833,3,1,Regular,1.0,Weekend,1.15,Business,0.4,7.5,0.633,4.5,81.18,6
hotel,HTL-04,Sea Breeze Resort,Standard Room,3800.0,4570.0,7080.0,1.549,60,5,0.083,0.915,3,0,Holiday,1.6,Normal Day,1.0,Leisure,0.8,0.7,0.644,4.5,86.77,5
hotel,HTL-05,Urban Hub Suites,Penthouse,12000.0,12570.0,10020.0,0.797,10,5,0.5,0.537,3,0,Low,0.8,Normal Day,1.0,Leisure,0.89,0.6,0.419,3.5,51.56,4
hotel,HTL-06,City Central Inn,Economy Twin,2400.0,2410.0,3600.0,1.494,100,41,0.41,0.595,18,1,Peak,1.35,Weekend,1.15,Budget,1.46,0.8,0.564,4.5,80.27,6
hotel,HTL-07,Urban Hub Suites,Penthouse,12000.0,11720.0,12020.0,1.026,10,5,0.5,0.514,6,0,Regular,1.0,Normal Day,1.0,Budget,1.51,1.2,0.401,2.5,54.61,1
hotel,HTL-08,Grand Palace Hotel,Executive Suite,9000.0,8550.0,9110.0,1.065,20,14,0.7,0.303,13,0,Regular,1.0,Normal Day,1.0,Leisure,0.88,1.6,0.432,2.5,53.51,3
hotel,HTL-01,Sea Breeze Resort,Ocean View,6500.0,6140.0,11220.0,1.827,40,18,0.45,0.561,5,0,Holiday,1.6,Normal Day,1.0,Budget,1.38,0.0,0.573,4.5,80.98,8
hotel,HTL-02,Urban Hub Suites,Penthouse,12000.0,10690.0,11060.0,1.035,10,7,0.7,0.301,22,0,Regular,1.0,Normal Day,1.0,Leisure,0.9,3.5,0.417,2.5,51.34,2
hotel,HTL-03,Urban Hub Suites,Studio Room,3200.0,3390.0,4350.0,1.283,80,34,0.425,0.578,7,0,Peak,1.35,Normal Day,1.0,Budget,1.44,0.9,0.413,2.5,55.91,2
hotel,HTL-04,Grand Palace Hotel,Executive Suite,9000.0,8820.0,13230.0,1.5,20,12,0.6,0.396,57,0,Holiday,1.6,Normal Day,1.0,Leisure,0.9,1.3,0.456,3.5,57.55,5
hotel,HTL-05,Mountain Bliss Lodge,Alpine Chalet,7500.0,7230.0,5280.0,0.73,25,17,0.68,0.304,23,0,Low,0.8,Normal Day,1.0,Business,0.38,5.3,0.381,3.5,40.58,6
hotel,HTL-06,Grand Palace Hotel,Deluxe,5000.0,4860.0,5710.0,1.175,50,29,0.58,0.415,1,0,Peak,1.35,Normal Day,1.0,Luxury,0.17,3.3,0.645,8.5,80.83,20
hotel,HTL-07,Grand Palace Hotel,Deluxe,5000.0,5110.0,7960.0,1.558,50,17,0.34,0.67,2,0,Holiday,1.6,Normal Day,1.0,Business,0.37,2.3,0.647,2.5,82.99,4
hotel,HTL-08,City Central Inn,Economy Twin,2400.0,2560.0,3540.0,1.383,100,35,0.35,0.648,5,0,Peak,1.35,Normal Day,1.0,Budget,1.45,2.0,0.472,2.5,65.46,5
hotel,HTL-01,Sea Breeze Resort,Ocean View,6500.0,6400.0,7210.0,1.127,40,27,0.675,0.329,26,0,Low,0.8,Festival,1.45,Luxury,0.22,3.7,0.547,7.5,65.65,15
hotel,HTL-02,Sea Breeze Resort,Ocean View,6500.0,6200.0,6660.0,1.074,40,25,0.625,0.38,32,0,Low,0.8,Holiday,1.3,Budget,1.46,2.5,0.478,9.5,66.57,16
hotel,HTL-03,Sea Breeze Resort,Ocean View,6500.0,6880.0,7770.0,1.129,40,16,0.4,0.589,1,1,Regular,1.0,Weekend,1.15,Leisure,0.94,1.9,0.522,2.5,68.51,1
hotel,HTL-04,Grand Palace Hotel,Deluxe,5000.0,4880.0,7690.0,1.576,50,21,0.42,0.576,4,0,Peak,1.35,Normal Day,1.0,Budget,1.48,0.8,0.555,4.5,78.94,6
hotel,HTL-05,Grand Palace Hotel,Executive Suite,9000.0,9710.0,9960.0,1.026,20,7,0.35,0.66,4,0,Regular,1.0,Normal Day,1.0,Budget,1.48,1.2,0.404,2.5,54.84,4
hotel,HTL-06,Urban Hub Suites,Studio Room,3200.0,3160.0,3450.0,1.092,80,38,0.475,0.526,7,0,Regular,1.0,Normal Day,1.0,Leisure,1.0,0.1,0.455,4.5,58.48,6
hotel,HTL-07,Sea Breeze Resort,Standard Room,3800.0,4040.0,6750.0,1.671,60,15,0.25,0.748,11,1,Regular,1.0,Festival,1.45,Leisure,0.9,0.7,0.685,6.5,94.25,10
hotel,HTL-08,Sea Breeze Resort,Standard Room,3800.0,3590.0,6120.0,1.705,60,37,0.617,0.385,13,0,Holiday,1.6,Normal Day,1.0,Budget,1.46,0.9,0.556,4.5,78.97,8
hotel,HTL-01,Mountain Bliss Lodge,Alpine Chalet,7500.0,7590.0,6090.0,0.802,25,12,0.48,0.506,3,0,Low,0.8,Normal Day,1.0,Business,0.44,0.8,0.438,4.5,50.38,6
hotel,HTL-02,Grand Palace Hotel,Deluxe,5000.0,4780.0,6260.0,1.31,50,30,0.6,0.392,41,0,Regular,1.0,Holiday,1.3,Business,0.35,6.6,0.597,4.5,74.89,7
hotel,HTL-03,Mountain Bliss Lodge,Alpine Chalet,7500.0,8640.0,8230.0,0.953,25,1,0.04,0.98,3,1,Low,0.8,Weekend,1.15,Budget,1.48,0.7,0.448,3.5,61.97,1
hotel,HTL-04,Mountain Bliss Lodge,Alpine Chalet,7500.0,8050.0,9330.0,1.159,25,6,0.24,0.757,5,1,Regular,1.0,Weekend,1.15,Leisure,0.91,2.2,0.532,4.5,69.85,6
hotel,HTL-05,Mountain Bliss Lodge,Alpine Chalet,7500.0,7500.0,10630.0,1.417,25,10,0.4,0.583,15,0,Peak,1.35,Normal Day,1.0,Budget,1.42,4.0,0.463,1.5,63.66,4
hotel,HTL-06,Urban Hub Suites,Penthouse,12000.0,12350.0,12740.0,1.032,10,4,0.4,0.554,7,0,Low,0.8,Holiday,1.3,Leisure,0.9,0.6,0.517,6.5,67.29,4
hotel,HTL-07,Urban Hub Suites,Penthouse,12000.0,13050.0,24940.0,1.911,10,3,0.3,0.654,17,1,Peak,1.35,Festival,1.45,Leisure,0.89,0.6,0.722,6.5,100.0,3
hotel,HTL-08,Urban Hub Suites,Penthouse,12000.0,11820.0,19520.0,1.651,10,6,0.6,0.439,9,0,Holiday,1.6,Normal Day,1.0,Business,0.4,0.9,0.646,4.5,83.13,6
hotel,HTL-01,City Central Inn,Economy Twin,2400.0,2750.0,4270.0,1.553,100,14,0.14,0.864,7,1,Peak,1.35,Weekend,1.15,Business,0.4,0.9,0.731,4.5,96.77,9
hotel,HTL-02,Urban Hub Suites,Studio Room,3200.0,3490.0,4090.0,1.172,80,25,0.312,0.683,2,1,Regular,1.0,Weekend,1.15,Budget,1.54,0.4,0.502,4.5,71.05,9
hotel,HTL-03,Grand Palace Hotel,Executive Suite,9000.0,9690.0,9090.0,0.938,20,8,0.4,0.614,15,1,Low,0.8,Weekend,1.15,Leisure,0.89,4.7,0.546,5.5,71.84,8
hotel,HTL-04,Urban Hub Suites,Penthouse,12000.0,10750.0,11330.0,1.054,10,8,0.8,0.243,14,0,Regular,1.0,Normal Day,1.0,Budget,1.37,1.8,0.31,0.5,38.69,1
hotel,HTL-05,Urban Hub Suites,Studio Room,3200.0,3580.0,3460.0,0.966,80,22,0.275,0.722,10,0,Regular,1.0,Normal Day,1.0,Budget,1.47,0.7,0.384,2.5,51.57,2
hotel,HTL-06,Urban Hub Suites,Penthouse,12000.0,12180.0,18130.0,1.489,10,5,0.5,0.533,3,0,Holiday,1.6,Normal Day,1.0,Business,0.39,4.6,0.722,4.5,95.22,5
hotel,HTL-07,Grand Palace Hotel,Executive Suite,9000.0,8940.0,9150.0,1.023,20,10,0.5,0.523,16,0,Regular,1.0,Normal Day,1.0,Leisure,0.93,0.6,0.438,3.5,55.01,5
hotel,HTL-08,City Central Inn,Economy Twin,2400.0,2330.0,2690.0,1.155,100,41,0.41,0.585,26,1,Low,0.8,Major Event,1.55,Budget,1.59,0.6,0.434,4.5,60.68,8
hotel,HTL-01,Sea Breeze Resort,Ocean View,6500.0,6330.0,7350.0,1.161,40,23,0.575,0.434,15,0,Regular,1.0,Normal Day,1.0,Leisure,0.85,1.8,0.49,5.5,62.57,9
hotel,HTL-02,City Central Inn,Economy Twin,2400.0,2250.0,2400.0,1.067,100,56,0.56,0.44,12,0,Regular,1.0,Normal Day,1.0,Leisure,0.88,0.7,0.409,1.5,49.85,1
hotel,HTL-03,Urban Hub Suites,Studio Room,3200.0,3820.0,3650.0,0.955,80,2,0.025,0.98,1,1,Low,0.8,Holiday,1.3,Budget,1.55,0.3,0.526,4.5,74.97,2
hotel,HTL-04,City Central Inn,Economy Twin,2400.0,2340.0,2090.0,0.893,100,44,0.44,0.56,14,0,Low,0.8,Normal Day,1.0,Budget,1.56,0.8,0.291,3.5,37.48,5
hotel,HTL-05,Grand Palace Hotel,Deluxe,5000.0,5700.0,11770.0,2.065,50,8,0.16,0.849,4,1,Peak,1.35,Festival,1.45,Business,0.45,6.1,0.748,5.5,100.0,8
hotel,HTL-06,Sea Breeze Resort,Ocean View,6500.0,6580.0,10150.0,1.543,40,19,0.475,0.527,27,1,Peak,1.35,Weekend,1.15,Business,0.34,8.6,0.698,3.5,90.88,5
hotel,HTL-07,Sea Breeze Resort,Standard Room,3800.0,3350.0,4000.0,1.194,60,29,0.483,0.514,9,0,Regular,1.0,Normal Day,1.0,Business,0.32,2.1,0.486,1.5,56.86,0
hotel,HTL-08,Urban Hub Suites,Penthouse,12000.0,11720.0,10850.0,0.926,10,6,0.6,0.434,8,0,Regular,1.0,Normal Day,1.0,Luxury,0.15,3.9,0.508,2.5,58.75,3
hotel,HTL-01,Sea Breeze Resort,Standard Room,3800.0,3550.0,2820.0,0.794,60,40,0.667,0.337,32,0,Low,0.8,Normal Day,1.0,Budget,1.46,0.2,0.231,2.5,26.97,2
hotel,HTL-02,Sea Breeze Resort,Ocean View,6500.0,7000.0,5970.0,0.853,40,14,0.35,0.642,24,0,Regular,1.0,Normal Day,1.0,Leisure,0.85,0.2,0.425,2.5,52.12,5
hotel,HTL-03,Grand Palace Hotel,Executive Suite,9000.0,9120.0,10890.0,1.194,20,10,0.5,0.489,2,0,Peak,1.35,Normal Day,1.0,Luxury,0.16,1.6,0.595,5.5,72.75,7
hotel,HTL-04,Urban Hub Suites,Studio Room,3200.0,3390.0,3600.0,1.062,80,39,0.487,0.512,13,1,Regular,1.0,Weekend,1.15,Luxury,0.2,6.3,0.628,3.5,78.43,8
hotel,HTL-05,Sea Breeze Resort,Standard Room,3800.0,3480.0,4590.0,1.319,60,39,0.65,0.346,14,1,Regular,1.0,Weekend,1.15,Leisure,0.93,3.6,0.568,6.5,75.78,12
hotel,HTL-06,Sea Breeze Resort,Standard Room,3800.0,3910.0,6040.0,1.545,60,25,0.417,0.581,1,0,Regular,1.0,Festival,1.45,Budget,1.43,4.5,0.568,2.5,80.68,3
hotel,HTL-07,Urban Hub Suites,Penthouse,12000.0,13420.0,28080.0,2.092,10,1,0.1,0.958,7,1,Holiday,1.6,Weekend,1.15,Leisure,0.81,1.0,0.726,6.5,100.0,1
hotel,HTL-08,Grand Palace Hotel,Deluxe,5000.0,5320.0,4760.0,0.895,50,17,0.34,0.668,9,1,Low,0.8,Weekend,1.15,Budget,1.54,1.8,0.435,4.5,60.44,5
hotel,HTL-01,Grand Palace Hotel,Executive Suite,9000.0,8870.0,6670.0,0.752,20,12,0.6,0.39,19,0,Low,0.8,Normal Day,1.0,Leisure,0.82,1.2,0.339,2.5,38.18,2
hotel,HTL-02,City Central Inn,Economy Twin,2400.0,2560.0,1850.0,0.723,100,44,0.44,0.561,5,0,Low,0.8,Normal Day,1.0,Leisure,0.91,3.7,0.427,2.5,53.09,3
hotel,HTL-03,Grand Palace Hotel,Deluxe,5000.0,5830.0,8620.0,1.479,50,12,0.24,0.758,7,0,Holiday,1.6,Normal Day,1.0,Business,0.38,5.3,0.679,4.5,88.22,9
hotel,HTL-04,Mountain Bliss Lodge,Alpine Chalet,7500.0,7810.0,7210.0,0.923,25,8,0.32,0.667,10,0,Regular,1.0,Normal Day,1.0,Business,0.42,3.2,0.536,0.5,65.71,1
hotel,HTL-05,Urban Hub Suites,Penthouse,12000.0,11720.0,8750.0,0.747,10,6,0.6,0.38,3,0,Low,0.8,Normal Day,1.0,Budget,1.45,0.3,0.3,0.5,37.92,0
hotel,HTL-06,Urban Hub Suites,Penthouse,12000.0,12260.0,12010.0,0.98,10,6,0.6,0.382,7,0,Regular,1.0,Normal Day,1.0,Business,0.39,2.2,0.469,1.5,54.71,2
hotel,HTL-07,Grand Palace Hotel,Executive Suite,9000.0,9260.0,7300.0,0.788,20,13,0.65,0.351,6,0,Regular,1.0,Normal Day,1.0,Leisure,0.92,2.9,0.378,2.5,45.3,2
hotel,HTL-08,City Central Inn,Economy Twin,2400.0,2600.0,2050.0,0.788,100,49,0.49,0.514,7,0,Regular,1.0,Normal Day,1.0,Leisure,0.94,2.9,0.411,2.5,50.81,4
hotel,HTL-01,Mountain Bliss Lodge,Alpine Chalet,7500.0,6540.0,5250.0,0.803,25,17,0.68,0.336,2,0,Low,0.8,Normal Day,1.0,Leisure,0.83,0.3,0.344,3.5,39.0,4
hotel,HTL-02,Mountain Bliss Lodge,Alpine Chalet,7500.0,6240.0,6870.0,1.101,25,19,0.76,0.232,6,0,Regular,1.0,Normal Day,1.0,Budget,1.47,3.2,0.345,1.5,45.25,2
hotel,HTL-03,Grand Palace Hotel,Deluxe,5000.0,5430.0,4720.0,0.869,50,23,0.46,0.546,3,0,Regular,1.0,Normal Day,1.0,Budget,1.6,2.2,0.396,2.5,54.66,4
hotel,HTL-04,Urban Hub Suites,Studio Room,3200.0,3510.0,4400.0,1.254,80,26,0.325,0.675,6,1,Low,0.8,Festival,1.45,Business,0.42,0.9,0.575,2.5,72.04,6
hotel,HTL-05,Mountain Bliss Lodge,Alpine Chalet,7500.0,7470.0,12490.0,1.672,25,10,0.4,0.596,20,0,Holiday,1.6,Normal Day,1.0,Business,0.4,5.1,0.678,6.5,88.35,10
hotel,HTL-06,Sea Breeze Resort,Ocean View,6500.0,6410.0,7100.0,1.108,40,20,0.5,0.507,20,0,Regular,1.0,Normal Day,1.0,Business,0.37,5.0,0.49,3.5,57.93,4
hotel,HTL-07,Urban Hub Suites,Studio Room,3200.0,3220.0,4930.0,1.531,80,36,0.45,0.547,16,1,Peak,1.35,Weekend,1.15,Budget,1.46,3.3,0.561,4.5,79.77,8
hotel,HTL-08,Grand Palace Hotel,Executive Suite,9000.0,10640.0,23960.0,2.252,20,1,0.05,0.98,2,1,Holiday,1.6,Festival,1.45,Budget,1.53,1.8,0.683,1.5,100.0,1
hotel,HTL-01,Urban Hub Suites,Studio Room,3200.0,3210.0,3190.0,0.994,80,35,0.438,0.565,12,0,Regular,1.0,Normal Day,1.0,Budget,1.47,2.3,0.361,1.5,47.88,0
hotel,HTL-02,City Central Inn,Economy Twin,2400.0,2260.0,3310.0,1.465,100,58,0.58,0.425,3,0,Peak,1.35,Normal Day,1.0,Luxury,0.18,1.2,0.635,4.5,79.25,7
hotel,HTL-03,Sea Breeze Resort,Ocean View,6500.0,6490.0,11760.0,1.812,40,18,0.45,0.555,2,0,Holiday,1.6,Normal Day,1.0,Business,0.36,1.4,0.704,4.5,92.13,8
hotel,HTL-04,Grand Palace Hotel,Deluxe,5000.0,5770.0,9540.0,1.653,50,9,0.18,0.82,7,1,Peak,1.35,Weekend,1.15,Budget,1.45,2.0,0.646,2.5,93.35,4
hotel,HTL-05,Mountain Bliss Lodge,Alpine Chalet,7500.0,6730.0,4910.0,0.73,25,17,0.68,0.303,32,0,Low,0.8,Normal Day,1.0,Budget,1.47,0.6,0.275,3.5,34.08,1
hotel,HTL-06,Sea Breeze Resort,Ocean View,6500.0,7240.0,9820.0,1.356,40,11,0.275,0.734,26,1,Regular,1.0,Festival,1.45,Business,0.43,5.0,0.632,4.5,81.33,11
hotel,HTL-07,Urban Hub Suites,Studio Room,3200.0,3220.0,3680.0,1.143,80,36,0.45,0.545,17,1,Regular,1.0,Weekend,1.15,Budget,1.58,0.3,0.437,4.5,61.09,7
hotel,HTL-08,Grand Palace Hotel,Deluxe,5000.0,5260.0,6860.0,1.304,50,16,0.32,0.684,15,1,Low,0.8,Major Event,1.55,Business,0.41,3.0,0.665,3.5,86.32,6
hotel,HTL-01,Sea Breeze Resort,Standard Room,3800.0,4350.0,3820.0,0.878,60,18,0.3,0.693,17,0,Regular,1.0,Normal Day,1.0,Budget,1.43,0.6,0.352,4.5,46.03,3
hotel,HTL-02,City Central Inn,Economy Twin,2400.0,2550.0,2710.0,1.063,100,34,0.34,0.663,15,0,Low,0.8,Festival,1.45,Business,0.49,2.4,0.539,3.5,66.91,5
hotel,HTL-03,Sea Breeze Resort,Standard Room,3800.0,4060.0,9600.0,2.365,60,7,0.117,0.886,1,1,Holiday,1.6,Holiday,1.3,Business,0.36,4.7,0.753,2.5,100.0,5
hotel,HTL-04,Sea Breeze Resort,Ocean View,6500.0,6630.0,6300.0,0.95,40,22,0.55,0.457,16,0,Regular,1.0,Normal Day,1.0,Budget,1.55,0.6,0.388,4.5,53.0,6
hotel,HTL-05,City Central Inn,Economy Twin,2400.0,2370.0,2660.0,1.122,100,52,0.52,0.478,1,0,Regular,1.0,Normal Day,1.0,Business,0.53,1.9,0.518,2.5,63.93,2
hotel,HTL-06,Mountain Bliss Lodge,Alpine Chalet,7500.0,8410.0,9830.0,1.169,25,5,0.2,0.799,13,1,Low,0.8,Festival,1.45,Budget,1.58,0.2,0.499,4.5,70.97,5
hotel,HTL-07,Grand Palace Hotel,Executive Suite,9000.0,9030.0,9230.0,1.022,20,9,0.45,0.528,3,0,Regular,1.0,Normal Day,1.0,Leisure,0.96,1.6,0.373,2.5,44.92,2
hotel,HTL-08,Sea Breeze Resort,Standard Room,3800.0,3780.0,6160.0,1.63,60,27,0.45,0.554,4,0,Holiday,1.6,Normal Day,1.0,Budget,1.58,1.3,0.519,4.5,74.25,5
hotel,HTL-01,Sea Breeze Resort,Ocean View,6500.0,6610.0,9360.0,1.416,40,24,0.6,0.403,26,0,Peak,1.35,Normal Day,1.0,Leisure,0.9,0.9,0.477,3.5,60.9,5
hotel,HTL-02,Grand Palace Hotel,Deluxe,5000.0,4830.0,3590.0,0.743,50,34,0.68,0.316,56,0,Low,0.8,Normal Day,1.0,Business,0.44,4.5,0.36,0.5,37.77,1
hotel,HTL-03,City Central Inn,Economy Twin,2400.0,2370.0,2010.0,0.848,100,56,0.56,0.439,5,0,Regular,1.0,Normal Day,1.0,Budget,1.47,0.4,0.395,3.5,53.27,4
hotel,HTL-04,Sea Breeze Resort,Ocean View,6500.0,6630.0,10910.0,1.646,40,17,0.425,0.58,2,0,Holiday,1.6,Normal Day,1.0,Business,0.44,0.5,0.654,6.5,84.79,14
hotel,HTL-05,City Central Inn,Economy Twin,2400.0,2640.0,3680.0,1.394,100,21,0.21,0.786,2,0,Peak,1.35,Normal Day,1.0,Leisure,0.93,2.5,0.593,4.5,79.8,4
hotel,HTL-06,Sea Breeze Resort,Standard Room,3800.0,4200.0,5100.0,1.214,60,8,0.133,0.862,5,1,Regular,1.0,Weekend,1.15,Luxury,0.32,5.1,0.744,6.5,98.08,8
hotel,HTL-07,Mountain Bliss Lodge,Alpine Chalet,7500.0,7910.0,13520.0,1.709,25,12,0.48,0.538,8,0,Peak,1.35,Holiday,1.3,Leisure,0.97,1.2,0.584,3.5,78.78,3
hotel,HTL-08,Sea Breeze Resort,Ocean View,6500.0,7480.0,13560.0,1.813,40,1,0.025,0.98,1,1,Holiday,1.6,Weekend,1.15,Budget,1.49,0.2,0.686,6.5,100.0,1
hotel,HTL-01,Grand Palace Hotel,Executive Suite,9000.0,8270.0,9460.0,1.144,20,11,0.55,0.434,10,0,Regular,1.0,Normal Day,1.0,Leisure,0.84,2.5,0.431,1.5,53.04,2
hotel,HTL-02,Grand Palace Hotel,Deluxe,5000.0,4740.0,5080.0,1.072,50,28,0.56,0.435,16,0,Regular,1.0,Normal Day,1.0,Budget,1.5,1.7,0.377,0.5,50.76,0
hotel,HTL-03,Mountain Bliss Lodge,Alpine Chalet,7500.0,8080.0,12060.0,1.493,25,6,0.24,0.768,7,0,Peak,1.35,Normal Day,1.0,Business,0.4,2.0,0.729,8.5,96.51,6
hotel,HTL-04,Urban Hub Suites,Penthouse,12000.0,10930.0,10230.0,0.936,10,7,0.7,0.346,24,0,Regular,1.0,Normal Day,1.0,Leisure,1.01,1.5,0.355,2.5,42.52,2
hotel,HTL-05,City Central Inn,Economy Twin,2400.0,2390.0,1990.0,0.833,100,61,0.61,0.393,3,0,Regular,1.0,Normal Day,1.0,Budget,1.62,1.2,0.398,6.5,55.22,5
hotel,HTL-06,Urban Hub Suites,Studio Room,3200.0,3360.0,7240.0,2.155,80,26,0.325,0.673,13,1,Peak,1.35,Festival,1.45,Business,0.27,2.6,0.759,1.5,100.0,4
hotel,HTL-07,Grand Palace Hotel,Executive Suite,9000.0,9830.0,16380.0,1.666,20,6,0.3,0.683,8,1,Regular,1.0,Major Event,1.55,Business,0.47,6.7,0.73,3.5,97.28,6
hotel,HTL-08,Grand Palace Hotel,Deluxe,5000.0,4690.0,11660.0,2.486,50,28,0.56,0.439,37,0,Holiday,1.6,Festival,1.45,Business,0.42,8.6,0.745,2.5,99.29,6
hotel,HTL-01,Sea Breeze Resort,Standard Room,3800.0,4080.0,7380.0,1.809,60,11,0.183,0.822,12,1,Regular,1.0,Major Event,1.55,Budget,1.59,2.0,0.68,7.5,100.0,11
hotel,HTL-02,City Central Inn,Economy Twin,2400.0,2590.0,3540.0,1.367,100,41,0.41,0.591,10,0,Peak,1.35,Normal Day,1.0,Budget,1.47,3.1,0.507,0.5,71.25,0
hotel,HTL-03,Grand Palace Hotel,Executive Suite,9000.0,9680.0,12160.0,1.256,20,6,0.3,0.705,7,1,Regular,1.0,Holiday,1.3,Leisure,0.85,0.4,0.624,5.5,84.07,6
hotel,HTL-04,Urban Hub Suites,Studio Room,3200.0,3420.0,3760.0,1.099,80,35,0.438,0.56,14,1,Regular,1.0,Weekend,1.15,Leisure,1.02,0.6,0.508,6.5,67.11,12
hotel,HTL-05,Sea Breeze Resort,Ocean View,6500.0,6730.0,10270.0,1.526,40,14,0.35,0.645,4,0,Holiday,1.6,Normal Day,1.0,Budget,1.51,2.0,0.526,2.5,74.65,2
hotel,HTL-06,Sea Breeze Resort,Ocean View,6500.0,6120.0,6000.0,0.98,40,31,0.775,0.232,2,0,Regular,1.0,Normal Day,1.0,Luxury,0.26,1.3,0.476,4.5,54.68,4
hotel,HTL-07,Grand Palace Hotel,Deluxe,5000.0,4770.0,4770.0,1.0,50,30,0.6,0.398,10,0,Regular,1.0,Normal Day,1.0,Leisure,0.96,1.0,0.378,0.5,45.63,0
hotel,HTL-08,Urban Hub Suites,Studio Room,3200.0,3060.0,3570.0,1.167,80,43,0.537,0.46,16,0,Regular,1.0,Normal Day,1.0,Budget,1.59,0.1,0.336,2.5,45.01,2
hotel,HTL-01,Grand Palace Hotel,Deluxe,5000.0,5000.0,4560.0,0.912,50,26,0.52,0.489,11,0,Low,0.8,Holiday,1.3,Budget,1.49,0.7,0.389,4.5,52.47,4
hotel,HTL-02,Sea Breeze Resort,Standard Room,3800.0,4350.0,7510.0,1.726,60,12,0.2,0.796,12,1,Peak,1.35,Holiday,1.3,Leisure,0.96,1.2,0.717,7.5,100.0,12
hotel,HTL-03,Urban Hub Suites,Studio Room,3200.0,2940.0,3090.0,1.051,80,53,0.662,0.339,8,0,Regular,1.0,Normal Day,1.0,Budget,1.42,2.4,0.323,3.5,41.31,6
hotel,HTL-04,Urban Hub Suites,Penthouse,12000.0,13040.0,17210.0,1.32,10,3,0.3,0.702,8,0,Regular,1.0,Holiday,1.3,Business,0.42,5.8,0.621,3.5,79.34,3
hotel,HTL-05,Urban Hub Suites,Studio Room,3200.0,3510.0,3480.0,0.991,80,28,0.35,0.647,11,0,Regular,1.0,Normal Day,1.0,Leisure,0.88,0.1,0.446,2.5,55.83,2
hotel,HTL-06,City Central Inn,Economy Twin,2400.0,2510.0,2860.0,1.139,100,51,0.51,0.488,1,0,Low,0.8,Festival,1.45,Luxury,0.16,4.5,0.616,3.5,76.02,5
hotel,HTL-07,Grand Palace Hotel,Executive Suite,9000.0,9410.0,8280.0,0.88,20,5,0.25,0.739,14,1,Low,0.8,Weekend,1.15,Budget,1.45,2.4,0.46,4.5,63.52,4
hotel,HTL-08,City Central Inn,Economy Twin,2400.0,2580.0,2920.0,1.132,100,41,0.41,0.586,32,0,Regular,1.0,Holiday,1.3,Budget,1.53,1.0,0.454,4.5,63.28,8
hotel,HTL-01,Urban Hub Suites,Penthouse,12000.0,14760.0,19240.0,1.304,10,1,0.1,0.928,11,1,Regular,1.0,Festival,1.45,Luxury,0.14,6.7,0.698,2.5,88.97,1
hotel,HTL-02,Sea Breeze Resort,Standard Room,3800.0,3810.0,3920.0,1.029,60,35,0.583,0.424,26,0,Regular,1.0,Normal Day,1.0,Budget,1.54,0.2,0.35,0.5,46.81,0
hotel,HTL-03,Urban Hub Suites,Studio Room,3200.0,3350.0,3240.0,0.967,80,30,0.375,0.62,17,1,Low,0.8,Weekend,1.15,Leisure,0.83,0.8,0.48,4.5,60.78,8
hotel,HTL-04,Urban Hub Suites,Studio Room,3200.0,3900.0,4370.0,1.121,80,2,0.025,0.98,2,1,Regular,1.0,Weekend,1.15,Leisure,0.86,4.7,0.65,3.5,88.22,2
hotel,HTL-05,Grand Palace Hotel,Executive Suite,9000.0,9660.0,9620.0,0.996,20,7,0.35,0.667,8,0,Regular,1.0,Normal Day,1.0,Budget,1.45,0.1,0.427,4.5,58.24,4
hotel,HTL-06,Sea Breeze Resort,Ocean View,6500.0,6370.0,5810.0,0.912,40,22,0.55,0.458,21,0,Low,0.8,Normal Day,1.0,Leisure,0.96,2.4,0.37,2.5,44.46,2
hotel,HTL-07,Sea Breeze Resort,Standard Room,3800.0,3970.0,3550.0,0.894,60,26,0.433,0.573,7,1,Low,0.8,Weekend,1.15,Luxury,0.27,2.7,0.571,2.5,70.02,3
hotel,HTL-08,Urban Hub Suites,Studio Room,3200.0,3360.0,6320.0,1.881,80,23,0.287,0.707,2,1,Holiday,1.6,Weekend,1.15,Budget,1.51,3.2,0.684,2.5,100.0,5
hotel,HTL-01,Sea Breeze Resort,Standard Room,3800.0,3760.0,5740.0,1.527,60,27,0.45,0.543,21,1,Regular,1.0,Concert,1.35,Budget,1.53,1.2,0.466,1.5,65.2,2
hotel,HTL-02,Urban Hub Suites,Penthouse,12000.0,13440.0,21340.0,1.588,10,2,0.2,0.763,16,1,Peak,1.35,Holiday,1.3,Budget,1.52,1.6,0.608,5.5,87.9,2
hotel,HTL-03,City Central Inn,Economy Twin,2400.0,2300.0,3250.0,1.413,100,71,0.71,0.287,45,0,Peak,1.35,Normal Day,1.0,Business,0.41,1.6,0.568,5.5,70.82,13
hotel,HTL-04,City Central Inn,Economy Twin,2400.0,2470.0,3010.0,1.219,100,43,0.43,0.573,4,0,Low,0.8,Festival,1.45,Budget,1.56,1.8,0.45,4.5,62.91,4
hotel,HTL-05,Urban Hub Suites,Penthouse,12000.0,13030.0,18790.0,1.442,10,4,0.4,0.649,1,1,Regular,1.0,Festival,1.45,Leisure,0.92,0.5,0.602,5.5,81.21,4
hotel,HTL-06,Mountain Bliss Lodge,Alpine Chalet,7500.0,7850.0,7830.0,0.997,25,6,0.24,0.743,9,0,Regular,1.0,Normal Day,1.0,Leisure,0.88,2.5,0.499,3.5,64.28,6
hotel,HTL-07,Sea Breeze Resort,Standard Room,3800.0,3360.0,4530.0,1.348,60,47,0.783,0.212,28,0,Peak,1.35,Normal Day,1.0,Budget,1.48,0.8,0.374,2.5,49.98,0
hotel,HTL-08,Sea Breeze Resort,Standard Room,3800.0,3920.0,3000.0,0.765,60,29,0.483,0.522,10,0,Low,0.8,Normal Day,1.0,Luxury,0.21,2.7,0.445,2.5,49.23,3
hotel,HTL-01,Urban Hub Suites,Studio Room,3200.0,3150.0,3230.0,1.025,80,47,0.588,0.415,33,0,Regular,1.0,Normal Day,1.0,Leisure,0.95,1.2,0.381,3.5,46.02,5
hotel,HTL-02,City Central Inn,Economy Twin,2400.0,2440.0,2370.0,0.971,100,48,0.48,0.517,8,0,Regular,1.0,Normal Day,1.0,Leisure,0.91,0.9,0.438,1.5,54.89,1
hotel,HTL-03,Grand Palace Hotel,Deluxe,5000.0,5010.0,3960.0,0.79,50,15,0.3,0.704,18,0,Low,0.8,Normal Day,1.0,Budget,1.41,1.4,0.335,2.5,43.17,3
hotel,HTL-04,Urban Hub Suites,Studio Room,3200.0,3520.0,5010.0,1.423,80,15,0.188,0.81,8,1,Regular,1.0,Concert,1.35,Leisure,0.84,0.4,0.706,6.5,97.07,11
hotel,HTL-05,Grand Palace Hotel,Executive Suite,9000.0,11490.0,27670.0,2.408,20,1,0.05,0.98,3,1,Holiday,1.6,Major Event,1.55,Leisure,0.94,0.1,0.719,3.5,100.0,1
hotel,HTL-06,Grand Palace Hotel,Deluxe,5000.0,5290.0,5850.0,1.106,50,13,0.26,0.74,15,0,Regular,1.0,Normal Day,1.0,Business,0.33,3.2,0.515,2.5,61.52,4
hotel,HTL-07,City Central Inn,Economy Twin,2400.0,2340.0,1710.0,0.731,100,63,0.63,0.368,19,0,Low,0.8,Normal Day,1.0,Leisure,0.94,0.9,0.378,1.5,45.49,1
hotel,HTL-08,Sea Breeze Resort,Ocean View,6500.0,7000.0,7120.0,1.017,40,18,0.45,0.541,7,0,Regular,1.0,Normal Day,1.0,Leisure,0.93,1.8,0.466,1.5,59.43,3
hotel,HTL-01,City Central Inn,Economy Twin,2400.0,2360.0,3220.0,1.364,100,58,0.58,0.417,9,0,Peak,1.35,Normal Day,1.0,Business,0.4,4.3,0.565,3.5,70.2,9
hotel,HTL-02,Mountain Bliss Lodge,Alpine Chalet,7500.0,7320.0,7260.0,0.992,25,15,0.6,0.383,1,0,Regular,1.0,Normal Day,1.0,Budget,1.54,5.2,0.401,4.5,54.87,4
hotel,HTL-03,Sea Breeze Resort,Standard Room,3800.0,3690.0,3390.0,0.919,60,32,0.533,0.466,3,0,Regular,1.0,Normal Day,1.0,Budget,1.52,5.9,0.411,3.5,56.3,6
hotel,HTL-04,Urban Hub Suites,Penthouse,12000.0,12130.0,11080.0,0.913,10,5,0.5,0.493,13,1,Low,0.8,Weekend,1.15,Leisure,0.91,0.5,0.44,2.5,55.19,4
hotel,HTL-05,Sea Breeze Resort,Standard Room,3800.0,3820.0,2740.0,0.717,60,38,0.633,0.365,5,0,Low,0.8,Normal Day,1.0,Leisure,0.91,1.5,0.364,3.5,43.01,5
hotel,HTL-06,Urban Hub Suites,Penthouse,12000.0,11660.0,17230.0,1.478,10,7,0.7,0.336,60,0,Regular,1.0,Festival,1.45,Budget,1.48,0.2,0.436,3.5,60.04,5
hotel,HTL-07,Sea Breeze Resort,Ocean View,6500.0,6890.0,9560.0,1.388,40,15,0.375,0.63,3,0,Peak,1.35,Normal Day,1.0,Budget,1.51,4.6,0.503,4.5,70.95,6
hotel,HTL-08,Grand Palace Hotel,Executive Suite,9000.0,8580.0,14460.0,1.685,20,10,0.5,0.514,27,0,Holiday,1.6,Normal Day,1.0,Leisure,0.87,0.7,0.609,6.5,81.85,6
hotel,HTL-01,Sea Breeze Resort,Standard Room,3800.0,3910.0,3720.0,0.951,60,26,0.433,0.564,28,1,Low,0.8,Weekend,1.15,Budget,1.47,1.5,0.427,7.5,58.5,3
hotel,HTL-02,Urban Hub Suites,Penthouse,12000.0,12460.0,12670.0,1.017,10,4,0.4,0.561,2,0,Regular,1.0,Normal Day,1.0,Business,0.36,4.8,0.477,0.5,55.78,0
hotel,HTL-03,Urban Hub Suites,Penthouse,12000.0,12540.0,13190.0,1.052,10,4,0.4,0.589,23,0,Low,0.8,Holiday,1.3,Leisure,0.9,2.7,0.511,7.5,66.43,4
hotel,HTL-04,City Central Inn,Economy Twin,2400.0,2320.0,3430.0,1.478,100,51,0.51,0.491,14,0,Peak,1.35,Normal Day,1.0,Business,0.32,4.4,0.603,2.5,75.54,5
hotel,HTL-05,City Central Inn,Economy Twin,2400.0,2370.0,2500.0,1.055,100,38,0.38,0.621,2,0,Regular,1.0,Normal Day,1.0,Leisure,0.86,0.4,0.383,0.5,45.56,1
hotel,HTL-06,Urban Hub Suites,Studio Room,3200.0,3120.0,2990.0,0.958,80,55,0.688,0.319,32,0,Regular,1.0,Normal Day,1.0,Budget,1.45,1.4,0.369,3.5,49.03,4
hotel,HTL-07,Grand Palace Hotel,Executive Suite,9000.0,9320.0,11420.0,1.225,20,8,0.4,0.596,10,1,Regular,1.0,Weekend,1.15,Leisure,0.85,3.4,0.576,7.5,76.28,8
hotel,HTL-08,Urban Hub Suites,Penthouse,12000.0,10740.0,15820.0,1.473,10,6,0.6,0.366,13,0,Peak,1.35,Normal Day,1.0,Leisure,0.9,2.8,0.526,4.5,68.81,3
hotel,HTL-01,Grand Palace Hotel,Executive Suite,9000.0,9390.0,7170.0,0.764,20,8,0.4,0.592,11,0,Low,0.8,Normal Day,1.0,Business,0.46,9.2,0.449,2.5,52.2,3
hotel,HTL-02,Grand Palace Hotel,Deluxe,5000.0,5330.0,7130.0,1.338,50,16,0.32,0.67,23,0,Peak,1.35,Normal Day,1.0,Leisure,0.87,0.3,0.537,5.5,70.28,7
hotel,HTL-03,Sea Breeze Resort,Standard Room,3800.0,4160.0,3780.0,0.909,60,24,0.4,0.607,9,0,Regular,1.0,Normal Day,1.0,Leisure,0.92,0.7,0.417,3.5,51.51,1
hotel,HTL-04,Urban Hub Suites,Penthouse,12000.0,12010.0,11500.0,0.958,10,5,0.5,0.509,30,1,Low,0.8,Weekend,1.15,Leisure,0.89,2.0,0.392,4.5,47.25,5
hotel,HTL-05,Grand Palace Hotel,Deluxe,5000.0,5300.0,4860.0,0.917,50,10,0.2,0.808,8,1,Low,0.8,Weekend,1.15,Luxury,0.25,1.9,0.669,5.5,85.42,10
hotel,HTL-06,Grand Palace Hotel,Executive Suite,9000.0,9360.0,7880.0,0.842,20,7,0.35,0.675,7,0,Low,0.8,Normal Day,1.0,Budget,1.45,1.0,0.303,0.5,38.39,0
hotel,HTL-07,Grand Palace Hotel,Deluxe,5000.0,5400.0,8300.0,1.537,50,21,0.42,0.583,5,0,Holiday,1.6,Normal Day,1.0,Leisure,0.9,4.8,0.625,6.5,84.65,10
hotel,HTL-08,Grand Palace Hotel,Deluxe,5000.0,4600.0,3590.0,0.78,50,34,0.68,0.322,31,0,Low,0.8,Normal Day,1.0,Luxury,0.22,8.5,0.416,3.5,44.66,6
hotel,HTL-01,City Central Inn,Economy Twin,2400.0,2290.0,2520.0,1.1,100,53,0.53,0.468,4,0,Regular,1.0,Normal Day,1.0,Leisure,0.96,0.2,0.456,1.5,58.21,2
hotel,HTL-02,Urban Hub Suites,Studio Room,3200.0,3410.0,3640.0,1.067,80,17,0.212,0.792,2,0,Regular,1.0,Normal Day,1.0,Luxury,0.17,6.5,0.601,1.5,73.76,3
hotel,HTL-03,Sea Breeze Resort,Ocean View,6500.0,6770.0,5590.0,0.826,40,18,0.45,0.544,11,0,Low,0.8,Normal Day,1.0,Budget,1.52,5.1,0.348,1.5,46.25,0
hotel,HTL-04,Sea Breeze Resort,Standard Room,3800.0,3920.0,5300.0,1.352,60,23,0.383,0.615,10,0,Regular,1.0,Festival,1.45,Budget,1.49,2.3,0.513,2.5,72.32,4
hotel,HTL-05,City Central Inn,Economy Twin,2400.0,2670.0,2870.0,1.075,100,21,0.21,0.793,11,0,Regular,1.0,Normal Day,1.0,Business,0.4,1.6,0.559,3.5,69.35,7
hotel,HTL-06,City Central Inn,Economy Twin,2400.0,2450.0,3390.0,1.384,100,42,0.42,0.581,7,1,Regular,1.0,Concert,1.35,Luxury,0.22,5.7,0.68,1.5,86.91,2
hotel,HTL-07,City Central Inn,Economy Twin,2400.0,2310.0,1820.0,0.788,100,63,0.63,0.371,4,0,Low,0.8,Normal Day,1.0,Luxury,0.12,4.3,0.467,1.5,51.94,3
hotel,HTL-08,Mountain Bliss Lodge,Alpine Chalet,7500.0,8080.0,11540.0,1.428,25,7,0.28,0.726,1,0,Peak,1.35,Normal Day,1.0,Budget,1.41,1.0,0.471,1.5,64.88,1
hotel,HTL-01,Urban Hub Suites,Studio Room,3200.0,3180.0,3330.0,1.047,80,40,0.5,0.497,6,0,Regular,1.0,Normal Day,1.0,Budget,1.45,3.6,0.363,1.5,47.99,2
hotel,HTL-02,Urban Hub Suites,Penthouse,12000.0,11680.0,11790.0,1.009,10,6,0.6,0.445,30,0,Regular,1.0,Normal Day,1.0,Leisure,0.82,0.8,0.435,6.5,53.53,6
hotel,HTL-03,Sea Breeze Resort,Ocean View,6500.0,6330.0,7850.0,1.24,40,17,0.425,0.564,32,1,Regular,1.0,Weekend,1.15,Budget,1.58,1.3,0.526,6.5,75.37,10
hotel,HTL-04,Sea Breeze Resort,Ocean View,6500.0,6850.0,8300.0,1.212,40,13,0.325,0.687,8,0,Peak,1.35,Normal Day,1.0,Leisure,1.01,0.8,0.585,5.5,79.27,6
hotel,HTL-05,Grand Palace Hotel,Deluxe,5000.0,5050.0,8210.0,1.626,50,22,0.44,0.563,18,0,Holiday,1.6,Normal Day,1.0,Leisure,0.82,0.6,0.637,5.5,85.82,13
hotel,HTL-06,Urban Hub Suites,Studio Room,3200.0,3750.0,5600.0,1.493,80,22,0.275,0.729,7,1,Regular,1.0,Festival,1.45,Business,0.39,10.6,0.698,3.5,91.42,8
hotel,HTL-07,Urban Hub Suites,Penthouse,12000.0,11550.0,12230.0,1.059,10,5,0.5,0.492,4,0,Regular,1.0,Normal Day,1.0,Leisure,0.94,0.6,0.381,2.5,45.94,2
hotel,HTL-08,Sea Breeze Resort,Ocean View,6500.0,6880.0,9010.0,1.31,40,18,0.45,0.538,1,1,Regular,1.0,Festival,1.45,Budget,1.45,8.6,0.619,6.5,88.97,15
hotel,HTL-01,Grand Palace Hotel,Deluxe,5000.0,5480.0,7920.0,1.445,50,13,0.26,0.748,12,1,Peak,1.35,Weekend,1.15,Leisure,0.87,2.3,0.652,5.5,88.61,11
hotel,HTL-02,Urban Hub Suites,Studio Room,3200.0,3060.0,3960.0,1.294,80,41,0.512,0.488,7,0,Peak,1.35,Normal Day,1.0,Business,0.33,1.5,0.619,4.5,78.21,8
hotel,HTL-03,City Central Inn,Economy Twin,2400.0,2730.0,3100.0,1.136,100,22,0.22,0.784,7,1,Regular,1.0,Weekend,1.15,Budget,1.53,0.3,0.536,3.5,76.46,9
hotel,HTL-04,Grand Palace Hotel,Executive Suite,9000.0,10220.0,9980.0,0.977,20,6,0.3,0.715,13,1,Low,0.8,Holiday,1.3,Business,0.4,3.9,0.553,5.5,68.39,6
hotel,HTL-05,Grand Palace Hotel,Deluxe,5000.0,5670.0,4310.0,0.76,50,21,0.42,0.579,12,0,Low,0.8,Normal Day,1.0,Budget,1.42,1.7,0.262,1.5,31.48,0
hotel,HTL-06,Sea Breeze Resort,Ocean View,6500.0,6550.0,8130.0,1.241,40,17,0.425,0.578,32,0,Regular,1.0,Holiday,1.3,Leisure,0.89,0.2,0.513,4.5,66.58,4
hotel,HTL-07,Sea Breeze Resort,Standard Room,3800.0,4020.0,4870.0,1.211,60,13,0.217,0.776,10,1,Regular,1.0,Weekend,1.15,Business,0.41,3.8,0.656,6.5,84.92,13
hotel,HTL-08,Urban Hub Suites,Studio Room,3200.0,3030.0,6410.0,2.116,80,37,0.463,0.543,3,0,Peak,1.35,Festival,1.45,Leisure,0.89,2.2,0.722,7.5,100.0,17
hotel,HTL-01,Urban Hub Suites,Penthouse,12000.0,13290.0,19650.0,1.479,10,3,0.3,0.715,21,1,Peak,1.35,Weekend,1.15,Business,0.49,1.4,0.65,3.5,84.72,3
hotel,HTL-02,Sea Breeze Resort,Standard Room,3800.0,3540.0,3510.0,0.992,60,28,0.467,0.534,20,0,Regular,1.0,Normal Day,1.0,Business,0.47,6.9,0.46,2.5,54.17,3
hotel,HTL-03,Urban Hub Suites,Penthouse,12000.0,12660.0,20180.0,1.594,10,1,0.1,0.866,13,0,Holiday,1.6,Normal Day,1.0,Business,0.45,3.4,0.748,8.5,100.0,1
hotel,HTL-04,Urban Hub Suites,Penthouse,12000.0,13840.0,15170.0,1.096,10,2,0.2,0.795,3,1,Low,0.8,Concert,1.35,Budget,1.47,1.4,0.591,4.5,84.63,2
hotel,HTL-05,Mountain Bliss Lodge,Alpine Chalet,7500.0,8050.0,8920.0,1.108,25,10,0.4,0.62,4,1,Regular,1.0,Weekend,1.15,Budget,1.46,3.5,0.493,2.5,68.92,4
hotel,HTL-06,Urban Hub Suites,Penthouse,12000.0,11500.0,9440.0,0.821,10,5,0.5,0.45,9,0,Low,0.8,Normal Day,1.0,Business,0.34,5.7,0.42,2.5,46.39,2
hotel,HTL-07,Sea Breeze Resort,Ocean View,6500.0,6730.0,11720.0,1.741,40,18,0.45,0.541,42,0,Peak,1.35,Holiday,1.3,Budget,1.45,1.4,0.559,5.5,79.41,8
hotel,HTL-08,Urban Hub Suites,Penthouse,12000.0,11830.0,12710.0,1.074,10,6,0.6,0.396,5,0,Regular,1.0,Normal Day,1.0,Business,0.37,6.7,0.454,2.5,52.23,4
hotel,HTL-01,Sea Breeze Resort,Ocean View,6500.0,6050.0,4720.0,0.78,40,30,0.75,0.247,15,0,Low,0.8,Normal Day,1.0,Leisure,0.95,0.6,0.32,3.5,36.35,5
hotel,HTL-02,Mountain Bliss Lodge,Alpine Chalet,7500.0,7500.0,8510.0,1.135,25,12,0.48,0.525,3,0,Regular,1.0,Normal Day,1.0,Leisure,0.92,1.0,0.483,4.5,62.16,4
hotel,HTL-03,Urban Hub Suites,Penthouse,12000.0,13330.0,14810.0,1.111,10,2,0.2,0.842,1,1,Regular,1.0,Weekend,1.15,Luxury,0.26,5.7,0.742,9.5,97.19,2
hotel,HTL-04,Sea Breeze Resort,Ocean View,6500.0,6010.0,8610.0,1.433,40,30,0.75,0.244,60,0,Holiday,1.6,Normal Day,1.0,Business,0.38,2.5,0.571,4.5,70.96,6
hotel,HTL-05,Grand Palace Hotel,Deluxe,5000.0,5270.0,6890.0,1.307,50,20,0.4,0.603,13,0,Peak,1.35,Normal Day,1.0,Leisure,0.97,0.6,0.594,7.5,80.35,11
hotel,HTL-06,Grand Palace Hotel,Deluxe,5000.0,4920.0,5120.0,1.041,50,27,0.54,0.461,20,0,Regular,1.0,Normal Day,1.0,Budget,1.49,1.2,0.379,5.5,50.91,7
hotel,HTL-07,Sea Breeze Resort,Standard Room,3800.0,3370.0,3240.0,0.961,60,50,0.833,0.159,50,0,Regular,1.0,Normal Day,1.0,Leisure,0.96,0.4,0.333,3.5,38.46,4
hotel,HTL-08,Grand Palace Hotel,Executive Suite,9000.0,8660.0,9120.0,1.053,20,9,0.45,0.565,2,0,Regular,1.0,Normal Day,1.0,Leisure,0.97,0.2,0.434,2.5,54.79,3
hotel,HTL-01,Urban Hub Suites,Studio Room,3200.0,3350.0,6110.0,1.824,80,30,0.375,0.629,3,0,Holiday,1.6,Normal Day,1.0,Leisure,0.88,0.2,0.677,3.5,92.78,9
hotel,HTL-02,Sea Breeze Resort,Ocean View,6500.0,6540.0,5090.0,0.778,40,26,0.65,0.349,9,0,Low,0.8,Normal Day,1.0,Budget,1.45,2.2,0.306,2.5,38.85,4
hotel,HTL-03,Grand Palace Hotel,Deluxe,5000.0,4760.0,4500.0,0.945,50,35,0.7,0.308,24,0,Regular,1.0,Normal Day,1.0,Budget,1.5,0.6,0.332,4.5,43.57,3
hotel,HTL-04,Sea Breeze Resort,Ocean View,6500.0,6940.0,7740.0,1.115,40,17,0.425,0.584,17,1,Low,0.8,Festival,1.45,Business,0.42,1.1,0.576,5.5,72.17,9
hotel,HTL-05,Urban Hub Suites,Studio Room,3200.0,3740.0,7260.0,1.941,80,17,0.212,0.784,2,1,Holiday,1.6,Weekend,1.15,Leisure,0.88,1.1,0.722,3.5,100.0,9
hotel,HTL-06,Sea Breeze Resort,Standard Room,3800.0,3700.0,2530.0,0.684,60,38,0.633,0.368,10,0,Low,0.8,Normal Day,1.0,Luxury,0.32,1.8,0.413,2.5,45.13,2
hotel,HTL-07,Grand Palace Hotel,Executive Suite,9000.0,8930.0,8310.0,0.931,20,8,0.4,0.585,16,0,Regular,1.0,Normal Day,1.0,Leisure,0.93,4.5,0.448,4.5,56.57,4
hotel,HTL-08,Sea Breeze Resort,Standard Room,3800.0,4000.0,4210.0,1.052,60,26,0.433,0.559,18,0,Regular,1.0,Normal Day,1.0,Leisure,0.86,2.7,0.407,0.5,49.4,0
hotel,HTL-01,Grand Palace Hotel,Executive Suite,9000.0,9750.0,13220.0,1.356,20,7,0.35,0.646,22,1,Regular,1.0,Festival,1.45,Business,0.4,3.2,0.588,2.5,73.89,2
hotel,HTL-02,Grand Palace Hotel,Deluxe,5000.0,5150.0,7520.0,1.46,50,22,0.44,0.556,3,0,Peak,1.35,Normal Day,1.0,Leisure,0.86,0.6,0.587,3.5,78.18,5
hotel,HTL-03,Grand Palace Hotel,Deluxe,5000.0,5340.0,5270.0,0.987,50,18,0.36,0.634,5,0,Regular,1.0,Normal Day,1.0,Business,0.28,0.6,0.47,1.5,53.85,2
hotel,HTL-04,Mountain Bliss Lodge,Alpine Chalet,7500.0,7040.0,8760.0,1.244,25,20,0.8,0.207,59,0,Regular,1.0,Holiday,1.3,Budget,1.54,2.1,0.375,3.5,50.72,6
hotel,HTL-05,Mountain Bliss Lodge,Alpine Chalet,7500.0,8330.0,7160.0,0.86,25,4,0.16,0.851,1,0,Low,0.8,Normal Day,1.0,Business,0.45,2.2,0.466,0.5,54.85,0
hotel,HTL-06,Urban Hub Suites,Studio Room,3200.0,3400.0,3640.0,1.071,80,29,0.362,0.643,2,0,Regular,1.0,Normal Day,1.0,Leisure,0.96,1.5,0.459,3.5,58.61,6
hotel,HTL-07,Urban Hub Suites,Penthouse,12000.0,12160.0,18170.0,1.494,10,3,0.3,0.678,4,1,Regular,1.0,Concert,1.35,Luxury,0.23,7.1,0.761,5.5,100.0,3
hotel,HTL-08,Urban Hub Suites,Penthouse,12000.0,13680.0,33590.0,2.455,10,2,0.2,0.787,11,1,Holiday,1.6,Festival,1.45,Budget,1.47,2.8,0.687,3.5,100.0,2
hotel,HTL-01,Urban Hub Suites,Penthouse,12000.0,11620.0,12720.0,1.095,10,4,0.4,0.624,11,0,Regular,1.0,Normal Day,1.0,Leisure,0.95,8.6,0.445,2.5,56.25,3
hotel,HTL-02,Sea Breeze Resort,Ocean View,6500.0,7190.0,7350.0,1.022,40,1,0.025,0.98,2,1,Low,0.8,Weekend,1.15,Business,0.45,1.0,0.602,5.5,76.65,1
hotel,HTL-03,Grand Palace Hotel,Executive Suite,9000.0,8620.0,12090.0,1.403,20,12,0.6,0.403,2,0,Peak,1.35,Normal Day,1.0,Leisure,0.87,0.9,0.569,6.5,75.37,11
hotel,HTL-04,Grand Palace Hotel,Deluxe,5000.0,5330.0,5790.0,1.086,50,18,0.36,0.642,18,1,Regular,1.0,Weekend,1.15,Luxury,0.17,5.3,0.627,4.5,77.99,9
hotel,HTL-05,Sea Breeze Resort,Ocean View,6500.0,6750.0,5960.0,0.883,40,18,0.45,0.562,9,0,Regular,1.0,Normal Day,1.0,Business,0.42,5.4,0.485,2.5,57.68,5
hotel,HTL-06,Grand Palace Hotel,Deluxe,5000.0,4760.0,4730.0,0.994,50,28,0.56,0.439,13,0,Regular,1.0,Normal Day,1.0,Budget,1.45,0.5,0.347,3.5,45.37,3
hotel,HTL-07,Grand Palace Hotel,Deluxe,5000.0,5050.0,5380.0,1.065,50,25,0.5,0.498,6,0,Regular,1.0,Normal Day,1.0,Leisure,0.94,0.2,0.412,0.5,50.99,1
hotel,HTL-08,Urban Hub Suites,Penthouse,12000.0,12080.0,14710.0,1.218,10,4,0.4,0.628,15,0,Low,0.8,Festival,1.45,Leisure,1.01,0.6,0.474,2.5,61.58,2
hotel,HTL-01,Sea Breeze Resort,Ocean View,6500.0,7840.0,8400.0,1.071,40,5,0.125,0.864,9,1,Regular,1.0,Weekend,1.15,Leisure,0.96,1.8,0.563,3.5,75.27,5
hotel,HTL-02,Urban Hub Suites,Penthouse,12000.0,11990.0,24480.0,2.042,10,5,0.5,0.537,4,0,Peak,1.35,Festival,1.45,Leisure,0.8,2.3,0.727,6.5,100.0,5
hotel,HTL-03,Urban Hub Suites,Studio Room,3200.0,2930.0,2820.0,0.962,80,62,0.775,0.228,5,0,Regular,1.0,Normal Day,1.0,Budget,1.46,0.8,0.285,0.5,35.61,0
hotel,HTL-04,Urban Hub Suites,Studio Room,3200.0,3240.0,3570.0,1.102,80,21,0.263,0.733,10,1,Low,0.8,Concert,1.35,Leisure,0.89,0.8,0.573,3.5,76.22,6
hotel,HTL-05,Grand Palace Hotel,Executive Suite,9000.0,9620.0,13330.0,1.386,20,8,0.4,0.611,8,0,Peak,1.35,Normal Day,1.0,Budget,1.47,1.0,0.533,8.5,75.47,8
hotel,HTL-06,Mountain Bliss Lodge,Alpine Chalet,7500.0,8270.0,9690.0,1.172,25,6,0.24,0.776,8,1,Regular,1.0,Weekend,1.15,Business,0.45,3.2,0.631,4.5,81.34,6
hotel,HTL-07,Sea Breeze Resort,Standard Room,3800.0,3680.0,3250.0,0.883,60,25,0.417,0.591,8,0,Low,0.8,Normal Day,1.0,Budget,1.42,2.5,0.369,3.5,48.72,3
hotel,HTL-08,Grand Palace Hotel,Executive Suite,9000.0,9730.0,8360.0,0.859,20,7,0.35,0.667,2,1,Low,0.8,Weekend,1.15,Luxury,0.1,2.3,0.59,2.5,71.39,3
hotel,HTL-01,Grand Palace Hotel,Executive Suite,9000.0,9960.0,13000.0,1.305,20,6,0.3,0.696,8,0,Peak,1.35,Normal Day,1.0,Business,0.49,4.8,0.663,7.5,86.73,6
hotel,HTL-02,Grand Palace Hotel,Executive Suite,9000.0,9910.0,7980.0,0.805,20,9,0.45,0.528,8,0,Low,0.8,Normal Day,1.0,Budget,1.46,3.9,0.36,3.5,47.59,2
hotel,HTL-03,Sea Breeze Resort,Standard Room,3800.0,3960.0,4550.0,1.149,60,15,0.25,0.742,4,1,Regular,1.0,Weekend,1.15,Budget,1.45,2.0,0.55,7.5,77.92,13
hotel,HTL-04,Sea Breeze Resort,Ocean View,6500.0,6750.0,8720.0,1.292,40,16,0.4,0.599,26,0,Peak,1.35,Normal Day,1.0,Leisure,0.88,0.3,0.595,4.5,79.68,9
hotel,HTL-05,Sea Breeze Resort,Standard Room,3800.0,3870.0,2860.0,0.739,60,45,0.75,0.244,21,0,Low,0.8,Normal Day,1.0,Leisure,0.86,0.1,0.333,5.5,37.6,8
hotel,HTL-06,Sea Breeze Resort,Standard Room,3800.0,3700.0,5280.0,1.427,60,25,0.417,0.582,3,0,Peak,1.35,Normal Day,1.0,Budget,1.47,1.8,0.462,2.5,63.98,2
hotel,HTL-07,Sea Breeze Resort,Standard Room,3800.0,3830.0,5580.0,1.457,60,22,0.367,0.629,4,0,Peak,1.35,Normal Day,1.0,Leisure,0.87,0.2,0.545,1.5,71.59,4
hotel,HTL-08,Sea Breeze Resort,Ocean View,6500.0,6340.0,5490.0,0.866,40,24,0.6,0.402,21,0,Low,0.8,Normal Day,1.0,Leisure,0.84,1.9,0.374,4.5,43.92,5
hotel,HTL-01,Grand Palace Hotel,Deluxe,5000.0,5350.0,4440.0,0.83,50,24,0.48,0.527,14,0,Regular,1.0,Normal Day,1.0,Business,0.34,1.6,0.491,6.5,57.81,11
hotel,HTL-02,Mountain Bliss Lodge,Alpine Chalet,7500.0,8110.0,12320.0,1.519,25,2,0.08,0.924,4,1,Peak,1.35,Weekend,1.15,Leisure,0.86,0.9,0.714,4.5,98.45,2
hotel,HTL-03,Urban Hub Suites,Studio Room,3200.0,3450.0,3180.0,0.922,80,16,0.2,0.801,1,1,Low,0.8,Weekend,1.15,Business,0.46,5.7,0.59,3.5,74.77,6
hotel,HTL-04,Sea Breeze Resort,Standard Room,3800.0,3940.0,3710.0,0.942,60,30,0.5,0.503,8,1,Low,0.8,Weekend,1.15,Business,0.39,3.4,0.554,8.5,68.35,13
hotel,HTL-05,Urban Hub Suites,Penthouse,12000.0,12640.0,17190.0,1.36,10,5,0.5,0.545,16,0,Holiday,1.6,Normal Day,1.0,Leisure,0.89,3.6,0.556,3.5,73.43,5
hotel,HTL-06,Urban Hub Suites,Studio Room,3200.0,3200.0,6720.0,2.1,80,27,0.338,0.668,7,1,Holiday,1.6,Weekend,1.15,Leisure,0.88,3.7,0.722,9.5,100.0,18
hotel,HTL-07,Grand Palace Hotel,Executive Suite,9000.0,9950.0,12510.0,1.257,20,9,0.45,0.552,6,0,Peak,1.35,Normal Day,1.0,Leisure,0.98,3.0,0.498,2.5,65.04,3
hotel,HTL-08,Urban Hub Suites,Penthouse,12000.0,11880.0,13680.0,1.152,10,5,0.5,0.536,20,0,Regular,1.0,Normal Day,1.0,Leisure,0.83,0.1,0.429,3.5,52.68,3
hotel,HTL-01,Grand Palace Hotel,Deluxe,5000.0,5090.0,4520.0,0.888,50,29,0.58,0.411,2,0,Regular,1.0,Normal Day,1.0,Leisure,0.93,5.0,0.441,4.5,55.55,6
hotel,HTL-02,Mountain Bliss Lodge,Alpine Chalet,7500.0,7910.0,7870.0,0.995,25,7,0.28,0.721,3,0,Regular,1.0,Normal Day,1.0,Leisure,0.86,0.9,0.471,2.5,59.63,3
hotel,HTL-03,City Central Inn,Economy Twin,2400.0,2480.0,4640.0,1.871,100,32,0.32,0.681,8,0,Holiday,1.6,Normal Day,1.0,Leisure,0.9,1.8,0.612,2.5,82.57,4
hotel,HTL-04,Sea Breeze Resort,Ocean View,6500.0,6800.0,6980.0,1.026,40,15,0.375,0.617,2,0,Regular,1.0,Normal Day,1.0,Leisure,0.91,1.3,0.482,3.5,61.9,4
hotel,HTL-05,City Central Inn,Economy Twin,2400.0,2270.0,1880.0,0.828,100,69,0.69,0.307,11,0,Low,0.8,Normal Day,1.0,Leisure,0.87,0.6,0.294,2.5,31.39,0
hotel,HTL-06,Sea Breeze Resort,Ocean View,6500.0,7000.0,11450.0,1.636,40,15,0.375,0.624,6,0,Holiday,1.6,Normal Day,1.0,Budget,1.5,4.3,0.597,5.5,85.97,10
hotel,HTL-07,Grand Palace Hotel,Executive Suite,9000.0,10000.0,13840.0,1.384,20,4,0.2,0.82,3,0,Peak,1.35,Normal Day,1.0,Luxury,0.29,3.1,0.758,6.5,100.0,4
hotel,HTL-08,Mountain Bliss Lodge,Alpine Chalet,7500.0,7280.0,6980.0,0.959,25,14,0.56,0.45,3,0,Regular,1.0,Normal Day,1.0,Business,0.37,2.5,0.414,0.5,45.73,1
hotel,HTL-01,Sea Breeze Resort,Ocean View,6500.0,6930.0,9410.0,1.358,40,11,0.275,0.731,6,0,Peak,1.35,Normal Day,1.0,Leisure,0.88,0.8,0.571,3.5,75.78,4
hotel,HTL-02,Sea Breeze Resort,Ocean View,6500.0,7650.0,7200.0,0.941,40,6,0.15,0.846,2,0,Regular,1.0,Normal Day,1.0,Business,0.44,1.5,0.515,2.5,62.62,5
hotel,HTL-03,Sea Breeze Resort,Ocean View,6500.0,6320.0,5010.0,0.793,40,26,0.65,0.338,12,0,Low,0.8,Normal Day,1.0,Leisure,0.89,2.2,0.338,3.5,38.67,2
hotel,HTL-04,Urban Hub Suites,Penthouse,12000.0,10910.0,12930.0,1.185,10,5,0.5,0.523,5,0,Regular,1.0,Normal Day,1.0,Business,0.5,4.7,0.542,4.5,67.45,5
hotel,HTL-05,Grand Palace Hotel,Executive Suite,9000.0,9510.0,9880.0,1.039,20,8,0.4,0.591,6,0,Regular,1.0,Normal Day,1.0,Business,0.39,1.9,0.527,1.5,64.12,1
hotel,HTL-06,Urban Hub Suites,Studio Room,3200.0,3230.0,3850.0,1.192,80,50,0.625,0.379,9,0,Peak,1.35,Normal Day,1.0,Budget,1.47,0.4,0.487,5.5,68.11,12
hotel,HTL-07,Sea Breeze Resort,Ocean View,6500.0,7310.0,9940.0,1.36,40,12,0.3,0.693,5,0,Peak,1.35,Normal Day,1.0,Leisure,0.86,0.7,0.578,3.5,76.69,7
hotel,HTL-08,Grand Palace Hotel,Deluxe,5000.0,5690.0,5670.0,0.996,50,18,0.36,0.636,6,1,Regular,1.0,Weekend,1.15,Budget,1.47,0.2,0.472,2.5,65.59,3
hotel,HTL-01,Sea Breeze Resort,Standard Room,3800.0,3560.0,3560.0,1.0,60,38,0.633,0.365,21,0,Regular,1.0,Normal Day,1.0,Leisure,0.84,0.4,0.427,6.5,52.39,8
hotel,HTL-02,Sea Breeze Resort,Ocean View,6500.0,6090.0,6260.0,1.028,40,24,0.6,0.409,9,0,Low,0.8,Normal Day,1.0,Luxury,0.14,2.1,0.448,1.5,49.04,2
hotel,HTL-03,Mountain Bliss Lodge,Alpine Chalet,7500.0,7060.0,7920.0,1.122,25,12,0.48,0.537,2,0,Regular,1.0,Normal Day,1.0,Budget,1.56,1.1,0.326,0.5,43.18,0
hotel,HTL-04,Grand Palace Hotel,Deluxe,5000.0,5230.0,5850.0,1.119,50,14,0.28,0.723,16,0,Regular,1.0,Normal Day,1.0,Leisure,0.87,0.8,0.441,0.5,54.98,0
hotel,HTL-05,Urban Hub Suites,Penthouse,12000.0,12790.0,11720.0,0.916,10,4,0.4,0.61,3,0,Regular,1.0,Normal Day,1.0,Business,0.43,1.1,0.484,2.5,57.54,3
hotel,HTL-06,Grand Palace Hotel,Executive Suite,9000.0,10690.0,20540.0,1.921,20,3,0.15,0.84,1,1,Holiday,1.6,Weekend,1.15,Budget,1.51,0.3,0.684,1.5,100.0,3
hotel,HTL-07,Urban Hub Suites,Penthouse,12000.0,13730.0,13990.0,1.019,10,1,0.1,0.937,7,1,Low,0.8,Weekend,1.15,Leisure,0.88,0.8,0.584,6.5,77.89,1
hotel,HTL-08,Sea Breeze Resort,Standard Room,3800.0,4080.0,5080.0,1.245,60,15,0.25,0.743,2,1,Low,0.8,Major Event,1.55,Business,0.39,5.9,0.671,4.5,87.08,8
hotel,HTL-01,Grand Palace Hotel,Executive Suite,9000.0,10050.0,24710.0,2.459,20,2,0.1,0.897,4,1,Holiday,1.6,Major Event,1.55,Business,0.39,3.3,0.752,3.5,100.0,2
hotel,HTL-02,Urban Hub Suites,Studio Room,3200.0,3350.0,2510.0,0.749,80,45,0.562,0.435,23,0,Low,0.8,Normal Day,1.0,Budget,1.4,2.6,0.259,1.5,30.86,2
hotel,HTL-03,Grand Palace Hotel,Deluxe,5000.0,4990.0,5090.0,1.02,50,25,0.5,0.504,3,0,Regular,1.0,Normal Day,1.0,Leisure,0.98,1.5,0.384,0.5,46.77,1
hotel,HTL-04,Sea Breeze Resort,Ocean View,6500.0,7560.0,12860.0,1.701,40,8,0.2,0.795,13,1,Peak,1.35,Festival,1.45,Leisure,0.95,2.2,0.718,3.5,100.0,7
hotel,HTL-05,Urban Hub Suites,Penthouse,12000.0,12580.0,11250.0,0.894,10,7,0.7,0.305,28,0,Regular,1.0,Normal Day,1.0,Business,0.43,1.6,0.39,3.5,42.56,4
hotel,HTL-06,Urban Hub Suites,Penthouse,12000.0,13110.0,18380.0,1.402,10,2,0.2,0.787,6,1,Regular,1.0,Holiday,1.3,Business,0.39,2.3,0.669,2.5,86.82,2
hotel,HTL-07,Sea Breeze Resort,Ocean View,6500.0,5660.0,4770.0,0.843,40,25,0.625,0.384,18,0,Low,0.8,Normal Day,1.0,Business,0.3,3.3,0.46,5.5,52.47,8
hotel,HTL-08,Sea Breeze Resort,Standard Room,3800.0,3710.0,3730.0,1.005,60,36,0.6,0.404,41,0,Regular,1.0,Normal Day,1.0,Budget,1.51,0.7,0.3,2.5,38.57,3
hotel,HTL-01,Grand Palace Hotel,Executive Suite,9000.0,10590.0,18040.0,1.703,20,4,0.2,0.775,14,0,Holiday,1.6,Normal Day,1.0,Budget,1.47,1.0,0.582,2.5,83.16,4
hotel,HTL-02,Grand Palace Hotel,Deluxe,5000.0,5100.0,4930.0,0.967,50,28,0.56,0.439,31,0,Regular,1.0,Normal Day,1.0,Budget,1.53,0.2,0.29,1.5,37.05,1
hotel,HTL-03,Grand Palace Hotel,Executive Suite,9000.0,8480.0,6920.0,0.816,20,10,0.5,0.49,3,0,Low,0.8,Normal Day,1.0,Business,0.45,4.0,0.502,2.5,60.66,3
hotel,HTL-04,City Central Inn,Economy Twin,2400.0,2440.0,2210.0,0.906,100,45,0.45,0.552,3,1,Low,0.8,Weekend,1.15,Budget,1.61,1.2,0.43,3.5,60.19,4
hotel,HTL-05,Urban Hub Suites,Studio Room,3200.0,3150.0,3430.0,1.089,80,17,0.212,0.791,1,1,Low,0.8,Holiday,1.3,Luxury,0.23,7.1,0.621,2.5,77.65,5
hotel,HTL-06,Mountain Bliss Lodge,Alpine Chalet,7500.0,8340.0,6120.0,0.734,25,5,0.2,0.8,9,0,Low,0.8,Normal Day,1.0,Leisure,0.95,0.3,0.43,4.5,53.97,5
hotel,HTL-07,City Central Inn,Economy Twin,2400.0,2180.0,2440.0,1.119,100,57,0.57,0.426,12,0,Regular,1.0,Normal Day,1.0,Leisure,0.85,2.2,0.467,5.5,58.83,6
hotel,HTL-08,Grand Palace Hotel,Deluxe,5000.0,5590.0,5490.0,0.982,50,19,0.38,0.621,8,0,Regular,1.0,Normal Day,1.0,Leisure,0.91,0.6,0.425,2.5,52.74,2
hotel,HTL-01,Sea Breeze Resort,Standard Room,3800.0,3980.0,5000.0,1.256,60,15,0.25,0.757,18,1,Regular,1.0,Weekend,1.15,Business,0.42,5.2,0.62,2.5,79.22,5
hotel,HTL-02,Grand Palace Hotel,Deluxe,5000.0,5330.0,8690.0,1.63,50,8,0.16,0.831,16,1,Peak,1.35,Weekend,1.15,Budget,1.49,0.4,0.686,11.5,100.0,8
hotel,HTL-03,Grand Palace Hotel,Executive Suite,9000.0,9220.0,12590.0,1.366,20,8,0.4,0.613,20,0,Peak,1.35,Normal Day,1.0,Luxury,0.17,7.1,0.608,3.5,74.84,6
hotel,HTL-04,Sea Breeze Resort,Standard Room,3800.0,4150.0,6090.0,1.467,60,10,0.167,0.837,3,1,Peak,1.35,Weekend,1.15,Budget,1.52,0.1,0.579,2.5,83.25,3
hotel,HTL-05,Urban Hub Suites,Penthouse,12000.0,13350.0,20830.0,1.56,10,3,0.3,0.746,1,1,Peak,1.35,Weekend,1.15,Leisure,0.89,3.8,0.714,4.5,98.74,3
hotel,HTL-06,Sea Breeze Resort,Standard Room,3800.0,3560.0,3580.0,1.006,60,32,0.533,0.466,6,0,Regular,1.0,Normal Day,1.0,Leisure,0.93,4.1,0.457,3.5,58.13,4
hotel,HTL-07,Sea Breeze Resort,Standard Room,3800.0,4090.0,8300.0,2.029,60,9,0.15,0.855,10,1,Peak,1.35,Concert,1.35,Budget,1.48,2.9,0.686,2.5,100.0,6
hotel,HTL-08,Mountain Bliss Lodge,Alpine Chalet,7500.0,7400.0,7950.0,1.074,25,13,0.52,0.477,13,0,Regular,1.0,Normal Day,1.0,Budget,1.49,0.2,0.486,8.5,68.07,7
hotel,HTL-01,Mountain Bliss Lodge,Alpine Chalet,7500.0,8050.0,13700.0,1.702,25,5,0.2,0.78,6,0,Holiday,1.6,Normal Day,1.0,Business,0.38,5.2,0.729,7.5,96.35,5
hotel,HTL-02,Urban Hub Suites,Penthouse,12000.0,12370.0,14720.0,1.19,10,2,0.2,0.779,8,1,Regular,1.0,Weekend,1.15,Business,0.39,5.2,0.703,4.5,92.25,2
hotel,HTL-03,Urban Hub Suites,Studio Room,3200.0,3210.0,3290.0,1.025,80,44,0.55,0.446,6,0,Regular,1.0,Normal Day,1.0,Budget,1.45,1.0,0.385,4.5,51.58,4
hotel,HTL-04,Sea Breeze Resort,Standard Room,3800.0,4360.0,6640.0,1.523,60,9,0.15,0.851,17,0,Peak,1.35,Normal Day,1.0,Budget,1.55,0.9,0.617,8.5,89.56,9
hotel,HTL-05,Sea Breeze Resort,Ocean View,6500.0,7090.0,8750.0,1.234,40,11,0.275,0.718,4,1,Regular,1.0,Weekend,1.15,Luxury,0.29,6.3,0.687,6.5,88.65,11
hotel,HTL-06,Grand Palace Hotel,Deluxe,5000.0,4890.0,3820.0,0.781,50,25,0.5,0.5,11,0,Low,0.8,Normal Day,1.0,Leisure,0.87,0.7,0.355,0.5,41.16,0
hotel,HTL-07,Grand Palace Hotel,Executive Suite,9000.0,9580.0,12280.0,1.282,20,9,0.45,0.543,20,0,Peak,1.35,Normal Day,1.0,Business,0.34,5.5,0.61,6.5,76.84,7
hotel,HTL-08,Mountain Bliss Lodge,Alpine Chalet,7500.0,7990.0,8630.0,1.08,25,9,0.36,0.634,23,1,Regular,1.0,Weekend,1.15,Business,0.41,6.6,0.618,4.5,78.85,7
hotel,HTL-01,Grand Palace Hotel,Executive Suite,9000.0,8420.0,13770.0,1.635,20,13,0.65,0.341,38,0,Holiday,1.6,Normal Day,1.0,Leisure,0.97,6.3,0.545,5.5,72.57,5
hotel,HTL-02,Urban Hub Suites,Studio Room,3200.0,3560.0,4510.0,1.267,80,32,0.4,0.606,1,1,Regular,1.0,Weekend,1.15,Luxury,0.2,3.5,0.637,3.5,79.8,7
hotel,HTL-03,Grand Palace Hotel,Executive Suite,9000.0,9180.0,10370.0,1.13,20,7,0.35,0.635,8,1,Regular,1.0,Weekend,1.15,Business,0.41,1.5,0.586,4.5,73.68,7
hotel,HTL-04,Grand Palace Hotel,Deluxe,5000.0,4840.0,4460.0,0.921,50,30,0.6,0.4,7,0,Regular,1.0,Normal Day,1.0,Leisure,0.91,1.9,0.401,2.5,48.92,4
hotel,HTL-05,City Central Inn,Economy Twin,2400.0,2540.0,3220.0,1.268,100,48,0.48,0.516,24,0,Peak,1.35,Normal Day,1.0,Business,0.39,1.8,0.512,5.5,61.61,6
hotel,HTL-06,Mountain Bliss Lodge,Alpine Chalet,7500.0,8120.0,11120.0,1.369,25,10,0.4,0.588,24,0,Holiday,1.6,Normal Day,1.0,Luxury,0.19,7.0,0.663,3.5,83.91,5
hotel,HTL-07,Urban Hub Suites,Penthouse,12000.0,11310.0,8600.0,0.76,10,6,0.6,0.409,10,0,Low,0.8,Normal Day,1.0,Business,0.39,3.1,0.403,3.5,44.21,3
hotel,HTL-08,City Central Inn,Economy Twin,2400.0,2440.0,3440.0,1.41,100,38,0.38,0.617,4,1,Regular,1.0,Concert,1.35,Business,0.41,5.5,0.75,9.5,100.0,26
hotel,HTL-01,Grand Palace Hotel,Executive Suite,9000.0,9980.0,11730.0,1.175,20,4,0.2,0.814,4,1,Regular,1.0,Weekend,1.15,Luxury,0.18,5.5,0.648,1.5,81.35,4
hotel,HTL-02,Sea Breeze Resort,Ocean View,6500.0,6250.0,9590.0,1.534,40,15,0.375,0.622,3,0,Regular,1.0,Holiday,1.3,Budget,1.45,1.3,0.495,3.5,69.19,2
hotel,HTL-03,Grand Palace Hotel,Executive Suite,9000.0,9420.0,7810.0,0.829,20,8,0.4,0.619,8,0,Low,0.8,Normal Day,1.0,Business,0.41,5.9,0.403,1.5,44.37,1
hotel,HTL-04,Sea Breeze Resort,Standard Room,3800.0,3860.0,4210.0,1.091,60,22,0.367,0.635,17,1,Regular,1.0,Weekend,1.15,Business,0.5,3.3,0.599,5.5,76.57,7
hotel,HTL-05,Urban Hub Suites,Penthouse,12000.0,12630.0,12890.0,1.021,10,5,0.5,0.458,13,1,Regular,1.0,Weekend,1.15,Budget,1.54,0.4,0.435,3.5,60.33,4
hotel,HTL-06,Grand Palace Hotel,Deluxe,5000.0,5210.0,4660.0,0.894,50,34,0.68,0.313,27,0,Regular,1.0,Normal Day,1.0,Leisure,0.93,0.5,0.404,1.5,49.55,1
hotel,HTL-07,City Central Inn,Economy Twin,2400.0,2450.0,2260.0,0.922,100,38,0.38,0.624,11,0,Regular,1.0,Normal Day,1.0,Budget,1.48,0.7,0.348,3.5,45.86,2
hotel,HTL-08,Grand Palace Hotel,Deluxe,5000.0,5800.0,7790.0,1.343,50,7,0.14,0.854,9,1,Regular,1.0,Concert,1.35,Business,0.42,1.6,0.702,4.5,92.35,7
hotel,HTL-01,Grand Palace Hotel,Executive Suite,9000.0,8950.0,7340.0,0.82,20,11,0.55,0.466,8,0,Low,0.8,Normal Day,1.0,Business,0.4,5.5,0.446,2.5,51.28,2
hotel,HTL-02,Mountain Bliss Lodge,Alpine Chalet,7500.0,7810.0,11450.0,1.466,25,12,0.48,0.509,4,0,Holiday,1.6,Normal Day,1.0,Leisure,0.97,2.9,0.568,2.5,76.12,4
hotel,HTL-03,City Central Inn,Economy Twin,2400.0,2150.0,1790.0,0.833,100,74,0.74,0.255,17,0,Low,0.8,Normal Day,1.0,Business,0.47,1.9,0.324,2.5,32.3,3
hotel,HTL-04,Mountain Bliss Lodge,Alpine Chalet,7500.0,7840.0,5860.0,0.747,25,12,0.48,0.533,3,0,Low,0.8,Normal Day,1.0,Budget,1.44,2.7,0.325,1.5,41.79,2
hotel,HTL-05,Mountain Bliss Lodge,Alpine Chalet,7500.0,8950.0,9310.0,1.04,25,6,0.24,0.77,3,1,Regular,1.0,Weekend,1.15,Budget,1.59,1.8,0.513,2.5,73.36,6
hotel,HTL-06,Mountain Bliss Lodge,Alpine Chalet,7500.0,7140.0,5360.0,0.751,25,18,0.72,0.293,3,0,Low,0.8,Normal Day,1.0,Leisure,0.83,4.7,0.349,3.5,39.76,4
hotel,HTL-07,Urban Hub Suites,Penthouse,12000.0,11700.0,11600.0,0.991,10,5,0.5,0.501,2,0,Regular,1.0,Normal Day,1.0,Luxury,0.22,5.6,0.531,3.5,63.07,5
hotel,HTL-08,Urban Hub Suites,Penthouse,12000.0,11210.0,8820.0,0.787,10,6,0.6,0.352,14,0,Low,0.8,Normal Day,1.0,Leisure,0.87,1.1,0.346,1.5,39.75,3
hotel,HTL-01,Mountain Bliss Lodge,Alpine Chalet,7500.0,7910.0,9560.0,1.209,25,9,0.36,0.638,55,1,Regular,1.0,Weekend,1.15,Leisure,0.97,1.0,0.538,5.5,71.46,9
hotel,HTL-02,City Central Inn,Economy Twin,2400.0,2390.0,2060.0,0.862,100,41,0.41,0.588,10,0,Low,0.8,Normal Day,1.0,Leisure,0.85,0.4,0.367,1.5,42.85,1
hotel,HTL-03,Urban Hub Suites,Penthouse,12000.0,12150.0,9830.0,0.809,10,5,0.5,0.453,13,0,Low,0.8,Normal Day,1.0,Business,0.41,5.0,0.487,4.5,57.79,5
hotel,HTL-04,Urban Hub Suites,Studio Room,3200.0,3500.0,5590.0,1.597,80,12,0.15,0.854,20,1,Peak,1.35,Weekend,1.15,Leisure,0.9,2.1,0.698,4.5,96.36,10
hotel,HTL-05,Mountain Bliss Lodge,Alpine Chalet,7500.0,7650.0,10790.0,1.41,25,8,0.32,0.671,14,1,Regular,1.0,Holiday,1.3,Budget,1.51,0.4,0.5,2.5,70.56,3
hotel,HTL-06,Grand Palace Hotel,Executive Suite,9000.0,9580.0,12120.0,1.265,20,4,0.2,0.81,6,1,Regular,1.0,Weekend,1.15,Business,0.43,0.6,0.582,1.5,73.31,3
hotel,HTL-07,City Central Inn,Economy Twin,2400.0,2570.0,2390.0,0.93,100,24,0.24,0.763,22,1,Low,0.8,Weekend,1.15,Leisure,0.95,2.3,0.457,3.5,58.28,5
hotel,HTL-08,Urban Hub Suites,Studio Room,3200.0,3310.0,5430.0,1.64,80,17,0.212,0.786,2,1,Peak,1.35,Weekend,1.15,Business,0.37,2.7,0.753,2.5,100.0,5
hotel,HTL-01,Grand Palace Hotel,Deluxe,5000.0,5380.0,7940.0,1.476,50,11,0.22,0.785,2,0,Peak,1.35,Normal Day,1.0,Budget,1.45,1.9,0.56,6.5,79.47,9
hotel,HTL-02,Mountain Bliss Lodge,Alpine Chalet,7500.0,6710.0,5520.0,0.823,25,20,0.8,0.219,14,0,Low,0.8,Normal Day,1.0,Leisure,0.91,3.2,0.262,0.5,26.58,0
hotel,HTL-03,Mountain Bliss Lodge,Alpine Chalet,7500.0,8040.0,7740.0,0.963,25,10,0.4,0.604,4,0,Regular,1.0,Normal Day,1.0,Leisure,0.88,3.1,0.529,4.5,69.06,6
hotel,HTL-04,Urban Hub Suites,Penthouse,12000.0,13430.0,16650.0,1.24,10,2,0.2,0.767,4,0,Peak,1.35,Normal Day,1.0,Business,0.39,10.8,0.672,5.5,87.27,2
hotel,HTL-05,Mountain Bliss Lodge,Alpine Chalet,7500.0,8510.0,9580.0,1.126,25,8,0.32,0.685,3,1,Regular,1.0,Weekend,1.15,Business,0.37,3.3,0.604,2.5,76.19,5
hotel,HTL-06,Grand Palace Hotel,Executive Suite,9000.0,9630.0,11410.0,1.185,20,4,0.2,0.816,28,1,Regular,1.0,Weekend,1.15,Budget,1.56,0.2,0.428,1.5,59.52,1
hotel,HTL-07,City Central Inn,Economy Twin,2400.0,2480.0,4880.0,1.968,100,32,0.32,0.681,6,0,Peak,1.35,Festival,1.45,Business,0.43,5.6,0.749,6.5,100.0,15
hotel,HTL-08,City Central Inn,Economy Twin,2400.0,2260.0,2400.0,1.062,100,65,0.65,0.346,12,0,Regular,1.0,Normal Day,1.0,Leisure,0.81,2.0,0.405,1.5,48.63,2
hotel,HTL-01,Sea Breeze Resort,Standard Room,3800.0,3530.0,3870.0,1.096,60,33,0.55,0.458,2,0,Low,0.8,Festival,1.45,Budget,1.43,1.9,0.459,4.5,63.15,4
hotel,HTL-02,Grand Palace Hotel,Executive Suite,9000.0,8790.0,9000.0,1.024,20,14,0.7,0.317,40,0,Regular,1.0,Normal Day,1.0,Business,0.45,1.7,0.335,0.5,33.88,1
hotel,HTL-03,Mountain Bliss Lodge,Alpine Chalet,7500.0,8470.0,9580.0,1.131,25,8,0.32,0.688,8,1,Regular,1.0,Weekend,1.15,Business,0.35,1.1,0.574,3.5,71.22,5
hotel,HTL-04,Urban Hub Suites,Studio Room,3200.0,3070.0,2310.0,0.752,80,51,0.637,0.368,14,0,Low,0.8,Normal Day,1.0,Leisure,1.08,1.2,0.334,3.5,39.73,3
hotel,HTL-05,Grand Palace Hotel,Executive Suite,9000.0,9330.0,9060.0,0.971,20,9,0.45,0.564,5,0,Regular,1.0,Normal Day,1.0,Business,0.35,9.4,0.554,2.5,67.92,4
hotel,HTL-06,Urban Hub Suites,Penthouse,12000.0,12440.0,18780.0,1.51,10,3,0.3,0.677,13,0,Peak,1.35,Normal Day,1.0,Business,0.39,3.0,0.616,3.5,78.34,3
hotel,HTL-07,City Central Inn,Economy Twin,2400.0,2740.0,3770.0,1.376,100,11,0.11,0.889,1,1,Regular,1.0,Holiday,1.3,Budget,1.47,2.2,0.614,3.5,88.32,5
hotel,HTL-08,Sea Breeze Resort,Standard Room,3800.0,4600.0,9300.0,2.022,60,5,0.083,0.912,3,1,Holiday,1.6,Concert,1.35,Budget,1.45,1.1,0.688,6.5,100.0,5
hotel,HTL-01,Sea Breeze Resort,Ocean View,6500.0,6770.0,4850.0,0.716,40,24,0.6,0.399,5,0,Low,0.8,Normal Day,1.0,Business,0.3,2.7,0.369,3.5,37.93,3
hotel,HTL-02,Sea Breeze Resort,Standard Room,3800.0,4040.0,4950.0,1.225,60,19,0.317,0.688,2,1,Regular,1.0,Weekend,1.15,Leisure,0.9,1.4,0.518,2.5,67.53,4
hotel,HTL-03,Sea Breeze Resort,Standard Room,3800.0,4040.0,6170.0,1.527,60,20,0.333,0.675,4,1,Peak,1.35,Weekend,1.15,Leisure,0.86,0.4,0.637,5.5,86.24,6
hotel,HTL-04,Mountain Bliss Lodge,Alpine Chalet,7500.0,6590.0,7190.0,1.091,25,16,0.64,0.349,15,0,Regular,1.0,Normal Day,1.0,Leisure,0.94,2.5,0.386,3.5,46.85,3
hotel,HTL-05,Grand Palace Hotel,Executive Suite,9000.0,9420.0,23080.0,2.45,20,5,0.25,0.729,7,1,Holiday,1.6,Festival,1.45,Budget,1.41,0.5,0.69,1.5,100.0,4
hotel,HTL-06,Urban Hub Suites,Studio Room,3200.0,3100.0,3210.0,1.035,80,39,0.487,0.512,8,0,Regular,1.0,Normal Day,1.0,Business,0.42,3.0,0.515,3.5,62.51,7
hotel,HTL-07,Urban Hub Suites,Studio Room,3200.0,3610.0,5800.0,1.607,80,3,0.037,0.957,3,1,Peak,1.35,Weekend,1.15,Luxury,0.22,2.2,0.762,6.5,100.0,3
hotel,HTL-08,City Central Inn,Economy Twin,2400.0,2610.0,2700.0,1.034,100,37,0.37,0.627,8,0,Regular,1.0,Normal Day,1.0,Leisure,0.93,2.1,0.47,3.5,60.1,3
hotel,HTL-01,Urban Hub Suites,Studio Room,3200.0,3050.0,2520.0,0.826,80,55,0.688,0.307,21,0,Low,0.8,Normal Day,1.0,Leisure,0.79,1.1,0.305,1.5,32.36,2
hotel,HTL-02,Grand Palace Hotel,Executive Suite,9000.0,9810.0,8900.0,0.907,20,7,0.35,0.66,4,0,Regular,1.0,Normal Day,1.0,Leisure,0.93,0.6,0.451,3.5,57.12,6
hotel,HTL-03,Sea Breeze Resort,Standard Room,3800.0,3890.0,4010.0,1.031,60,24,0.4,0.606,1,0,Regular,1.0,Normal Day,1.0,Business,0.44,1.8,0.464,1.5,54.43,0
hotel,HTL-04,Urban Hub Suites,Penthouse,12000.0,12760.0,17250.0,1.352,10,3,0.3,0.719,6,0,Peak,1.35,Normal Day,1.0,Leisure,0.93,1.2,0.614,7.5,83.18,3
hotel,HTL-05,Sea Breeze Resort,Standard Room,3800.0,4160.0,9760.0,2.346,60,7,0.117,0.881,8,1,Holiday,1.6,Concert,1.35,Budget,1.56,0.8,0.681,5.5,100.0,7
hotel,HTL-06,Sea Breeze Resort,Ocean View,6500.0,6410.0,6850.0,1.069,40,20,0.5,0.512,2,0,Regular,1.0,Normal Day,1.0,Luxury,0.21,0.7,0.461,0.5,51.74,0
hotel,HTL-07,Urban Hub Suites,Studio Room,3200.0,3220.0,3220.0,1.0,80,36,0.45,0.548,1,0,Regular,1.0,Normal Day,1.0,Budget,1.5,3.1,0.382,5.5,51.5,3
hotel,HTL-08,Grand Palace Hotel,Deluxe,5000.0,5040.0,5250.0,1.042,50,26,0.52,0.471,13,0,Low,0.8,Holiday,1.3,Leisure,0.84,0.2,0.459,2.5,57.49,5
hotel,HTL-01,Mountain Bliss Lodge,Alpine Chalet,7500.0,8110.0,8050.0,0.993,25,8,0.32,0.677,23,1,Regular,1.0,Weekend,1.15,Leisure,0.98,0.9,0.505,3.5,66.2,4
hotel,HTL-02,Urban Hub Suites,Studio Room,3200.0,3360.0,3350.0,0.997,80,24,0.3,0.694,14,1,Low,0.8,Weekend,1.15,Luxury,0.2,2.7,0.579,4.5,70.62,6
hotel,HTL-03,Sea Breeze Resort,Standard Room,3800.0,3670.0,5760.0,1.569,60,19,0.317,0.679,4,0,Peak,1.35,Normal Day,1.0,Budget,1.48,2.6,0.55,4.5,78.14,8
hotel,HTL-04,City Central Inn,Economy Twin,2400.0,2550.0,5050.0,1.98,100,29,0.29,0.714,15,0,Peak,1.35,Holiday,1.3,Business,0.39,3.6,0.708,5.5,93.04,12
hotel,HTL-05,Grand Palace Hotel,Executive Suite,9000.0,8910.0,12870.0,1.444,20,7,0.35,0.647,1,0,Peak,1.35,Normal Day,1.0,Business,0.43,4.8,0.65,2.5,84.17,3
hotel,HTL-06,Urban Hub Suites,Penthouse,12000.0,12380.0,8210.0,0.663,10,6,0.6,0.447,1,0,Low,0.8,Normal Day,1.0,Business,0.37,1.9,0.425,0.5,47.58,1
hotel,HTL-07,Grand Palace Hotel,Deluxe,5000.0,4780.0,4450.0,0.931,50,33,0.66,0.35,2,0,Regular,1.0,Normal Day,1.0,Budget,1.53,0.1,0.375,3.5,50.72,2
hotel,HTL-08,City Central Inn,Economy Twin,2400.0,2660.0,3040.0,1.143,100,39,0.39,0.611,16,1,Low,0.8,Major Event,1.55,Leisure,0.9,0.3,0.491,3.5,63.25,3
hotel,HTL-01,Sea Breeze Resort,Ocean View,6500.0,6440.0,8410.0,1.306,40,18,0.45,0.555,6,0,Peak,1.35,Normal Day,1.0,Budget,1.58,2.2,0.455,4.5,63.98,7
hotel,HTL-02,Sea Breeze Resort,Standard Room,3800.0,3700.0,3730.0,1.008,60,31,0.517,0.477,4,0,Regular,1.0,Normal Day,1.0,Luxury,0.24,3.6,0.485,1.5,55.92,1
hotel,HTL-03,Mountain Bliss Lodge,Alpine Chalet,7500.0,7880.0,9740.0,1.236,25,5,0.2,0.817,1,1,Regular,1.0,Weekend,1.15,Leisure,0.88,2.0,0.571,2.5,75.87,5
hotel,HTL-04,Mountain Bliss Lodge,Alpine Chalet,7500.0,7690.0,7900.0,1.027,25,11,0.44,0.577,27,0,Regular,1.0,Normal Day,1.0,Budget,1.46,1.0,0.325,0.5,41.98,1
hotel,HTL-05,Mountain Bliss Lodge,Alpine Chalet,7500.0,6660.0,7430.0,1.116,25,16,0.64,0.344,19,0,Regular,1.0,Normal Day,1.0,Budget,1.58,1.7,0.344,2.5,46.2,4
hotel,HTL-06,Sea Breeze Resort,Ocean View,6500.0,6720.0,10240.0,1.524,40,12,0.3,0.691,16,1,Peak,1.35,Weekend,1.15,Budget,1.49,0.3,0.588,5.5,84.39,12
hotel,HTL-07,City Central Inn,Economy Twin,2400.0,2520.0,4330.0,1.718,100,52,0.52,0.475,5,0,Peak,1.35,Festival,1.45,Budget,1.46,1.9,0.637,7.5,91.9,14
hotel,HTL-08,Sea Breeze Resort,Ocean View,6500.0,6800.0,11020.0,1.621,40,15,0.375,0.637,38,1,Peak,1.35,Holiday,1.3,Business,0.44,1.9,0.701,4.5,92.44,9
hotel,HTL-01,City Central Inn,Economy Twin,2400.0,2330.0,2230.0,0.957,100,57,0.57,0.428,18,0,Regular,1.0,Normal Day,1.0,Business,0.43,10.0,0.447,2.5,51.72,3
hotel,HTL-02,Urban Hub Suites,Studio Room,3200.0,2990.0,4040.0,1.351,80,47,0.588,0.41,3,0,Peak,1.35,Normal Day,1.0,Business,0.48,1.4,0.523,4.5,64.22,8
hotel,HTL-03,City Central Inn,Economy Twin,2400.0,2360.0,3600.0,1.525,100,42,0.42,0.581,24,0,Regular,1.0,Festival,1.45,Business,0.41,4.3,0.565,3.5,70.29,7
hotel,HTL-04,Sea Breeze Resort,Standard Room,3800.0,3240.0,3420.0,1.056,60,39,0.65,0.352,23,0,Regular,1.0,Normal Day,1.0,Business,0.34,1.5,0.45,2.5,51.32,2
hotel,HTL-05,Grand Palace Hotel,Executive Suite,9000.0,10140.0,10370.0,1.023,20,6,0.3,0.715,4,0,Regular,1.0,Normal Day,1.0,Budget,1.57,1.0,0.421,2.5,58.4,4
hotel,HTL-06,Sea Breeze Resort,Standard Room,3800.0,3720.0,3670.0,0.987,60,31,0.517,0.488,36,0,Regular,1.0,Normal Day,1.0,Budget,1.5,0.9,0.352,3.5,46.69,3
hotel,HTL-07,Urban Hub Suites,Penthouse,12000.0,11690.0,12580.0,1.076,10,6,0.6,0.414,10,0,Regular,1.0,Normal Day,1.0,Budget,1.46,1.7,0.361,2.5,47.7,2
hotel,HTL-08,Sea Breeze Resort,Ocean View,6500.0,6690.0,8630.0,1.29,40,19,0.475,0.532,40,0,Regular,1.0,Festival,1.45,Budget,1.51,0.8,0.471,6.5,65.88,9
hotel,HTL-01,Sea Breeze Resort,Standard Room,3800.0,3830.0,3650.0,0.953,60,38,0.633,0.367,2,0,Low,0.8,Holiday,1.3,Business,0.33,2.2,0.47,2.5,54.42,3
hotel,HTL-02,Urban Hub Suites,Penthouse,12000.0,13280.0,18270.0,1.376,10,5,0.5,0.521,4,0,Regular,1.0,Festival,1.45,Budget,1.44,1.9,0.557,6.5,78.87,5
hotel,HTL-03,Mountain Bliss Lodge,Alpine Chalet,7500.0,7470.0,9040.0,1.21,25,10,0.4,0.609,12,1,Low,0.8,Concert,1.35,Leisure,1.0,1.3,0.511,4.5,67.32,7
hotel,HTL-04,Sea Breeze Resort,Standard Room,3800.0,4030.0,5950.0,1.476,60,10,0.167,0.836,17,1,Regular,1.0,Festival,1.45,Budget,1.47,1.7,0.573,2.5,81.73,6
hotel,HTL-05,Urban Hub Suites,Penthouse,12000.0,12490.0,25450.0,2.038,10,5,0.5,0.479,6,0,Peak,1.35,Festival,1.45,Leisure,0.95,1.4,0.646,4.5,88.53,5
hotel,HTL-06,Urban Hub Suites,Penthouse,12000.0,13160.0,14120.0,1.073,10,3,0.3,0.677,1,0,Regular,1.0,Normal Day,1.0,Budget,1.46,1.7,0.453,4.5,62.47,3
hotel,HTL-07,Urban Hub Suites,Studio Room,3200.0,2910.0,5480.0,1.883,80,59,0.738,0.258,5,0,Peak,1.35,Holiday,1.3,Leisure,0.85,1.2,0.638,6.5,86.23,10
hotel,HTL-08,City Central Inn,Economy Twin,2400.0,2360.0,2680.0,1.136,100,42,0.42,0.583,3,1,Regular,1.0,Weekend,1.15,Leisure,0.91,1.4,0.57,6.5,75.94,15
hotel,HTL-01,Sea Breeze Resort,Ocean View,6500.0,7230.0,7000.0,0.968,40,7,0.175,0.833,3,1,Low,0.8,Weekend,1.15,Leisure,0.98,0.9,0.526,3.5,69.49,4
hotel,HTL-02,Mountain Bliss Lodge,Alpine Chalet,7500.0,7600.0,8450.0,1.112,25,9,0.36,0.637,16,0,Regular,1.0,Normal Day,1.0,Budget,1.44,1.0,0.395,2.5,53.03,3
hotel,HTL-03,Urban Hub Suites,Penthouse,12000.0,11740.0,15150.0,1.29,10,6,0.6,0.397,10,0,Peak,1.35,Normal Day,1.0,Budget,1.59,1.2,0.469,5.5,66.38,4
hotel,HTL-04,Urban Hub Suites,Penthouse,12000.0,12250.0,10540.0,0.86,10,5,0.5,0.516,1,0,Low,0.8,Normal Day,1.0,Business,0.42,1.4,0.446,2.5,51.39,4
hotel,HTL-05,City Central Inn,Economy Twin,2400.0,2720.0,4730.0,1.739,100,2,0.02,0.98,4,1,Peak,1.35,Weekend,1.15,Business,0.41,2.9,0.717,4.5,94.64,2
hotel,HTL-06,Grand Palace Hotel,Deluxe,5000.0,5080.0,3850.0,0.758,50,26,0.52,0.474,13,0,Low,0.8,Normal Day,1.0,Luxury,0.21,3.0,0.423,2.5,45.68,4
hotel,HTL-07,City Central Inn,Economy Twin,2400.0,2260.0,3510.0,1.553,100,61,0.61,0.393,8,0,Holiday,1.6,Normal Day,1.0,Business,0.32,2.5,0.556,2.5,68.08,3
hotel,HTL-08,Mountain Bliss Lodge,Alpine Chalet,7500.0,8390.0,12420.0,1.48,25,10,0.4,0.602,15,1,Peak,1.35,Weekend,1.15,Business,0.42,6.3,0.675,4.5,88.04,9
hotel,HTL-01,Urban Hub Suites,Penthouse,12000.0,13630.0,12790.0,0.938,10,3,0.3,0.701,10,0,Regular,1.0,Normal Day,1.0,Leisure,0.91,1.2,0.457,3.5,57.83,3
hotel,HTL-02,Urban Hub Suites,Studio Room,3200.0,3150.0,4090.0,1.298,80,30,0.375,0.629,3,0,Peak,1.35,Normal Day,1.0,Business,0.46,3.4,0.642,5.5,83.21,8
hotel,HTL-03,Urban Hub Suites,Studio Room,3200.0,3680.0,3160.0,0.859,80,23,0.287,0.708,13,0,Regular,1.0,Normal Day,1.0,Leisure,0.91,1.8,0.451,3.5,56.87,2
hotel,HTL-04,City Central Inn,Economy Twin,2400.0,2590.0,4740.0,1.83,100,39,0.39,0.608,21,0,Peak,1.35,Festival,1.45,Business,0.45,7.1,0.708,3.5,93.61,5
hotel,HTL-05,Urban Hub Suites,Penthouse,12000.0,12680.0,11070.0,0.873,10,4,0.4,0.634,18,0,Regular,1.0,Normal Day,1.0,Business,0.39,1.3,0.444,3.5,50.86,4
hotel,HTL-06,Urban Hub Suites,Studio Room,3200.0,3390.0,6150.0,1.814,80,24,0.3,0.699,2,0,Peak,1.35,Holiday,1.3,Leisure,0.96,0.1,0.693,8.5,96.17,16
hotel,HTL-07,Grand Palace Hotel,Executive Suite,9000.0,9080.0,9560.0,1.053,20,8,0.4,0.581,6,0,Regular,1.0,Normal Day,1.0,Leisure,0.96,0.3,0.444,2.5,56.29,3
hotel,HTL-08,City Central Inn,Economy Twin,2400.0,2290.0,1820.0,0.795,100,61,0.61,0.386,15,0,Low,0.8,Normal Day,1.0,Budget,1.36,2.5,0.207,1.5,22.19,0
hotel,HTL-01,Grand Palace Hotel,Deluxe,5000.0,5220.0,9990.0,1.914,50,20,0.4,0.602,12,0,Holiday,1.6,Holiday,1.3,Business,0.47,6.3,0.747,5.5,100.0,10
hotel,HTL-02,Urban Hub Suites,Studio Room,3200.0,3330.0,4160.0,1.249,80,38,0.475,0.523,2,0,Peak,1.35,Normal Day,1.0,Leisure,0.88,1.8,0.54,3.5,70.81,8
hotel,HTL-03,Sea Breeze Resort,Ocean View,6500.0,5980.0,8920.0,1.492,40,27,0.675,0.335,47,0,Peak,1.35,Normal Day,1.0,Leisure,0.83,1.8,0.479,5.5,60.61,10
hotel,HTL-04,Sea Breeze Resort,Ocean View,6500.0,6050.0,5710.0,0.944,40,27,0.675,0.326,4,0,Regular,1.0,Normal Day,1.0,Business,0.38,9.2,0.488,2.5,57.81,3
hotel,HTL-05,Urban Hub Suites,Studio Room,3200.0,3120.0,4530.0,1.452,80,32,0.4,0.596,21,0,Peak,1.35,Normal Day,1.0,Leisure,0.86,2.1,0.622,9.5,83.81,19
hotel,HTL-06,Urban Hub Suites,Penthouse,12000.0,13170.0,18230.0,1.384,10,3,0.3,0.696,4,1,Regular,1.0,Festival,1.45,Business,0.41,7.7,0.727,2.5,96.23,3
hotel,HTL-07,City Central Inn,Economy Twin,2400.0,2460.0,3310.0,1.346,100,46,0.46,0.542,39,1,Regular,1.0,Festival,1.45,Luxury,0.21,4.3,0.631,7.5,79.03,17
hotel,HTL-08,Sea Breeze Resort,Ocean View,6500.0,6500.0,10460.0,1.609,40,18,0.45,0.54,3,0,Holiday,1.6,Normal Day,1.0,Leisure,0.95,2.3,0.578,4.5,77.53,8
hotel,HTL-01,Grand Palace Hotel,Deluxe,5000.0,4890.0,4580.0,0.937,50,22,0.44,0.553,9,0,Regular,1.0,Normal Day,1.0,Budget,1.53,1.2,0.383,3.5,51.9,3
hotel,HTL-02,Sea Breeze Resort,Standard Room,3800.0,3660.0,4220.0,1.153,60,42,0.7,0.301,26,1,Regular,1.0,Weekend,1.15,Budget,1.54,0.5,0.403,6.5,55.2,7
hotel,HTL-03,Urban Hub Suites,Studio Room,3200.0,3310.0,2970.0,0.897,80,36,0.45,0.547,48,1,Low,0.8,Weekend,1.15,Budget,1.5,0.4,0.335,2.5,44.06,3
hotel,HTL-04,Urban Hub Suites,Penthouse,12000.0,13480.0,31680.0,2.35,10,1,0.1,0.98,7,1,Holiday,1.6,Concert,1.35,Business,0.33,3.2,0.755,3.5,100.0,1
hotel,HTL-05,Urban Hub Suites,Penthouse,12000.0,11830.0,11810.0,0.998,10,6,0.6,0.434,8,0,Regular,1.0,Normal Day,1.0,Business,0.39,1.5,0.466,5.5,54.23,6
hotel,HTL-06,Grand Palace Hotel,Deluxe,5000.0,4400.0,3690.0,0.839,50,35,0.7,0.298,14,0,Low,0.8,Normal Day,1.0,Budget,1.47,3.1,0.29,3.5,36.59,1
hotel,HTL-07,Grand Palace Hotel,Executive Suite,9000.0,10150.0,13270.0,1.307,20,6,0.3,0.723,5,1,Regular,1.0,Concert,1.35,Budget,1.61,0.6,0.51,3.5,72.98,3
hotel,HTL-08,Sea Breeze Resort,Ocean View,6500.0,6890.0,5770.0,0.837,40,20,0.5,0.494,6,0,Low,0.8,Normal Day,1.0,Budget,1.59,0.7,0.308,0.5,40.55,0
hotel,HTL-01,Urban Hub Suites,Studio Room,3200.0,3050.0,4290.0,1.407,80,51,0.637,0.368,11,0,Regular,1.0,Festival,1.45,Leisure,0.91,1.2,0.484,1.5,62.19,2
hotel,HTL-02,Grand Palace Hotel,Executive Suite,9000.0,9340.0,12560.0,1.345,20,10,0.5,0.482,24,0,Peak,1.35,Normal Day,1.0,Leisure,0.86,0.7,0.508,5.5,65.47,6
hotel,HTL-03,Mountain Bliss Lodge,Alpine Chalet,7500.0,7380.0,6250.0,0.847,25,15,0.6,0.403,11,0,Low,0.8,Normal Day,1.0,Business,0.41,4.1,0.426,1.5,48.13,4
hotel,HTL-04,Sea Breeze Resort,Ocean View,6500.0,6430.0,6880.0,1.07,40,12,0.3,0.703,5,0,Regular,1.0,Normal Day,1.0,Leisure,0.85,1.0,0.488,3.5,62.32,4
hotel,HTL-05,Sea Breeze Resort,Standard Room,3800.0,4270.0,5780.0,1.354,60,13,0.217,0.777,2,1,Regular,1.0,Concert,1.35,Luxury,0.16,4.7,0.761,5.5,99.34,12
hotel,HTL-06,Mountain Bliss Lodge,Alpine Chalet,7500.0,7580.0,17880.0,2.359,25,12,0.48,0.54,50,1,Holiday,1.6,Concert,1.35,Leisure,0.87,1.2,0.717,4.5,99.14,9
hotel,HTL-07,Urban Hub Suites,Studio Room,3200.0,3070.0,3290.0,1.072,80,52,0.65,0.346,20,0,Regular,1.0,Normal Day,1.0,Budget,1.51,0.4,0.353,3.5,46.92,5
hotel,HTL-08,Sea Breeze Resort,Standard Room,3800.0,3650.0,3000.0,0.822,60,29,0.483,0.51,3,0,Low,0.8,Normal Day,1.0,Leisure,0.98,2.1,0.378,2.5,45.94,4
hotel,HTL-01,Mountain Bliss Lodge,Alpine Chalet,7500.0,7730.0,5830.0,0.754,25,11,0.44,0.56,36,0,Low,0.8,Normal Day,1.0,Leisure,0.87,0.4,0.304,1.5,33.04,1
hotel,HTL-02,City Central Inn,Economy Twin,2400.0,2460.0,2400.0,0.976,100,52,0.52,0.483,35,0,Regular,1.0,Normal Day,1.0,Business,0.37,3.4,0.453,1.5,52.06,0
hotel,HTL-03,City Central Inn,Economy Twin,2400.0,2250.0,2400.0,1.067,100,46,0.46,0.544,15,0,Regular,1.0,Normal Day,1.0,Business,0.31,1.3,0.452,2.5,51.23,4
hotel,HTL-04,Sea Breeze Resort,Standard Room,3800.0,3840.0,3940.0,1.026,60,32,0.533,0.47,13,0,Low,0.8,Holiday,1.3,Business,0.46,3.6,0.51,6.5,62.04,8
hotel,HTL-05,Grand Palace Hotel,Deluxe,5000.0,4760.0,5000.0,1.05,50,27,0.54,0.451,6,0,Regular,1.0,Normal Day,1.0,Business,0.41,2.7,0.437,1.5,49.83,3
hotel,HTL-06,Sea Breeze Resort,Ocean View,6500.0,5970.0,14050.0,2.353,40,23,0.575,0.432,31,0,Holiday,1.6,Holiday,1.3,Business,0.47,4.8,0.72,1.5,95.63,3
hotel,HTL-07,Mountain Bliss Lodge,Alpine Chalet,7500.0,7390.0,5860.0,0.793,25,13,0.52,0.494,2,0,Low,0.8,Normal Day,1.0,Leisure,0.97,0.4,0.362,2.5,43.2,2
hotel,HTL-08,Mountain Bliss Lodge,Alpine Chalet,7500.0,6770.0,7590.0,1.121,25,16,0.64,0.372,9,0,Low,0.8,Holiday,1.3,Budget,1.49,5.4,0.454,4.5,62.96,5
hotel,HTL-01,Urban Hub Suites,Studio Room,3200.0,3000.0,2870.0,0.957,80,58,0.725,0.269,37,0,Regular,1.0,Normal Day,1.0,Leisure,0.83,0.1,0.344,4.5,39.07,5
hotel,HTL-02,Urban Hub Suites,Penthouse,12000.0,13370.0,15470.0,1.157,10,3,0.3,0.722,10,0,Peak,1.35,Normal Day,1.0,Luxury,0.09,10.7,0.638,2.5,78.99,3
hotel,HTL-03,Sea Breeze Resort,Standard Room,3800.0,4030.0,3930.0,0.975,60,20,0.333,0.671,1,0,Regular,1.0,Normal Day,1.0,Leisure,0.88,0.8,0.465,3.5,58.89,5
hotel,HTL-04,Sea Breeze Resort,Standard Room,3800.0,3690.0,4710.0,1.276,60,38,0.633,0.367,13,0,Peak,1.35,Normal Day,1.0,Budget,1.43,0.6,0.522,9.5,73.27,16
hotel,HTL-05,Sea Breeze Resort,Ocean View,6500.0,7210.0,8280.0,1.148,40,7,0.175,0.824,2,1,Regular,1.0,Weekend,1.15,Budget,1.36,4.1,0.586,4.5,82.82,7
hotel,HTL-06,Grand Palace Hotel,Deluxe,5000.0,5260.0,10410.0,1.979,50,19,0.38,0.629,16,0,Peak,1.35,Festival,1.45,Leisure,0.83,1.0,0.628,2.5,84.5,4
hotel,HTL-07,Grand Palace Hotel,Deluxe,5000.0,4820.0,4750.0,0.985,50,23,0.46,0.539,1,0,Regular,1.0,Normal Day,1.0,Business,0.33,3.2,0.582,4.5,72.33,5
hotel,HTL-08,Grand Palace Hotel,Executive Suite,9000.0,8890.0,7360.0,0.828,20,8,0.4,0.604,3,0,Low,0.8,Normal Day,1.0,Leisure,0.85,1.9,0.368,1.5,42.96,1
hotel,HTL-01,Grand Palace Hotel,Deluxe,5000.0,5440.0,6290.0,1.156,50,6,0.12,0.871,4,1,Regular,1.0,Weekend,1.15,Business,0.31,1.7,0.632,1.5,80.17,2
hotel,HTL-02,Grand Palace Hotel,Executive Suite,9000.0,9370.0,13390.0,1.429,20,5,0.25,0.743,16,0,Peak,1.35,Normal Day,1.0,Budget,1.44,1.7,0.487,4.5,67.72,5
hotel,HTL-03,Urban Hub Suites,Penthouse,12000.0,11470.0,13980.0,1.219,10,6,0.6,0.392,19,0,Regular,1.0,Holiday,1.3,Business,0.48,2.1,0.525,4.5,64.54,5
hotel,HTL-04,Sea Breeze Resort,Ocean View,6500.0,6450.0,5970.0,0.926,40,14,0.35,0.64,25,0,Regular,1.0,Normal Day,1.0,Business,0.44,3.2,0.486,1.5,57.96,2
hotel,HTL-05,Sea Breeze Resort,Standard Room,3800.0,4010.0,3890.0,0.97,60,29,0.483,0.515,1,0,Regular,1.0,Normal Day,1.0,Business,0.42,6.9,0.503,1.5,60.57,2
hotel,HTL-06,Mountain Bliss Lodge,Alpine Chalet,7500.0,7340.0,7110.0,0.969,25,14,0.56,0.44,3,0,Regular,1.0,Normal Day,1.0,Luxury,0.16,5.7,0.536,1.5,63.33,1
hotel,HTL-07,Sea Breeze Resort,Ocean View,6500.0,6910.0,11920.0,1.725,40,12,0.3,0.701,2,1,Peak,1.35,Weekend,1.15,Budget,1.59,0.1,0.6,2.5,87.27,5
hotel,HTL-08,Urban Hub Suites,Studio Room,3200.0,3250.0,4560.0,1.403,80,48,0.6,0.4,23,0,Peak,1.35,Normal Day,1.0,Budget,1.51,0.7,0.465,7.5,64.94,10
hotel,HTL-01,Sea Breeze Resort,Ocean View,6500.0,6130.0,6480.0,1.057,40,23,0.575,0.425,2,0,Regular,1.0,Normal Day,1.0,Luxury,0.19,7.2,0.54,1.5,64.14,2
hotel,HTL-02,Urban Hub Suites,Studio Room,3200.0,3150.0,3140.0,0.997,80,42,0.525,0.473,7,0,Regular,1.0,Normal Day,1.0,Business,0.47,6.7,0.526,4.5,64.66,9
hotel,HTL-03,Sea Breeze Resort,Standard Room,3800.0,4230.0,7750.0,1.832,60,8,0.133,0.86,7,1,Holiday,1.6,Weekend,1.15,Budget,1.45,0.2,0.688,4.5,100.0,8
hotel,HTL-04,Grand Palace Hotel,Deluxe,5000.0,5030.0,5320.0,1.058,50,18,0.36,0.635,19,0,Regular,1.0,Normal Day,1.0,Leisure,0.9,0.3,0.416,2.5,51.24,3
hotel,HTL-05,City Central Inn,Economy Twin,2400.0,2960.0,4350.0,1.47,100,10,0.1,0.897,2,1,Regular,1.0,Festival,1.45,Leisure,0.97,2.2,0.696,4.5,96.72,8
hotel,HTL-06,Sea Breeze Resort,Standard Room,3800.0,4000.0,6260.0,1.565,60,21,0.35,0.649,17,0,Holiday,1.6,Normal Day,1.0,Budget,1.43,3.9,0.563,3.5,79.74,6
hotel,HTL-07,Mountain Bliss Lodge,Alpine Chalet,7500.0,8170.0,8640.0,1.058,25,9,0.36,0.655,28,1,Regular,1.0,Weekend,1.15,Luxury,0.09,9.0,0.695,7.5,88.06,9
hotel,HTL-08,Mountain Bliss Lodge,Alpine Chalet,7500.0,7100.0,12770.0,1.799,25,11,0.44,0.553,5,0,Holiday,1.6,Normal Day,1.0,Leisure,0.94,3.1,0.64,5.5,87.49,8
hotel,HTL-01,Grand Palace Hotel,Executive Suite,9000.0,9280.0,11600.0,1.25,20,6,0.3,0.687,4,1,Regular,1.0,Weekend,1.15,Luxury,0.14,1.5,0.698,4.5,89.03,6
hotel,HTL-02,Urban Hub Suites,Studio Room,3200.0,3340.0,6070.0,1.817,80,17,0.212,0.79,5,1,Peak,1.35,Weekend,1.15,Business,0.33,5.7,0.755,6.5,100.0,11
hotel,HTL-03,Grand Palace Hotel,Deluxe,5000.0,4180.0,5890.0,1.409,50,45,0.9,0.103,41,0,Peak,1.35,Normal Day,1.0,Luxury,0.32,7.7,0.499,5.5,58.94,7
hotel,HTL-04,Sea Breeze Resort,Standard Room,3800.0,3910.0,5670.0,1.45,60,34,0.567,0.433,21,0,Regular,1.0,Festival,1.45,Business,0.4,1.5,0.641,7.5,82.45,14
hotel,HTL-05,Sea Breeze Resort,Ocean View,6500.0,6880.0,5330.0,0.775,40,17,0.425,0.584,2,1,Low,0.8,Weekend,1.15,Leisure,1.03,1.3,0.437,3.5,55.74,5
hotel,HTL-06,Sea Breeze Resort,Ocean View,6500.0,6400.0,6430.0,1.005,40,18,0.45,0.553,16,0,Regular,1.0,Normal Day,1.0,Leisure,0.91,1.3,0.348,1.5,40.45,1
hotel,HTL-07,City Central Inn,Economy Twin,2400.0,2410.0,2140.0,0.888,100,27,0.27,0.727,2,1,Low,0.8,Weekend,1.15,Business,0.38,3.6,0.579,3.5,72.31,8
hotel,HTL-08,Grand Palace Hotel,Executive Suite,9000.0,9900.0,18730.0,1.892,20,5,0.25,0.74,4,1,Holiday,1.6,Weekend,1.15,Leisure,0.87,1.5,0.723,6.5,100.0,5
hotel,HTL-01,Sea Breeze Resort,Standard Room,3800.0,4440.0,8120.0,1.829,60,11,0.183,0.815,4,1,Holiday,1.6,Weekend,1.15,Budget,1.46,2.4,0.687,2.5,100.0,6
hotel,HTL-02,Sea Breeze Resort,Ocean View,6500.0,6110.0,9990.0,1.635,40,19,0.475,0.524,27,1,Peak,1.35,Weekend,1.15,Budget,1.52,0.5,0.574,5.5,82.44,8
hotel,HTL-03,Grand Palace Hotel,Executive Suite,9000.0,8770.0,6570.0,0.749,20,10,0.5,0.522,1,0,Low,0.8,Normal Day,1.0,Budget,1.55,0.3,0.321,1.5,42.22,1
hotel,HTL-04,Sea Breeze Resort,Standard Room,3800.0,3570.0,3220.0,0.902,60,24,0.4,0.598,16,0,Low,0.8,Normal Day,1.0,Leisure,0.83,1.0,0.386,1.5,45.81,3
hotel,HTL-05,Sea Breeze Resort,Standard Room,3800.0,3850.0,6040.0,1.569,60,26,0.433,0.564,12,0,Holiday,1.6,Normal Day,1.0,Budget,1.49,0.4,0.532,4.5,75.46,6
hotel,HTL-06,Sea Breeze Resort,Ocean View,6500.0,6510.0,10000.0,1.536,40,28,0.7,0.29,43,0,Peak,1.35,Holiday,1.3,Budget,1.51,2.2,0.453,4.5,62.99,6
hotel,HTL-07,Grand Palace Hotel,Executive Suite,9000.0,9900.0,9740.0,0.984,20,8,0.4,0.61,8,0,Regular,1.0,Normal Day,1.0,Leisure,0.84,1.8,0.455,4.5,56.88,4
hotel,HTL-08,Mountain Bliss Lodge,Alpine Chalet,7500.0,7440.0,6990.0,0.94,25,11,0.44,0.548,15,0,Regular,1.0,Normal Day,1.0,Budget,1.58,4.1,0.369,3.5,50.14,7
hotel,HTL-01,Mountain Bliss Lodge,Alpine Chalet,7500.0,7710.0,8090.0,1.049,25,8,0.32,0.663,11,0,Regular,1.0,Normal Day,1.0,Business,0.45,8.0,0.555,1.5,69.07,3
hotel,HTL-02,Grand Palace Hotel,Executive Suite,9000.0,8630.0,8600.0,0.997,20,11,0.55,0.456,31,0,Regular,1.0,Normal Day,1.0,Business,0.42,2.7,0.421,3.5,47.38,3
hotel,HTL-03,City Central Inn,Economy Twin,2400.0,2410.0,2140.0,0.888,100,47,0.47,0.534,1,0,Regular,1.0,Normal Day,1.0,Leisure,0.9,0.8,0.389,2.5,46.88,5
hotel,HTL-04,Grand Palace Hotel,Deluxe,5000.0,5430.0,5990.0,1.103,50,17,0.34,0.662,33,1,Regular,1.0,Weekend,1.15,Luxury,0.16,1.1,0.56,2.5,67.11,5
hotel,HTL-05,City Central Inn,Economy Twin,2400.0,2590.0,1910.0,0.737,100,38,0.38,0.623,1,0,Low,0.8,Normal Day,1.0,Luxury,0.2,6.7,0.502,2.5,58.17,3
hotel,HTL-06,Urban Hub Suites,Studio Room,3200.0,2960.0,3310.0,1.118,80,50,0.625,0.373,5,0,Regular,1.0,Normal Day,1.0,Leisure,0.94,0.2,0.411,3.5,50.72,4
hotel,HTL-07,Grand Palace Hotel,Executive Suite,9000.0,8560.0,10240.0,1.196,20,9,0.45,0.572,15,1,Regular,1.0,Weekend,1.15,Budget,1.46,2.1,0.552,6.5,78.35,9
hotel,HTL-08,Sea Breeze Resort,Ocean View,6500.0,6570.0,5810.0,0.884,40,19,0.475,0.525,5,0,Low,0.8,Normal Day,1.0,Business,0.45,2.9,0.474,2.5,56.23,3
hotel,HTL-01,Urban Hub Suites,Studio Room,3200.0,3230.0,5340.0,1.653,80,41,0.512,0.492,11,0,Peak,1.35,Holiday,1.3,Budget,1.54,2.6,0.605,5.5,87.59,11
hotel,HTL-02,Sea Breeze Resort,Standard Room,3800.0,4110.0,5390.0,1.311,60,33,0.55,0.456,14,0,Peak,1.35,Normal Day,1.0,Budget,1.47,1.0,0.437,5.5,59.98,6
hotel,HTL-03,Mountain Bliss Lodge,Alpine Chalet,7500.0,7150.0,6150.0,0.86,25,17,0.68,0.334,19,0,Regular,1.0,Normal Day,1.0,Budget,1.47,1.3,0.259,0.5,31.49,1
hotel,HTL-04,Grand Palace Hotel,Deluxe,5000.0,4870.0,4640.0,0.953,50,28,0.56,0.442,1,0,Regular,1.0,Normal Day,1.0,Budget,1.55,0.9,0.305,1.5,39.7,0
hotel,HTL-05,Urban Hub Suites,Studio Room,3200.0,3570.0,8090.0,2.266,80,10,0.125,0.87,10,1,Peak,1.35,Major Event,1.55,Budget,1.57,1.7,0.681,3.5,100.0,7
hotel,HTL-06,Urban Hub Suites,Studio Room,3200.0,3160.0,4410.0,1.396,80,40,0.5,0.494,8,0,Peak,1.35,Normal Day,1.0,Leisure,0.93,2.3,0.516,1.5,67.48,2
hotel,HTL-07,Mountain Bliss Lodge,Alpine Chalet,7500.0,7130.0,6180.0,0.867,25,13,0.52,0.492,24,0,Low,0.8,Normal Day,1.0,Business,0.46,1.2,0.353,0.5,36.83,0
hotel,HTL-08,Urban Hub Suites,Studio Room,3200.0,3240.0,5360.0,1.654,80,34,0.425,0.573,18,0,Holiday,1.6,Normal Day,1.0,Budget,1.53,3.4,0.566,2.5,81.28,4
hotel,HTL-01,Grand Palace Hotel,Executive Suite,9000.0,10160.0,20420.0,2.01,20,2,0.1,0.881,2,1,Peak,1.35,Festival,1.45,Leisure,0.88,1.0,0.722,2.5,100.0,2
hotel,HTL-02,City Central Inn,Economy Twin,2400.0,2510.0,3330.0,1.327,100,34,0.34,0.655,5,0,Peak,1.35,Normal Day,1.0,Budget,1.57,0.1,0.454,2.5,63.77,0
hotel,HTL-03,Urban Hub Suites,Penthouse,12000.0,13720.0,11710.0,0.853,10,2,0.2,0.781,2,1,Low,0.8,Weekend,1.15,Budget,1.52,1.6,0.462,4.5,64.53,2
hotel,HTL-04,Mountain Bliss Lodge,Alpine Chalet,7500.0,8050.0,15760.0,1.958,25,6,0.24,0.747,11,0,Peak,1.35,Festival,1.45,Business,0.42,7.3,0.75,4.5,100.0,6
hotel,HTL-05,Mountain Bliss Lodge,Alpine Chalet,7500.0,7700.0,6930.0,0.9,25,10,0.4,0.613,26,0,Low,0.8,Normal Day,1.0,Budget,1.39,1.8,0.33,2.5,42.09,3
hotel,HTL-06,Mountain Bliss Lodge,Alpine Chalet,7500.0,6900.0,6650.0,0.964,25,15,0.6,0.418,2,0,Regular,1.0,Normal Day,1.0,Luxury,0.22,2.9,0.52,3.5,61.26,9
hotel,HTL-07,Sea Breeze Resort,Ocean View,6500.0,8080.0,14820.0,1.834,40,1,0.025,0.98,2,1,Holiday,1.6,Holiday,1.3,Budget,1.54,0.1,0.669,3.5,97.89,1
hotel,HTL-08,Grand Palace Hotel,Deluxe,5000.0,4880.0,7420.0,1.52,50,18,0.36,0.649,2,0,Peak,1.35,Normal Day,1.0,Budget,1.53,1.3,0.543,5.5,77.49,8
hotel,HTL-01,Mountain Bliss Lodge,Alpine Chalet,7500.0,8070.0,10540.0,1.306,25,9,0.36,0.637,4,0,Peak,1.35,Normal Day,1.0,Leisure,0.86,2.0,0.606,5.5,81.18,9
hotel,HTL-02,Mountain Bliss Lodge,Alpine Chalet,7500.0,8170.0,11970.0,1.465,25,8,0.32,0.673,2,1,Regular,1.0,Festival,1.45,Business,0.47,0.6,0.747,8.5,100.0,8
hotel,HTL-03,Grand Palace Hotel,Executive Suite,9000.0,8750.0,12820.0,1.465,20,8,0.4,0.588,13,0,Peak,1.35,Normal Day,1.0,Budget,1.43,0.5,0.456,1.5,62.63,3
hotel,HTL-04,Sea Breeze Resort,Ocean View,6500.0,5660.0,4890.0,0.864,40,30,0.75,0.256,20,0,Low,0.8,Normal Day,1.0,Budget,1.52,2.4,0.237,4.5,28.59,2
hotel,HTL-05,City Central Inn,Economy Twin,2400.0,2260.0,3420.0,1.513,100,61,0.61,0.39,27,0,Peak,1.35,Normal Day,1.0,Budget,1.54,1.1,0.456,6.5,63.79,11
hotel,HTL-06,City Central Inn,Economy Twin,2400.0,2490.0,2420.0,0.972,100,45,0.45,0.555,8,0,Regular,1.0,Normal Day,1.0,Business,0.32,4.9,0.487,1.5,56.95,2
hotel,HTL-07,Urban Hub Suites,Penthouse,12000.0,12590.0,12550.0,0.997,10,4,0.4,0.59,10,0,Regular,1.0,Normal Day,1.0,Budget,1.51,3.8,0.418,6.5,57.36,4
hotel,HTL-08,Mountain Bliss Lodge,Alpine Chalet,7500.0,8190.0,8640.0,1.055,25,5,0.2,0.787,4,0,Regular,1.0,Normal Day,1.0,Budget,1.55,0.4,0.497,4.5,70.38,2
hotel,HTL-01,Urban Hub Suites,Penthouse,12000.0,14000.0,13930.0,0.995,10,3,0.3,0.703,1,0,Regular,1.0,Normal Day,1.0,Budget,1.43,2.6,0.425,1.5,57.69,3
hotel,HTL-02,Sea Breeze Resort,Ocean View,6500.0,6680.0,7180.0,1.075,40,22,0.55,0.46,8,0,Regular,1.0,Normal Day,1.0,Business,0.44,1.8,0.514,4.5,62.44,5
hotel,HTL-03,Mountain Bliss Lodge,Alpine Chalet,7500.0,8140.0,7740.0,0.951,25,9,0.36,0.63,3,0,Regular,1.0,Normal Day,1.0,Budget,1.56,0.1,0.348,1.5,46.63,0
hotel,HTL-04,Grand Palace Hotel,Executive Suite,9000.0,10060.0,16120.0,1.602,20,4,0.2,0.797,2,1,Regular,1.0,Major Event,1.55,Leisure,0.8,1.5,0.694,4.5,94.7,4
hotel,HTL-05,Sea Breeze Resort,Ocean View,6500.0,7570.0,10560.0,1.395,40,6,0.15,0.856,8,0,Peak,1.35,Normal Day,1.0,Budget,1.45,2.7,0.564,3.5,80.2,5
hotel,HTL-06,Urban Hub Suites,Studio Room,3200.0,3150.0,4950.0,1.571,80,36,0.45,0.547,39,0,Peak,1.35,Normal Day,1.0,Business,0.38,2.3,0.632,5.5,80.74,11
hotel,HTL-07,Urban Hub Suites,Penthouse,12000.0,11850.0,11530.0,0.973,10,6,0.6,0.387,5,0,Regular,1.0,Normal Day,1.0,Business,0.31,2.8,0.482,2.5,56.04,4
hotel,HTL-08,Mountain Bliss Lodge,Alpine Chalet,7500.0,7550.0,9910.0,1.313,25,10,0.4,0.599,10,0,Peak,1.35,Normal Day,1.0,Business,0.43,3.8,0.574,2.5,71.95,2
hotel,HTL-01,Urban Hub Suites,Penthouse,12000.0,11690.0,15440.0,1.321,10,4,0.4,0.603,34,1,Regular,1.0,Weekend,1.15,Budget,1.53,0.2,0.508,9.5,72.02,4
hotel,HTL-02,Urban Hub Suites,Studio Room,3200.0,3490.0,3300.0,0.946,80,27,0.338,0.665,5,0,Regular,1.0,Normal Day,1.0,Leisure,0.88,0.4,0.431,0.5,53.48,0
hotel,HTL-03,Urban Hub Suites,Studio Room,3200.0,3530.0,5370.0,1.521,80,24,0.3,0.696,38,1,Peak,1.35,Weekend,1.15,Leisure,0.95,0.7,0.662,7.5,90.97,15
hotel,HTL-04,Sea Breeze Resort,Ocean View,6500.0,6180.0,4340.0,0.702,40,23,0.575,0.415,6,0,Low,0.8,Normal Day,1.0,Business,0.42,3.1,0.41,1.5,45.58,2
hotel,HTL-05,Urban Hub Suites,Penthouse,12000.0,12040.0,12580.0,1.045,10,4,0.4,0.593,6,0,Regular,1.0,Normal Day,1.0,Business,0.4,2.1,0.481,0.5,56.75,0
hotel,HTL-06,City Central Inn,Economy Twin,2400.0,2210.0,2460.0,1.113,100,49,0.49,0.509,9,0,Regular,1.0,Normal Day,1.0,Leisure,0.95,3.2,0.469,2.5,60.11,5
hotel,HTL-07,Mountain Bliss Lodge,Alpine Chalet,7500.0,7920.0,10490.0,1.324,25,7,0.28,0.709,15,0,Regular,1.0,Festival,1.45,Business,0.38,2.3,0.649,4.5,83.49,7
hotel,HTL-08,Sea Breeze Resort,Ocean View,6500.0,6830.0,9920.0,1.452,40,12,0.3,0.702,2,1,Regular,1.0,Festival,1.45,Leisure,0.92,5.9,0.683,1.5,94.15,3
hotel,HTL-01,Mountain Bliss Lodge,Alpine Chalet,7500.0,7340.0,6690.0,0.911,25,16,0.64,0.361,27,0,Regular,1.0,Normal Day,1.0,Business,0.4,3.5,0.423,1.5,47.55,0
hotel,HTL-02,Grand Palace Hotel,Executive Suite,9000.0,10430.0,18480.0,1.772,20,1,0.05,0.941,4,1,Holiday,1.6,Weekend,1.15,Business,0.42,2.8,0.75,6.5,100.0,1
hotel,HTL-03,Grand Palace Hotel,Deluxe,5000.0,5300.0,5050.0,0.953,50,12,0.24,0.758,1,0,Regular,1.0,Normal Day,1.0,Leisure,0.88,0.4,0.457,1.5,57.57,1
hotel,HTL-04,Sea Breeze Resort,Standard Room,3800.0,3450.0,5250.0,1.522,60,32,0.533,0.473,26,0,Peak,1.35,Normal Day,1.0,Luxury,0.09,5.6,0.574,2.5,68.63,4
hotel,HTL-05,Grand Palace Hotel,Deluxe,5000.0,5390.0,4830.0,0.896,50,22,0.44,0.562,4,0,Regular,1.0,Normal Day,1.0,Leisure,0.85,5.2,0.426,1.5,52.36,3
hotel,HTL-06,Urban Hub Suites,Studio Room,3200.0,3380.0,7030.0,2.08,80,28,0.35,0.655,56,1,Holiday,1.6,Weekend,1.15,Business,0.34,1.8,0.755,3.5,100.0,10
hotel,HTL-07,Sea Breeze Resort,Ocean View,6500.0,6890.0,10450.0,1.517,40,10,0.25,0.748,4,1,Regular,1.0,Festival,1.45,Business,0.35,4.0,0.692,1.5,90.14,4
hotel,HTL-08,City Central Inn,Economy Twin,2400.0,2640.0,3940.0,1.492,100,29,0.29,0.715,13,0,Regular,1.0,Festival,1.45,Luxury,0.25,10.9,0.76,7.5,100.0,17
hotel,HTL-01,Sea Breeze Resort,Ocean View,6500.0,6390.0,8930.0,1.397,40,24,0.6,0.388,9,0,Holiday,1.6,Normal Day,1.0,Luxury,0.2,2.5,0.642,3.5,80.7,4
hotel,HTL-02,Sea Breeze Resort,Standard Room,3800.0,4140.0,4060.0,0.981,60,34,0.567,0.437,2,0,Regular,1.0,Normal Day,1.0,Budget,1.44,0.1,0.314,1.5,40.11,0
hotel,HTL-03,Mountain Bliss Lodge,Alpine Chalet,7500.0,7390.0,7450.0,1.008,25,13,0.52,0.488,7,0,Regular,1.0,Normal Day,1.0,Leisure,0.93,1.9,0.358,0.5,42.15,0
hotel,HTL-04,City Central Inn,Economy Twin,2400.0,2380.0,2120.0,0.891,100,66,0.66,0.345,20,0,Regular,1.0,Normal Day,1.0,Budget,1.53,3.8,0.306,1.5,39.63,2
hotel,HTL-05,Grand Palace Hotel,Executive Suite,9000.0,9420.0,8270.0,0.878,20,9,0.45,0.575,9,0,Low,0.8,Normal Day,1.0,Leisure,0.82,0.4,0.401,1.5,48.0,2
hotel,HTL-06,Sea Breeze Resort,Ocean View,6500.0,6390.0,4760.0,0.745,40,21,0.525,0.463,4,0,Low,0.8,Normal Day,1.0,Business,0.42,1.9,0.408,4.5,45.3,3
hotel,HTL-07,City Central Inn,Economy Twin,2400.0,2290.0,5950.0,2.598,100,49,0.49,0.507,19,0,Holiday,1.6,Festival,1.45,Leisure,0.89,0.7,0.722,4.5,100.0,12
hotel,HTL-08,Urban Hub Suites,Studio Room,3200.0,3340.0,4310.0,1.29,80,37,0.463,0.536,6,0,Peak,1.35,Normal Day,1.0,Leisure,0.9,3.4,0.52,4.5,67.78,8
hotel,HTL-01,Sea Breeze Resort,Ocean View,6500.0,5510.0,5260.0,0.955,40,34,0.85,0.145,19,0,Regular,1.0,Normal Day,1.0,Budget,1.43,1.4,0.246,1.5,29.12,1
hotel,HTL-02,Grand Palace Hotel,Deluxe,5000.0,5440.0,10270.0,1.888,50,12,0.24,0.75,2,1,Holiday,1.6,Weekend,1.15,Budget,1.45,0.9,0.688,6.5,100.0,12
hotel,HTL-03,Urban Hub Suites,Studio Room,3200.0,3690.0,4990.0,1.352,80,24,0.3,0.703,12,0,Peak,1.35,Normal Day,1.0,Business,0.31,7.4,0.634,2.5,80.41,5
hotel,HTL-04,City Central Inn,Economy Twin,2400.0,2390.0,1700.0,0.711,100,65,0.65,0.35,1,0,Low,0.8,Normal Day,1.0,Leisure,0.8,4.3,0.349,3.5,39.5,4
hotel,HTL-05,Sea Breeze Resort,Standard Room,3800.0,3810.0,3850.0,1.01,60,33,0.55,0.451,25,0,Regular,1.0,Normal Day,1.0,Leisure,0.86,2.2,0.433,1.5,53.54,3
hotel,HTL-06,Urban Hub Suites,Studio Room,3200.0,3340.0,3490.0,1.045,80,30,0.375,0.624,5,0,Regular,1.0,Normal Day,1.0,Budget,1.44,1.0,0.438,1.5,59.86,2
hotel,HTL-07,Urban Hub Suites,Penthouse,12000.0,11940.0,24980.0,2.092,10,5,0.5,0.547,29,0,Peak,1.35,Festival,1.45,Business,0.34,1.7,0.73,7.5,96.07,5
hotel,HTL-08,Urban Hub Suites,Penthouse,12000.0,12620.0,11930.0,0.945,10,4,0.4,0.601,2,0,Regular,1.0,Normal Day,1.0,Business,0.34,6.4,0.488,2.5,57.29,2
hotel,HTL-01,Urban Hub Suites,Penthouse,12000.0,12620.0,17400.0,1.379,10,3,0.3,0.664,28,0,Peak,1.35,Normal Day,1.0,Business,0.46,1.1,0.614,6.5,78.71,3
hotel,HTL-02,Urban Hub Suites,Studio Room,3200.0,3720.0,5290.0,1.422,80,17,0.212,0.793,3,0,Peak,1.35,Normal Day,1.0,Leisure,0.91,1.8,0.594,4.5,79.78,7
hotel,HTL-03,City Central Inn,Economy Twin,2400.0,2520.0,2390.0,0.948,100,42,0.42,0.576,8,0,Regular,1.0,Normal Day,1.0,Business,0.48,6.0,0.52,4.5,63.84,5
hotel,HTL-04,Sea Breeze Resort,Standard Room,3800.0,3800.0,3380.0,0.889,60,22,0.367,0.632,12,0,Regular,1.0,Normal Day,1.0,Leisure,0.94,1.5,0.45,1.5,57.03,2
hotel,HTL-05,Grand Palace Hotel,Executive Suite,9000.0,8610.0,8210.0,0.954,20,12,0.6,0.375,39,0,Regular,1.0,Normal Day,1.0,Leisure,0.9,0.2,0.371,1.5,44.01,2
hotel,HTL-06,Urban Hub Suites,Penthouse,12000.0,12060.0,12840.0,1.065,10,5,0.5,0.494,15,0,Regular,1.0,Normal Day,1.0,Budget,1.42,1.1,0.414,5.5,55.83,3
hotel,HTL-07,Sea Breeze Resort,Ocean View,6500.0,6690.0,6640.0,0.993,40,20,0.5,0.497,24,0,Regular,1.0,Normal Day,1.0,Business,0.43,1.5,0.403,1.5,44.63,0
hotel,HTL-08,Mountain Bliss Lodge,Alpine Chalet,7500.0,7460.0,8660.0,1.161,25,10,0.4,0.598,14,1,Regular,1.0,Weekend,1.15,Business,0.36,9.2,0.581,3.5,72.35,7
hotel,HTL-01,Grand Palace Hotel,Deluxe,5000.0,4870.0,5310.0,1.09,50,28,0.56,0.442,9,0,Low,0.8,Festival,1.45,Business,0.41,4.5,0.528,5.5,64.49,13
hotel,HTL-02,Urban Hub Suites,Studio Room,3200.0,3640.0,6920.0,1.901,80,8,0.1,0.901,1,1,Holiday,1.6,Weekend,1.15,Budget,1.42,0.5,0.69,6.5,100.0,8
hotel,HTL-03,Grand Palace Hotel,Deluxe,5000.0,5320.0,7020.0,1.32,50,8,0.16,0.844,4,1,Regular,1.0,Weekend,1.15,Business,0.36,8.4,0.666,2.5,86.04,2
hotel,HTL-04,Mountain Bliss Lodge,Alpine Chalet,7500.0,7470.0,7140.0,0.956,25,14,0.56,0.451,6,0,Regular,1.0,Normal Day,1.0,Budget,1.44,0.5,0.311,2.5,39.6,2
hotel,HTL-05,Sea Breeze Resort,Ocean View,6500.0,6760.0,7610.0,1.126,40,16,0.4,0.593,4,0,Regular,1.0,Normal Day,1.0,Budget,1.53,3.4,0.341,1.5,45.25,1
hotel,HTL-06,City Central Inn,Economy Twin,2400.0,2480.0,3230.0,1.302,100,39,0.39,0.606,7,0,Peak,1.35,Normal Day,1.0,Business,0.36,4.0,0.547,1.5,66.92,1
hotel,HTL-07,Urban Hub Suites,Penthouse,12000.0,14720.0,14070.0,0.956,10,1,0.1,0.98,6,0,Regular,1.0,Normal Day,1.0,Budget,1.43,1.2,0.453,3.5,62.29,1
hotel,HTL-08,Grand Palace Hotel,Executive Suite,9000.0,9850.0,10300.0,1.046,20,8,0.4,0.611,2,0,Regular,1.0,Normal Day,1.0,Budget,1.57,0.3,0.389,2.5,53.36,2
hotel,HTL-01,Grand Palace Hotel,Deluxe,5000.0,5590.0,6550.0,1.172,50,15,0.3,0.704,10,1,Regular,1.0,Holiday,1.3,Leisure,0.86,1.1,0.64,7.5,86.64,10
hotel,HTL-02,City Central Inn,Economy Twin,2400.0,2490.0,2180.0,0.876,100,34,0.34,0.663,7,0,Low,0.8,Normal Day,1.0,Leisure,0.89,2.6,0.406,1.5,49.54,2
hotel,HTL-03,Sea Breeze Resort,Ocean View,6500.0,7150.0,6420.0,0.898,40,16,0.4,0.612,13,1,Low,0.8,Weekend,1.15,Luxury,0.18,3.2,0.548,4.5,65.46,3
hotel,HTL-04,Sea Breeze Resort,Ocean View,6500.0,6990.0,10290.0,1.472,40,8,0.2,0.801,9,1,Regular,1.0,Festival,1.45,Budget,1.54,3.3,0.589,2.5,84.97,6
hotel,HTL-05,Grand Palace Hotel,Deluxe,5000.0,4660.0,3780.0,0.811,50,37,0.74,0.267,19,0,Low,0.8,Normal Day,1.0,Budget,1.5,2.7,0.257,1.5,31.6,1
hotel,HTL-06,Mountain Bliss Lodge,Alpine Chalet,7500.0,7280.0,7310.0,1.004,25,7,0.28,0.718,14,1,Low,0.8,Weekend,1.15,Luxury,0.19,3.8,0.605,4.5,74.56,7
hotel,HTL-07,Grand Palace Hotel,Executive Suite,9000.0,9670.0,7280.0,0.753,20,9,0.45,0.545,4,0,Low,0.8,Normal Day,1.0,Business,0.35,6.1,0.51,1.5,60.9,2
hotel,HTL-08,Sea Breeze Resort,Standard Room,3800.0,3470.0,3100.0,0.893,60,41,0.683,0.319,34,0,Low,0.8,Normal Day,1.0,Luxury,0.25,4.4,0.447,4.5,49.92,3
hotel,HTL-01,Grand Palace Hotel,Deluxe,5000.0,4900.0,8240.0,1.682,50,22,0.44,0.565,11,1,Peak,1.35,Weekend,1.15,Business,0.36,2.9,0.65,3.5,83.53,8
hotel,HTL-02,Mountain Bliss Lodge,Alpine Chalet,7500.0,7280.0,8830.0,1.213,25,12,0.48,0.516,35,1,Regular,1.0,Weekend,1.15,Business,0.29,1.4,0.539,4.5,64.97,8
hotel,HTL-03,Mountain Bliss Lodge,Alpine Chalet,7500.0,7180.0,6730.0,0.937,25,17,0.68,0.308,17,0,Regular,1.0,Normal Day,1.0,Leisure,0.89,5.7,0.37,2.5,43.75,3
hotel,HTL-04,Urban Hub Suites,Studio Room,3200.0,3350.0,4170.0,1.245,80,25,0.312,0.687,5,1,Regular,1.0,Weekend,1.15,Business,0.4,2.7,0.648,4.5,83.55,11
hotel,HTL-05,Grand Palace Hotel,Deluxe,5000.0,5700.0,5110.0,0.896,50,7,0.14,0.854,9,0,Low,0.8,Normal Day,1.0,Budget,1.52,0.4,0.376,5.5,50.78,3
hotel,HTL-06,Grand Palace Hotel,Executive Suite,9000.0,9280.0,11990.0,1.292,20,11,0.55,0.465,11,0,Peak,1.35,Normal Day,1.0,Business,0.42,9.9,0.575,3.5,71.97,8
hotel,HTL-07,Sea Breeze Resort,Ocean View,6500.0,5930.0,5280.0,0.89,40,25,0.625,0.376,1,0,Low,0.8,Normal Day,1.0,Business,0.33,1.8,0.416,0.5,45.68,0
hotel,HTL-08,Sea Breeze Resort,Standard Room,3800.0,3950.0,5000.0,1.266,60,18,0.3,0.693,6,1,Regular,1.0,Weekend,1.15,Luxury,0.14,6.8,0.623,3.5,77.05,2
hotel,HTL-01,Grand Palace Hotel,Deluxe,5000.0,4530.0,4940.0,1.091,50,36,0.72,0.276,36,0,Regular,1.0,Normal Day,1.0,Budget,1.43,1.7,0.344,2.5,44.83,2
hotel,HTL-02,Grand Palace Hotel,Executive Suite,9000.0,8180.0,15860.0,1.939,20,12,0.6,0.423,5,0,Holiday,1.6,Normal Day,1.0,Business,0.43,2.5,0.69,2.5,90.48,5
hotel,HTL-03,Sea Breeze Resort,Standard Room,3800.0,3870.0,5000.0,1.292,60,33,0.55,0.444,6,0,Peak,1.35,Normal Day,1.0,Business,0.39,4.8,0.564,3.5,70.04,6
hotel,HTL-04,Urban Hub Suites,Studio Room,3200.0,3080.0,2750.0,0.893,80,46,0.575,0.421,3,0,Low,0.8,Normal Day,1.0,Budget,1.46,2.0,0.372,4.5,49.59,4
hotel,HTL-05,Grand Palace Hotel,Deluxe,5000.0,5350.0,8060.0,1.507,50,16,0.32,0.674,9,1,Regular,1.0,Festival,1.45,Business,0.37,1.6,0.752,9.5,99.88,16
hotel,HTL-06,Grand Palace Hotel,Executive Suite,9000.0,8920.0,7350.0,0.824,20,11,0.55,0.464,4,0,Low,0.8,Normal Day,1.0,Leisure,0.93,3.4,0.439,2.5,55.16,4
hotel,HTL-07,Grand Palace Hotel,Deluxe,5000.0,5170.0,3900.0,0.754,50,23,0.46,0.53,21,0,Low,0.8,Normal Day,1.0,Luxury,0.22,4.9,0.404,0.5,42.83,1
hotel,HTL-08,Grand Palace Hotel,Executive Suite,9000.0,9830.0,7560.0,0.769,20,9,0.45,0.559,8,0,Low,0.8,Normal Day,1.0,Business,0.42,4.5,0.458,2.5,53.33,3
hotel,HTL-01,Mountain Bliss Lodge,Alpine Chalet,7500.0,8440.0,14110.0,1.672,25,4,0.16,0.847,3,0,Peak,1.35,Holiday,1.3,Leisure,0.89,1.5,0.717,4.5,99.24,4
hotel,HTL-02,Grand Palace Hotel,Deluxe,5000.0,4730.0,5730.0,1.211,50,24,0.48,0.519,17,0,Low,0.8,Festival,1.45,Business,0.45,3.4,0.599,7.5,76.14,11
hotel,HTL-03,Urban Hub Suites,Studio Room,3200.0,3440.0,6590.0,1.916,80,16,0.2,0.794,1,1,Holiday,1.6,Weekend,1.15,Budget,1.54,0.9,0.683,3.5,100.0,4
hotel,HTL-04,Urban Hub Suites,Studio Room,3200.0,3170.0,3350.0,1.057,80,42,0.525,0.471,2,0,Regular,1.0,Normal Day,1.0,Leisure,0.8,2.8,0.415,0.5,50.09,1
hotel,HTL-05,Urban Hub Suites,Studio Room,3200.0,3690.0,5630.0,1.526,80,12,0.15,0.85,1,1,Regular,1.0,Major Event,1.55,Leisure,0.94,2.4,0.7,4.5,97.04,8
hotel,HTL-06,Grand Palace Hotel,Executive Suite,9000.0,9450.0,17760.0,1.879,20,8,0.4,0.576,8,0,Peak,1.35,Holiday,1.3,Business,0.41,1.6,0.728,4.5,96.36,8
hotel,HTL-07,Sea Breeze Resort,Ocean View,6500.0,6130.0,9860.0,1.608,40,27,0.675,0.334,27,0,Holiday,1.6,Normal Day,1.0,Budget,1.55,0.3,0.547,8.5,78.43,16
hotel,HTL-08,City Central Inn,Economy Twin,2400.0,2430.0,2350.0,0.967,100,51,0.51,0.488,8,0,Regular,1.0,Normal Day,1.0,Leisure,0.9,0.6,0.443,3.5,55.49,8
hotel,HTL-01,Sea Breeze Resort,Ocean View,6500.0,6610.0,5140.0,0.778,40,25,0.625,0.371,9,0,Low,0.8,Normal Day,1.0,Leisure,0.87,3.5,0.345,3.5,39.48,4
hotel,HTL-02,Sea Breeze Resort,Ocean View,6500.0,6880.0,5300.0,0.77,40,13,0.325,0.687,5,0,Low,0.8,Normal Day,1.0,Budget,1.46,2.6,0.296,1.5,37.4,1
hotel,HTL-03,Mountain Bliss Lodge,Alpine Chalet,7500.0,7360.0,6850.0,0.931,25,13,0.52,0.464,3,0,Regular,1.0,Normal Day,1.0,Leisure,0.97,0.5,0.4,2.5,49.25,5
hotel,HTL-04,Grand Palace Hotel,Deluxe,5000.0,5210.0,5090.0,0.977,50,22,0.44,0.561,6,0,Regular,1.0,Normal Day,1.0,Leisure,0.9,1.2,0.439,2.5,54.94,1
hotel,HTL-05,Mountain Bliss Lodge,Alpine Chalet,7500.0,7850.0,13540.0,1.725,25,7,0.28,0.726,7,1,Peak,1.35,Weekend,1.15,Leisure,0.93,3.0,0.675,2.5,92.99,5
hotel,HTL-06,Grand Palace Hotel,Deluxe,5000.0,4630.0,4060.0,0.877,50,33,0.66,0.334,3,0,Low,0.8,Normal Day,1.0,Leisure,0.88,0.6,0.346,2.5,39.88,3
hotel,HTL-07,Urban Hub Suites,Penthouse,12000.0,11080.0,16290.0,1.47,10,6,0.6,0.402,7,0,Peak,1.35,Normal Day,1.0,Business,0.43,1.8,0.578,5.5,72.66,6
hotel,HTL-08,Urban Hub Suites,Penthouse,12000.0,11670.0,10950.0,0.938,10,5,0.5,0.489,11,0,Regular,1.0,Normal Day,1.0,Luxury,0.19,1.7,0.454,0.5,50.41,0
hotel,HTL-01,Grand Palace Hotel,Executive Suite,9000.0,9150.0,14370.0,1.57,20,10,0.5,0.476,41,0,Peak,1.35,Holiday,1.3,Budget,1.42,2.0,0.52,3.5,72.75,7
hotel,HTL-02,Sea Breeze Resort,Standard Room,3800.0,3990.0,6900.0,1.729,60,19,0.317,0.684,6,0,Holiday,1.6,Normal Day,1.0,Budget,1.49,1.1,0.568,4.5,81.14,4
hotel,HTL-03,Sea Breeze Resort,Ocean View,6500.0,6620.0,10320.0,1.559,40,21,0.525,0.479,16,0,Holiday,1.6,Normal Day,1.0,Leisure,0.9,0.6,0.588,4.5,78.66,7
hotel,HTL-04,Grand Palace Hotel,Deluxe,5000.0,5240.0,6830.0,1.303,50,20,0.4,0.601,21,0,Peak,1.35,Normal Day,1.0,Budget,1.5,0.3,0.504,3.5,71.04,3
hotel,HTL-05,Grand Palace Hotel,Deluxe,5000.0,4600.0,6470.0,1.407,50,29,0.58,0.421,27,0,Regular,1.0,Festival,1.45,Budget,1.57,4.7,0.43,1.5,59.92,2
hotel,HTL-06,City Central Inn,Economy Twin,2400.0,2310.0,2920.0,1.264,100,53,0.53,0.467,6,0,Regular,1.0,Holiday,1.3,Business,0.36,5.0,0.527,1.5,63.82,2
hotel,HTL-07,Mountain Bliss Lodge,Alpine Chalet,7500.0,8040.0,8350.0,1.039,25,8,0.32,0.66,2,0,Regular,1.0,Normal Day,1.0,Leisure,0.88,1.5,0.471,3.5,59.77,5
hotel,HTL-08,Sea Breeze Resort,Ocean View,6500.0,7240.0,11340.0,1.566,40,10,0.25,0.741,11,0,Regular,1.0,Festival,1.45,Budget,1.56,2.8,0.595,3.5,86.24,5
hotel,HTL-01,Sea Breeze Resort,Standard Room,3800.0,3910.0,4730.0,1.21,60,19,0.317,0.685,9,1,Regular,1.0,Weekend,1.15,Business,0.41,2.8,0.527,1.5,64.32,2
hotel,HTL-02,Grand Palace Hotel,Executive Suite,9000.0,9840.0,14330.0,1.456,20,5,0.25,0.758,1,0,Peak,1.35,Normal Day,1.0,Budget,1.38,1.2,0.55,3.5,77.26,5
hotel,HTL-03,Grand Palace Hotel,Deluxe,5000.0,4800.0,3980.0,0.829,50,27,0.54,0.467,6,0,Low,0.8,Normal Day,1.0,Budget,1.59,1.6,0.338,1.5,45.27,2
hotel,HTL-04,Mountain Bliss Lodge,Alpine Chalet,7500.0,7110.0,7680.0,1.08,25,14,0.56,0.426,4,0,Low,0.8,Holiday,1.3,Business,0.37,9.4,0.583,3.5,72.85,8
hotel,HTL-05,Urban Hub Suites,Penthouse,12000.0,12390.0,27800.0,2.244,10,3,0.3,0.695,21,0,Peak,1.35,Festival,1.45,Business,0.57,2.8,0.726,2.5,97.56,3
hotel,HTL-06,City Central Inn,Economy Twin,2400.0,2410.0,3670.0,1.523,100,36,0.36,0.639,6,0,Peak,1.35,Normal Day,1.0,Luxury,0.21,3.6,0.705,6.5,90.86,10
hotel,HTL-07,Grand Palace Hotel,Deluxe,5000.0,5110.0,8510.0,1.665,50,24,0.48,0.515,6,1,Holiday,1.6,Weekend,1.15,Budget,1.45,1.2,0.559,2.5,79.36,3
hotel,HTL-08,Sea Breeze Resort,Standard Room,3800.0,3890.0,5710.0,1.468,60,25,0.417,0.583,55,1,Regular,1.0,Festival,1.45,Business,0.31,7.1,0.707,3.5,92.13,5
hotel,HTL-01,Grand Palace Hotel,Executive Suite,9000.0,8380.0,9890.0,1.18,20,11,0.55,0.434,53,0,Peak,1.35,Normal Day,1.0,Leisure,0.97,3.3,0.426,3.5,53.44,5
hotel,HTL-02,Grand Palace Hotel,Deluxe,5000.0,4840.0,4170.0,0.862,50,27,0.54,0.452,20,0,Low,0.8,Normal Day,1.0,Luxury,0.24,3.5,0.444,3.5,49.38,6
hotel,HTL-03,Urban Hub Suites,Penthouse,12000.0,12410.0,16340.0,1.317,10,3,0.3,0.687,28,1,Low,0.8,Festival,1.45,Leisure,0.97,0.4,0.619,6.5,84.38,3
hotel,HTL-04,Urban Hub Suites,Penthouse,12000.0,11230.0,12140.0,1.081,10,5,0.5,0.52,2,0,Regular,1.0,Normal Day,1.0,Leisure,0.93,0.5,0.449,3.5,56.79,4
hotel,HTL-05,Mountain Bliss Lodge,Alpine Chalet,7500.0,8400.0,7360.0,0.876,25,7,0.28,0.71,8,1,Low,0.8,Weekend,1.15,Leisure,0.86,1.4,0.498,1.5,63.94,1
hotel,HTL-06,Grand Palace Hotel,Executive Suite,9000.0,9790.0,9590.0,0.98,20,8,0.4,0.603,18,0,Regular,1.0,Normal Day,1.0,Budget,1.49,1.2,0.416,5.5,56.84,8
hotel,HTL-07,Grand Palace Hotel,Deluxe,5000.0,5580.0,5260.0,0.943,50,16,0.32,0.686,12,0,Regular,1.0,Normal Day,1.0,Luxury,0.16,3.3,0.536,1.5,63.37,1
hotel,HTL-08,Urban Hub Suites,Studio Room,3200.0,3030.0,2820.0,0.931,80,51,0.637,0.362,5,0,Regular,1.0,Normal Day,1.0,Business,0.38,1.3,0.464,2.5,53.81,4
hotel,HTL-01,Sea Breeze Resort,Standard Room,3800.0,3820.0,3790.0,0.992,60,33,0.55,0.449,15,0,Regular,1.0,Normal Day,1.0,Leisure,0.87,1.6,0.444,3.5,55.47,2
hotel,HTL-02,Urban Hub Suites,Studio Room,3200.0,3380.0,2460.0,0.728,80,37,0.463,0.532,7,0,Low,0.8,Normal Day,1.0,Budget,1.49,1.4,0.327,0.5,42.61,0
hotel,HTL-03,Urban Hub Suites,Penthouse,12000.0,12990.0,13690.0,1.054,10,3,0.3,0.682,9,0,Regular,1.0,Normal Day,1.0,Budget,1.47,0.1,0.412,2.5,56.08,2
hotel,HTL-04,Sea Breeze Resort,Standard Room,3800.0,3570.0,2790.0,0.782,60,35,0.583,0.416,15,0,Low,0.8,Normal Day,1.0,Budget,1.49,2.9,0.311,4.5,40.0,6
hotel,HTL-05,Mountain Bliss Lodge,Alpine Chalet,7500.0,7910.0,7970.0,1.008,25,10,0.4,0.58,21,1,Low,0.8,Concert,1.35,Leisure,0.87,1.5,0.469,2.5,59.34,3
hotel,HTL-06,Sea Breeze Resort,Standard Room,3800.0,3850.0,3740.0,0.971,60,23,0.383,0.621,1,0,Regular,1.0,Normal Day,1.0,Budget,1.55,2.2,0.407,1.5,56.07,1
hotel,HTL-07,Mountain Bliss Lodge,Alpine Chalet,7500.0,8020.0,11920.0,1.486,25,9,0.36,0.629,31,0,Holiday,1.6,Normal Day,1.0,Luxury,0.2,5.5,0.663,3.5,84.05,8
hotel,HTL-08,Grand Palace Hotel,Deluxe,5000.0,5210.0,6830.0,1.311,50,21,0.42,0.579,30,0,Peak,1.35,Normal Day,1.0,Business,0.43,1.9,0.582,4.5,73.2,11
hotel,HTL-01,Grand Palace Hotel,Deluxe,5000.0,4910.0,6030.0,1.228,50,31,0.62,0.373,29,0,Peak,1.35,Normal Day,1.0,Luxury,0.2,7.0,0.565,4.5,68.25,8
hotel,HTL-02,City Central Inn,Economy Twin,2400.0,2490.0,4130.0,1.659,100,22,0.22,0.783,1,0,Holiday,1.6,Normal Day,1.0,Business,0.4,3.7,0.736,3.5,97.61,7
hotel,HTL-03,Urban Hub Suites,Studio Room,3200.0,2960.0,3970.0,1.341,80,44,0.55,0.445,8,0,Peak,1.35,Normal Day,1.0,Budget,1.49,2.6,0.396,2.5,53.63,4
hotel,HTL-04,Sea Breeze Resort,Standard Room,3800.0,3740.0,4640.0,1.241,60,37,0.617,0.383,7,0,Regular,1.0,Holiday,1.3,Business,0.38,3.5,0.6,8.5,75.72,13
hotel,HTL-05,City Central Inn,Economy Twin,2400.0,2500.0,1830.0,0.732,100,61,0.61,0.39,28,0,Low,0.8,Normal Day,1.0,Leisure,0.87,2.0,0.306,2.5,33.26,2
hotel,HTL-06,Grand Palace Hotel,Deluxe,5000.0,5790.0,6680.0,1.154,50,5,0.1,0.902,5,1,Low,0.8,Concert,1.35,Leisure,0.92,0.6,0.595,3.5,79.98,3
hotel,HTL-07,Sea Breeze Resort,Ocean View,6500.0,6700.0,5050.0,0.754,40,21,0.525,0.484,4,0,Low,0.8,Normal Day,1.0,Luxury,0.2,2.4,0.478,2.5,54.46,3
hotel,HTL-08,Mountain Bliss Lodge,Alpine Chalet,7500.0,6790.0,7590.0,1.118,25,15,0.6,0.416,6,0,Regular,1.0,Normal Day,1.0,Budget,1.62,1.5,0.408,5.5,56.83,7
hotel,HTL-01,Sea Breeze Resort,Standard Room,3800.0,4250.0,8320.0,1.958,60,4,0.067,0.929,1,1,Holiday,1.6,Weekend,1.15,Budget,1.54,0.0,0.683,7.5,100.0,4
hotel,HTL-02,Urban Hub Suites,Penthouse,12000.0,11830.0,8980.0,0.759,10,6,0.6,0.429,52,0,Low,0.8,Normal Day,1.0,Luxury,0.08,1.8,0.391,2.5,39.34,1
hotel,HTL-03,Sea Breeze Resort,Standard Room,3800.0,4250.0,7260.0,1.708,60,11,0.183,0.809,10,0,Holiday,1.6,Normal Day,1.0,Leisure,0.89,0.3,0.656,1.5,89.44,1
hotel,HTL-04,Grand Palace Hotel,Deluxe,5000.0,5190.0,4140.0,0.798,50,24,0.48,0.515,13,0,Low,0.8,Normal Day,1.0,Budget,1.53,2.1,0.328,1.5,43.18,0
hotel,HTL-05,Sea Breeze Resort,Ocean View,6500.0,6590.0,8090.0,1.228,40,21,0.525,0.487,6,0,Regular,1.0,Holiday,1.3,Business,0.41,3.5,0.532,0.5,65.07,1
hotel,HTL-06,City Central Inn,Economy Twin,2400.0,2300.0,3810.0,1.657,100,47,0.47,0.534,3,0,Holiday,1.6,Normal Day,1.0,Business,0.43,4.3,0.706,4.5,93.03,9
hotel,HTL-07,Sea Breeze Resort,Ocean View,6500.0,6970.0,7960.0,1.142,40,15,0.375,0.631,9,1,Low,0.8,Festival,1.45,Business,0.47,2.6,0.617,5.5,79.16,14
hotel,HTL-08,Mountain Bliss Lodge,Alpine Chalet,7500.0,7650.0,7560.0,0.988,25,10,0.4,0.609,6,0,Regular,1.0,Normal Day,1.0,Leisure,0.96,1.3,0.427,1.5,53.49,1
hotel,HTL-01,Sea Breeze Resort,Ocean View,6500.0,6600.0,6480.0,0.982,40,20,0.5,0.509,5,0,Regular,1.0,Normal Day,1.0,Budget,1.47,0.9,0.372,2.5,49.71,0
hotel,HTL-02,Sea Breeze Resort,Standard Room,3800.0,3920.0,3990.0,1.018,60,27,0.45,0.55,5,0,Regular,1.0,Normal Day,1.0,Leisure,0.91,1.4,0.461,5.5,58.42,7
hotel,HTL-03,Grand Palace Hotel,Executive Suite,9000.0,9270.0,9520.0,1.027,20,6,0.3,0.691,3,1,Low,0.8,Weekend,1.15,Business,0.35,3.0,0.542,4.5,66.1,5
hotel,HTL-04,Mountain Bliss Lodge,Alpine Chalet,7500.0,7290.0,6740.0,0.925,25,17,0.68,0.306,23,0,Regular,1.0,Normal Day,1.0,Budget,1.63,2.1,0.322,1.5,43.24,2
hotel,HTL-05,Grand Palace Hotel,Deluxe,5000.0,5090.0,7070.0,1.389,50,19,0.38,0.612,12,0,Peak,1.35,Normal Day,1.0,Luxury,0.17,3.9,0.649,5.5,81.5,6
hotel,HTL-06,Sea Breeze Resort,Standard Room,3800.0,3540.0,3110.0,0.879,60,43,0.717,0.283,33,0,Regular,1.0,Normal Day,1.0,Business,0.44,3.6,0.316,0.5,30.71,0
hotel,HTL-07,Urban Hub Suites,Penthouse,12000.0,12530.0,11950.0,0.954,10,4,0.4,0.573,8,0,Regular,1.0,Normal Day,1.0,Business,0.31,5.0,0.45,0.5,50.92,1
hotel,HTL-08,Urban Hub Suites,Penthouse,12000.0,13420.0,14310.0,1.066,10,3,0.3,0.663,10,0,Low,0.8,Holiday,1.3,Leisure,0.9,3.7,0.507,4.5,65.71,3
hotel,HTL-01,Urban Hub Suites,Studio Room,3200.0,3320.0,3500.0,1.054,80,33,0.412,0.586,11,0,Low,0.8,Holiday,1.3,Leisure,0.9,0.2,0.454,2.5,57.28,1
hotel,HTL-02,Grand Palace Hotel,Deluxe,5000.0,4710.0,3820.0,0.811,50,29,0.58,0.415,4,0,Low,0.8,Normal Day,1.0,Budget,1.41,2.4,0.295,2.5,36.71,3
hotel,HTL-03,Urban Hub Suites,Studio Room,3200.0,3460.0,7410.0,2.142,80,26,0.325,0.67,2,1,Holiday,1.6,Holiday,1.3,Budget,1.6,4.5,0.679,4.5,100.0,9
hotel,HTL-04,Mountain Bliss Lodge,Alpine Chalet,7500.0,6580.0,5080.0,0.772,25,20,0.8,0.19,28,0,Low,0.8,Normal Day,1.0,Budget,1.54,1.3,0.22,2.5,25.93,1
hotel,HTL-05,Sea Breeze Resort,Ocean View,6500.0,5610.0,4820.0,0.859,40,34,0.85,0.16,8,0,Low,0.8,Normal Day,1.0,Leisure,0.9,1.8,0.342,3.5,39.29,5
hotel,HTL-06,City Central Inn,Economy Twin,2400.0,2590.0,2990.0,1.154,100,53,0.53,0.472,21,1,Regular,1.0,Weekend,1.15,Leisure,0.86,2.0,0.489,3.5,62.44,6
hotel,HTL-07,Sea Breeze Resort,Ocean View,6500.0,7060.0,10410.0,1.475,40,14,0.35,0.645,1,0,Holiday,1.6,Normal Day,1.0,Business,0.35,2.1,0.653,2.5,83.86,7
hotel,HTL-08,Grand Palace Hotel,Deluxe,5000.0,5290.0,4460.0,0.843,50,24,0.48,0.522,24,0,Low,0.8,Normal Day,1.0,Business,0.41,4.6,0.407,3.5,45.05,4
hotel,HTL-01,Grand Palace Hotel,Executive Suite,9000.0,8520.0,8770.0,1.029,20,12,0.6,0.403,6,0,Regular,1.0,Normal Day,1.0,Budget,1.41,3.2,0.345,0.5,44.69,1
hotel,HTL-02,Urban Hub Suites,Penthouse,12000.0,13640.0,18970.0,1.391,10,3,0.3,0.723,8,1,Regular,1.0,Festival,1.45,Luxury,0.2,6.3,0.683,3.5,87.18,3
hotel,HTL-03,Urban Hub Suites,Studio Room,3200.0,3290.0,4440.0,1.35,80,30,0.375,0.628,6,0,Regular,1.0,Holiday,1.3,Business,0.33,7.5,0.698,8.5,90.81,17
hotel,HTL-04,City Central Inn,Economy Twin,2400.0,2200.0,1990.0,0.905,100,60,0.6,0.397,8,0,Low,0.8,Normal Day,1.0,Budget,1.56,1.2,0.275,0.5,34.94,0
hotel,HTL-05,Grand Palace Hotel,Deluxe,5000.0,4750.0,4560.0,0.96,50,36,0.72,0.276,21,0,Regular,1.0,Normal Day,1.0,Business,0.37,2.5,0.424,2.5,47.31,3
hotel,HTL-06,Urban Hub Suites,Studio Room,3200.0,3230.0,4850.0,1.502,80,28,0.35,0.646,31,1,Peak,1.35,Weekend,1.15,Business,0.45,2.8,0.654,4.5,84.95,8
hotel,HTL-07,City Central Inn,Economy Twin,2400.0,2410.0,2490.0,1.033,100,54,0.54,0.463,2,0,Regular,1.0,Normal Day,1.0,Budget,1.48,0.5,0.375,0.5,50.28,1
hotel,HTL-08,Sea Breeze Resort,Ocean View,6500.0,6450.0,6350.0,0.984,40,22,0.55,0.453,1,0,Regular,1.0,Normal Day,1.0,Budget,1.53,0.2,0.375,1.5,50.76,1
hotel,HTL-01,Sea Breeze Resort,Ocean View,6500.0,6250.0,9840.0,1.574,40,18,0.45,0.558,23,1,Regular,1.0,Holiday,1.3,Leisure,0.93,2.0,0.63,6.5,85.68,8
hotel,HTL-02,Grand Palace Hotel,Executive Suite,9000.0,9350.0,9090.0,0.972,20,7,0.35,0.654,14,0,Regular,1.0,Normal Day,1.0,Budget,1.37,0.2,0.367,3.5,47.93,3
hotel,HTL-03,Grand Palace Hotel,Deluxe,5000.0,4650.0,4990.0,1.073,50,32,0.64,0.365,31,0,Regular,1.0,Normal Day,1.0,Leisure,0.87,0.5,0.368,2.5,43.22,4
hotel,HTL-04,Grand Palace Hotel,Executive Suite,9000.0,9720.0,9050.0,0.931,20,6,0.3,0.718,1,1,Low,0.8,Weekend,1.15,Luxury,0.24,6.3,0.55,4.5,66.31,6
hotel,HTL-05,Mountain Bliss Lodge,Alpine Chalet,7500.0,7190.0,6250.0,0.869,25,12,0.48,0.532,4,0,Low,0.8,Normal Day,1.0,Business,0.41,2.0,0.458,1.5,53.26,2
hotel,HTL-06,Urban Hub Suites,Studio Room,3200.0,3270.0,2280.0,0.697,80,47,0.588,0.415,15,0,Low,0.8,Normal Day,1.0,Business,0.46,0.6,0.411,2.5,46.2,3
hotel,HTL-07,Sea Breeze Resort,Ocean View,6500.0,7170.0,5530.0,0.771,40,18,0.45,0.561,19,0,Low,0.8,Normal Day,1.0,Budget,1.55,1.6,0.317,4.5,41.56,3
hotel,HTL-08,Grand Palace Hotel,Executive Suite,9000.0,8400.0,7320.0,0.871,20,12,0.6,0.401,1,0,Low,0.8,Normal Day,1.0,Luxury,0.16,6.3,0.489,2.5,55.83,4
hotel,HTL-01,Urban Hub Suites,Penthouse,12000.0,11870.0,11270.0,0.949,10,6,0.6,0.422,4,0,Low,0.8,Holiday,1.3,Luxury,0.21,2.2,0.521,4.5,61.36,6
hotel,HTL-02,Sea Breeze Resort,Standard Room,3800.0,4060.0,3980.0,0.98,60,26,0.433,0.567,4,0,Regular,1.0,Normal Day,1.0,Budget,1.5,0.9,0.405,2.5,55.25,4
hotel,HTL-03,Grand Palace Hotel,Deluxe,5000.0,5480.0,8970.0,1.637,50,13,0.26,0.749,2,1,Peak,1.35,Weekend,1.15,Budget,1.5,0.7,0.602,2.5,86.65,4
hotel,HTL-04,Grand Palace Hotel,Executive Suite,9000.0,10440.0,12310.0,1.179,20,5,0.25,0.747,2,1,Regular,1.0,Weekend,1.15,Luxury,0.17,1.8,0.635,3.5,79.31,5
hotel,HTL-05,City Central Inn,Economy Twin,2400.0,2540.0,2520.0,0.992,100,43,0.43,0.568,24,0,Regular,1.0,Normal Day,1.0,Leisure,0.92,0.3,0.449,3.5,56.64,5
hotel,HTL-06,Urban Hub Suites,Studio Room,3200.0,3290.0,2810.0,0.854,80,37,0.463,0.538,17,0,Low,0.8,Normal Day,1.0,Budget,1.51,3.9,0.306,6.5,39.4,7
hotel,HTL-07,Urban Hub Suites,Penthouse,12000.0,12200.0,14840.0,1.216,10,3,0.3,0.74,15,1,Low,0.8,Concert,1.35,Leisure,0.94,2.6,0.547,4.5,72.58,3
hotel,HTL-08,Urban Hub Suites,Studio Room,3200.0,3460.0,3300.0,0.954,80,29,0.362,0.642,21,0,Regular,1.0,Normal Day,1.0,Business,0.35,0.9,0.484,3.5,56.8,4
hotel,HTL-01,Grand Palace Hotel,Executive Suite,9000.0,11430.0,13020.0,1.139,20,2,0.1,0.918,14,1,Regular,1.0,Concert,1.35,Business,0.38,2.0,0.631,3.5,80.61,2
hotel,HTL-02,Sea Breeze Resort,Standard Room,3800.0,3630.0,3980.0,1.096,60,30,0.5,0.492,10,1,Low,0.8,Holiday,1.3,Leisure,0.93,0.6,0.45,5.5,56.88,8
hotel,HTL-03,Sea Breeze Resort,Ocean View,6500.0,6700.0,6590.0,0.984,40,22,0.55,0.453,18,0,Regular,1.0,Normal Day,1.0,Business,0.41,2.6,0.409,3.5,45.4,2
hotel,HTL-04,City Central Inn,Economy Twin,2400.0,2510.0,2780.0,1.108,100,40,0.4,0.6,4,1,Low,0.8,Festival,1.45,Budget,1.43,3.7,0.514,5.5,71.94,8
hotel,HTL-05,City Central Inn,Economy Twin,2400.0,2630.0,4180.0,1.589,100,32,0.32,0.682,10,0,Holiday,1.6,Normal Day,1.0,Leisure,0.87,1.1,0.623,2.5,84.01,5
hotel,HTL-06,City Central Inn,Economy Twin,2400.0,2690.0,2520.0,0.937,100,18,0.18,0.824,18,1,Low,0.8,Holiday,1.3,Business,0.42,3.1,0.595,5.5,75.28,12
hotel,HTL-07,Sea Breeze Resort,Standard Room,3800.0,4370.0,4600.0,1.053,60,13,0.217,0.791,3,1,Low,0.8,Concert,1.35,Luxury,0.18,1.9,0.606,3.5,74.71,6
hotel,HTL-08,Sea Breeze Resort,Ocean View,6500.0,5930.0,6460.0,1.089,40,20,0.5,0.497,1,0,Regular,1.0,Normal Day,1.0,Leisure,0.97,0.5,0.378,1.5,45.83,3
hotel,HTL-01,Urban Hub Suites,Studio Room,3200.0,3340.0,2560.0,0.766,80,39,0.487,0.514,8,0,Low,0.8,Normal Day,1.0,Business,0.45,1.2,0.432,3.5,49.41,5
hotel,HTL-02,Urban Hub Suites,Studio Room,3200.0,3090.0,2520.0,0.816,80,43,0.537,0.463,29,0,Low,0.8,Normal Day,1.0,Business,0.5,3.1,0.433,5.5,50.14,8
hotel,HTL-03,Urban Hub Suites,Studio Room,3200.0,3730.0,4690.0,1.257,80,15,0.188,0.81,3,1,Regular,1.0,Festival,1.45,Budget,1.42,1.8,0.63,6.5,90.39,12
hotel,HTL-04,Sea Breeze Resort,Standard Room,3800.0,3680.0,3810.0,1.035,60,35,0.583,0.417,1,0,Regular,1.0,Normal Day,1.0,Business,0.4,7.2,0.486,2.5,57.65,3
hotel,HTL-05,Mountain Bliss Lodge,Alpine Chalet,7500.0,7550.0,5820.0,0.771,25,13,0.52,0.495,9,0,Low,0.8,Normal Day,1.0,Business,0.43,3.2,0.445,3.5,51.37,4
hotel,HTL-06,Grand Palace Hotel,Executive Suite,9000.0,9570.0,7270.0,0.76,20,8,0.4,0.604,4,0,Low,0.8,Normal Day,1.0,Business,0.36,5.4,0.415,1.5,45.78,3
hotel,HTL-07,Sea Breeze Resort,Standard Room,3800.0,3810.0,6330.0,1.661,60,17,0.283,0.71,1,1,Peak,1.35,Weekend,1.15,Business,0.39,1.3,0.659,2.5,85.15,5
hotel,HTL-08,Grand Palace Hotel,Deluxe,5000.0,5030.0,5070.0,1.008,50,25,0.5,0.505,15,0,Regular,1.0,Normal Day,1.0,Budget,1.46,1.4,0.296,1.5,37.39,3
hotel,HTL-01,Grand Palace Hotel,Executive Suite,9000.0,9020.0,8400.0,0.931,20,11,0.55,0.433,17,0,Regular,1.0,Normal Day,1.0,Budget,1.6,2.4,0.314,2.5,41.63,2
hotel,HTL-02,Grand Palace Hotel,Executive Suite,9000.0,9080.0,7800.0,0.859,20,12,0.6,0.407,8,0,Low,0.8,Normal Day,1.0,Business,0.34,6.3,0.439,1.5,49.46,1
hotel,HTL-03,Urban Hub Suites,Studio Room,3200.0,3090.0,2450.0,0.793,80,53,0.662,0.344,36,0,Low,0.8,Normal Day,1.0,Business,0.41,5.0,0.385,1.5,41.59,3
hotel,HTL-04,Mountain Bliss Lodge,Alpine Chalet,7500.0,7660.0,8430.0,1.101,25,9,0.36,0.65,2,0,Low,0.8,Festival,1.45,Budget,1.47,0.9,0.51,4.5,71.71,5
hotel,HTL-05,Urban Hub Suites,Studio Room,3200.0,3260.0,3550.0,1.089,80,40,0.5,0.502,10,0,Regular,1.0,Normal Day,1.0,Business,0.4,1.4,0.496,2.5,59.15,5
hotel,HTL-06,Urban Hub Suites,Studio Room,3200.0,3300.0,3340.0,1.012,80,31,0.388,0.615,5,0,Regular,1.0,Normal Day,1.0,Business,0.35,2.5,0.492,1.5,58.01,0
hotel,HTL-07,City Central Inn,Economy Twin,2400.0,2490.0,4600.0,1.847,100,30,0.3,0.697,5,1,Holiday,1.6,Weekend,1.15,Business,0.46,4.9,0.747,7.5,100.0,17
hotel,HTL-08,Mountain Bliss Lodge,Alpine Chalet,7500.0,6780.0,7020.0,1.035,25,16,0.64,0.347,20,0,Regular,1.0,Normal Day,1.0,Business,0.38,3.7,0.451,2.5,51.87,5
hotel,HTL-01,Urban Hub Suites,Penthouse,12000.0,12490.0,15740.0,1.26,10,4,0.4,0.645,37,1,Regular,1.0,Weekend,1.15,Leisure,0.91,1.9,0.566,4.5,75.33,4
hotel,HTL-02,Grand Palace Hotel,Deluxe,5000.0,5660.0,6090.0,1.076,50,13,0.26,0.733,19,1,Regular,1.0,Weekend,1.15,Leisure,0.92,0.8,0.515,5.5,67.27,11
hotel,HTL-03,Grand Palace Hotel,Deluxe,5000.0,5420.0,6950.0,1.282,50,16,0.32,0.679,7,0,Regular,1.0,Holiday,1.3,Budget,1.44,0.9,0.505,3.5,70.66,3
hotel,HTL-04,Grand Palace Hotel,Executive Suite,9000.0,9250.0,8120.0,0.878,20,11,0.55,0.457,14,0,Regular,1.0,Normal Day,1.0,Business,0.37,4.3,0.462,2.5,53.53,5
hotel,HTL-05,City Central Inn,Economy Twin,2400.0,2310.0,2880.0,1.247,100,28,0.28,0.724,12,1,Regular,1.0,Weekend,1.15,Budget,1.46,1.7,0.524,3.5,73.91,7
hotel,HTL-06,City Central Inn,Economy Twin,2400.0,2370.0,3260.0,1.376,100,63,0.63,0.365,15,0,Peak,1.35,Normal Day,1.0,Leisure,0.9,0.4,0.48,2.5,61.49,4
hotel,HTL-07,Sea Breeze Resort,Ocean View,6500.0,7100.0,9610.0,1.354,40,5,0.125,0.866,1,1,Low,0.8,Festival,1.45,Business,0.46,5.1,0.709,3.5,93.83,5
hotel,HTL-08,Sea Breeze Resort,Standard Room,3800.0,4410.0,5170.0,1.172,60,11,0.183,0.82,7,1,Regular,1.0,Weekend,1.15,Luxury,0.19,3.5,0.69,7.5,88.15,11
hotel,HTL-01,Grand Palace Hotel,Deluxe,5000.0,5010.0,5570.0,1.112,50,24,0.48,0.515,4,0,Low,0.8,Holiday,1.3,Luxury,0.22,8.1,0.599,6.5,73.96,13
hotel,HTL-02,Urban Hub Suites,Penthouse,12000.0,11840.0,8880.0,0.75,10,5,0.5,0.526,2,0,Low,0.8,Normal Day,1.0,Luxury,0.25,1.6,0.463,4.5,52.45,5
hotel,HTL-03,Grand Palace Hotel,Executive Suite,9000.0,9010.0,8570.0,0.951,20,11,0.55,0.444,11,0,Regular,1.0,Normal Day,1.0,Business,0.43,6.1,0.475,1.5,56.2,3
hotel,HTL-04,Sea Breeze Resort,Ocean View,6500.0,7680.0,11610.0,1.512,40,12,0.3,0.706,5,0,Holiday,1.6,Normal Day,1.0,Business,0.47,2.8,0.691,4.5,91.1,12
hotel,HTL-05,City Central Inn,Economy Twin,2400.0,2370.0,2060.0,0.869,100,63,0.63,0.366,13,0,Regular,1.0,Normal Day,1.0,Business,0.36,2.7,0.515,7.5,61.8,10
hotel,HTL-06,Mountain Bliss Lodge,Alpine Chalet,7500.0,7500.0,8190.0,1.092,25,14,0.56,0.448,10,0,Regular,1.0,Normal Day,1.0,Budget,1.41,1.7,0.405,2.5,54.32,5
hotel,HTL-07,Sea Breeze Resort,Standard Room,3800.0,4310.0,4050.0,0.94,60,18,0.3,0.697,5,1,Low,0.8,Holiday,1.3,Budget,1.53,1.2,0.472,4.5,66.28,5
hotel,HTL-08,City Central Inn,Economy Twin,2400.0,2370.0,2270.0,0.958,100,49,0.49,0.508,2,0,Regular,1.0,Normal Day,1.0,Leisure,0.94,0.9,0.399,1.5,48.8,1
hotel,HTL-01,Grand Palace Hotel,Deluxe,5000.0,5070.0,4570.0,0.901,50,30,0.6,0.401,6,0,Regular,1.0,Normal Day,1.0,Luxury,0.17,7.0,0.474,2.5,53.41,5
hotel,HTL-02,Grand Palace Hotel,Deluxe,5000.0,5490.0,10830.0,1.973,50,5,0.1,0.906,4,1,Holiday,1.6,Weekend,1.15,Budget,1.39,0.5,0.692,2.5,100.0,5
hotel,HTL-03,Sea Breeze Resort,Ocean View,6500.0,6100.0,5090.0,0.834,40,26,0.65,0.359,30,0,Low,0.8,Normal Day,1.0,Luxury,0.23,5.1,0.45,1.5,50.26,3
hotel,HTL-04,City Central Inn,Economy Twin,2400.0,2450.0,3180.0,1.298,100,46,0.46,0.543,22,0,Regular,1.0,Holiday,1.3,Leisure,0.93,0.4,0.463,2.5,59.07,2
hotel,HTL-05,Grand Palace Hotel,Deluxe,5000.0,4510.0,3900.0,0.865,50,36,0.72,0.286,12,0,Low,0.8,Normal Day,1.0,Budget,1.5,1.5,0.248,1.5,30.12,0
hotel,HTL-06,Grand Palace Hotel,Executive Suite,9000.0,10240.0,10330.0,1.009,20,6,0.3,0.706,7,0,Regular,1.0,Normal Day,1.0,Leisure,0.92,0.6,0.493,1.5,63.74,0
hotel,HTL-07,Urban Hub Suites,Penthouse,12000.0,11750.0,14500.0,1.234,10,7,0.7,0.267,51,0,Peak,1.35,Normal Day,1.0,Luxury,0.26,4.0,0.498,5.5,58.12,6
hotel,HTL-08,Grand Palace Hotel,Executive Suite,9000.0,9020.0,8890.0,0.986,20,9,0.45,0.54,23,0,Regular,1.0,Normal Day,1.0,Budget,1.57,2.4,0.35,1.5,47.06,0
hotel,HTL-01,Urban Hub Suites,Penthouse,12000.0,11820.0,14320.0,1.212,10,6,0.6,0.443,34,1,Regular,1.0,Weekend,1.15,Business,0.45,2.3,0.553,3.5,68.79,6
hotel,HTL-02,Urban Hub Suites,Penthouse,12000.0,12270.0,13000.0,1.059,10,4,0.4,0.604,33,0,Regular,1.0,Normal Day,1.0,Budget,1.51,1.9,0.387,2.5,52.37,4
hotel,HTL-03,Grand Palace Hotel,Executive Suite,9000.0,10010.0,13490.0,1.348,20,3,0.15,0.847,2,1,Regular,1.0,Festival,1.45,Business,0.38,4.2,0.752,7.5,100.0,3
hotel,HTL-04,Sea Breeze Resort,Standard Room,3800.0,3860.0,7250.0,1.878,60,24,0.4,0.606,10,0,Holiday,1.6,Holiday,1.3,Budget,1.47,1.9,0.65,3.5,94.17,7
hotel,HTL-05,Mountain Bliss Lodge,Alpine Chalet,7500.0,7990.0,9930.0,1.243,25,10,0.4,0.583,6,0,Peak,1.35,Normal Day,1.0,Business,0.44,2.9,0.616,4.5,78.79,8
hotel,HTL-06,Urban Hub Suites,Penthouse,12000.0,13910.0,12350.0,0.888,10,3,0.3,0.72,7,0,Regular,1.0,Normal Day,1.0,Budget,1.54,1.5,0.434,3.5,60.25,3
hotel,HTL-07,Urban Hub Suites,Studio Room,3200.0,2740.0,3580.0,1.307,80,63,0.787,0.211,15,0,Regular,1.0,Holiday,1.3,Leisure,0.86,0.4,0.443,1.5,55.15,0
hotel,HTL-08,Grand Palace Hotel,Deluxe,5000.0,5360.0,6330.0,1.181,50,17,0.34,0.668,15,0,Regular,1.0,Holiday,1.3,Budget,1.49,1.3,0.494,4.5,69.35,7
hotel,HTL-01,Urban Hub Suites,Studio Room,3200.0,2990.0,2570.0,0.86,80,45,0.562,0.433,13,0,Low,0.8,Normal Day,1.0,Budget,1.47,1.6,0.296,3.5,37.51,2
hotel,HTL-02,Sea Breeze Resort,Standard Room,3800.0,3720.0,5120.0,1.376,60,26,0.433,0.565,9,0,Peak,1.35,Normal Day,1.0,Budget,1.5,2.0,0.491,3.5,68.96,5
hotel,HTL-03,Sea Breeze Resort,Ocean View,6500.0,5950.0,5850.0,0.983,40,28,0.7,0.311,5,0,Regular,1.0,Normal Day,1.0,Business,0.36,5.5,0.495,1.5,58.59,3
hotel,HTL-04,Mountain Bliss Lodge,Alpine Chalet,7500.0,7550.0,7560.0,1.001,25,10,0.4,0.587,3,0,Regular,1.0,Normal Day,1.0,Budget,1.47,0.5,0.432,3.5,59.17,5
hotel,HTL-05,City Central Inn,Economy Twin,2400.0,2870.0,3130.0,1.091,100,9,0.09,0.913,14,1,Low,0.8,Festival,1.45,Budget,1.55,3.0,0.579,5.5,83.57,9
hotel,HTL-06,Grand Palace Hotel,Executive Suite,9000.0,8730.0,7350.0,0.842,20,12,0.6,0.425,10,0,Low,0.8,Normal Day,1.0,Business,0.47,2.4,0.369,1.5,39.58,2
hotel,HTL-07,Grand Palace Hotel,Deluxe,5000.0,5440.0,11720.0,2.154,50,14,0.28,0.728,9,1,Peak,1.35,Major Event,1.55,Business,0.48,3.6,0.746,8.5,100.0,14
hotel,HTL-08,Grand Palace Hotel,Executive Suite,9000.0,9530.0,13580.0,1.425,20,6,0.3,0.723,9,0,Peak,1.35,Normal Day,1.0,Budget,1.44,1.2,0.543,6.5,76.73,6
hotel,HTL-01,City Central Inn,Economy Twin,2400.0,2340.0,2190.0,0.936,100,61,0.61,0.391,4,0,Regular,1.0,Normal Day,1.0,Luxury,0.18,4.0,0.459,3.5,51.14,5
hotel,HTL-02,Grand Palace Hotel,Executive Suite,9000.0,9450.0,8180.0,0.866,20,8,0.4,0.623,2,1,Low,0.8,Weekend,1.15,Leisure,0.89,1.8,0.485,3.5,62.08,4
hotel,HTL-03,Grand Palace Hotel,Executive Suite,9000.0,9240.0,8990.0,0.973,20,6,0.3,0.675,6,0,Regular,1.0,Normal Day,1.0,Luxury,0.26,0.5,0.525,0.5,62.49,1
hotel,HTL-04,Grand Palace Hotel,Executive Suite,9000.0,9630.0,9870.0,1.025,20,5,0.25,0.754,1,0,Regular,1.0,Normal Day,1.0,Leisure,0.92,0.3,0.486,0.5,62.63,0
hotel,HTL-05,Sea Breeze Resort,Ocean View,6500.0,6040.0,6420.0,1.063,40,17,0.425,0.57,19,0,Low,0.8,Holiday,1.3,Business,0.33,2.9,0.549,3.5,67.05,5
hotel,HTL-06,Grand Palace Hotel,Executive Suite,9000.0,10380.0,15580.0,1.501,20,5,0.25,0.73,7,0,Holiday,1.6,Normal Day,1.0,Budget,1.43,1.2,0.574,3.5,81.58,5
hotel,HTL-07,Sea Breeze Resort,Ocean View,6500.0,6950.0,9300.0,1.338,40,13,0.325,0.663,2,1,Regular,1.0,Festival,1.45,Business,0.48,2.6,0.7,8.5,92.55,13
hotel,HTL-08,Grand Palace Hotel,Deluxe,5000.0,5430.0,6180.0,1.138,50,16,0.32,0.682,7,1,Regular,1.0,Weekend,1.15,Budget,1.45,3.5,0.561,5.5,79.65,11
hotel,HTL-01,Urban Hub Suites,Penthouse,12000.0,11740.0,8380.0,0.714,10,7,0.7,0.26,18,0,Low,0.8,Normal Day,1.0,Budget,1.49,2.1,0.325,6.5,42.37,5
hotel,HTL-02,City Central Inn,Economy Twin,2400.0,2930.0,4250.0,1.451,100,5,0.05,0.955,17,1,Regular,1.0,Festival,1.45,Luxury,0.28,1.2,0.74,4.5,97.09,5
hotel,HTL-03,Sea Breeze Resort,Ocean View,6500.0,6870.0,7260.0,1.057,40,17,0.425,0.578,5,1,Regular,1.0,Weekend,1.15,Leisure,0.91,0.7,0.553,7.5,73.25,13
hotel,HTL-04,Grand Palace Hotel,Deluxe,5000.0,5180.0,8650.0,1.67,50,19,0.38,0.628,3,0,Holiday,1.6,Normal Day,1.0,Budget,1.49,0.9,0.572,4.5,81.88,8
hotel,HTL-05,Grand Palace Hotel,Executive Suite,9000.0,9060.0,10990.0,1.213,20,7,0.35,0.652,3,0,Peak,1.35,Normal Day,1.0,Leisure,0.92,1.3,0.516,1.5,67.33,3
hotel,HTL-06,Urban Hub Suites,Studio Room,3200.0,3060.0,2310.0,0.755,80,50,0.625,0.381,34,0,Low,0.8,Normal Day,1.0,Budget,1.54,0.4,0.229,2.5,27.5,2
hotel,HTL-07,Sea Breeze Resort,Standard Room,3800.0,4010.0,6450.0,1.608,60,22,0.367,0.638,16,1,Peak,1.35,Weekend,1.15,Business,0.44,5.0,0.697,6.5,91.7,11
hotel,HTL-08,City Central Inn,Economy Twin,2400.0,2510.0,4100.0,1.633,100,17,0.17,0.833,3,1,Regular,1.0,Festival,1.45,Leisure,0.88,1.6,0.666,3.5,90.94,10
hotel,HTL-01,Mountain Bliss Lodge,Alpine Chalet,7500.0,6900.0,6870.0,0.996,25,17,0.68,0.338,3,0,Regular,1.0,Normal Day,1.0,Budget,1.54,2.0,0.348,1.5,46.46,2
hotel,HTL-02,City Central Inn,Economy Twin,2400.0,2200.0,2110.0,0.959,100,80,0.8,0.195,20,0,Regular,1.0,Normal Day,1.0,Budget,1.52,3.6,0.327,4.5,42.91,3
hotel,HTL-03,Grand Palace Hotel,Executive Suite,9000.0,9140.0,10120.0,1.107,20,9,0.45,0.528,13,0,Regular,1.0,Normal Day,1.0,Luxury,0.22,9.2,0.513,2.5,60.18,5
hotel,HTL-04,Mountain Bliss Lodge,Alpine Chalet,7500.0,9100.0,9440.0,1.037,25,5,0.2,0.801,3,1,Regular,1.0,Weekend,1.15,Leisure,0.88,1.8,0.615,8.5,82.82,5
hotel,HTL-05,Grand Palace Hotel,Executive Suite,9000.0,9340.0,11390.0,1.219,20,5,0.25,0.729,46,1,Regular,1.0,Weekend,1.15,Budget,1.51,1.4,0.532,6.5,75.68,5
hotel,HTL-06,Urban Hub Suites,Penthouse,12000.0,11020.0,9540.0,0.866,10,5,0.5,0.501,12,0,Low,0.8,Normal Day,1.0,Budget,1.47,1.1,0.358,2.5,47.44,1
hotel,HTL-07,Sea Breeze Resort,Standard Room,3800.0,3440.0,3170.0,0.922,60,42,0.7,0.302,18,0,Low,0.8,Normal Day,1.0,Budget,1.6,2.6,0.246,1.5,30.78,1
hotel,HTL-08,Grand Palace Hotel,Deluxe,5000.0,5060.0,5240.0,1.036,50,25,0.5,0.492,11,0,Regular,1.0,Normal Day,1.0,Business,0.45,5.3,0.477,2.5,56.72,2
hotel,HTL-01,City Central Inn,Economy Twin,2400.0,2690.0,3330.0,1.238,100,21,0.21,0.792,2,1,Regular,1.0,Weekend,1.15,Budget,1.48,0.7,0.508,3.5,71.45,6
hotel,HTL-02,Sea Breeze Resort,Ocean View,6500.0,7270.0,16460.0,2.264,40,3,0.075,0.932,4,1,Peak,1.35,Major Event,1.55,Business,0.37,6.2,0.753,5.5,100.0,3
hotel,HTL-03,Urban Hub Suites,Penthouse,12000.0,11690.0,17470.0,1.494,10,3,0.3,0.654,30,1,Peak,1.35,Weekend,1.15,Budget,1.57,1.2,0.519,3.5,74.16,3
hotel,HTL-04,Sea Breeze Resort,Ocean View,6500.0,6520.0,6560.0,1.006,40,19,0.475,0.514,6,0,Regular,1.0,Normal Day,1.0,Leisure,1.06,0.6,0.39,1.5,48.61,4
hotel,HTL-05,Urban Hub Suites,Penthouse,12000.0,13290.0,15810.0,1.19,10,4,0.4,0.64,3,1,Regular,1.0,Weekend,1.15,Leisure,0.8,0.4,0.529,4.5,68.31,4
hotel,HTL-06,Sea Breeze Resort,Ocean View,6500.0,6210.0,6220.0,1.002,40,24,0.6,0.412,8,0,Regular,1.0,Normal Day,1.0,Budget,1.48,2.8,0.352,1.5,46.58,2
hotel,HTL-07,Grand Palace Hotel,Deluxe,5000.0,5370.0,6160.0,1.147,50,26,0.52,0.481,2,0,Regular,1.0,Festival,1.45,Business,0.45,6.0,0.591,6.5,74.85,13
hotel,HTL-08,City Central Inn,Economy Twin,2400.0,2620.0,5350.0,2.042,100,13,0.13,0.865,3,1,Holiday,1.6,Weekend,1.15,Budget,1.61,0.7,0.678,3.5,100.0,5
hotel,HTL-01,Urban Hub Suites,Penthouse,12000.0,12840.0,18740.0,1.46,10,2,0.2,0.779,5,0,Regular,1.0,Festival,1.45,Luxury,0.17,1.3,0.628,3.5,78.16,2
hotel,HTL-02,Grand Palace Hotel,Executive Suite,9000.0,9060.0,7310.0,0.807,20,9,0.45,0.569,5,0,Low,0.8,Normal Day,1.0,Budget,1.44,0.8,0.339,1.5,44.08,2
hotel,HTL-03,Mountain Bliss Lodge,Alpine Chalet,7500.0,7820.0,8060.0,1.031,25,8,0.32,0.693,3,0,Regular,1.0,Normal Day,1.0,Business,0.44,2.2,0.448,0.5,51.86,1
hotel,HTL-04,Mountain Bliss Lodge,Alpine Chalet,7500.0,7600.0,10670.0,1.404,25,11,0.44,0.569,3,0,Peak,1.35,Normal Day,1.0,Business,0.44,3.6,0.648,4.5,83.86,9
hotel,HTL-05,City Central Inn,Economy Twin,2400.0,2470.0,3250.0,1.316,100,46,0.46,0.542,4,0,Peak,1.35,Normal Day,1.0,Luxury,0.15,1.8,0.574,3.5,69.32,6
hotel,HTL-06,Grand Palace Hotel,Executive Suite,9000.0,9790.0,18940.0,1.935,20,6,0.3,0.716,7,1,Peak,1.35,Concert,1.35,Leisure,0.92,1.3,0.711,2.5,98.58,6
hotel,HTL-07,Grand Palace Hotel,Executive Suite,9000.0,9080.0,9080.0,1.0,20,9,0.45,0.548,5,0,Regular,1.0,Normal Day,1.0,Leisure,0.96,1.9,0.405,2.5,49.95,1
hotel,HTL-08,Sea Breeze Resort,Standard Room,3800.0,3700.0,3620.0,0.978,60,37,0.617,0.389,3,0,Regular,1.0,Normal Day,1.0,Business,0.36,3.1,0.476,1.5,55.59,1
hotel,HTL-01,City Central Inn,Economy Twin,2400.0,2580.0,2430.0,0.942,100,48,0.48,0.52,1,0,Regular,1.0,Normal Day,1.0,Leisure,0.96,1.3,0.451,3.5,57.41,5
hotel,HTL-02,Sea Breeze Resort,Standard Room,3800.0,3690.0,5240.0,1.42,60,26,0.433,0.568,2,0,Peak,1.35,Normal Day,1.0,Leisure,0.85,2.5,0.594,5.5,79.22,10
hotel,HTL-03,Sea Breeze Resort,Standard Room,3800.0,3930.0,3900.0,0.992,60,20,0.333,0.664,1,0,Regular,1.0,Normal Day,1.0,Leisure,0.86,1.1,0.442,1.5,55.02,2
hotel,HTL-04,Grand Palace Hotel,Executive Suite,9000.0,9590.0,15160.0,1.581,20,7,0.35,0.643,13,1,Peak,1.35,Weekend,1.15,Business,0.38,1.2,0.693,3.5,90.47,7
hotel,HTL-05,Urban Hub Suites,Penthouse,12000.0,11580.0,11310.0,0.977,10,6,0.6,0.386,24,0,Regular,1.0,Normal Day,1.0,Budget,1.51,0.4,0.321,5.5,41.89,5
hotel,HTL-06,Urban Hub Suites,Penthouse,12000.0,12550.0,17970.0,1.432,10,6,0.6,0.428,26,0,Holiday,1.6,Normal Day,1.0,Business,0.37,4.0,0.608,6.5,76.81,6
hotel,HTL-07,City Central Inn,Economy Twin,2400.0,2510.0,3950.0,1.574,100,42,0.42,0.578,7,1,Peak,1.35,Weekend,1.15,Leisure,0.95,1.0,0.623,3.5,84.74,7
hotel,HTL-08,Urban Hub Suites,Studio Room,3200.0,3040.0,3880.0,1.276,80,44,0.55,0.444,3,0,Peak,1.35,Normal Day,1.0,Budget,1.59,1.4,0.459,5.5,64.78,7
hotel,HTL-01,City Central Inn,Economy Twin,2400.0,2710.0,6640.0,2.45,100,2,0.02,0.98,14,1,Holiday,1.6,Festival,1.45,Budget,1.45,1.2,0.688,3.5,100.0,2
hotel,HTL-02,Grand Palace Hotel,Deluxe,5000.0,5360.0,8680.0,1.619,50,7,0.14,0.862,2,1,Peak,1.35,Weekend,1.15,Leisure,0.87,2.8,0.713,6.5,98.47,7
hotel,HTL-03,Sea Breeze Resort,Standard Room,3800.0,4000.0,5690.0,1.423,60,13,0.217,0.78,1,0,Peak,1.35,Normal Day,1.0,Business,0.32,1.6,0.657,5.5,84.25,9
hotel,HTL-04,Mountain Bliss Lodge,Alpine Chalet,7500.0,8090.0,8340.0,1.031,25,8,0.32,0.693,1,0,Regular,1.0,Normal Day,1.0,Budget,1.51,0.4,0.445,4.5,61.62,4
hotel,HTL-05,Grand Palace Hotel,Executive Suite,9000.0,9510.0,9040.0,0.951,20,7,0.35,0.627,1,0,Regular,1.0,Normal Day,1.0,Business,0.38,6.6,0.486,2.5,57.34,4
hotel,HTL-06,Grand Palace Hotel,Executive Suite,9000.0,8980.0,10270.0,1.144,20,8,0.4,0.594,18,1,Regular,1.0,Weekend,1.15,Business,0.45,1.6,0.537,1.5,66.23,2
hotel,HTL-07,Mountain Bliss Lodge,Alpine Chalet,7500.0,7650.0,7600.0,0.993,25,8,0.32,0.675,1,1,Low,0.8,Weekend,1.15,Leisure,0.86,1.3,0.554,3.5,72.95,1
hotel,HTL-08,City Central Inn,Economy Twin,2400.0,2520.0,1900.0,0.754,100,54,0.54,0.458,1,0,Low,0.8,Normal Day,1.0,Budget,1.43,2.6,0.381,2.5,50.63,3
hotel,HTL-01,Grand Palace Hotel,Executive Suite,9000.0,8470.0,8800.0,1.039,20,9,0.45,0.574,2,0,Regular,1.0,Normal Day,1.0,Luxury,0.24,5.4,0.563,4.5,68.34,5
hotel,HTL-02,City Central Inn,Economy Twin,2400.0,2480.0,3380.0,1.363,100,35,0.35,0.65,2,0,Peak,1.35,Normal Day,1.0,Business,0.43,6.6,0.589,2.5,74.42,3
hotel,HTL-03,Grand Palace Hotel,Executive Suite,9000.0,8270.0,7930.0,0.959,20,13,0.65,0.349,9,0,Regular,1.0,Normal Day,1.0,Luxury,0.16,1.1,0.454,0.5,50.16,0
hotel,HTL-04,Mountain Bliss Lodge,Alpine Chalet,7500.0,7520.0,8400.0,1.117,25,15,0.6,0.41,22,0,Regular,1.0,Holiday,1.3,Budget,1.44,0.9,0.47,9.5,65.04,14
hotel,HTL-05,Sea Breeze Resort,Standard Room,3800.0,3440.0,3240.0,0.942,60,36,0.6,0.406,5,0,Regular,1.0,Normal Day,1.0,Leisure,0.94,3.2,0.46,4.5,58.61,5
hotel,HTL-06,Urban Hub Suites,Studio Room,3200.0,3360.0,4660.0,1.387,80,32,0.4,0.594,9,0,Peak,1.35,Normal Day,1.0,Budget,1.49,4.9,0.571,5.5,81.65,8
hotel,HTL-07,City Central Inn,Economy Twin,2400.0,2140.0,2470.0,1.154,100,67,0.67,0.328,15,0,Regular,1.0,Normal Day,1.0,Budget,1.46,0.3,0.376,2.5,50.19,2
hotel,HTL-08,Urban Hub Suites,Penthouse,12000.0,13830.0,20540.0,1.485,10,2,0.2,0.8,17,1,Regular,1.0,Festival,1.45,Business,0.4,2.5,0.739,4.5,98.11,2
hotel,HTL-01,Grand Palace Hotel,Deluxe,5000.0,4700.0,4380.0,0.932,50,35,0.7,0.295,13,0,Regular,1.0,Normal Day,1.0,Leisure,0.85,0.6,0.338,2.5,38.18,2
hotel,HTL-02,Urban Hub Suites,Studio Room,3200.0,3060.0,3120.0,1.02,80,45,0.562,0.442,13,0,Regular,1.0,Normal Day,1.0,Business,0.4,5.8,0.451,0.5,52.04,1
hotel,HTL-03,Mountain Bliss Lodge,Alpine Chalet,7500.0,7770.0,9510.0,1.224,25,12,0.48,0.516,22,0,Peak,1.35,Normal Day,1.0,Business,0.52,1.5,0.585,4.5,74.57,7
hotel,HTL-04,Sea Breeze Resort,Ocean View,6500.0,6740.0,6140.0,0.911,40,23,0.575,0.421,4,0,Regular,1.0,Normal Day,1.0,Leisure,0.93,0.6,0.455,4.5,57.8,6
hotel,HTL-05,Urban Hub Suites,Studio Room,3200.0,3150.0,4070.0,1.292,80,45,0.562,0.432,4,0,Peak,1.35,Normal Day,1.0,Budget,1.49,0.5,0.433,3.5,59.62,5
hotel,HTL-06,Grand Palace Hotel,Executive Suite,9000.0,7890.0,6330.0,0.802,20,15,0.75,0.24,17,0,Low,0.8,Normal Day,1.0,Budget,1.48,0.6,0.26,2.5,31.74,3
hotel,HTL-07,Sea Breeze Resort,Ocean View,6500.0,6380.0,6450.0,1.011,40,21,0.525,0.465,3,0,Regular,1.0,Normal Day,1.0,Leisure,0.92,0.5,0.468,2.5,59.77,4
hotel,HTL-08,Urban Hub Suites,Penthouse,12000.0,11460.0,11480.0,1.002,10,5,0.5,0.463,16,0,Low,0.8,Holiday,1.3,Leisure,0.89,0.4,0.476,6.5,60.64,5
hotel,HTL-01,Grand Palace Hotel,Executive Suite,9000.0,8720.0,11660.0,1.337,20,11,0.55,0.444,2,0,Peak,1.35,Normal Day,1.0,Budget,1.51,2.7,0.446,2.5,61.78,4
hotel,HTL-02,City Central Inn,Economy Twin,2400.0,2620.0,4210.0,1.607,100,34,0.34,0.657,14,0,Holiday,1.6,Normal Day,1.0,Business,0.41,2.3,0.704,4.5,92.65,10
hotel,HTL-03,City Central Inn,Economy Twin,2400.0,2150.0,2490.0,1.158,100,67,0.67,0.333,32,0,Low,0.8,Festival,1.45,Leisure,0.93,1.7,0.431,6.5,53.88,9
hotel,HTL-04,Sea Breeze Resort,Standard Room,3800.0,3320.0,6110.0,1.84,60,49,0.817,0.183,60,0,Peak,1.35,Holiday,1.3,Budget,1.56,0.7,0.472,4.5,66.56,5
hotel,HTL-05,Grand Palace Hotel,Deluxe,5000.0,4950.0,9990.0,2.018,50,24,0.48,0.521,19,0,Peak,1.35,Holiday,1.3,Leisure,0.89,1.4,0.659,1.5,89.96,4
hotel,HTL-06,City Central Inn,Economy Twin,2400.0,2020.0,1560.0,0.772,100,90,0.9,0.1,60,0,Low,0.8,Normal Day,1.0,Leisure,1.0,2.5,0.299,5.5,33.41,8
hotel,HTL-07,Mountain Bliss Lodge,Alpine Chalet,7500.0,8120.0,10440.0,1.286,25,7,0.28,0.722,3,1,Regular,1.0,Concert,1.35,Leisure,0.9,0.2,0.62,3.5,83.8,7
hotel,HTL-08,Urban Hub Suites,Studio Room,3200.0,3190.0,2390.0,0.749,80,52,0.65,0.353,13,0,Low,0.8,Normal Day,1.0,Budget,1.5,1.1,0.325,2.5,42.45,2
hotel,HTL-01,Grand Palace Hotel,Executive Suite,9000.0,7820.0,7770.0,0.994,20,16,0.8,0.183,25,0,Regular,1.0,Normal Day,1.0,Business,0.33,5.9,0.387,3.5,41.15,3
hotel,HTL-02,Mountain Bliss Lodge,Alpine Chalet,7500.0,7930.0,12680.0,1.599,25,8,0.32,0.668,1,1,Peak,1.35,Weekend,1.15,Luxury,0.15,2.6,0.761,6.5,99.28,8
hotel,HTL-03,Mountain Bliss Lodge,Alpine Chalet,7500.0,7680.0,12710.0,1.655,25,10,0.4,0.596,3,0,Holiday,1.6,Normal Day,1.0,Leisure,0.96,3.0,0.632,3.5,86.32,7
hotel,HTL-04,Sea Breeze Resort,Standard Room,3800.0,4210.0,3850.0,0.914,60,10,0.167,0.837,3,1,Low,0.8,Weekend,1.15,Business,0.43,1.3,0.51,2.5,61.76,6
hotel,HTL-05,Urban Hub Suites,Penthouse,12000.0,12720.0,17220.0,1.354,10,3,0.3,0.659,3,1,Regular,1.0,Concert,1.35,Leisure,0.89,0.3,0.617,5.5,83.32,3
hotel,HTL-06,Mountain Bliss Lodge,Alpine Chalet,7500.0,8270.0,6190.0,0.748,25,6,0.24,0.76,11,0,Low,0.8,Normal Day,1.0,Business,0.47,4.9,0.465,1.5,54.95,1
hotel,HTL-07,Grand Palace Hotel,Deluxe,5000.0,5530.0,9630.0,1.741,50,8,0.16,0.842,1,1,Holiday,1.6,Weekend,1.15,Budget,1.48,3.3,0.607,2.5,87.28,2
hotel,HTL-08,Sea Breeze Resort,Ocean View,6500.0,6350.0,7240.0,1.14,40,18,0.45,0.56,9,0,Regular,1.0,Normal Day,1.0,Business,0.43,14.7,0.6,1.5,76.08,3
hotel,HTL-01,Grand Palace Hotel,Executive Suite,9000.0,9580.0,9590.0,1.001,20,7,0.35,0.636,1,0,Regular,1.0,Normal Day,1.0,Luxury,0.24,2.8,0.555,2.5,67.18,5
hotel,HTL-02,Sea Breeze Resort,Ocean View,6500.0,6630.0,6800.0,1.026,40,17,0.425,0.575,7,1,Low,0.8,Concert,1.35,Budget,1.53,3.9,0.405,3.5,55.44,7
hotel,HTL-03,Urban Hub Suites,Studio Room,3200.0,3390.0,4360.0,1.286,80,28,0.35,0.644,5,0,Peak,1.35,Normal Day,1.0,Leisure,0.89,2.1,0.56,7.5,74.07,11
hotel,HTL-04,Grand Palace Hotel,Executive Suite,9000.0,9750.0,11440.0,1.173,20,7,0.35,0.63,15,1,Low,0.8,Major Event,1.55,Business,0.39,5.1,0.625,2.5,79.8,6
hotel,HTL-05,Sea Breeze Resort,Ocean View,6500.0,6970.0,7670.0,1.1,40,12,0.3,0.711,1,1,Regular,1.0,Weekend,1.15,Business,0.37,4.3,0.536,2.5,65.26,3
hotel,HTL-06,Urban Hub Suites,Penthouse,12000.0,12190.0,15500.0,1.272,10,5,0.5,0.473,8,0,Peak,1.35,Normal Day,1.0,Luxury,0.26,2.2,0.552,3.5,66.88,5
hotel,HTL-07,Urban Hub Suites,Studio Room,3200.0,3540.0,3430.0,0.969,80,28,0.35,0.652,19,0,Regular,1.0,Normal Day,1.0,Business,0.48,1.6,0.468,2.5,55.47,2
hotel,HTL-08,Sea Breeze Resort,Ocean View,6500.0,6890.0,6000.0,0.871,40,15,0.375,0.634,6,1,Low,0.8,Weekend,1.15,Leisure,0.9,0.5,0.506,5.5,65.59,6
hotel,HTL-01,Grand Palace Hotel,Deluxe,5000.0,4960.0,5210.0,1.05,50,20,0.4,0.601,8,0,Regular,1.0,Normal Day,1.0,Budget,1.43,2.8,0.409,2.5,55.12,4
hotel,HTL-02,Mountain Bliss Lodge,Alpine Chalet,7500.0,7690.0,11350.0,1.476,25,13,0.52,0.486,5,0,Holiday,1.6,Normal Day,1.0,Budget,1.56,1.2,0.502,2.5,71.26,3
hotel,HTL-03,City Central Inn,Economy Twin,2400.0,2760.0,3670.0,1.33,100,16,0.16,0.843,35,1,Regular,1.0,Concert,1.35,Leisure,0.9,3.1,0.637,4.5,86.6,8
hotel,HTL-04,Sea Breeze Resort,Ocean View,6500.0,6750.0,11060.0,1.639,40,19,0.475,0.535,1,0,Holiday,1.6,Normal Day,1.0,Budget,1.38,1.3,0.561,1.5,79.0,3
hotel,HTL-05,Grand Palace Hotel,Executive Suite,9000.0,9040.0,11010.0,1.218,20,11,0.55,0.461,4,0,Peak,1.35,Normal Day,1.0,Budget,1.41,1.5,0.478,6.5,65.94,9
hotel,HTL-06,Grand Palace Hotel,Executive Suite,9000.0,8890.0,6640.0,0.747,20,10,0.5,0.493,7,0,Low,0.8,Normal Day,1.0,Business,0.39,3.3,0.441,4.5,50.36,5
hotel,HTL-07,Sea Breeze Resort,Ocean View,6500.0,7320.0,10130.0,1.384,40,5,0.125,0.868,4,1,Regular,1.0,Concert,1.35,Budget,1.52,1.1,0.582,4.5,83.64,5
hotel,HTL-08,Grand Palace Hotel,Executive Suite,9000.0,9680.0,10340.0,1.068,20,6,0.3,0.705,22,0,Regular,1.0,Normal Day,1.0,Budget,1.58,2.0,0.405,2.5,55.94,0
hotel,HTL-01,Grand Palace Hotel,Deluxe,5000.0,5200.0,4310.0,0.829,50,12,0.24,0.75,2,0,Low,0.8,Normal Day,1.0,Leisure,0.85,0.7,0.398,0.5,47.91,0
hotel,HTL-02,City Central Inn,Economy Twin,2400.0,2370.0,2450.0,1.034,100,50,0.5,0.496,6,0,Regular,1.0,Normal Day,1.0,Budget,1.55,2.4,0.367,1.5,49.63,2
hotel,HTL-03,Urban Hub Suites,Penthouse,12000.0,12950.0,19320.0,1.492,10,3,0.3,0.697,7,0,Regular,1.0,Festival,1.45,Budget,1.54,6.1,0.581,4.5,83.7,3
hotel,HTL-04,Urban Hub Suites,Studio Room,3200.0,3150.0,5360.0,1.702,80,31,0.388,0.612,38,0,Holiday,1.6,Normal Day,1.0,Leisure,0.87,1.4,0.592,5.5,79.12,11
hotel,HTL-05,Mountain Bliss Lodge,Alpine Chalet,7500.0,7700.0,7800.0,1.013,25,12,0.48,0.52,1,0,Regular,1.0,Normal Day,1.0,Budget,1.44,0.6,0.441,3.5,60.43,4
hotel,HTL-06,City Central Inn,Economy Twin,2400.0,2460.0,2320.0,0.943,100,56,0.56,0.442,1,0,Regular,1.0,Normal Day,1.0,Budget,1.49,0.8,0.304,1.5,38.92,1
hotel,HTL-07,City Central Inn,Economy Twin,2400.0,2360.0,3460.0,1.466,100,43,0.43,0.565,1,0,Peak,1.35,Normal Day,1.0,Leisure,0.84,2.0,0.513,4.5,66.15,6
hotel,HTL-08,Urban Hub Suites,Penthouse,12000.0,11020.0,11230.0,1.019,10,6,0.6,0.362,29,0,Regular,1.0,Normal Day,1.0,Budget,1.45,5.0,0.378,1.5,50.46,1
hotel,HTL-01,Urban Hub Suites,Studio Room,3200.0,3190.0,2330.0,0.73,80,51,0.637,0.368,12,0,Low,0.8,Normal Day,1.0,Leisure,0.82,1.3,0.332,0.5,36.99,0
hotel,HTL-02,Mountain Bliss Lodge,Alpine Chalet,7500.0,7450.0,9260.0,1.243,25,14,0.56,0.42,1,0,Peak,1.35,Normal Day,1.0,Leisure,0.86,0.6,0.509,1.5,65.73,1
hotel,HTL-03,Sea Breeze Resort,Ocean View,6500.0,7120.0,10830.0,1.521,40,10,0.25,0.753,4,1,Peak,1.35,Weekend,1.15,Leisure,0.92,0.6,0.62,3.5,83.99,3
hotel,HTL-04,Sea Breeze Resort,Ocean View,6500.0,6850.0,7990.0,1.166,40,17,0.425,0.575,16,1,Regular,1.0,Weekend,1.15,Luxury,0.24,3.2,0.583,2.5,71.57,5
hotel,HTL-05,Urban Hub Suites,Penthouse,12000.0,12590.0,15590.0,1.238,10,4,0.4,0.624,9,0,Peak,1.35,Normal Day,1.0,Business,0.4,8.2,0.7,8.5,91.84,4
hotel,HTL-06,Urban Hub Suites,Studio Room,3200.0,3190.0,3290.0,1.031,80,45,0.562,0.44,5,0,Regular,1.0,Normal Day,1.0,Luxury,0.14,1.2,0.499,1.5,57.17,2
hotel,HTL-07,Urban Hub Suites,Penthouse,12000.0,12320.0,13440.0,1.091,10,3,0.3,0.722,7,1,Low,0.8,Weekend,1.15,Budget,1.51,1.2,0.403,0.5,54.99,1
hotel,HTL-08,Grand Palace Hotel,Executive Suite,9000.0,9970.0,18670.0,1.873,20,7,0.35,0.637,23,0,Peak,1.35,Festival,1.45,Business,0.39,3.1,0.752,8.5,100.0,7
hotel,HTL-01,Urban Hub Suites,Studio Room,3200.0,3280.0,3610.0,1.101,80,42,0.525,0.479,21,0,Regular,1.0,Holiday,1.3,Leisure,0.91,0.2,0.446,4.5,56.11,7
hotel,HTL-02,City Central Inn,Economy Twin,2400.0,2640.0,2460.0,0.932,100,40,0.4,0.596,7,0,Regular,1.0,Normal Day,1.0,Leisure,0.84,1.4,0.446,0.5,55.39,0
hotel,HTL-03,Grand Palace Hotel,Executive Suite,9000.0,9400.0,8750.0,0.931,20,9,0.45,0.533,16,0,Regular,1.0,Normal Day,1.0,Business,0.4,3.5,0.46,2.5,53.49,4
hotel,HTL-04,Mountain Bliss Lodge,Alpine Chalet,7500.0,8150.0,12800.0,1.571,25,8,0.32,0.666,7,1,Regular,1.0,Major Event,1.55,Budget,1.49,1.6,0.61,5.5,87.83,8
hotel,HTL-05,Urban Hub Suites,Studio Room,3200.0,3610.0,3040.0,0.842,80,17,0.212,0.782,1,1,Low,0.8,Weekend,1.15,Business,0.5,1.7,0.553,1.5,69.21,3
hotel,HTL-06,Urban Hub Suites,Penthouse,12000.0,10630.0,10640.0,1.001,10,8,0.8,0.229,4,0,Regular,1.0,Normal Day,1.0,Business,0.36,4.4,0.403,1.5,43.94,4
hotel,HTL-07,Grand Palace Hotel,Deluxe,5000.0,4650.0,4120.0,0.886,50,29,0.58,0.413,13,0,Low,0.8,Normal Day,1.0,Leisure,0.85,0.1,0.379,4.5,44.86,8
hotel,HTL-08,Grand Palace Hotel,Deluxe,5000.0,5080.0,6690.0,1.317,50,14,0.28,0.726,1,1,Low,0.8,Major Event,1.55,Business,0.32,1.6,0.689,6.5,89.35,13
hotel,HTL-01,Sea Breeze Resort,Standard Room,3800.0,3840.0,3270.0,0.852,60,21,0.35,0.652,12,0,Low,0.8,Normal Day,1.0,Leisure,0.88,1.3,0.416,4.5,51.05,5
hotel,HTL-02,Grand Palace Hotel,Executive Suite,9000.0,9550.0,13390.0,1.402,20,8,0.4,0.607,6,0,Peak,1.35,Normal Day,1.0,Luxury,0.23,4.8,0.593,4.5,73.12,8
hotel,HTL-03,Grand Palace Hotel,Deluxe,5000.0,5210.0,5400.0,1.036,50,17,0.34,0.666,7,0,Regular,1.0,Normal Day,1.0,Leisure,0.87,0.7,0.501,4.5,64.5,9
hotel,HTL-04,Mountain Bliss Lodge,Alpine Chalet,7500.0,7880.0,5710.0,0.725,25,13,0.52,0.475,4,0,Low,0.8,Normal Day,1.0,Business,0.38,6.3,0.447,3.5,51.2,4
hotel,HTL-05,Sea Breeze Resort,Ocean View,6500.0,6930.0,8830.0,1.274,40,18,0.45,0.555,11,0,Regular,1.0,Holiday,1.3,Leisure,0.89,1.5,0.513,6.5,66.6,9
hotel,HTL-06,Grand Palace Hotel,Deluxe,5000.0,4910.0,7380.0,1.503,50,19,0.38,0.615,38,1,Regular,1.0,Festival,1.45,Leisure,0.86,0.9,0.597,6.5,79.74,11
hotel,HTL-07,Grand Palace Hotel,Executive Suite,9000.0,8910.0,11270.0,1.265,20,9,0.45,0.549,11,0,Peak,1.35,Normal Day,1.0,Budget,1.57,0.1,0.381,2.5,51.96,1
hotel,HTL-08,Sea Breeze Resort,Standard Room,3800.0,4060.0,5140.0,1.266,60,25,0.417,0.583,2,0,Peak,1.35,Normal Day,1.0,Business,0.35,5.6,0.63,4.5,80.19,8
hotel,HTL-01,City Central Inn,Economy Twin,2400.0,2510.0,2460.0,0.98,100,38,0.38,0.62,6,0,Regular,1.0,Normal Day,1.0,Leisure,0.9,0.8,0.449,1.5,56.41,1
hotel,HTL-02,Urban Hub Suites,Penthouse,12000.0,13120.0,13900.0,1.059,10,4,0.4,0.586,15,1,Regular,1.0,Weekend,1.15,Business,0.38,9.7,0.538,0.5,65.8,0
hotel,HTL-03,City Central Inn,Economy Twin,2400.0,2590.0,2660.0,1.027,100,39,0.39,0.611,7,0,Low,0.8,Holiday,1.3,Business,0.4,2.3,0.532,4.5,64.94,7
hotel,HTL-04,Grand Palace Hotel,Executive Suite,9000.0,9800.0,21820.0,2.227,20,1,0.05,0.943,7,1,Peak,1.35,Festival,1.45,Budget,1.5,0.9,0.685,6.5,100.0,1
hotel,HTL-05,Grand Palace Hotel,Executive Suite,9000.0,8880.0,7430.0,0.837,20,12,0.6,0.422,26,0,Low,0.8,Normal Day,1.0,Leisure,0.88,1.5,0.268,1.5,27.28,0
hotel,HTL-06,Sea Breeze Resort,Ocean View,6500.0,6060.0,6520.0,1.076,40,23,0.575,0.414,59,0,Regular,1.0,Normal Day,1.0,Luxury,0.22,0.6,0.43,1.5,46.93,1
hotel,HTL-07,Mountain Bliss Lodge,Alpine Chalet,7500.0,7560.0,11140.0,1.474,25,9,0.36,0.641,5,0,Regular,1.0,Festival,1.45,Business,0.46,2.3,0.61,1.5,78.0,1
hotel,HTL-08,Mountain Bliss Lodge,Alpine Chalet,7500.0,8040.0,13940.0,1.734,25,8,0.32,0.695,7,0,Holiday,1.6,Normal Day,1.0,Budget,1.6,1.2,0.611,6.5,89.04,8
hotel,HTL-01,Grand Palace Hotel,Deluxe,5000.0,5540.0,10320.0,1.863,50,14,0.28,0.715,19,0,Peak,1.35,Festival,1.45,Luxury,0.26,6.6,0.759,5.5,100.0,9
hotel,HTL-02,Grand Palace Hotel,Deluxe,5000.0,5570.0,15020.0,2.697,50,3,0.06,0.944,8,1,Holiday,1.6,Festival,1.45,Business,0.4,3.5,0.751,7.5,100.0,3
hotel,HTL-03,Sea Breeze Resort,Ocean View,6500.0,6910.0,10630.0,1.538,40,19,0.475,0.531,9,0,Holiday,1.6,Normal Day,1.0,Business,0.37,0.6,0.637,4.5,81.41,10
hotel,HTL-04,Urban Hub Suites,Studio Room,3200.0,3150.0,4850.0,1.54,80,37,0.463,0.538,18,0,Holiday,1.6,Normal Day,1.0,Leisure,0.92,2.0,0.499,2.5,64.59,2
hotel,HTL-05,Urban Hub Suites,Penthouse,12000.0,12490.0,15280.0,1.223,10,3,0.3,0.657,11,1,Regular,1.0,Weekend,1.15,Budget,1.53,0.4,0.534,5.5,76.14,3
hotel,HTL-06,Sea Breeze Resort,Standard Room,3800.0,3850.0,6550.0,1.701,60,28,0.467,0.534,21,0,Peak,1.35,Holiday,1.3,Budget,1.49,0.7,0.589,6.5,84.59,10
hotel,HTL-07,Sea Breeze Resort,Ocean View,6500.0,7560.0,11980.0,1.585,40,1,0.025,0.976,20,1,Peak,1.35,Weekend,1.15,Business,0.35,2.4,0.708,3.5,92.68,1
hotel,HTL-08,Sea Breeze Resort,Ocean View,6500.0,7260.0,8490.0,1.169,40,4,0.1,0.89,5,1,Regular,1.0,Weekend,1.15,Business,0.4,5.4,0.673,1.5,87.56,3
hotel,HTL-01,Sea Breeze Resort,Ocean View,6500.0,7010.0,6370.0,0.909,40,17,0.425,0.573,17,0,Low,0.8,Holiday,1.3,Business,0.39,5.3,0.462,2.5,53.69,4
hotel,HTL-02,Sea Breeze Resort,Standard Room,3800.0,4080.0,4830.0,1.184,60,16,0.267,0.739,13,1,Regular,1.0,Weekend,1.15,Budget,1.56,0.3,0.47,7.5,66.13,14
hotel,HTL-03,Urban Hub Suites,Penthouse,12000.0,12860.0,14530.0,1.13,10,2,0.2,0.815,12,1,Low,0.8,Holiday,1.3,Leisure,0.83,0.3,0.541,1.5,70.55,2
hotel,HTL-04,Sea Breeze Resort,Standard Room,3800.0,4130.0,4930.0,1.194,60,15,0.25,0.757,1,1,Low,0.8,Major Event,1.55,Business,0.49,3.0,0.626,6.5,80.84,9
hotel,HTL-05,City Central Inn,Economy Twin,2400.0,2560.0,1880.0,0.734,100,53,0.53,0.471,10,0,Low,0.8,Normal Day,1.0,Business,0.44,2.9,0.396,0.5,43.6,0
hotel,HTL-06,Grand Palace Hotel,Executive Suite,9000.0,8230.0,8050.0,0.978,20,14,0.7,0.318,1,0,Regular,1.0,Normal Day,1.0,Budget,1.44,0.1,0.279,0.5,34.44,0
hotel,HTL-07,Sea Breeze Resort,Standard Room,3800.0,3710.0,3820.0,1.03,60,35,0.583,0.415,13,0,Regular,1.0,Normal Day,1.0,Budget,1.53,3.9,0.363,1.5,48.83,0
hotel,HTL-08,Urban Hub Suites,Studio Room,3200.0,2750.0,3030.0,1.102,80,59,0.738,0.269,17,0,Regular,1.0,Normal Day,1.0,Luxury,0.21,0.2,0.475,4.5,54.02,5
hotel,HTL-01,Grand Palace Hotel,Executive Suite,9000.0,8270.0,6880.0,0.832,20,12,0.6,0.39,2,0,Low,0.8,Normal Day,1.0,Business,0.38,3.4,0.459,3.5,53.1,7
hotel,HTL-02,Sea Breeze Resort,Standard Room,3800.0,3970.0,6030.0,1.519,60,24,0.4,0.595,8,0,Peak,1.35,Normal Day,1.0,Leisure,0.87,0.7,0.554,3.5,73.04,6
hotel,HTL-03,Mountain Bliss Lodge,Alpine Chalet,7500.0,7750.0,7640.0,0.986,25,12,0.48,0.519,27,0,Regular,1.0,Normal Day,1.0,Budget,1.52,0.2,0.349,2.5,46.46,2
hotel,HTL-04,Grand Palace Hotel,Deluxe,5000.0,4960.0,6520.0,1.315,50,24,0.48,0.517,1,0,Peak,1.35,Normal Day,1.0,Business,0.36,3.1,0.602,2.5,75.85,4
hotel,HTL-05,Grand Palace Hotel,Deluxe,5000.0,5250.0,5650.0,1.076,50,25,0.5,0.495,5,0,Regular,1.0,Normal Day,1.0,Luxury,0.15,3.0,0.471,0.5,52.75,0
hotel,HTL-06,Sea Breeze Resort,Standard Room,3800.0,3780.0,3920.0,1.037,60,21,0.35,0.646,3,0,Regular,1.0,Normal Day,1.0,Budget,1.51,0.4,0.316,0.5,41.13,0
hotel,HTL-07,Sea Breeze Resort,Ocean View,6500.0,6980.0,5800.0,0.831,40,12,0.3,0.698,10,1,Low,0.8,Weekend,1.15,Luxury,0.21,2.3,0.562,4.5,67.98,9
hotel,HTL-08,City Central Inn,Economy Twin,2400.0,2190.0,2400.0,1.096,100,61,0.61,0.389,7,0,Regular,1.0,Normal Day,1.0,Budget,1.53,2.0,0.38,2.5,51.52,2
hotel,HTL-01,Urban Hub Suites,Penthouse,12000.0,11790.0,12270.0,1.041,10,6,0.6,0.422,9,0,Regular,1.0,Normal Day,1.0,Leisure,0.91,0.3,0.363,1.5,42.85,2
hotel,HTL-02,City Central Inn,Economy Twin,2400.0,2720.0,2650.0,0.974,100,21,0.21,0.789,3,0,Regular,1.0,Normal Day,1.0,Leisure,1.01,3.0,0.487,2.5,63.59,2
hotel,HTL-03,Sea Breeze Resort,Ocean View,6500.0,6290.0,8300.0,1.32,40,21,0.525,0.473,16,0,Regular,1.0,Holiday,1.3,Luxury,0.28,2.9,0.619,5.5,77.81,12
hotel,HTL-04,Urban Hub Suites,Penthouse,12000.0,13510.0,15390.0,1.139,10,3,0.3,0.686,8,1,Regular,1.0,Weekend,1.15,Business,0.38,3.8,0.586,3.5,73.43,3
hotel,HTL-05,City Central Inn,Economy Twin,2400.0,2430.0,2280.0,0.938,100,43,0.43,0.573,1,0,Regular,1.0,Normal Day,1.0,Business,0.37,3.4,0.46,0.5,53.12,1
hotel,HTL-06,Sea Breeze Resort,Ocean View,6500.0,6750.0,6320.0,0.936,40,12,0.3,0.689,5,1,Low,0.8,Weekend,1.15,Leisure,0.9,1.0,0.536,3.5,70.39,3
hotel,HTL-07,City Central Inn,Economy Twin,2400.0,2510.0,2840.0,1.131,100,40,0.4,0.596,4,0,Low,0.8,Holiday,1.3,Luxury,0.24,11.1,0.607,3.5,75.4,6
hotel,HTL-08,Sea Breeze Resort,Standard Room,3800.0,3550.0,4710.0,1.327,60,32,0.533,0.464,25,1,Regular,1.0,Weekend,1.15,Business,0.35,5.7,0.659,7.5,84.86,18
hotel,HTL-01,Mountain Bliss Lodge,Alpine Chalet,7500.0,7270.0,17340.0,2.385,25,12,0.48,0.509,40,0,Holiday,1.6,Holiday,1.3,Leisure,0.92,2.6,0.72,3.5,100.0,7
hotel,HTL-02,Grand Palace Hotel,Executive Suite,9000.0,8670.0,6320.0,0.729,20,13,0.65,0.362,1,0,Low,0.8,Normal Day,1.0,Business,0.34,1.1,0.37,2.5,38.47,4
hotel,HTL-03,Grand Palace Hotel,Deluxe,5000.0,5980.0,6390.0,1.069,50,5,0.1,0.907,2,1,Regular,1.0,Weekend,1.15,Luxury,0.13,5.6,0.712,3.5,91.12,5
hotel,HTL-04,Urban Hub Suites,Studio Room,3200.0,3330.0,4360.0,1.309,80,21,0.263,0.741,23,0,Peak,1.35,Normal Day,1.0,Leisure,0.9,1.3,0.6,6.5,80.6,8
hotel,HTL-05,Grand Palace Hotel,Executive Suite,9000.0,7950.0,7740.0,0.974,20,14,0.7,0.295,24,0,Regular,1.0,Normal Day,1.0,Budget,1.59,1.4,0.307,2.5,40.4,2
hotel,HTL-06,Urban Hub Suites,Studio Room,3200.0,3560.0,6060.0,1.702,80,2,0.025,0.97,6,1,Peak,1.35,Weekend,1.15,Budget,1.52,4.4,0.684,8.5,100.0,2
hotel,HTL-07,Urban Hub Suites,Studio Room,3200.0,3430.0,5500.0,1.603,80,24,0.3,0.703,2,0,Holiday,1.6,Normal Day,1.0,Leisure,0.94,1.2,0.628,2.5,85.55,6
hotel,HTL-08,Grand Palace Hotel,Deluxe,5000.0,4860.0,6540.0,1.346,50,30,0.6,0.409,17,0,Regular,1.0,Holiday,1.3,Business,0.48,5.3,0.587,5.5,74.53,10
hotel,HTL-01,Urban Hub Suites,Studio Room,3200.0,3170.0,2540.0,0.801,80,44,0.55,0.455,18,0,Low,0.8,Normal Day,1.0,Budget,1.62,1.9,0.327,5.5,43.89,5
hotel,HTL-02,Grand Palace Hotel,Deluxe,5000.0,5360.0,6060.0,1.131,50,13,0.26,0.743,2,0,Regular,1.0,Normal Day,1.0,Budget,1.56,3.5,0.448,1.5,62.72,0
hotel,HTL-03,Sea Breeze Resort,Standard Room,3800.0,4000.0,5040.0,1.26,60,27,0.45,0.548,8,0,Regular,1.0,Holiday,1.3,Leisure,0.85,1.0,0.561,4.5,73.98,11
hotel,HTL-04,Sea Breeze Resort,Standard Room,3800.0,3930.0,4660.0,1.186,60,24,0.4,0.608,2,1,Regular,1.0,Weekend,1.15,Budget,1.47,1.9,0.517,5.5,72.82,10
hotel,HTL-05,Sea Breeze Resort,Ocean View,6500.0,6690.0,10510.0,1.571,40,18,0.45,0.542,7,0,Peak,1.35,Holiday,1.3,Luxury,0.21,4.5,0.641,3.5,80.59,8
hotel,HTL-06,Grand Palace Hotel,Executive Suite,9000.0,9430.0,8540.0,0.906,20,8,0.4,0.589,35,0,Regular,1.0,Normal Day,1.0,Business,0.44,2.0,0.422,1.5,47.75,3
hotel,HTL-07,Urban Hub Suites,Penthouse,12000.0,13350.0,23020.0,1.724,10,1,0.1,0.882,6,1,Peak,1.35,Weekend,1.15,Luxury,0.26,0.5,0.759,3.5,100.0,1
hotel,HTL-08,Urban Hub Suites,Studio Room,3200.0,3340.0,3210.0,0.961,80,29,0.362,0.636,2,0,Regular,1.0,Normal Day,1.0,Budget,1.49,0.5,0.329,1.5,42.95,1
hotel,HTL-01,Mountain Bliss Lodge,Alpine Chalet,7500.0,7710.0,6350.0,0.824,25,11,0.44,0.549,22,1,Low,0.8,Weekend,1.15,Leisure,0.86,1.3,0.481,5.5,61.15,7
hotel,HTL-02,Grand Palace Hotel,Executive Suite,9000.0,8360.0,11690.0,1.398,20,13,0.65,0.367,29,0,Regular,1.0,Holiday,1.3,Leisure,0.86,0.1,0.489,4.5,62.47,3
hotel,HTL-03,Urban Hub Suites,Penthouse,12000.0,12430.0,15410.0,1.24,10,5,0.5,0.517,7,0,Peak,1.35,Normal Day,1.0,Budget,1.44,2.6,0.507,6.5,70.97,5
hotel,HTL-04,Grand Palace Hotel,Deluxe,5000.0,4660.0,4870.0,1.045,50,33,0.66,0.347,7,0,Regular,1.0,Normal Day,1.0,Budget,1.56,2.6,0.433,8.5,60.21,8
hotel,HTL-05,Urban Hub Suites,Penthouse,12000.0,11940.0,11180.0,0.936,10,7,0.7,0.348,52,0,Regular,1.0,Normal Day,1.0,Leisure,0.92,3.3,0.331,0.5,37.72,0
hotel,HTL-06,Urban Hub Suites,Studio Room,3200.0,3110.0,3560.0,1.145,80,43,0.537,0.463,25,0,Regular,1.0,Normal Day,1.0,Luxury,0.19,2.5,0.463,4.5,51.91,6
hotel,HTL-07,City Central Inn,Economy Twin,2400.0,2330.0,1620.0,0.695,100,55,0.55,0.449,25,0,Low,0.8,Normal Day,1.0,Leisure,0.93,1.0,0.287,0.5,30.87,0
hotel,HTL-08,Mountain Bliss Lodge,Alpine Chalet,7500.0,7440.0,6860.0,0.922,25,11,0.44,0.57,6,1,Low,0.8,Weekend,1.15,Business,0.33,5.1,0.51,5.5,60.84,5
hotel,HTL-01,Urban Hub Suites,Penthouse,12000.0,12910.0,25170.0,1.95,10,2,0.2,0.774,2,0,Peak,1.35,Holiday,1.3,Leisure,0.92,2.5,0.69,1.5,95.31,1
hotel,HTL-02,Urban Hub Suites,Studio Room,3200.0,3250.0,2520.0,0.775,80,36,0.45,0.546,15,0,Low,0.8,Normal Day,1.0,Leisure,0.85,1.7,0.401,2.5,48.3,5
hotel,HTL-03,Sea Breeze Resort,Ocean View,6500.0,6770.0,8310.0,1.227,40,15,0.375,0.616,37,1,Low,0.8,Major Event,1.55,Budget,1.47,3.8,0.51,7.5,71.67,11
hotel,HTL-04,Sea Breeze Resort,Ocean View,6500.0,6780.0,7610.0,1.122,40,10,0.25,0.756,11,1,Regular,1.0,Weekend,1.15,Business,0.43,4.9,0.653,7.5,84.63,10
hotel,HTL-05,Urban Hub Suites,Studio Room,3200.0,3380.0,3500.0,1.036,80,23,0.287,0.718,8,1,Regular,1.0,Weekend,1.15,Leisure,0.87,0.8,0.48,2.5,61.17,2
hotel,HTL-06,Mountain Bliss Lodge,Alpine Chalet,7500.0,7180.0,5060.0,0.705,25,16,0.64,0.341,19,0,Low,0.8,Normal Day,1.0,Business,0.28,2.3,0.369,1.5,37.77,3
hotel,HTL-07,Urban Hub Suites,Studio Room,3200.0,3340.0,5280.0,1.581,80,36,0.45,0.548,19,1,Regular,1.0,Major Event,1.55,Business,0.43,2.6,0.614,1.5,78.3,4
hotel,HTL-08,Grand Palace Hotel,Executive Suite,9000.0,9580.0,11680.0,1.219,20,10,0.5,0.499,4,0,Peak,1.35,Normal Day,1.0,Business,0.36,2.4,0.577,2.5,71.75,2
hotel,HTL-01,Mountain Bliss Lodge,Alpine Chalet,7500.0,7920.0,9640.0,1.217,25,12,0.48,0.53,8,0,Low,0.8,Festival,1.45,Budget,1.54,0.9,0.443,3.5,61.6,6
hotel,HTL-02,City Central Inn,Economy Twin,2400.0,2210.0,3100.0,1.403,100,62,0.62,0.377,4,0,Peak,1.35,Normal Day,1.0,Budget,1.48,0.4,0.481,5.5,67.16,10
hotel,HTL-03,Grand Palace Hotel,Deluxe,5000.0,4660.0,4830.0,1.036,50,31,0.62,0.38,19,0,Regular,1.0,Normal Day,1.0,Leisure,0.91,1.6,0.363,1.5,42.87,2
hotel,HTL-04,Urban Hub Suites,Studio Room,3200.0,3170.0,6060.0,1.912,80,15,0.188,0.816,2,0,Peak,1.35,Holiday,1.3,Business,0.4,6.5,0.744,1.5,98.91,4
hotel,HTL-05,Grand Palace Hotel,Deluxe,5000.0,4760.0,5690.0,1.195,50,28,0.56,0.43,13,0,Low,0.8,Festival,1.45,Budget,1.56,2.1,0.396,3.5,54.3,3
hotel,HTL-06,Sea Breeze Resort,Ocean View,6500.0,6560.0,7130.0,1.087,40,19,0.475,0.516,9,0,Low,0.8,Festival,1.45,Business,0.4,2.2,0.596,5.5,75.14,12
hotel,HTL-07,Grand Palace Hotel,Executive Suite,9000.0,8240.0,10860.0,1.318,20,13,0.65,0.329,36,0,Peak,1.35,Normal Day,1.0,Business,0.38,6.7,0.532,4.5,64.83,8
hotel,HTL-08,Sea Breeze Resort,Ocean View,6500.0,5710.0,5350.0,0.937,40,30,0.75,0.244,11,0,Low,0.8,Normal Day,1.0,Leisure,0.84,2.9,0.374,0.5,43.95,1
hotel,HTL-01,Grand Palace Hotel,Deluxe,5000.0,4910.0,9500.0,1.935,50,13,0.26,0.736,1,0,Peak,1.35,Festival,1.45,Business,0.4,3.3,0.751,7.5,100.0,13
hotel,HTL-02,Grand Palace Hotel,Deluxe,5000.0,5250.0,6390.0,1.217,50,20,0.4,0.593,6,0,Peak,1.35,Normal Day,1.0,Budget,1.43,0.3,0.489,6.5,68.0,11
hotel,HTL-03,Grand Palace Hotel,Deluxe,5000.0,5830.0,8180.0,1.403,50,7,0.14,0.869,7,1,Peak,1.35,Weekend,1.15,Budget,1.52,2.7,0.514,1.5,72.86,3
hotel,HTL-04,Urban Hub Suites,Studio Room,3200.0,3230.0,3130.0,0.969,80,38,0.475,0.527,26,0,Regular,1.0,Normal Day,1.0,Leisure,0.86,2.5,0.397,3.5,47.82,2
hotel,HTL-05,Urban Hub Suites,Studio Room,3200.0,3090.0,3270.0,1.058,80,47,0.588,0.413,4,0,Regular,1.0,Normal Day,1.0,Leisure,0.92,0.7,0.399,0.5,48.73,0
hotel,HTL-06,City Central Inn,Economy Twin,2400.0,2440.0,2980.0,1.221,100,61,0.61,0.392,20,0,Peak,1.35,Normal Day,1.0,Leisure,0.85,2.2,0.48,2.5,61.0,3
hotel,HTL-07,Sea Breeze Resort,Standard Room,3800.0,3860.0,5750.0,1.49,60,34,0.567,0.432,17,0,Holiday,1.6,Normal Day,1.0,Business,0.41,6.4,0.664,6.5,86.24,14
hotel,HTL-08,Sea Breeze Resort,Standard Room,3800.0,3460.0,6670.0,1.928,60,31,0.517,0.49,8,0,Holiday,1.6,Normal Day,1.0,Leisure,0.9,3.1,0.646,4.5,88.06,10
hotel,HTL-01,Grand Palace Hotel,Deluxe,5000.0,5600.0,7780.0,1.389,50,9,0.18,0.817,5,0,Peak,1.35,Normal Day,1.0,Leisure,0.95,1.0,0.569,4.5,76.16,9
hotel,HTL-02,Sea Breeze Resort,Ocean View,6500.0,7510.0,7090.0,0.944,40,3,0.075,0.921,4,1,Regular,1.0,Weekend,1.15,Luxury,0.21,6.0,0.692,5.5,88.67,3
hotel,HTL-03,Sea Breeze Resort,Ocean View,6500.0,6370.0,7690.0,1.207,40,28,0.7,0.294,16,0,Peak,1.35,Normal Day,1.0,Leisure,0.86,0.7,0.448,4.5,55.97,7
hotel,HTL-04,Grand Palace Hotel,Executive Suite,9000.0,8670.0,8810.0,1.016,20,12,0.6,0.382,11,0,Regular,1.0,Normal Day,1.0,Budget,1.54,0.6,0.339,1.5,45.06,2
hotel,HTL-05,Mountain Bliss Lodge,Alpine Chalet,7500.0,7550.0,9840.0,1.303,25,13,0.52,0.496,23,0,Peak,1.35,Normal Day,1.0,Business,0.49,6.4,0.653,5.5,85.22,11
hotel,HTL-06,Urban Hub Suites,Studio Room,3200.0,3060.0,2660.0,0.869,80,51,0.637,0.362,13,1,Low,0.8,Weekend,1.15,Business,0.37,2.3,0.504,5.5,60.19,11
hotel,HTL-07,Mountain Bliss Lodge,Alpine Chalet,7500.0,8190.0,10350.0,1.264,25,8,0.32,0.674,14,0,Peak,1.35,Normal Day,1.0,Leisure,0.9,2.4,0.573,4.5,76.35,8
hotel,HTL-08,Mountain Bliss Lodge,Alpine Chalet,7500.0,8000.0,11090.0,1.386,25,7,0.28,0.707,8,0,Peak,1.35,Normal Day,1.0,Budget,1.56,1.0,0.541,6.5,77.54,7
hotel,HTL-01,Mountain Bliss Lodge,Alpine Chalet,7500.0,7370.0,7180.0,0.974,25,13,0.52,0.496,8,0,Regular,1.0,Normal Day,1.0,Business,0.41,7.2,0.485,1.5,57.5,2
hotel,HTL-02,City Central Inn,Economy Twin,2400.0,2190.0,3060.0,1.397,100,61,0.61,0.392,2,0,Regular,1.0,Holiday,1.3,Budget,1.48,2.5,0.601,10.5,86.31,19
hotel,HTL-03,Sea Breeze Resort,Standard Room,3800.0,3930.0,4820.0,1.226,60,30,0.5,0.505,14,0,Peak,1.35,Normal Day,1.0,Business,0.47,3.2,0.601,5.5,76.69,13
hotel,HTL-04,Sea Breeze Resort,Ocean View,6500.0,6520.0,8320.0,1.276,40,28,0.7,0.302,29,0,Regular,1.0,Festival,1.45,Leisure,0.86,1.2,0.509,4.5,65.67,6
hotel,HTL-05,Urban Hub Suites,Studio Room,3200.0,3330.0,2480.0,0.745,80,44,0.55,0.449,14,0,Low,0.8,Normal Day,1.0,Business,0.43,4.5,0.442,2.5,50.79,2
hotel,HTL-06,City Central Inn,Economy Twin,2400.0,2540.0,4150.0,1.634,100,14,0.14,0.863,4,1,Peak,1.35,Weekend,1.15,Budget,1.37,4.4,0.644,2.5,92.27,5
hotel,HTL-07,Mountain Bliss Lodge,Alpine Chalet,7500.0,7180.0,10860.0,1.513,25,15,0.6,0.412,14,0,Peak,1.35,Normal Day,1.0,Budget,1.5,1.3,0.5,3.5,70.35,5
hotel,HTL-08,Sea Breeze Resort,Standard Room,3800.0,4040.0,4520.0,1.119,60,19,0.317,0.691,43,1,Regular,1.0,Weekend,1.15,Luxury,0.1,3.7,0.595,1.5,72.13,3
hotel,HTL-01,Sea Breeze Resort,Standard Room,3800.0,4420.0,8180.0,1.851,60,6,0.1,0.892,3,1,Holiday,1.6,Weekend,1.15,Business,0.37,2.0,0.753,8.5,100.0,6
hotel,HTL-02,Sea Breeze Resort,Ocean View,6500.0,7160.0,9260.0,1.293,40,10,0.25,0.746,8,0,Peak,1.35,Normal Day,1.0,Business,0.42,3.1,0.657,6.5,85.19,8
hotel,HTL-03,Mountain Bliss Lodge,Alpine Chalet,7500.0,7230.0,7500.0,1.037,25,16,0.64,0.364,24,0,Regular,1.0,Normal Day,1.0,Budget,1.54,0.2,0.282,3.5,35.89,1
hotel,HTL-04,Grand Palace Hotel,Executive Suite,9000.0,9500.0,13870.0,1.46,20,6,0.3,0.699,7,1,Regular,1.0,Festival,1.45,Leisure,0.94,2.8,0.622,2.5,84.49,5
hotel,HTL-05,Urban Hub Suites,Studio Room,3200.0,2750.0,3230.0,1.175,80,43,0.537,0.462,22,0,Regular,1.0,Normal Day,1.0,Budget,1.53,1.0,0.352,2.5,46.98,5
hotel,HTL-06,Sea Breeze Resort,Ocean View,6500.0,6440.0,8310.0,1.29,40,19,0.475,0.519,7,0,Peak,1.35,Normal Day,1.0,Budget,1.45,0.6,0.479,1.5,66.55,4
hotel,HTL-07,Sea Breeze Resort,Ocean View,6500.0,6500.0,8750.0,1.346,40,23,0.575,0.42,39,0,Regular,1.0,Festival,1.45,Budget,1.56,2.3,0.426,2.5,59.12,3
hotel,HTL-08,Urban Hub Suites,Studio Room,3200.0,3010.0,2610.0,0.867,80,48,0.6,0.402,2,0,Low,0.8,Normal Day,1.0,Budget,1.46,0.7,0.371,3.5,49.31,4
hotel,HTL-01,Urban Hub Suites,Studio Room,3200.0,3210.0,6420.0,2.0,80,26,0.325,0.679,8,0,Peak,1.35,Festival,1.45,Luxury,0.29,5.6,0.758,6.5,100.0,14
hotel,HTL-02,Urban Hub Suites,Penthouse,12000.0,11800.0,18930.0,1.604,10,4,0.4,0.638,8,0,Peak,1.35,Normal Day,1.0,Budget,1.48,3.3,0.562,5.5,80.1,4
hotel,HTL-03,Urban Hub Suites,Studio Room,3200.0,3450.0,3030.0,0.878,80,40,0.5,0.499,33,0,Regular,1.0,Normal Day,1.0,Business,0.42,2.8,0.401,2.5,44.15,2
hotel,HTL-04,Grand Palace Hotel,Deluxe,5000.0,4920.0,7680.0,1.561,50,26,0.52,0.473,13,0,Holiday,1.6,Normal Day,1.0,Business,0.46,3.0,0.67,6.5,87.61,13
hotel,HTL-05,Sea Breeze Resort,Ocean View,6500.0,6070.0,11350.0,1.87,40,22,0.55,0.449,17,0,Holiday,1.6,Normal Day,1.0,Business,0.38,8.8,0.693,5.5,90.45,13
hotel,HTL-06,City Central Inn,Economy Twin,2400.0,2460.0,3410.0,1.386,100,38,0.38,0.617,7,0,Peak,1.35,Normal Day,1.0,Business,0.39,4.4,0.659,6.5,85.12,11
hotel,HTL-07,Grand Palace Hotel,Executive Suite,9000.0,9440.0,12700.0,1.345,20,9,0.45,0.559,13,0,Peak,1.35,Normal Day,1.0,Luxury,0.26,4.0,0.587,2.5,72.44,3
hotel,HTL-08,Grand Palace Hotel,Executive Suite,9000.0,9020.0,9140.0,1.013,20,9,0.45,0.561,19,0,Regular,1.0,Normal Day,1.0,Business,0.33,2.5,0.453,2.5,51.72,3
hotel,HTL-01,Sea Breeze Resort,Ocean View,6500.0,6220.0,5210.0,0.838,40,25,0.625,0.386,19,0,Low,0.8,Normal Day,1.0,Luxury,0.18,5.6,0.41,1.5,43.37,0
hotel,HTL-02,Sea Breeze Resort,Standard Room,3800.0,4080.0,3890.0,0.953,60,22,0.367,0.628,13,0,Regular,1.0,Normal Day,1.0,Budget,1.52,2.5,0.444,2.5,61.59,4
hotel,HTL-03,Urban Hub Suites,Penthouse,12000.0,11590.0,17430.0,1.504,10,3,0.3,0.693,14,0,Peak,1.35,Normal Day,1.0,Budget,1.39,0.5,0.495,3.5,68.48,3
hotel,HTL-04,Sea Breeze Resort,Standard Room,3800.0,3600.0,3640.0,1.011,60,32,0.533,0.463,11,0,Regular,1.0,Normal Day,1.0,Business,0.44,1.0,0.469,3.5,55.34,7
hotel,HTL-05,City Central Inn,Economy Twin,2400.0,2320.0,2450.0,1.056,100,49,0.49,0.515,9,0,Low,0.8,Holiday,1.3,Luxury,0.27,3.6,0.464,1.5,52.76,2
hotel,HTL-06,Mountain Bliss Lodge,Alpine Chalet,7500.0,7690.0,8660.0,1.126,25,10,0.4,0.601,19,0,Regular,1.0,Normal Day,1.0,Leisure,0.9,3.0,0.45,1.5,56.71,2
hotel,HTL-07,Grand Palace Hotel,Executive Suite,9000.0,8700.0,12770.0,1.468,20,10,0.5,0.493,18,0,Regular,1.0,Festival,1.45,Business,0.45,7.1,0.611,2.5,78.15,4
hotel,HTL-08,City Central Inn,Economy Twin,2400.0,2410.0,2260.0,0.938,100,51,0.51,0.491,35,0,Regular,1.0,Normal Day,1.0,Budget,1.53,1.3,0.349,1.5,46.47,0
hotel,HTL-01,Mountain Bliss Lodge,Alpine Chalet,7500.0,7770.0,9420.0,1.212,25,6,0.24,0.761,12,1,Regular,1.0,Weekend,1.15,Business,0.39,3.2,0.584,3.5,73.14,5
hotel,HTL-02,Sea Breeze Resort,Ocean View,6500.0,7230.0,6680.0,0.924,40,13,0.325,0.663,11,0,Regular,1.0,Normal Day,1.0,Leisure,0.88,2.6,0.458,3.5,57.71,2
hotel,HTL-03,City Central Inn,Economy Twin,2400.0,2870.0,2870.0,1.0,100,5,0.05,0.948,2,1,Regular,1.0,Weekend,1.15,Business,0.44,2.1,0.697,8.5,91.81,5
hotel,HTL-04,Mountain Bliss Lodge,Alpine Chalet,7500.0,7710.0,8680.0,1.126,25,8,0.32,0.698,10,0,Regular,1.0,Normal Day,1.0,Budget,1.49,0.4,0.426,5.5,58.5,7
hotel,HTL-05,Urban Hub Suites,Penthouse,12000.0,12930.0,13700.0,1.06,10,5,0.5,0.519,1,1,Low,0.8,Festival,1.45,Leisure,0.89,3.8,0.57,5.5,75.69,5
hotel,HTL-06,Urban Hub Suites,Studio Room,3200.0,3370.0,3600.0,1.068,80,36,0.45,0.545,21,0,Regular,1.0,Normal Day,1.0,Business,0.41,9.6,0.472,1.5,55.43,1
hotel,HTL-07,Sea Breeze Resort,Standard Room,3800.0,4320.0,3810.0,0.882,60,20,0.333,0.661,1,0,Regular,1.0,Normal Day,1.0,Business,0.43,2.5,0.458,1.5,53.39,3
hotel,HTL-08,Grand Palace Hotel,Deluxe,5000.0,5220.0,10180.0,1.95,50,20,0.4,0.597,51,1,Holiday,1.6,Weekend,1.15,Leisure,0.92,2.7,0.661,4.5,90.56,9
hotel,HTL-01,Mountain Bliss Lodge,Alpine Chalet,7500.0,8310.0,8070.0,0.971,25,7,0.28,0.727,2,0,Regular,1.0,Normal Day,1.0,Leisure,0.88,0.4,0.489,0.5,62.69,1
hotel,HTL-02,City Central Inn,Economy Twin,2400.0,2530.0,2430.0,0.96,100,32,0.32,0.679,7,1,Low,0.8,Weekend,1.15,Budget,1.47,2.2,0.48,2.5,66.96,2
hotel,HTL-03,City Central Inn,Economy Twin,2400.0,2510.0,3110.0,1.239,100,18,0.18,0.816,1,1,Regular,1.0,Weekend,1.15,Leisure,0.97,0.5,0.596,3.5,80.73,6
hotel,HTL-04,Mountain Bliss Lodge,Alpine Chalet,7500.0,6950.0,6070.0,0.873,25,15,0.6,0.385,5,0,Low,0.8,Normal Day,1.0,Business,0.45,1.4,0.389,1.5,42.53,2
hotel,HTL-05,Mountain Bliss Lodge,Alpine Chalet,7500.0,6860.0,10870.0,1.585,25,13,0.52,0.49,22,0,Holiday,1.6,Normal Day,1.0,Leisure,0.91,0.1,0.498,1.5,64.36,0
hotel,HTL-06,Sea Breeze Resort,Standard Room,3800.0,4340.0,6640.0,1.53,60,19,0.317,0.691,6,0,Peak,1.35,Holiday,1.3,Leisure,0.86,0.5,0.639,4.5,86.43,10
hotel,HTL-07,Urban Hub Suites,Studio Room,3200.0,3360.0,4030.0,1.199,80,27,0.338,0.659,6,1,Regular,1.0,Weekend,1.15,Budget,1.47,2.1,0.564,7.5,80.28,12
hotel,HTL-08,Urban Hub Suites,Studio Room,3200.0,3440.0,4450.0,1.294,80,36,0.45,0.548,15,0,Peak,1.35,Normal Day,1.0,Leisure,0.87,1.1,0.491,1.5,62.92,1
hotel,HTL-01,Sea Breeze Resort,Standard Room,3800.0,4190.0,5710.0,1.363,60,16,0.267,0.727,1,0,Peak,1.35,Normal Day,1.0,Budget,1.48,2.5,0.524,2.5,74.12,5
hotel,HTL-02,Urban Hub Suites,Penthouse,12000.0,11270.0,19810.0,1.758,10,7,0.7,0.272,1,0,Holiday,1.6,Normal Day,1.0,Budget,1.43,2.5,0.523,1.5,73.34,2
hotel,HTL-03,Urban Hub Suites,Penthouse,12000.0,10640.0,8250.0,0.775,10,9,0.9,0.1,42,0,Low,0.8,Normal Day,1.0,Leisure,0.81,1.5,0.239,2.5,22.07,2
hotel,HTL-04,Grand Palace Hotel,Deluxe,5000.0,5240.0,5640.0,1.076,50,23,0.46,0.538,6,0,Regular,1.0,Normal Day,1.0,Leisure,0.99,2.9,0.421,2.5,52.89,4
hotel,HTL-05,Mountain Bliss Lodge,Alpine Chalet,7500.0,6740.0,7270.0,1.079,25,14,0.56,0.458,34,0,Regular,1.0,Normal Day,1.0,Leisure,0.84,0.3,0.427,3.5,52.36,2
hotel,HTL-06,Grand Palace Hotel,Deluxe,5000.0,4850.0,4290.0,0.885,50,37,0.74,0.252,6,0,Regular,1.0,Normal Day,1.0,Luxury,0.14,1.8,0.453,6.5,49.9,8
hotel,HTL-07,Urban Hub Suites,Penthouse,12000.0,11310.0,12210.0,1.08,10,5,0.5,0.494,20,0,Regular,1.0,Normal Day,1.0,Luxury,0.27,3.2,0.457,1.5,51.71,4
hotel,HTL-08,City Central Inn,Economy Twin,2400.0,2530.0,3770.0,1.49,100,49,0.49,0.51,5,0,Holiday,1.6,Normal Day,1.0,Leisure,0.94,3.9,0.552,4.5,73.34,11
hotel,HTL-01,Mountain Bliss Lodge,Alpine Chalet,7500.0,6790.0,5810.0,0.856,25,16,0.64,0.373,2,0,Low,0.8,Normal Day,1.0,Leisure,1.0,1.7,0.337,1.5,39.56,2
hotel,HTL-02,Sea Breeze Resort,Standard Room,3800.0,4220.0,5510.0,1.306,60,24,0.4,0.6,1,0,Peak,1.35,Normal Day,1.0,Budget,1.41,0.7,0.483,0.5,66.89,1
hotel,HTL-03,Urban Hub Suites,Penthouse,12000.0,11630.0,11660.0,1.003,10,5,0.5,0.506,14,0,Regular,1.0,Normal Day,1.0,Luxury,0.15,3.7,0.466,3.5,52.07,5
hotel,HTL-04,Sea Breeze Resort,Standard Room,3800.0,3880.0,8020.0,2.067,60,22,0.367,0.629,4,0,Peak,1.35,Festival,1.45,Budget,1.51,3.2,0.621,0.5,89.91,0
hotel,HTL-05,Mountain Bliss Lodge,Alpine Chalet,7500.0,7810.0,8090.0,1.036,25,11,0.44,0.579,1,0,Low,0.8,Festival,1.45,Business,0.31,2.0,0.564,5.5,69.29,7
hotel,HTL-06,City Central Inn,Economy Twin,2400.0,2510.0,2710.0,1.08,100,28,0.28,0.724,1,1,Low,0.8,Weekend,1.15,Business,0.46,3.1,0.587,2.5,74.33,5
hotel,HTL-07,Sea Breeze Resort,Standard Room,3800.0,3740.0,3460.0,0.925,60,33,0.55,0.456,1,0,Regular,1.0,Normal Day,1.0,Luxury,0.21,2.2,0.516,2.5,60.53,3
hotel,HTL-08,City Central Inn,Economy Twin,2400.0,2270.0,3460.0,1.524,100,45,0.45,0.553,14,0,Regular,1.0,Festival,1.45,Business,0.33,2.5,0.634,4.5,80.57,9
hotel,HTL-01,Urban Hub Suites,Studio Room,3200.0,3570.0,4120.0,1.154,80,19,0.237,0.763,16,1,Regular,1.0,Weekend,1.15,Business,0.34,1.9,0.636,4.5,81.05,9
hotel,HTL-02,City Central Inn,Economy Twin,2400.0,2410.0,3350.0,1.39,100,38,0.38,0.624,6,0,Peak,1.35,Normal Day,1.0,Budget,1.48,1.6,0.517,1.5,72.97,3
hotel,HTL-03,Grand Palace Hotel,Executive Suite,9000.0,10070.0,16810.0,1.669,20,2,0.1,0.882,28,0,Holiday,1.6,Normal Day,1.0,Business,0.39,5.5,0.752,4.5,100.0,2
hotel,HTL-04,Urban Hub Suites,Penthouse,12000.0,11610.0,14070.0,1.212,10,4,0.4,0.606,2,1,Regular,1.0,Weekend,1.15,Budget,1.56,1.2,0.539,7.5,77.19,4
hotel,HTL-05,Grand Palace Hotel,Deluxe,5000.0,5210.0,5160.0,0.99,50,20,0.4,0.608,3,0,Regular,1.0,Normal Day,1.0,Budget,1.45,0.2,0.419,3.5,56.95,2
hotel,HTL-06,Grand Palace Hotel,Deluxe,5000.0,5270.0,7160.0,1.359,50,18,0.36,0.643,4,0,Peak,1.35,Normal Day,1.0,Luxury,0.16,5.2,0.619,3.5,76.52,8
hotel,HTL-07,Mountain Bliss Lodge,Alpine Chalet,7500.0,7620.0,5930.0,0.778,25,12,0.48,0.525,3,0,Low,0.8,Normal Day,1.0,Business,0.37,6.3,0.443,0.5,50.46,0
hotel,HTL-08,Mountain Bliss Lodge,Alpine Chalet,7500.0,7840.0,12030.0,1.534,25,9,0.36,0.656,14,1,Peak,1.35,Weekend,1.15,Budget,1.53,2.8,0.621,5.5,89.99,9
hotel,HTL-01,Mountain Bliss Lodge,Alpine Chalet,7500.0,7640.0,9520.0,1.246,25,10,0.4,0.617,5,1,Regular,1.0,Weekend,1.15,Leisure,0.91,0.2,0.489,0.5,62.9,1
hotel,HTL-02,City Central Inn,Economy Twin,2400.0,2170.0,1500.0,0.691,100,89,0.89,0.109,12,0,Low,0.8,Normal Day,1.0,Business,0.41,5.4,0.432,1.5,49.04,1
hotel,HTL-03,City Central Inn,Economy Twin,2400.0,2350.0,3830.0,1.63,100,45,0.45,0.551,20,1,Regular,1.0,Festival,1.45,Budget,1.48,6.0,0.543,4.5,77.04,6
hotel,HTL-04,Grand Palace Hotel,Executive Suite,9000.0,10030.0,10540.0,1.051,20,6,0.3,0.688,5,1,Regular,1.0,Weekend,1.15,Budget,1.45,1.7,0.483,3.5,67.2,3
hotel,HTL-05,Mountain Bliss Lodge,Alpine Chalet,7500.0,7500.0,8290.0,1.105,25,9,0.36,0.655,18,0,Regular,1.0,Normal Day,1.0,Leisure,0.92,1.5,0.426,1.5,53.03,3
hotel,HTL-06,Urban Hub Suites,Penthouse,12000.0,11580.0,10630.0,0.918,10,5,0.5,0.474,12,0,Regular,1.0,Normal Day,1.0,Budget,1.47,0.8,0.363,0.5,48.2,1
hotel,HTL-07,Grand Palace Hotel,Executive Suite,9000.0,8950.0,8780.0,0.981,20,11,0.55,0.436,22,0,Regular,1.0,Normal Day,1.0,Business,0.38,7.5,0.537,6.5,65.6,9
hotel,HTL-08,Urban Hub Suites,Penthouse,12000.0,13390.0,15570.0,1.163,10,3,0.3,0.668,8,1,Regular,1.0,Weekend,1.15,Budget,1.46,0.2,0.496,5.5,69.38,3
hotel,HTL-01,Mountain Bliss Lodge,Alpine Chalet,7500.0,7030.0,7330.0,1.043,25,14,0.56,0.421,18,0,Regular,1.0,Normal Day,1.0,Luxury,0.15,6.5,0.534,2.5,62.85,5
hotel,HTL-02,Grand Palace Hotel,Executive Suite,9000.0,9580.0,7040.0,0.735,20,8,0.4,0.619,16,0,Low,0.8,Normal Day,1.0,Business,0.49,4.2,0.42,2.5,47.89,4
hotel,HTL-03,Urban Hub Suites,Studio Room,3200.0,3410.0,3050.0,0.894,80,25,0.312,0.682,3,0,Regular,1.0,Normal Day,1.0,Business,0.25,0.9,0.515,5.5,60.74,9
hotel,HTL-04,Grand Palace Hotel,Executive Suite,9000.0,8970.0,9590.0,1.069,20,10,0.5,0.502,8,0,Regular,1.0,Normal Day,1.0,Budget,1.46,3.8,0.342,0.5,44.74,0
hotel,HTL-05,City Central Inn,Economy Twin,2400.0,2370.0,2850.0,1.203,100,46,0.46,0.54,19,1,Regular,1.0,Weekend,1.15,Business,0.43,2.2,0.51,2.5,61.75,2
hotel,HTL-06,Mountain Bliss Lodge,Alpine Chalet,7500.0,8060.0,7750.0,0.962,25,13,0.52,0.461,26,0,Low,0.8,Holiday,1.3,Luxury,0.21,7.8,0.549,6.5,65.91,7
hotel,HTL-07,City Central Inn,Economy Twin,2400.0,2440.0,3890.0,1.594,100,39,0.39,0.611,10,0,Holiday,1.6,Normal Day,1.0,Business,0.39,3.5,0.637,3.5,81.65,7
hotel,HTL-08,Grand Palace Hotel,Deluxe,5000.0,5150.0,8390.0,1.629,50,23,0.46,0.531,2,0,Holiday,1.6,Normal Day,1.0,Budget,1.46,4.3,0.591,6.5,84.61,13
hotel,HTL-01,Grand Palace Hotel,Deluxe,5000.0,5520.0,6710.0,1.216,50,13,0.26,0.739,35,1,Regular,1.0,Weekend,1.15,Business,0.44,5.7,0.607,2.5,77.39,6
hotel,HTL-02,Sea Breeze Resort,Standard Room,3800.0,4000.0,8010.0,2.002,60,25,0.417,0.578,3,0,Peak,1.35,Festival,1.45,Budget,1.43,0.1,0.619,1.5,88.78,3
hotel,HTL-03,Mountain Bliss Lodge,Alpine Chalet,7500.0,7810.0,6170.0,0.79,25,9,0.36,0.657,19,1,Low,0.8,Weekend,1.15,Leisure,0.94,1.2,0.442,5.5,55.79,6
hotel,HTL-04,Sea Breeze Resort,Ocean View,6500.0,6730.0,9670.0,1.437,40,19,0.475,0.525,8,0,Peak,1.35,Normal Day,1.0,Leisure,0.94,1.3,0.56,2.5,74.56,3
hotel,HTL-05,Urban Hub Suites,Penthouse,12000.0,12240.0,22970.0,1.877,10,3,0.3,0.652,30,1,Peak,1.35,Concert,1.35,Business,0.44,2.7,0.731,4.5,97.12,3
hotel,HTL-06,Urban Hub Suites,Studio Room,3200.0,2990.0,4210.0,1.408,80,54,0.675,0.325,60,0,Peak,1.35,Normal Day,1.0,Leisure,0.9,0.7,0.425,2.5,52.57,4
hotel,HTL-07,Sea Breeze Resort,Ocean View,6500.0,6620.0,14150.0,2.137,40,12,0.3,0.71,12,1,Peak,1.35,Festival,1.45,Budget,1.5,0.1,0.685,4.5,100.0,10
hotel,HTL-08,Sea Breeze Resort,Ocean View,6500.0,6580.0,9870.0,1.5,40,18,0.45,0.558,1,0,Regular,1.0,Festival,1.45,Budget,1.64,2.0,0.574,8.5,83.54,15
hotel,HTL-01,Urban Hub Suites,Studio Room,3200.0,3400.0,3240.0,0.953,80,39,0.487,0.507,18,0,Regular,1.0,Normal Day,1.0,Luxury,0.27,2.3,0.459,1.5,51.97,2
hotel,HTL-02,City Central Inn,Economy Twin,2400.0,2450.0,3350.0,1.367,100,41,0.41,0.592,28,0,Peak,1.35,Normal Day,1.0,Business,0.43,7.4,0.62,5.5,79.33,8
hotel,HTL-03,Grand Palace Hotel,Deluxe,5000.0,5200.0,4010.0,0.771,50,26,0.52,0.484,2,0,Low,0.8,Normal Day,1.0,Budget,1.48,0.6,0.278,3.5,34.62,3
hotel,HTL-04,Grand Palace Hotel,Executive Suite,9000.0,9120.0,15610.0,1.712,20,9,0.45,0.567,15,0,Holiday,1.6,Normal Day,1.0,Budget,1.46,1.4,0.531,4.5,74.92,8
hotel,HTL-05,Grand Palace Hotel,Executive Suite,9000.0,8940.0,9210.0,1.03,20,8,0.4,0.59,14,0,Regular,1.0,Normal Day,1.0,Leisure,0.89,0.9,0.398,0.5,48.27,0
hotel,HTL-06,City Central Inn,Economy Twin,2400.0,2540.0,3330.0,1.311,100,27,0.27,0.725,4,1,Regular,1.0,Holiday,1.3,Business,0.4,10.8,0.718,3.5,94.66,7
hotel,HTL-07,Urban Hub Suites,Studio Room,3200.0,2950.0,4370.0,1.481,80,39,0.487,0.516,34,0,Peak,1.35,Normal Day,1.0,Leisure,0.98,0.6,0.477,6.5,61.76,8
hotel,HTL-08,Sea Breeze Resort,Ocean View,6500.0,6590.0,12130.0,1.841,40,18,0.45,0.541,19,1,Holiday,1.6,Weekend,1.15,Business,0.43,3.8,0.712,5.5,94.07,13
hotel,HTL-01,Urban Hub Suites,Penthouse,12000.0,12070.0,9780.0,0.81,10,5,0.5,0.49,7,0,Low,0.8,Normal Day,1.0,Business,0.45,3.8,0.431,2.5,49.34,4
hotel,HTL-02,Sea Breeze Resort,Ocean View,6500.0,7340.0,7100.0,0.967,40,11,0.275,0.728,4,0,Regular,1.0,Normal Day,1.0,Budget,1.46,0.6,0.446,4.5,61.36,5
hotel,HTL-03,Sea Breeze Resort,Ocean View,6500.0,6420.0,5990.0,0.933,40,24,0.6,0.406,4,0,Regular,1.0,Normal Day,1.0,Leisure,0.84,1.2,0.429,1.5,52.63,2
hotel,HTL-04,Grand Palace Hotel,Executive Suite,9000.0,9770.0,14640.0,1.498,20,5,0.25,0.772,18,1,Peak,1.35,Weekend,1.15,Business,0.44,7.6,0.729,5.5,96.8,5
hotel,HTL-05,Grand Palace Hotel,Executive Suite,9000.0,8710.0,5810.0,0.667,20,13,0.65,0.36,4,0,Low,0.8,Normal Day,1.0,Business,0.37,6.1,0.454,4.5,52.18,7
hotel,HTL-06,Urban Hub Suites,Studio Room,3200.0,3320.0,5480.0,1.651,80,35,0.438,0.564,1,0,Holiday,1.6,Normal Day,1.0,Business,0.45,1.1,0.68,6.5,89.06,12
hotel,HTL-07,City Central Inn,Economy Twin,2400.0,2550.0,2200.0,0.863,100,47,0.47,0.528,7,0,Regular,1.0,Normal Day,1.0,Budget,1.52,1.8,0.405,3.5,55.33,1
hotel,HTL-08,Grand Palace Hotel,Executive Suite,9000.0,9600.0,16470.0,1.716,20,10,0.5,0.522,45,1,Holiday,1.6,Weekend,1.15,Luxury,0.24,0.6,0.68,5.5,87.16,10
hotel,HTL-01,Grand Palace Hotel,Deluxe,5000.0,5210.0,7520.0,1.443,50,17,0.34,0.651,5,0,Peak,1.35,Normal Day,1.0,Leisure,0.79,2.3,0.625,6.5,83.6,11
hotel,HTL-02,Sea Breeze Resort,Standard Room,3800.0,3530.0,2960.0,0.839,60,34,0.567,0.441,4,0,Low,0.8,Normal Day,1.0,Business,0.39,0.6,0.337,1.5,33.68,1
hotel,HTL-03,Urban Hub Suites,Penthouse,12000.0,11740.0,9390.0,0.8,10,5,0.5,0.475,25,0,Low,0.8,Normal Day,1.0,Luxury,0.17,3.2,0.378,0.5,38.12,0
hotel,HTL-04,City Central Inn,Economy Twin,2400.0,2590.0,1740.0,0.672,100,53,0.53,0.475,1,0,Low,0.8,Normal Day,1.0,Leisure,0.86,1.3,0.318,1.5,35.13,0
hotel,HTL-05,City Central Inn,Economy Twin,2400.0,2310.0,2560.0,1.108,100,56,0.56,0.443,6,0,Regular,1.0,Normal Day,1.0,Business,0.48,3.0,0.522,1.5,64.11,3
hotel,HTL-06,Mountain Bliss Lodge,Alpine Chalet,7500.0,7250.0,5600.0,0.772,25,15,0.6,0.415,1,0,Low,0.8,Normal Day,1.0,Budget,1.46,0.1,0.329,2.5,42.64,1
hotel,HTL-07,Mountain Bliss Lodge,Alpine Chalet,7500.0,7090.0,15630.0,2.205,25,14,0.56,0.449,37,0,Holiday,1.6,Festival,1.45,Budget,1.48,2.5,0.62,2.5,89.45,4
hotel,HTL-08,Sea Breeze Resort,Ocean View,6500.0,6700.0,9300.0,1.388,40,15,0.375,0.621,9,0,Peak,1.35,Normal Day,1.0,Luxury,0.26,0.6,0.564,5.5,68.71,8
hotel,HTL-01,Sea Breeze Resort,Ocean View,6500.0,6380.0,6360.0,0.997,40,19,0.475,0.525,3,0,Regular,1.0,Normal Day,1.0,Business,0.39,4.9,0.512,4.5,61.59,8
hotel,HTL-02,Grand Palace Hotel,Deluxe,5000.0,5120.0,5680.0,1.109,50,21,0.42,0.586,2,0,Low,0.8,Holiday,1.3,Budget,1.45,2.4,0.464,3.5,64.23,7
hotel,HTL-03,Urban Hub Suites,Penthouse,12000.0,10760.0,13320.0,1.238,10,6,0.6,0.389,10,0,Low,0.8,Festival,1.45,Leisure,0.9,0.3,0.454,3.5,57.32,5
hotel,HTL-04,Mountain Bliss Lodge,Alpine Chalet,7500.0,7050.0,5600.0,0.794,25,17,0.68,0.34,9,0,Low,0.8,Normal Day,1.0,Luxury,0.19,5.0,0.431,2.5,46.74,3
hotel,HTL-05,Sea Breeze Resort,Standard Room,3800.0,3410.0,4160.0,1.22,60,43,0.717,0.279,3,0,Low,0.8,Festival,1.45,Business,0.44,2.6,0.537,3.5,66.14,4
hotel,HTL-06,Sea Breeze Resort,Ocean View,6500.0,5510.0,5640.0,1.024,40,34,0.85,0.149,28,0,Regular,1.0,Normal Day,1.0,Leisure,0.87,1.0,0.339,3.5,38.56,5
hotel,HTL-07,Grand Palace Hotel,Executive Suite,9000.0,8740.0,15610.0,1.786,20,10,0.5,0.496,8,0,Holiday,1.6,Normal Day,1.0,Business,0.45,0.6,0.743,12.5,99.23,10
hotel,HTL-08,Sea Breeze Resort,Ocean View,6500.0,7970.0,11810.0,1.482,40,2,0.05,0.952,1,1,Peak,1.35,Weekend,1.15,Budget,1.47,0.5,0.618,2.5,88.97,2
hotel,HTL-01,Grand Palace Hotel,Executive Suite,9000.0,9340.0,9470.0,1.014,20,8,0.4,0.624,16,0,Regular,1.0,Normal Day,1.0,Budget,1.57,0.7,0.375,3.5,51.02,6
hotel,HTL-02,Mountain Bliss Lodge,Alpine Chalet,7500.0,7660.0,7660.0,1.0,25,13,0.52,0.495,18,0,Regular,1.0,Normal Day,1.0,Leisure,0.93,0.5,0.433,2.5,54.28,3
hotel,HTL-03,Urban Hub Suites,Penthouse,12000.0,12660.0,15850.0,1.252,10,4,0.4,0.565,3,0,Regular,1.0,Holiday,1.3,Luxury,0.16,6.7,0.648,4.5,81.26,4
hotel,HTL-04,Urban Hub Suites,Penthouse,12000.0,11730.0,17690.0,1.508,10,4,0.4,0.594,3,1,Regular,1.0,Concert,1.35,Business,0.36,3.2,0.648,4.5,83.19,4
hotel,HTL-05,Grand Palace Hotel,Executive Suite,9000.0,9190.0,22100.0,2.405,20,10,0.5,0.508,27,0,Holiday,1.6,Festival,1.45,Business,0.39,6.3,0.752,3.5,100.0,8
hotel,HTL-06,Grand Palace Hotel,Executive Suite,9000.0,8870.0,8480.0,0.956,20,7,0.35,0.639,7,1,Low,0.8,Weekend,1.15,Business,0.39,1.9,0.526,3.5,63.96,4
hotel,HTL-07,Grand Palace Hotel,Executive Suite,9000.0,9190.0,10540.0,1.147,20,11,0.55,0.463,5,0,Peak,1.35,Normal Day,1.0,Budget,1.45,2.0,0.437,3.5,59.78,5
hotel,HTL-08,Mountain Bliss Lodge,Alpine Chalet,7500.0,7680.0,8840.0,1.151,25,3,0.12,0.895,1,1,Regular,1.0,Weekend,1.15,Budget,1.47,2.4,0.518,4.5,73.01,3
hotel,HTL-01,Urban Hub Suites,Studio Room,3200.0,3200.0,3290.0,1.028,80,37,0.463,0.536,1,0,Regular,1.0,Normal Day,1.0,Business,0.42,0.7,0.573,5.5,71.75,8
hotel,HTL-02,Urban Hub Suites,Studio Room,3200.0,2970.0,4540.0,1.529,80,29,0.362,0.643,24,1,Regular,1.0,Concert,1.35,Business,0.42,3.6,0.639,5.5,82.27,13
hotel,HTL-03,Urban Hub Suites,Studio Room,3200.0,2880.0,3940.0,1.368,80,51,0.637,0.36,51,0,Regular,1.0,Holiday,1.3,Leisure,0.97,0.1,0.464,3.5,59.6,5
hotel,HTL-04,Sea Breeze Resort,Ocean View,6500.0,6730.0,9680.0,1.438,40,15,0.375,0.634,8,1,Regular,1.0,Festival,1.45,Luxury,0.13,1.2,0.733,6.5,94.55,15
hotel,HTL-05,Sea Breeze Resort,Standard Room,3800.0,4020.0,6750.0,1.679,60,16,0.267,0.733,7,1,Regular,1.0,Major Event,1.55,Budget,1.46,2.1,0.635,6.5,91.61,12
hotel,HTL-06,Sea Breeze Resort,Standard Room,3800.0,4260.0,6730.0,1.58,60,24,0.4,0.593,3,0,Holiday,1.6,Normal Day,1.0,Budget,1.48,0.1,0.521,4.5,73.59,9
hotel,HTL-07,Urban Hub Suites,Penthouse,12000.0,11210.0,10130.0,0.904,10,7,0.7,0.295,5,0,Regular,1.0,Normal Day,1.0,Business,0.47,3.4,0.429,1.5,49.23,1
hotel,HTL-08,Urban Hub Suites,Penthouse,12000.0,10590.0,11060.0,1.044,10,7,0.7,0.268,9,0,Regular,1.0,Normal Day,1.0,Leisure,0.92,3.3,0.436,3.5,54.54,4
hotel,HTL-01,City Central Inn,Economy Twin,2400.0,2420.0,3810.0,1.574,100,46,0.46,0.542,3,0,Holiday,1.6,Normal Day,1.0,Budget,1.55,1.0,0.52,4.5,74.0,8
hotel,HTL-02,Sea Breeze Resort,Standard Room,3800.0,4470.0,5760.0,1.289,60,14,0.233,0.758,1,1,Regular,1.0,Holiday,1.3,Leisure,0.98,1.6,0.647,5.5,88.96,12
hotel,HTL-03,City Central Inn,Economy Twin,2400.0,2450.0,2330.0,0.951,100,33,0.33,0.673,4,1,Low,0.8,Weekend,1.15,Business,0.38,1.4,0.561,0.5,69.48,0
hotel,HTL-04,Urban Hub Suites,Studio Room,3200.0,3660.0,3490.0,0.954,80,22,0.275,0.727,1,0,Regular,1.0,Normal Day,1.0,Business,0.32,2.0,0.481,1.5,56.03,1
hotel,HTL-05,Urban Hub Suites,Penthouse,12000.0,13640.0,22120.0,1.622,10,2,0.2,0.847,18,1,Holiday,1.6,Weekend,1.15,Business,0.48,1.6,0.746,8.5,100.0,2
hotel,HTL-06,City Central Inn,Economy Twin,2400.0,2670.0,3320.0,1.243,100,27,0.27,0.734,17,1,Regular,1.0,Concert,1.35,Leisure,0.91,2.1,0.648,9.5,88.41,17
hotel,HTL-07,Urban Hub Suites,Studio Room,3200.0,3310.0,4850.0,1.465,80,30,0.375,0.629,4,0,Peak,1.35,Normal Day,1.0,Budget,1.52,2.5,0.611,9.5,88.29,21
hotel,HTL-08,Mountain Bliss Lodge,Alpine Chalet,7500.0,6860.0,9500.0,1.385,25,19,0.76,0.236,19,0,Regular,1.0,Festival,1.45,Budget,1.45,1.3,0.451,5.5,62.12,5
hotel,HTL-01,City Central Inn,Economy Twin,2400.0,2390.0,2130.0,0.891,100,34,0.34,0.655,5,1,Low,0.8,Weekend,1.15,Budget,1.54,0.3,0.398,3.5,54.48,1
hotel,HTL-02,Mountain Bliss Lodge,Alpine Chalet,7500.0,7450.0,5350.0,0.718,25,18,0.72,0.285,11,0,Low,0.8,Normal Day,1.0,Leisure,0.88,2.9,0.355,4.5,41.31,5
hotel,HTL-03,City Central Inn,Economy Twin,2400.0,2400.0,2460.0,1.025,100,62,0.62,0.384,12,0,Low,0.8,Holiday,1.3,Leisure,0.85,3.5,0.407,1.5,49.28,3
hotel,HTL-04,Sea Breeze Resort,Ocean View,6500.0,6110.0,10980.0,1.797,40,25,0.625,0.386,28,0,Peak,1.35,Holiday,1.3,Luxury,0.17,3.3,0.654,2.5,82.22,4
hotel,HTL-05,Grand Palace Hotel,Deluxe,5000.0,4500.0,3830.0,0.851,50,35,0.7,0.292,27,0,Low,0.8,Normal Day,1.0,Budget,1.52,7.3,0.278,2.5,35.05,2
hotel,HTL-06,Urban Hub Suites,Penthouse,12000.0,13110.0,18210.0,1.389,10,3,0.3,0.666,19,1,Peak,1.35,Weekend,1.15,Budget,1.49,1.5,0.588,8.5,84.38,3
hotel,HTL-07,Grand Palace Hotel,Executive Suite,9000.0,9380.0,10550.0,1.125,20,8,0.4,0.588,11,0,Regular,1.0,Holiday,1.3,Business,0.41,3.6,0.507,1.5,61.04,2
hotel,HTL-08,Sea Breeze Resort,Ocean View,6500.0,7050.0,15980.0,2.267,40,13,0.325,0.677,10,0,Holiday,1.6,Holiday,1.3,Business,0.42,0.8,0.75,5.5,100.0,10
hotel,HTL-01,Grand Palace Hotel,Deluxe,5000.0,5390.0,5110.0,0.948,50,23,0.46,0.533,4,0,Regular,1.0,Normal Day,1.0,Leisure,0.91,0.9,0.423,1.5,52.39,2
hotel,HTL-02,Mountain Bliss Lodge,Alpine Chalet,7500.0,7610.0,6660.0,0.875,25,14,0.56,0.447,27,0,Regular,1.0,Normal Day,1.0,Leisure,0.83,1.6,0.407,2.5,49.05,5
hotel,HTL-03,City Central Inn,Economy Twin,2400.0,2420.0,2970.0,1.227,100,58,0.58,0.42,26,0,Regular,1.0,Holiday,1.3,Luxury,0.18,7.3,0.508,1.5,59.02,2
hotel,HTL-04,Urban Hub Suites,Penthouse,12000.0,11990.0,12200.0,1.018,10,5,0.5,0.472,10,0,Regular,1.0,Normal Day,1.0,Leisure,0.85,5.5,0.489,5.5,62.47,5
hotel,HTL-05,Sea Breeze Resort,Standard Room,3800.0,4300.0,6120.0,1.423,60,16,0.267,0.73,7,1,Regular,1.0,Concert,1.35,Budget,1.56,1.1,0.523,4.5,74.61,10
hotel,HTL-06,Grand Palace Hotel,Deluxe,5000.0,5450.0,6300.0,1.156,50,14,0.28,0.719,17,1,Low,0.8,Festival,1.45,Leisure,0.9,1.7,0.536,0.5,70.44,1
hotel,HTL-07,Grand Palace Hotel,Deluxe,5000.0,4910.0,4660.0,0.949,50,23,0.46,0.531,8,0,Regular,1.0,Normal Day,1.0,Leisure,0.93,2.6,0.475,3.5,60.95,6
hotel,HTL-08,Mountain Bliss Lodge,Alpine Chalet,7500.0,8380.0,11380.0,1.358,25,1,0.04,0.974,8,1,Low,0.8,Major Event,1.55,Leisure,0.89,1.2,0.672,5.5,92.07,1
hotel,HTL-01,Urban Hub Suites,Penthouse,12000.0,11520.0,18120.0,1.573,10,4,0.4,0.588,31,0,Holiday,1.6,Normal Day,1.0,Leisure,0.84,1.2,0.53,3.5,68.94,4
hotel,HTL-02,Urban Hub Suites,Penthouse,12000.0,11000.0,11660.0,1.06,10,7,0.7,0.348,17,0,Regular,1.0,Normal Day,1.0,Budget,1.55,0.3,0.306,1.5,39.84,0
hotel,HTL-03,Sea Breeze Resort,Ocean View,6500.0,6770.0,11980.0,1.77,40,17,0.425,0.565,9,0,Peak,1.35,Holiday,1.3,Luxury,0.24,0.6,0.646,2.5,81.61,5
hotel,HTL-04,Urban Hub Suites,Studio Room,3200.0,3060.0,2370.0,0.775,80,48,0.6,0.398,8,0,Low,0.8,Normal Day,1.0,Business,0.43,3.6,0.408,2.5,45.41,3
hotel,HTL-05,Grand Palace Hotel,Executive Suite,9000.0,9040.0,7230.0,0.8,20,7,0.35,0.653,5,0,Low,0.8,Normal Day,1.0,Budget,1.53,0.5,0.365,4.5,49.11,1
hotel,HTL-06,Grand Palace Hotel,Deluxe,5000.0,5000.0,5240.0,1.048,50,17,0.34,0.667,3,0,Regular,1.0,Normal Day,1.0,Budget,1.53,0.1,0.422,2.5,58.26,0
hotel,HTL-07,Sea Breeze Resort,Standard Room,3800.0,3460.0,4400.0,1.272,60,45,0.75,0.243,34,0,Regular,1.0,Holiday,1.3,Budget,1.5,2.2,0.417,5.5,57.11,6
hotel,HTL-08,City Central Inn,Economy Twin,2400.0,2600.0,4390.0,1.688,100,28,0.28,0.715,3,0,Peak,1.35,Holiday,1.3,Leisure,0.95,4.2,0.717,4.5,99.84,7
hotel,HTL-01,Urban Hub Suites,Studio Room,3200.0,3470.0,4040.0,1.164,80,23,0.287,0.713,8,1,Regular,1.0,Weekend,1.15,Budget,1.53,0.2,0.469,2.5,65.67,4
hotel,HTL-02,Sea Breeze Resort,Standard Room,3800.0,4290.0,6280.0,1.464,60,11,0.183,0.822,6,1,Regular,1.0,Festival,1.45,Leisure,0.96,2.5,0.716,5.5,99.73,10
hotel,HTL-03,Mountain Bliss Lodge,Alpine Chalet,7500.0,7630.0,7520.0,0.986,25,17,0.68,0.309,27,0,Regular,1.0,Normal Day,1.0,Budget,1.52,0.7,0.31,1.5,40.15,2
hotel,HTL-04,Urban Hub Suites,Studio Room,3200.0,3110.0,3110.0,1.0,80,46,0.575,0.43,5,0,Regular,1.0,Normal Day,1.0,Leisure,0.87,1.3,0.478,0.5,60.87,0
hotel,HTL-05,Sea Breeze Resort,Standard Room,3800.0,4200.0,4560.0,1.086,60,10,0.167,0.827,15,1,Low,0.8,Concert,1.35,Leisure,0.95,0.3,0.508,5.5,66.43,8
hotel,HTL-06,Urban Hub Suites,Studio Room,3200.0,2900.0,2130.0,0.734,80,66,0.825,0.17,47,0,Low,0.8,Normal Day,1.0,Leisure,0.89,0.9,0.313,4.5,34.68,6
hotel,HTL-07,Urban Hub Suites,Studio Room,3200.0,2990.0,5340.0,1.786,80,60,0.75,0.255,25,0,Peak,1.35,Holiday,1.3,Business,0.44,2.0,0.544,6.5,67.33,11
hotel,HTL-08,Sea Breeze Resort,Ocean View,6500.0,6050.0,6120.0,1.012,40,25,0.625,0.367,13,0,Regular,1.0,Normal Day,1.0,Budget,1.55,1.2,0.357,2.5,47.93,3
hotel,HTL-01,Mountain Bliss Lodge,Alpine Chalet,7500.0,6880.0,5800.0,0.843,25,15,0.6,0.384,7,0,Low,0.8,Normal Day,1.0,Budget,1.52,2.5,0.318,3.5,41.41,1
hotel,HTL-02,Mountain Bliss Lodge,Alpine Chalet,7500.0,8370.0,11090.0,1.325,25,5,0.2,0.803,13,1,Low,0.8,Major Event,1.55,Budget,1.5,0.3,0.513,2.5,72.43,1
hotel,HTL-03,Urban Hub Suites,Penthouse,12000.0,11840.0,20310.0,1.715,10,4,0.4,0.594,28,1,Regular,1.0,Major Event,1.55,Business,0.37,3.6,0.684,4.5,89.07,4
hotel,HTL-04,City Central Inn,Economy Twin,2400.0,2480.0,2500.0,1.008,100,30,0.3,0.698,8,0,Regular,1.0,Normal Day,1.0,Leisure,0.79,2.3,0.451,1.5,55.79,2
hotel,HTL-05,Grand Palace Hotel,Executive Suite,9000.0,8970.0,17140.0,1.911,20,6,0.3,0.713,40,1,Peak,1.35,Holiday,1.3,Luxury,0.19,6.0,0.764,3.5,100.0,6
hotel,HTL-06,Urban Hub Suites,Studio Room,3200.0,2590.0,2430.0,0.938,80,68,0.85,0.145,15,0,Low,0.8,Normal Day,1.0,Budget,1.53,0.3,0.268,2.5,33.59,1
hotel,HTL-07,City Central Inn,Economy Twin,2400.0,2590.0,2960.0,1.143,100,28,0.28,0.724,20,1,Regular,1.0,Weekend,1.15,Leisure,0.88,1.6,0.59,7.5,78.78,13
hotel,HTL-08,Urban Hub Suites,Studio Room,3200.0,3630.0,5060.0,1.394,80,26,0.325,0.679,6,0,Regular,1.0,Festival,1.45,Budget,1.45,0.5,0.546,2.5,77.25,6
hotel,HTL-01,Grand Palace Hotel,Executive Suite,9000.0,9210.0,8590.0,0.933,20,8,0.4,0.614,14,1,Low,0.8,Weekend,1.15,Budget,1.47,2.3,0.45,8.5,62.04,8
hotel,HTL-02,Urban Hub Suites,Penthouse,12000.0,13930.0,25740.0,1.848,10,1,0.1,0.874,14,1,Holiday,1.6,Weekend,1.15,Leisure,0.99,3.6,0.716,2.5,100.0,1
hotel,HTL-03,Sea Breeze Resort,Standard Room,3800.0,4200.0,5920.0,1.41,60,26,0.433,0.568,23,0,Holiday,1.6,Normal Day,1.0,Leisure,0.86,2.9,0.526,2.5,68.48,3
hotel,HTL-04,Grand Palace Hotel,Executive Suite,9000.0,8820.0,11870.0,1.346,20,10,0.5,0.501,22,0,Peak,1.35,Normal Day,1.0,Leisure,0.85,0.9,0.577,5.5,76.52,10
hotel,HTL-05,Grand Palace Hotel,Executive Suite,9000.0,8440.0,9380.0,1.111,20,9,0.45,0.572,3,0,Regular,1.0,Normal Day,1.0,Budget,1.53,1.4,0.433,1.5,60.04,3
hotel,HTL-06,Urban Hub Suites,Penthouse,12000.0,14260.0,23180.0,1.626,10,1,0.1,0.921,3,0,Holiday,1.6,Normal Day,1.0,Business,0.43,1.2,0.729,5.5,96.82,1
hotel,HTL-07,Grand Palace Hotel,Deluxe,5000.0,4730.0,5390.0,1.14,50,28,0.56,0.436,2,0,Regular,1.0,Normal Day,1.0,Business,0.33,4.2,0.524,3.5,63.02,4
hotel,HTL-08,Sea Breeze Resort,Ocean View,6500.0,6720.0,6600.0,0.982,40,18,0.45,0.55,11,1,Low,0.8,Weekend,1.15,Leisure,0.86,1.2,0.533,5.5,69.57,8
hotel,HTL-01,City Central Inn,Economy Twin,2400.0,2530.0,4110.0,1.625,100,28,0.28,0.724,9,0,Regular,1.0,Festival,1.45,Business,0.41,8.8,0.697,6.5,91.43,9
hotel,HTL-02,Grand Palace Hotel,Deluxe,5000.0,5280.0,7440.0,1.409,50,11,0.22,0.79,16,0,Peak,1.35,Normal Day,1.0,Luxury,0.19,2.3,0.685,3.5,87.35,3
hotel,HTL-03,Urban Hub Suites,Penthouse,12000.0,12350.0,15950.0,1.291,10,5,0.5,0.477,5,0,Peak,1.35,Normal Day,1.0,Leisure,0.84,1.2,0.512,6.5,66.0,5
hotel,HTL-04,Sea Breeze Resort,Standard Room,3800.0,3850.0,4060.0,1.055,60,30,0.5,0.503,20,1,Regular,1.0,Weekend,1.15,Business,0.38,8.4,0.528,3.5,64.2,5
hotel,HTL-05,Sea Breeze Resort,Ocean View,6500.0,6820.0,6740.0,0.988,40,13,0.325,0.67,1,1,Low,0.8,Weekend,1.15,Budget,1.61,0.1,0.441,3.5,62.03,6
hotel,HTL-06,Grand Palace Hotel,Deluxe,5000.0,5700.0,10010.0,1.756,50,8,0.16,0.841,8,1,Holiday,1.6,Weekend,1.15,Business,0.46,6.1,0.747,6.5,100.0,8
hotel,HTL-07,Urban Hub Suites,Studio Room,3200.0,3180.0,3160.0,0.994,80,31,0.388,0.613,5,0,Regular,1.0,Normal Day,1.0,Business,0.39,6.7,0.507,2.5,60.84,4
hotel,HTL-08,Sea Breeze Resort,Standard Room,3800.0,3790.0,3700.0,0.976,60,30,0.5,0.503,3,0,Regular,1.0,Normal Day,1.0,Budget,1.45,3.1,0.414,1.5,56.1,2
hotel,HTL-01,Grand Palace Hotel,Deluxe,5000.0,5020.0,4420.0,0.88,50,23,0.46,0.545,17,0,Low,0.8,Normal Day,1.0,Business,0.32,5.4,0.472,1.5,54.6,3
hotel,HTL-02,Urban Hub Suites,Studio Room,3200.0,3460.0,3750.0,1.084,80,22,0.275,0.722,1,1,Regular,1.0,Weekend,1.15,Business,0.4,1.9,0.606,2.5,76.83,5
hotel,HTL-03,Urban Hub Suites,Studio Room,3200.0,3540.0,3020.0,0.853,80,28,0.35,0.654,14,0,Regular,1.0,Normal Day,1.0,Budget,1.47,0.9,0.318,2.5,40.93,0
hotel,HTL-04,Mountain Bliss Lodge,Alpine Chalet,7500.0,8170.0,9150.0,1.12,25,9,0.36,0.633,7,0,Regular,1.0,Normal Day,1.0,Leisure,1.02,1.4,0.449,1.5,57.67,1
hotel,HTL-05,Sea Breeze Resort,Ocean View,6500.0,6770.0,5810.0,0.858,40,21,0.525,0.468,54,0,Regular,1.0,Normal Day,1.0,Business,0.45,5.5,0.398,2.5,43.92,4
hotel,HTL-06,Grand Palace Hotel,Executive Suite,9000.0,8910.0,6800.0,0.763,20,10,0.5,0.49,10,0,Low,0.8,Normal Day,1.0,Leisure,0.86,1.4,0.345,0.5,39.46,0
hotel,HTL-07,Mountain Bliss Lodge,Alpine Chalet,7500.0,8080.0,6770.0,0.838,25,9,0.36,0.658,2,0,Low,0.8,Normal Day,1.0,Budget,1.55,2.6,0.354,3.5,47.47,4
hotel,HTL-08,Urban Hub Suites,Penthouse,12000.0,12710.0,21750.0,1.711,10,3,0.3,0.652,17,0,Peak,1.35,Holiday,1.3,Luxury,0.23,4.9,0.758,4.5,99.46,3
hotel,HTL-01,Sea Breeze Resort,Ocean View,6500.0,7460.0,9170.0,1.229,40,12,0.3,0.706,4,1,Regular,1.0,Weekend,1.15,Luxury,0.18,7.1,0.667,3.5,84.39,7
hotel,HTL-02,Urban Hub Suites,Studio Room,3200.0,3370.0,5310.0,1.576,80,17,0.212,0.781,22,1,Regular,1.0,Major Event,1.55,Business,0.36,1.1,0.749,8.5,99.29,17
hotel,HTL-03,Sea Breeze Resort,Standard Room,3800.0,3990.0,6050.0,1.516,60,18,0.3,0.696,12,0,Peak,1.35,Normal Day,1.0,Business,0.41,4.9,0.63,4.5,80.68,6
hotel,HTL-04,Urban Hub Suites,Studio Room,3200.0,3180.0,2820.0,0.887,80,45,0.562,0.437,21,0,Regular,1.0,Normal Day,1.0,Budget,1.51,0.1,0.277,2.5,34.75,4
hotel,HTL-05,Mountain Bliss Lodge,Alpine Chalet,7500.0,7220.0,7130.0,0.988,25,13,0.52,0.462,8,0,Regular,1.0,Normal Day,1.0,Luxury,0.17,4.3,0.459,0.5,51.13,0
hotel,HTL-06,Sea Breeze Resort,Standard Room,3800.0,4300.0,6050.0,1.407,60,3,0.05,0.948,5,1,Regular,1.0,Festival,1.45,Budget,1.56,1.2,0.605,5.5,87.76,3
hotel,HTL-07,Sea Breeze Resort,Ocean View,6500.0,6380.0,7510.0,1.177,40,27,0.675,0.324,24,0,Peak,1.35,Normal Day,1.0,Business,0.31,1.4,0.52,6.5,62.25,9
hotel,HTL-08,Urban Hub Suites,Penthouse,12000.0,12210.0,12450.0,1.02,10,5,0.5,0.531,5,0,Regular,1.0,Normal Day,1.0,Business,0.34,1.9,0.52,2.5,62.41,5
hotel,HTL-01,Sea Breeze Resort,Standard Room,3800.0,3800.0,9040.0,2.379,60,21,0.35,0.657,6,0,Holiday,1.6,Holiday,1.3,Leisure,0.91,0.6,0.72,4.5,100.0,11
hotel,HTL-02,Urban Hub Suites,Penthouse,12000.0,12030.0,11140.0,0.926,10,6,0.6,0.429,13,0,Regular,1.0,Normal Day,1.0,Budget,1.47,0.8,0.317,1.5,40.84,1
hotel,HTL-03,Sea Breeze Resort,Standard Room,3800.0,3810.0,5040.0,1.323,60,31,0.517,0.486,2,0,Holiday,1.6,Normal Day,1.0,Luxury,0.2,8.0,0.713,3.5,91.98,6
hotel,HTL-04,Urban Hub Suites,Penthouse,12000.0,12340.0,9520.0,0.771,10,5,0.5,0.468,11,0,Low,0.8,Normal Day,1.0,Budget,1.49,0.6,0.223,1.5,26.05,1
hotel,HTL-05,Mountain Bliss Lodge,Alpine Chalet,7500.0,7810.0,6740.0,0.863,25,12,0.48,0.517,4,0,Low,0.8,Normal Day,1.0,Leisure,0.81,4.0,0.385,1.5,45.3,2
hotel,HTL-06,City Central Inn,Economy Twin,2400.0,2310.0,3160.0,1.368,100,66,0.66,0.337,24,0,Peak,1.35,Normal Day,1.0,Business,0.49,6.4,0.496,2.5,60.12,4
hotel,HTL-07,Urban Hub Suites,Penthouse,12000.0,12480.0,12150.0,0.974,10,5,0.5,0.504,9,0,Regular,1.0,Normal Day,1.0,Business,0.44,7.4,0.526,2.5,64.42,3
hotel,HTL-08,Sea Breeze Resort,Standard Room,3800.0,3970.0,4350.0,1.096,60,25,0.417,0.581,7,0,Regular,1.0,Normal Day,1.0,Luxury,0.16,6.7,0.637,5.5,79.46,10
hotel,HTL-01,Urban Hub Suites,Penthouse,12000.0,11530.0,12270.0,1.064,10,4,0.4,0.569,15,0,Low,0.8,Holiday,1.3,Leisure,0.91,2.1,0.449,4.5,56.6,4
hotel,HTL-02,Urban Hub Suites,Studio Room,3200.0,3280.0,3960.0,1.207,80,32,0.4,0.601,14,0,Low,0.8,Festival,1.45,Business,0.37,3.5,0.626,5.5,79.76,9
hotel,HTL-03,Sea Breeze Resort,Standard Room,3800.0,3770.0,3050.0,0.809,60,21,0.35,0.655,1,0,Low,0.8,Normal Day,1.0,Leisure,0.97,0.4,0.412,5.5,51.26,10
hotel,HTL-04,Mountain Bliss Lodge,Alpine Chalet,7500.0,7080.0,5550.0,0.784,25,18,0.72,0.298,27,0,Low,0.8,Normal Day,1.0,Business,0.45,3.6,0.408,4.5,45.58,4
hotel,HTL-05,Sea Breeze Resort,Ocean View,6500.0,6840.0,7590.0,1.11,40,12,0.3,0.694,5,1,Low,0.8,Concert,1.35,Budget,1.58,0.7,0.494,2.5,70.25,3
hotel,HTL-06,Sea Breeze Resort,Standard Room,3800.0,3710.0,4890.0,1.318,60,40,0.667,0.335,26,0,Peak,1.35,Normal Day,1.0,Leisure,0.9,1.7,0.461,2.5,58.45,5
hotel,HTL-07,Grand Palace Hotel,Deluxe,5000.0,5080.0,6560.0,1.291,50,24,0.48,0.529,10,0,Peak,1.35,Normal Day,1.0,Business,0.44,6.5,0.56,2.5,69.77,5
hotel,HTL-08,Sea Breeze Resort,Ocean View,6500.0,6350.0,5950.0,0.937,40,21,0.525,0.475,12,0,Regular,1.0,Normal Day,1.0,Leisure,0.93,0.7,0.389,2.5,47.1,3
hotel,HTL-01,Mountain Bliss Lodge,Alpine Chalet,7500.0,8700.0,8120.0,0.933,25,4,0.16,0.836,8,1,Low,0.8,Weekend,1.15,Business,0.34,1.7,0.559,1.5,68.76,3
hotel,HTL-02,Urban Hub Suites,Penthouse,12000.0,11550.0,11890.0,1.029,10,5,0.5,0.517,5,0,Regular,1.0,Normal Day,1.0,Luxury,0.18,5.5,0.547,2.5,65.24,5
hotel,HTL-03,Sea Breeze Resort,Standard Room,3800.0,4040.0,3880.0,0.96,60,26,0.433,0.572,12,0,Regular,1.0,Normal Day,1.0,Budget,1.48,2.9,0.385,2.5,51.8,5
hotel,HTL-04,City Central Inn,Economy Twin,2400.0,2400.0,1900.0,0.792,100,57,0.57,0.434,40,0,Low,0.8,Normal Day,1.0,Business,0.31,2.7,0.381,1.5,39.89,3
hotel,HTL-05,Urban Hub Suites,Studio Room,3200.0,3080.0,5130.0,1.666,80,44,0.55,0.448,37,0,Holiday,1.6,Normal Day,1.0,Budget,1.48,0.4,0.502,3.5,70.46,4
hotel,HTL-06,City Central Inn,Economy Twin,2400.0,2150.0,1810.0,0.842,100,68,0.68,0.317,8,0,Low,0.8,Normal Day,1.0,Business,0.44,4.3,0.372,2.5,39.8,6
hotel,HTL-07,Grand Palace Hotel,Executive Suite,9000.0,10230.0,17020.0,1.664,20,3,0.15,0.871,14,1,Peak,1.35,Weekend,1.15,Leisure,0.84,3.0,0.725,2.5,100.0,3
hotel,HTL-08,Grand Palace Hotel,Deluxe,5000.0,5010.0,4250.0,0.848,50,20,0.4,0.599,2,0,Low,0.8,Normal Day,1.0,Business,0.39,0.3,0.461,2.5,53.47,3
hotel,HTL-01,Grand Palace Hotel,Executive Suite,9000.0,8120.0,10150.0,1.25,20,11,0.55,0.435,25,1,Regular,1.0,Weekend,1.15,Budget,1.52,4.8,0.471,5.5,65.89,10
hotel,HTL-02,Urban Hub Suites,Penthouse,12000.0,12860.0,20760.0,1.614,10,3,0.3,0.677,2,0,Holiday,1.6,Normal Day,1.0,Business,0.41,5.6,0.644,2.5,82.94,3
hotel,HTL-03,City Central Inn,Economy Twin,2400.0,2250.0,3350.0,1.489,100,59,0.59,0.414,28,0,Peak,1.35,Normal Day,1.0,Leisure,0.83,0.7,0.48,3.5,60.76,4
hotel,HTL-04,Grand Palace Hotel,Executive Suite,9000.0,10390.0,12850.0,1.237,20,2,0.1,0.886,5,0,Peak,1.35,Normal Day,1.0,Luxury,0.16,1.6,0.624,2.5,77.44,2
hotel,HTL-05,Urban Hub Suites,Studio Room,3200.0,3090.0,2900.0,0.939,80,57,0.713,0.291,11,0,Regular,1.0,Normal Day,1.0,Business,0.47,7.2,0.433,2.5,49.82,4
hotel,HTL-06,Sea Breeze Resort,Ocean View,6500.0,6070.0,4790.0,0.789,40,21,0.525,0.466,1,0,Low,0.8,Normal Day,1.0,Leisure,0.94,3.4,0.379,3.5,45.59,5
hotel,HTL-07,City Central Inn,Economy Twin,2400.0,2770.0,5560.0,2.007,100,22,0.22,0.784,1,1,Peak,1.35,Major Event,1.55,Budget,1.43,3.2,0.689,4.5,100.0,9
hotel,HTL-08,Grand Palace Hotel,Executive Suite,9000.0,9720.0,8610.0,0.886,20,11,0.55,0.437,27,0,Regular,1.0,Normal Day,1.0,Luxury,0.16,6.1,0.487,3.5,55.54,2
hotel,HTL-01,Urban Hub Suites,Studio Room,3200.0,3660.0,4120.0,1.126,80,14,0.175,0.82,6,1,Low,0.8,Festival,1.45,Leisure,0.89,1.9,0.596,2.5,79.9,3
hotel,HTL-02,City Central Inn,Economy Twin,2400.0,2720.0,3370.0,1.239,100,2,0.02,0.98,1,1,Regular,1.0,Weekend,1.15,Leisure,0.78,0.5,0.607,3.5,80.6,2
hotel,HTL-03,Sea Breeze Resort,Standard Room,3800.0,3650.0,3480.0,0.953,60,36,0.6,0.392,9,0,Regular,1.0,Normal Day,1.0,Leisure,0.81,2.3,0.461,3.5,57.55,4
hotel,HTL-04,Urban Hub Suites,Studio Room,3200.0,3240.0,3030.0,0.935,80,43,0.537,0.463,11,0,Regular,1.0,Normal Day,1.0,Luxury,0.17,5.0,0.476,1.5,53.73,1
hotel,HTL-05,City Central Inn,Economy Twin,2400.0,2620.0,2560.0,0.977,100,37,0.37,0.633,15,0,Regular,1.0,Normal Day,1.0,Leisure,0.96,0.3,0.481,7.5,62.17,10
hotel,HTL-06,Grand Palace Hotel,Deluxe,5000.0,5030.0,3930.0,0.781,50,23,0.46,0.541,8,0,Low,0.8,Normal Day,1.0,Budget,1.48,0.9,0.317,0.5,40.88,0
hotel,HTL-07,Urban Hub Suites,Studio Room,3200.0,3130.0,3950.0,1.262,80,29,0.362,0.633,9,1,Regular,1.0,Weekend,1.15,Luxury,0.28,1.5,0.642,4.5,81.36,8
hotel,HTL-08,Mountain Bliss Lodge,Alpine Chalet,7500.0,8810.0,8810.0,1.0,25,5,0.2,0.809,7,1,Regular,1.0,Weekend,1.15,Business,0.43,2.3,0.608,2.5,77.38,5
hotel,HTL-01,Grand Palace Hotel,Deluxe,5000.0,5130.0,4860.0,0.947,50,27,0.54,0.457,17,0,Regular,1.0,Normal Day,1.0,Budget,1.47,1.3,0.272,1.5,33.68,0
hotel,HTL-02,Mountain Bliss Lodge,Alpine Chalet,7500.0,8380.0,10050.0,1.199,25,10,0.4,0.591,7,0,Peak,1.35,Normal Day,1.0,Business,0.35,7.4,0.605,4.5,76.15,7
hotel,HTL-03,City Central Inn,Economy Twin,2400.0,2450.0,4680.0,1.91,100,20,0.2,0.802,13,0,Peak,1.35,Holiday,1.3,Budget,1.51,2.8,0.637,5.5,92.36,10
hotel,HTL-04,Urban Hub Suites,Studio Room,3200.0,3580.0,4320.0,1.207,80,12,0.15,0.85,3,1,Regular,1.0,Weekend,1.15,Budget,1.45,1.2,0.538,5.5,75.99,12
hotel,HTL-05,Grand Palace Hotel,Executive Suite,9000.0,8590.0,13650.0,1.589,20,13,0.65,0.36,52,0,Holiday,1.6,Normal Day,1.0,Leisure,0.84,1.8,0.515,1.5,66.53,1
hotel,HTL-06,Sea Breeze Resort,Ocean View,6500.0,6630.0,12010.0,1.811,40,18,0.45,0.544,1,0,Peak,1.35,Holiday,1.3,Budget,1.4,0.3,0.619,2.5,88.53,2
hotel,HTL-07,City Central Inn,Economy Twin,2400.0,2640.0,2420.0,0.917,100,27,0.27,0.732,6,1,Low,0.8,Weekend,1.15,Leisure,0.93,0.2,0.485,5.5,62.51,7
hotel,HTL-08,Sea Breeze Resort,Standard Room,3800.0,4480.0,6970.0,1.556,60,2,0.033,0.962,9,1,Regular,1.0,Major Event,1.55,Business,0.47,3.3,0.722,2.5,96.02,2
hotel,HTL-01,Grand Palace Hotel,Executive Suite,9000.0,9350.0,8890.0,0.951,20,10,0.5,0.479,2,0,Regular,1.0,Normal Day,1.0,Leisure,0.84,0.5,0.41,0.5,49.6,0
hotel,HTL-02,Sea Breeze Resort,Ocean View,6500.0,6070.0,8420.0,1.387,40,28,0.7,0.311,40,0,Peak,1.35,Normal Day,1.0,Leisure,0.94,0.5,0.514,7.5,67.32,11
hotel,HTL-03,City Central Inn,Economy Twin,2400.0,2640.0,2260.0,0.856,100,39,0.39,0.608,5,0,Low,0.8,Normal Day,1.0,Leisure,0.82,0.2,0.426,2.5,52.0,3
hotel,HTL-04,Sea Breeze Resort,Ocean View,6500.0,6850.0,5710.0,0.834,40,16,0.4,0.608,13,0,Low,0.8,Normal Day,1.0,Luxury,0.23,1.9,0.428,1.5,46.72,0
hotel,HTL-05,Sea Breeze Resort,Ocean View,6500.0,6610.0,14750.0,2.231,40,18,0.45,0.548,11,0,Holiday,1.6,Festival,1.45,Leisure,0.89,2.3,0.722,4.5,100.0,11
hotel,HTL-06,Grand Palace Hotel,Deluxe,5000.0,5270.0,9290.0,1.763,50,23,0.46,0.544,9,0,Peak,1.35,Festival,1.45,Budget,1.49,2.2,0.624,5.5,90.15,9
hotel,HTL-07,Sea Breeze Resort,Ocean View,6500.0,6790.0,6750.0,0.994,40,18,0.45,0.539,1,0,Regular,1.0,Normal Day,1.0,Luxury,0.21,7.1,0.564,2.5,68.28,4
hotel,HTL-08,Grand Palace Hotel,Executive Suite,9000.0,9150.0,13660.0,1.493,20,9,0.45,0.536,3,0,Regular,1.0,Festival,1.45,Leisure,0.88,1.2,0.598,6.5,80.2,8
hotel,HTL-01,Urban Hub Suites,Penthouse,12000.0,12300.0,13430.0,1.092,10,3,0.3,0.658,51,1,Low,0.8,Concert,1.35,Leisure,0.84,2.7,0.569,6.5,75.03,3
hotel,HTL-02,Grand Palace Hotel,Deluxe,5000.0,4520.0,5700.0,1.261,50,33,0.66,0.339,43,0,Peak,1.35,Normal Day,1.0,Business,0.45,3.3,0.553,5.5,68.78,11
hotel,HTL-03,Mountain Bliss Lodge,Alpine Chalet,7500.0,6780.0,6640.0,0.979,25,16,0.64,0.343,26,0,Regular,1.0,Normal Day,1.0,Leisure,0.89,2.5,0.387,0.5,46.52,0
hotel,HTL-04,Urban Hub Suites,Studio Room,3200.0,3180.0,3360.0,1.057,80,32,0.4,0.606,3,0,Regular,1.0,Normal Day,1.0,Leisure,0.94,3.8,0.466,0.5,59.51,1
hotel,HTL-05,Grand Palace Hotel,Deluxe,5000.0,5640.0,11840.0,2.099,50,3,0.06,0.937,29,1,Holiday,1.6,Concert,1.35,Leisure,0.88,0.9,0.722,3.5,100.0,3
hotel,HTL-06,Sea Breeze Resort,Standard Room,3800.0,3800.0,4770.0,1.255,60,19,0.317,0.686,3,1,Regular,1.0,Weekend,1.15,Leisure,0.92,2.7,0.647,6.5,88.3,12
hotel,HTL-07,Mountain Bliss Lodge,Alpine Chalet,7500.0,7790.0,7470.0,0.959,25,10,0.4,0.605,5,0,Regular,1.0,Normal Day,1.0,Budget,1.47,1.7,0.42,4.5,57.3,6
hotel,HTL-08,Urban Hub Suites,Studio Room,3200.0,3220.0,4890.0,1.519,80,43,0.537,0.465,14,0,Holiday,1.6,Normal Day,1.0,Leisure,0.93,0.4,0.592,6.5,79.62,13
hotel,HTL-01,Grand Palace Hotel,Deluxe,5000.0,5500.0,7000.0,1.273,50,13,0.26,0.744,18,1,Regular,1.0,Holiday,1.3,Leisure,0.94,1.0,0.556,4.5,74.01,5
hotel,HTL-02,Sea Breeze Resort,Ocean View,6500.0,7170.0,18310.0,2.554,40,4,0.1,0.909,25,1,Peak,1.35,Major Event,1.55,Luxury,0.13,0.7,0.767,2.5,100.0,4
hotel,HTL-03,Urban Hub Suites,Penthouse,12000.0,12190.0,14200.0,1.165,10,4,0.4,0.613,9,1,Regular,1.0,Weekend,1.15,Luxury,0.21,2.0,0.593,4.5,72.93,4
hotel,HTL-04,Grand Palace Hotel,Executive Suite,9000.0,9820.0,12980.0,1.322,20,3,0.15,0.843,4,1,Low,0.8,Major Event,1.55,Budget,1.43,1.0,0.565,3.5,80.13,3
hotel,HTL-05,Grand Palace Hotel,Executive Suite,9000.0,9180.0,7240.0,0.789,20,10,0.5,0.497,21,0,Low,0.8,Normal Day,1.0,Leisure,0.96,1.0,0.325,0.5,37.19,0
hotel,HTL-06,Urban Hub Suites,Penthouse,12000.0,11670.0,10320.0,0.884,10,7,0.7,0.333,23,0,Regular,1.0,Normal Day,1.0,Business,0.47,6.6,0.506,3.5,61.4,5
hotel,HTL-07,Grand Palace Hotel,Deluxe,5000.0,5670.0,6240.0,1.101,50,10,0.2,0.792,12,1,Low,0.8,Festival,1.45,Budget,1.56,0.5,0.52,5.5,74.2,6
hotel,HTL-08,City Central Inn,Economy Twin,2400.0,2540.0,3110.0,1.224,100,34,0.34,0.66,42,1,Regular,1.0,Weekend,1.15,Business,0.4,4.1,0.646,6.5,83.27,16
hotel,HTL-01,Urban Hub Suites,Penthouse,12000.0,12020.0,12150.0,1.011,10,4,0.4,0.555,13,0,Regular,1.0,Normal Day,1.0,Business,0.42,2.6,0.486,1.5,57.86,3
hotel,HTL-02,Grand Palace Hotel,Deluxe,5000.0,5300.0,9020.0,1.702,50,18,0.36,0.647,7,1,Holiday,1.6,Weekend,1.15,Business,0.38,4.2,0.752,6.5,100.0,14
hotel,HTL-03,Urban Hub Suites,Studio Room,3200.0,3140.0,2790.0,0.889,80,61,0.762,0.244,27,0,Regular,1.0,Normal Day,1.0,Budget,1.52,3.8,0.257,1.5,31.78,0
hotel,HTL-04,Mountain Bliss Lodge,Alpine Chalet,7500.0,7730.0,8020.0,1.038,25,11,0.44,0.567,1,0,Regular,1.0,Normal Day,1.0,Budget,1.45,0.6,0.37,0.5,49.12,0
hotel,HTL-05,City Central Inn,Economy Twin,2400.0,2500.0,3340.0,1.336,100,55,0.55,0.447,45,1,Regular,1.0,Festival,1.45,Leisure,0.87,1.0,0.495,1.5,63.48,3
hotel,HTL-06,City Central Inn,Economy Twin,2400.0,2440.0,2930.0,1.201,100,31,0.31,0.686,10,1,Regular,1.0,Weekend,1.15,Luxury,0.24,2.1,0.664,6.5,84.55,9
hotel,HTL-07,Grand Palace Hotel,Executive Suite,9000.0,9160.0,13620.0,1.487,20,9,0.45,0.54,12,0,Peak,1.35,Normal Day,1.0,Budget,1.54,0.5,0.513,1.5,72.84,2
hotel,HTL-08,Sea Breeze Resort,Standard Room,3800.0,3990.0,4180.0,1.048,60,15,0.25,0.755,8,1,Low,0.8,Concert,1.35,Budget,1.47,2.8,0.461,2.5,63.84,3
hotel,HTL-01,City Central Inn,Economy Twin,2400.0,2550.0,3180.0,1.247,100,48,0.48,0.517,19,0,Peak,1.35,Normal Day,1.0,Leisure,0.84,2.1,0.486,3.5,61.78,2
hotel,HTL-02,Mountain Bliss Lodge,Alpine Chalet,7500.0,7810.0,7870.0,1.008,25,8,0.32,0.665,5,1,Low,0.8,Weekend,1.15,Budget,1.49,2.1,0.424,2.5,58.09,4
hotel,HTL-03,Sea Breeze Resort,Ocean View,6500.0,7310.0,14640.0,2.003,40,5,0.125,0.878,5,0,Holiday,1.6,Holiday,1.3,Budget,1.47,1.9,0.687,3.5,100.0,5
hotel,HTL-04,Grand Palace Hotel,Executive Suite,9000.0,9110.0,8720.0,0.957,20,9,0.45,0.554,3,0,Regular,1.0,Normal Day,1.0,Leisure,0.95,0.4,0.479,4.5,61.83,8
hotel,HTL-05,Grand Palace Hotel,Deluxe,5000.0,4960.0,6530.0,1.317,50,24,0.48,0.527,11,1,Regular,1.0,Weekend,1.15,Business,0.36,4.1,0.654,5.5,84.03,11
hotel,HTL-06,Sea Breeze Resort,Ocean View,6500.0,5960.0,5000.0,0.839,40,26,0.65,0.359,5,0,Low,0.8,Normal Day,1.0,Luxury,0.2,3.8,0.461,1.5,51.65,2
hotel,HTL-07,Grand Palace Hotel,Executive Suite,9000.0,7940.0,7180.0,0.904,20,12,0.6,0.383,21,0,Low,0.8,Normal Day,1.0,Budget,1.56,0.3,0.265,0.5,33.37,0
hotel,HTL-08,Sea Breeze Resort,Ocean View,6500.0,6920.0,13160.0,1.902,40,14,0.35,0.643,1,0,Peak,1.35,Holiday,1.3,Leisure,0.92,1.2,0.699,4.5,96.67,11
hotel,HTL-01,Sea Breeze Resort,Ocean View,6500.0,6590.0,4970.0,0.754,40,26,0.65,0.356,3,0,Low,0.8,Normal Day,1.0,Business,0.53,7.4,0.441,1.5,51.7,3
hotel,HTL-02,Grand Palace Hotel,Deluxe,5000.0,5460.0,6570.0,1.203,50,7,0.14,0.864,12,1,Regular,1.0,Weekend,1.15,Business,0.39,3.9,0.615,3.5,78.2,7
hotel,HTL-03,Mountain Bliss Lodge,Alpine Chalet,7500.0,7670.0,11380.0,1.484,25,13,0.52,0.464,14,0,Regular,1.0,Festival,1.45,Budget,1.46,1.0,0.486,4.5,67.72,4
hotel,HTL-04,Sea Breeze Resort,Standard Room,3800.0,3850.0,2610.0,0.678,60,34,0.567,0.428,12,0,Low,0.8,Normal Day,1.0,Luxury,0.18,5.1,0.451,3.5,49.84,4
hotel,HTL-05,Sea Breeze Resort,Standard Room,3800.0,3670.0,4570.0,1.245,60,22,0.367,0.625,4,1,Low,0.8,Major Event,1.55,Leisure,0.94,1.6,0.624,4.5,84.91,11
hotel,HTL-06,Grand Palace Hotel,Deluxe,5000.0,4910.0,3750.0,0.764,50,36,0.72,0.283,36,0,Low,0.8,Normal Day,1.0,Leisure,0.96,0.6,0.305,4.5,33.97,1
hotel,HTL-07,City Central Inn,Economy Twin,2400.0,2230.0,5030.0,2.256,100,53,0.53,0.475,30,0,Peak,1.35,Festival,1.45,Budget,1.52,2.4,0.684,8.5,100.0,17
hotel,HTL-08,Sea Breeze Resort,Standard Room,3800.0,3720.0,2910.0,0.782,60,32,0.533,0.469,7,0,Low,0.8,Normal Day,1.0,Luxury,0.25,6.4,0.432,1.5,47.6,1
hotel,HTL-01,Sea Breeze Resort,Ocean View,6500.0,6630.0,6470.0,0.976,40,17,0.425,0.586,17,0,Regular,1.0,Normal Day,1.0,Business,0.43,4.9,0.497,3.5,59.58,6
hotel,HTL-02,Urban Hub Suites,Studio Room,3200.0,3210.0,6230.0,1.941,80,29,0.362,0.634,19,0,Peak,1.35,Holiday,1.3,Leisure,0.91,1.1,0.663,6.5,90.82,13
hotel,HTL-03,City Central Inn,Economy Twin,2400.0,2460.0,2430.0,0.988,100,38,0.38,0.619,20,1,Low,0.8,Weekend,1.15,Luxury,0.17,0.9,0.581,5.5,70.55,11
hotel,HTL-04,Grand Palace Hotel,Deluxe,5000.0,5220.0,5910.0,1.132,50,20,0.4,0.597,1,0,Regular,1.0,Normal Day,1.0,Budget,1.53,2.7,0.411,0.5,56.42,0
hotel,HTL-05,Grand Palace Hotel,Executive Suite,9000.0,7950.0,7260.0,0.913,20,16,0.8,0.198,4,0,Regular,1.0,Normal Day,1.0,Leisure,1.0,0.9,0.313,1.5,35.73,2
hotel,HTL-06,Sea Breeze Resort,Ocean View,6500.0,6280.0,7140.0,1.137,40,21,0.525,0.47,4,0,Low,0.8,Holiday,1.3,Leisure,0.96,2.7,0.473,5.5,60.89,4
hotel,HTL-07,Grand Palace Hotel,Deluxe,5000.0,4440.0,9130.0,2.056,50,34,0.68,0.325,22,0,Peak,1.35,Festival,1.45,Leisure,0.97,0.3,0.665,3.5,91.65,7
hotel,HTL-08,Urban Hub Suites,Penthouse,12000.0,11720.0,17080.0,1.457,10,3,0.3,0.676,2,0,Peak,1.35,Normal Day,1.0,Leisure,0.95,0.2,0.608,7.5,82.45,3
hotel,HTL-01,Urban Hub Suites,Studio Room,3200.0,3070.0,2950.0,0.961,80,49,0.613,0.392,20,0,Regular,1.0,Normal Day,1.0,Leisure,0.98,0.9,0.339,2.5,39.71,4
hotel,HTL-02,Grand Palace Hotel,Deluxe,5000.0,5580.0,5830.0,1.045,50,14,0.28,0.725,24,1,Regular,1.0,Weekend,1.15,Business,0.35,4.7,0.643,6.5,82.24,13
hotel,HTL-03,Sea Breeze Resort,Standard Room,3800.0,3720.0,5190.0,1.395,60,31,0.517,0.483,6,0,Peak,1.35,Normal Day,1.0,Luxury,0.13,4.1,0.612,5.5,75.16,11
hotel,HTL-04,Grand Palace Hotel,Deluxe,5000.0,5540.0,12500.0,2.256,50,1,0.02,0.98,33,1,Holiday,1.6,Holiday,1.3,Leisure,0.94,1.4,0.719,2.5,100.0,1
hotel,HTL-05,Grand Palace Hotel,Deluxe,5000.0,4640.0,4560.0,0.983,50,31,0.62,0.37,22,0,Regular,1.0,Normal Day,1.0,Leisure,0.94,0.8,0.364,0.5,43.34,0
hotel,HTL-06,Sea Breeze Resort,Ocean View,6500.0,6800.0,10440.0,1.535,40,16,0.4,0.598,26,0,Holiday,1.6,Normal Day,1.0,Leisure,0.92,1.1,0.568,5.5,75.69,9
hotel,HTL-07,Sea Breeze Resort,Ocean View,6500.0,6530.0,11250.0,1.723,40,10,0.25,0.762,9,0,Regular,1.0,Festival,1.45,Budget,1.47,2.8,0.601,6.5,86.23,10
hotel,HTL-08,City Central Inn,Economy Twin,2400.0,2410.0,2970.0,1.232,100,39,0.39,0.61,35,1,Regular,1.0,Weekend,1.15,Budget,1.48,0.0,0.437,3.5,60.08,5
hotel,HTL-01,Grand Palace Hotel,Deluxe,5000.0,5320.0,9510.0,1.788,50,16,0.32,0.676,1,0,Holiday,1.6,Normal Day,1.0,Budget,1.51,1.1,0.595,3.5,85.7,8
hotel,HTL-02,Urban Hub Suites,Studio Room,3200.0,3350.0,5050.0,1.507,80,20,0.25,0.756,8,1,Regular,1.0,Festival,1.45,Luxury,0.15,3.5,0.748,2.5,97.16,7
hotel,HTL-03,Grand Palace Hotel,Deluxe,5000.0,4490.0,4640.0,1.033,50,28,0.56,0.433,5,0,Regular,1.0,Normal Day,1.0,Leisure,0.88,2.1,0.41,1.5,50.05,2
hotel,HTL-04,Sea Breeze Resort,Ocean View,6500.0,7020.0,8380.0,1.194,40,14,0.35,0.657,3,0,Regular,1.0,Holiday,1.3,Budget,1.49,0.5,0.447,3.5,61.76,8
hotel,HTL-05,Grand Palace Hotel,Deluxe,5000.0,4770.0,4650.0,0.975,50,31,0.62,0.371,10,0,Regular,1.0,Normal Day,1.0,Business,0.38,3.7,0.477,3.5,55.9,3
hotel,HTL-06,Sea Breeze Resort,Standard Room,3800.0,4060.0,6030.0,1.485,60,11,0.183,0.822,1,1,Peak,1.35,Weekend,1.15,Business,0.35,2.2,0.721,2.5,94.79,3
hotel,HTL-07,Urban Hub Suites,Studio Room,3200.0,3210.0,4410.0,1.374,80,46,0.575,0.428,8,0,Peak,1.35,Normal Day,1.0,Leisure,0.93,1.6,0.547,4.5,72.52,7
hotel,HTL-08,Urban Hub Suites,Penthouse,12000.0,11750.0,12520.0,1.066,10,4,0.4,0.565,4,0,Regular,1.0,Normal Day,1.0,Business,0.41,2.6,0.485,1.5,57.53,1
hotel,HTL-01,Sea Breeze Resort,Standard Room,3800.0,3820.0,8430.0,2.207,60,24,0.4,0.608,16,0,Peak,1.35,Festival,1.45,Budget,1.46,2.4,0.669,3.5,97.0,5
hotel,HTL-02,Urban Hub Suites,Studio Room,3200.0,3350.0,3190.0,0.952,80,35,0.438,0.563,4,0,Regular,1.0,Normal Day,1.0,Budget,1.53,1.0,0.448,5.5,62.37,8
hotel,HTL-03,Grand Palace Hotel,Deluxe,5000.0,5490.0,7180.0,1.308,50,14,0.28,0.716,8,0,Regular,1.0,Holiday,1.3,Business,0.43,7.2,0.691,6.5,90.69,12
hotel,HTL-04,Urban Hub Suites,Penthouse,12000.0,12320.0,13130.0,1.066,10,5,0.5,0.509,5,0,Regular,1.0,Normal Day,1.0,Luxury,0.1,2.8,0.484,1.5,54.42,2
hotel,HTL-05,Grand Palace Hotel,Deluxe,5000.0,5100.0,8600.0,1.686,50,15,0.3,0.694,25,1,Peak,1.35,Weekend,1.15,Leisure,0.97,1.1,0.628,2.5,85.75,5
hotel,HTL-06,Sea Breeze Resort,Standard Room,3800.0,3970.0,5640.0,1.421,60,15,0.25,0.749,7,0,Peak,1.35,Normal Day,1.0,Budget,1.51,2.9,0.533,6.5,75.76,8
hotel,HTL-07,Mountain Bliss Lodge,Alpine Chalet,7500.0,7180.0,5720.0,0.797,25,10,0.4,0.612,3,0,Low,0.8,Normal Day,1.0,Leisure,0.93,0.2,0.406,1.5,49.84,1
hotel,HTL-08,City Central Inn,Economy Twin,2400.0,2500.0,2240.0,0.896,100,28,0.28,0.721,9,0,Low,0.8,Normal Day,1.0,Business,0.39,4.0,0.489,1.5,57.99,3
hotel,HTL-01,City Central Inn,Economy Twin,2400.0,2510.0,2040.0,0.813,100,34,0.34,0.657,4,1,Low,0.8,Weekend,1.15,Business,0.48,1.8,0.554,4.5,69.31,8
hotel,HTL-02,Grand Palace Hotel,Executive Suite,9000.0,9730.0,14310.0,1.471,20,10,0.5,0.478,26,1,Regular,1.0,Festival,1.45,Business,0.41,7.7,0.593,3.5,74.81,7
hotel,HTL-03,City Central Inn,Economy Twin,2400.0,2440.0,3280.0,1.344,100,45,0.45,0.551,10,1,Regular,1.0,Concert,1.35,Business,0.39,2.2,0.625,4.5,79.69,8
hotel,HTL-04,Grand Palace Hotel,Deluxe,5000.0,5160.0,5170.0,1.002,50,14,0.28,0.725,28,1,Low,0.8,Weekend,1.15,Business,0.38,5.0,0.547,3.5,67.12,6
hotel,HTL-05,Sea Breeze Resort,Standard Room,3800.0,3990.0,5330.0,1.336,60,25,0.417,0.584,4,0,Regular,1.0,Holiday,1.3,Leisure,0.93,1.5,0.508,3.5,66.16,5
hotel,HTL-06,Grand Palace Hotel,Deluxe,5000.0,5120.0,5190.0,1.014,50,16,0.32,0.683,3,0,Regular,1.0,Normal Day,1.0,Budget,1.58,1.5,0.362,0.5,49.08,0
hotel,HTL-07,Sea Breeze Resort,Ocean View,6500.0,7020.0,10200.0,1.453,40,13,0.325,0.673,4,0,Holiday,1.6,Normal Day,1.0,Business,0.29,3.4,0.646,2.5,82.08,5
hotel,HTL-08,Sea Breeze Resort,Standard Room,3800.0,3920.0,6220.0,1.587,60,16,0.267,0.741,4,0,Regular,1.0,Festival,1.45,Leisure,0.85,4.4,0.684,4.5,93.63,11
hotel,HTL-01,Urban Hub Suites,Studio Room,3200.0,3500.0,7460.0,2.131,80,5,0.062,0.937,30,1,Holiday,1.6,Concert,1.35,Leisure,0.89,0.3,0.722,4.5,100.0,5
hotel,HTL-02,Grand Palace Hotel,Deluxe,5000.0,5620.0,5480.0,0.975,50,14,0.28,0.72,5,0,Regular,1.0,Normal Day,1.0,Business,0.39,1.7,0.489,0.5,57.97,1
hotel,HTL-03,Mountain Bliss Lodge,Alpine Chalet,7500.0,7660.0,13460.0,1.757,25,8,0.32,0.662,3,0,Holiday,1.6,Normal Day,1.0,Budget,1.5,0.1,0.594,3.5,85.42,3
hotel,HTL-04,Urban Hub Suites,Penthouse,12000.0,13310.0,13890.0,1.044,10,3,0.3,0.739,5,0,Regular,1.0,Normal Day,1.0,Business,0.34,4.0,0.603,2.5,75.72,3
hotel,HTL-05,Mountain Bliss Lodge,Alpine Chalet,7500.0,7890.0,6140.0,0.778,25,14,0.56,0.445,17,0,Low,0.8,Normal Day,1.0,Budget,1.51,2.2,0.29,1.5,36.88,2
hotel,HTL-06,Sea Breeze Resort,Standard Room,3800.0,4400.0,5970.0,1.357,60,4,0.067,0.938,7,1,Regular,1.0,Holiday,1.3,Business,0.47,0.9,0.74,7.5,98.84,4
hotel,HTL-07,Sea Breeze Resort,Ocean View,6500.0,6990.0,14480.0,2.072,40,12,0.3,0.71,15,1,Peak,1.35,Festival,1.45,Budget,1.56,1.9,0.681,5.5,100.0,12
hotel,HTL-08,Mountain Bliss Lodge,Alpine Chalet,7500.0,7730.0,8440.0,1.092,25,11,0.44,0.578,7,0,Low,0.8,Festival,1.45,Budget,1.55,1.9,0.43,4.5,59.74,9
hotel,HTL-01,Grand Palace Hotel,Executive Suite,9000.0,9070.0,10720.0,1.182,20,8,0.4,0.589,1,0,Regular,1.0,Normal Day,1.0,Leisure,0.87,0.9,0.508,3.5,65.58,5
hotel,HTL-02,Mountain Bliss Lodge,Alpine Chalet,7500.0,7480.0,10600.0,1.417,25,13,0.52,0.493,24,0,Regular,1.0,Festival,1.45,Leisure,0.9,1.9,0.541,3.5,71.23,4
hotel,HTL-03,Sea Breeze Resort,Standard Room,3800.0,4210.0,7010.0,1.665,60,17,0.283,0.72,27,0,Holiday,1.6,Normal Day,1.0,Leisure,0.96,2.3,0.634,4.5,86.71,10
hotel,HTL-04,Urban Hub Suites,Studio Room,3200.0,3330.0,3950.0,1.186,80,43,0.537,0.466,6,0,Regular,1.0,Holiday,1.3,Budget,1.54,0.6,0.488,7.5,68.82,13
hotel,HTL-05,Mountain Bliss Lodge,Alpine Chalet,7500.0,7970.0,10990.0,1.379,25,12,0.48,0.529,22,0,Holiday,1.6,Normal Day,1.0,Leisure,0.9,0.7,0.6,8.5,80.71,12
hotel,HTL-06,Mountain Bliss Lodge,Alpine Chalet,7500.0,7060.0,9370.0,1.327,25,18,0.72,0.281,25,0,Peak,1.35,Normal Day,1.0,Leisure,0.93,2.6,0.513,5.5,67.08,8
hotel,HTL-07,Grand Palace Hotel,Deluxe,5000.0,5130.0,6020.0,1.173,50,18,0.36,0.637,8,1,Regular,1.0,Weekend,1.15,Leisure,0.86,1.4,0.577,5.5,76.52,10
hotel,HTL-08,City Central Inn,Economy Twin,2400.0,2330.0,3970.0,1.704,100,55,0.55,0.451,5,0,Holiday,1.6,Normal Day,1.0,Budget,1.48,0.8,0.54,2.5,76.67,3
hotel,HTL-01,Grand Palace Hotel,Executive Suite,9000.0,9440.0,14890.0,1.577,20,7,0.35,0.646,25,0,Holiday,1.6,Normal Day,1.0,Business,0.46,1.1,0.607,4.5,77.57,5
hotel,HTL-02,Sea Breeze Resort,Standard Room,3800.0,3710.0,3040.0,0.819,60,40,0.667,0.334,4,0,Low,0.8,Normal Day,1.0,Leisure,0.98,1.1,0.363,1.5,43.54,1
hotel,HTL-03,Urban Hub Suites,Penthouse,12000.0,13400.0,24160.0,1.803,10,3,0.3,0.746,1,1,Holiday,1.6,Weekend,1.15,Budget,1.53,0.4,0.612,2.5,88.67,3
hotel,HTL-04,Sea Breeze Resort,Ocean View,6500.0,6450.0,9790.0,1.518,40,18,0.45,0.541,11,0,Peak,1.35,Normal Day,1.0,Budget,1.54,1.7,0.491,3.5,69.35,5
hotel,HTL-05,Urban Hub Suites,Penthouse,12000.0,12150.0,13970.0,1.15,10,4,0.4,0.619,11,0,Regular,1.0,Normal Day,1.0,Business,0.4,1.2,0.566,5.5,70.32,4
hotel,HTL-06,Mountain Bliss Lodge,Alpine Chalet,7500.0,7740.0,10150.0,1.311,25,12,0.48,0.503,19,0,Regular,1.0,Holiday,1.3,Luxury,0.21,2.4,0.531,3.5,62.96,5
hotel,HTL-07,City Central Inn,Economy Twin,2400.0,2410.0,2040.0,0.846,100,35,0.35,0.652,6,0,Low,0.8,Normal Day,1.0,Leisure,0.91,1.7,0.408,0.5,49.96,1
hotel,HTL-08,Urban Hub Suites,Studio Room,3200.0,3050.0,5630.0,1.846,80,51,0.637,0.368,2,0,Peak,1.35,Festival,1.45,Leisure,0.91,2.0,0.706,5.5,97.64,12
hotel,HTL-01,Sea Breeze Resort,Ocean View,6500.0,6420.0,4750.0,0.74,40,23,0.575,0.427,38,0,Low,0.8,Normal Day,1.0,Business,0.45,7.0,0.395,1.5,43.44,1
hotel,HTL-02,Mountain Bliss Lodge,Alpine Chalet,7500.0,7870.0,11740.0,1.492,25,8,0.32,0.666,1,0,Peak,1.35,Normal Day,1.0,Business,0.35,2.9,0.622,3.5,78.88,4
hotel,HTL-03,Urban Hub Suites,Penthouse,12000.0,12810.0,12160.0,0.949,10,4,0.4,0.55,32,1,Low,0.8,Holiday,1.3,Leisure,0.85,3.7,0.444,2.5,55.26,3
hotel,HTL-04,Urban Hub Suites,Penthouse,12000.0,12050.0,13930.0,1.156,10,4,0.4,0.598,17,1,Low,0.8,Festival,1.45,Budget,1.45,1.3,0.498,5.5,69.64,4
hotel,HTL-05,Urban Hub Suites,Studio Room,3200.0,3280.0,3430.0,1.046,80,35,0.438,0.563,10,0,Regular,1.0,Normal Day,1.0,Luxury,0.26,1.7,0.454,3.5,51.21,7
hotel,HTL-06,Urban Hub Suites,Studio Room,3200.0,3650.0,3910.0,1.071,80,20,0.25,0.745,30,1,Regular,1.0,Weekend,1.15,Leisure,0.86,0.2,0.467,3.5,59.05,3
hotel,HTL-07,Urban Hub Suites,Penthouse,12000.0,13050.0,13430.0,1.029,10,3,0.3,0.679,7,0,Regular,1.0,Normal Day,1.0,Leisure,0.86,0.8,0.437,0.5,54.18,1
hotel,HTL-08,Grand Palace Hotel,Deluxe,5000.0,5420.0,6490.0,1.197,50,17,0.34,0.659,4,1,Low,0.8,Major Event,1.55,Leisure,0.92,1.7,0.625,5.5,84.9,9
hotel,HTL-01,Grand Palace Hotel,Executive Suite,9000.0,8420.0,11080.0,1.316,20,12,0.6,0.398,42,0,Peak,1.35,Normal Day,1.0,Budget,1.54,0.1,0.37,0.5,50.01,1
hotel,HTL-02,Grand Palace Hotel,Deluxe,5000.0,4640.0,4830.0,1.041,50,34,0.68,0.319,8,0,Regular,1.0,Normal Day,1.0,Budget,1.52,1.4,0.332,0.5,43.73,1
hotel,HTL-03,Urban Hub Suites,Studio Room,3200.0,3230.0,4930.0,1.526,80,46,0.575,0.42,3,0,Holiday,1.6,Normal Day,1.0,Leisure,0.8,3.4,0.546,3.5,70.97,8
hotel,HTL-04,Urban Hub Suites,Studio Room,3200.0,3650.0,4610.0,1.263,80,15,0.188,0.807,5,1,Regular,1.0,Concert,1.35,Business,0.51,2.4,0.606,0.5,77.93,0
hotel,HTL-05,Sea Breeze Resort,Standard Room,3800.0,3740.0,5510.0,1.473,60,32,0.533,0.47,26,0,Regular,1.0,Festival,1.45,Business,0.25,1.1,0.562,3.5,68.31,6
hotel,HTL-06,Grand Palace Hotel,Executive Suite,9000.0,8260.0,12500.0,1.513,20,13,0.65,0.345,10,0,Regular,1.0,Festival,1.45,Business,0.37,5.2,0.657,5.5,84.65,13
hotel,HTL-07,Mountain Bliss Lodge,Alpine Chalet,7500.0,7230.0,6600.0,0.913,25,14,0.56,0.457,8,0,Regular,1.0,Normal Day,1.0,Budget,1.52,0.1,0.358,3.5,47.85,2
hotel,HTL-08,Grand Palace Hotel,Deluxe,5000.0,4350.0,3480.0,0.8,50,35,0.7,0.307,26,0,Low,0.8,Normal Day,1.0,Business,0.48,3.0,0.41,2.5,46.24,2
hotel,HTL-01,Sea Breeze Resort,Standard Room,3800.0,3700.0,3910.0,1.057,60,27,0.45,0.55,1,0,Regular,1.0,Normal Day,1.0,Leisure,0.83,1.9,0.431,3.5,52.94,3
hotel,HTL-02,City Central Inn,Economy Twin,2400.0,2620.0,4410.0,1.683,100,14,0.14,0.861,11,1,Peak,1.35,Weekend,1.15,Leisure,0.96,0.5,0.665,3.5,91.63,4
hotel,HTL-03,Sea Breeze Resort,Standard Room,3800.0,3530.0,4660.0,1.32,60,36,0.6,0.408,37,0,Peak,1.35,Normal Day,1.0,Leisure,1.03,1.7,0.484,4.5,63.28,5
hotel,HTL-04,Urban Hub Suites,Penthouse,12000.0,12480.0,12460.0,0.998,10,4,0.4,0.583,16,0,Low,0.8,Holiday,1.3,Budget,1.47,3.8,0.373,0.5,49.86,0
hotel,HTL-05,Sea Breeze Resort,Ocean View,6500.0,6240.0,6380.0,1.022,40,27,0.675,0.336,10,0,Regular,1.0,Normal Day,1.0,Budget,1.48,0.4,0.38,3.5,50.95,5
hotel,HTL-06,Sea Breeze Resort,Ocean View,6500.0,7030.0,7760.0,1.104,40,11,0.275,0.721,8,1,Regular,1.0,Weekend,1.15,Budget,1.47,1.5,0.511,3.5,71.88,4
hotel,HTL-07,Grand Palace Hotel,Deluxe,5000.0,5790.0,6080.0,1.05,50,15,0.3,0.696,9,1,Regular,1.0,Weekend,1.15,Leisure,0.9,1.7,0.583,3.5,77.84,5
hotel,HTL-08,Grand Palace Hotel,Executive Suite,9000.0,8830.0,9410.0,1.066,20,8,0.4,0.592,1,0,Regular,1.0,Normal Day,1.0,Budget,1.54,0.6,0.377,2.5,51.04,1
hotel,HTL-01,City Central Inn,Economy Twin,2400.0,2310.0,3290.0,1.424,100,56,0.56,0.435,1,0,Peak,1.35,Normal Day,1.0,Budget,1.46,1.8,0.416,3.5,56.56,3
hotel,HTL-02,Sea Breeze Resort,Standard Room,3800.0,4100.0,4840.0,1.18,60,14,0.233,0.769,37,1,Regular,1.0,Weekend,1.15,Leisure,0.92,2.4,0.52,5.5,68.04,9
hotel,HTL-03,Sea Breeze Resort,Ocean View,6500.0,6960.0,10160.0,1.46,40,12,0.3,0.695,2,0,Peak,1.35,Normal Day,1.0,Leisure,0.91,2.0,0.626,7.5,84.85,12
hotel,HTL-04,City Central Inn,Economy Twin,2400.0,2270.0,2250.0,0.991,100,54,0.54,0.461,13,0,Regular,1.0,Normal Day,1.0,Business,0.44,2.0,0.434,1.5,49.71,3
hotel,HTL-05,City Central Inn,Economy Twin,2400.0,2440.0,3840.0,1.574,100,31,0.31,0.688,2,1,Peak,1.35,Weekend,1.15,Budget,1.54,2.5,0.61,4.5,88.37,8
hotel,HTL-06,Grand Palace Hotel,Deluxe,5000.0,5260.0,13880.0,2.639,50,16,0.32,0.678,5,0,Holiday,1.6,Festival,1.45,Leisure,0.88,6.0,0.722,1.5,100.0,3
hotel,HTL-07,Grand Palace Hotel,Executive Suite,9000.0,9130.0,9670.0,1.059,20,8,0.4,0.58,2,0,Regular,1.0,Normal Day,1.0,Luxury,0.19,10.0,0.54,2.5,64.3,4
hotel,HTL-08,Urban Hub Suites,Penthouse,12000.0,12980.0,15280.0,1.177,10,2,0.2,0.825,10,1,Low,0.8,Concert,1.35,Business,0.42,4.6,0.64,5.5,82.46,2
hotel,HTL-01,Sea Breeze Resort,Standard Room,3800.0,3410.0,6400.0,1.877,60,39,0.65,0.354,14,0,Holiday,1.6,Normal Day,1.0,Business,0.32,4.4,0.658,5.5,84.28,10
hotel,HTL-02,City Central Inn,Economy Twin,2400.0,2370.0,4270.0,1.802,100,45,0.45,0.555,1,0,Holiday,1.6,Normal Day,1.0,Business,0.47,2.4,0.707,4.5,93.64,9
hotel,HTL-03,Urban Hub Suites,Studio Room,3200.0,3420.0,2620.0,0.766,80,17,0.212,0.782,1,0,Low,0.8,Normal Day,1.0,Leisure,0.9,0.1,0.421,0.5,52.05,1
hotel,HTL-04,Sea Breeze Resort,Ocean View,6500.0,6930.0,4840.0,0.698,40,22,0.55,0.451,8,0,Low,0.8,Normal Day,1.0,Business,0.45,7.0,0.52,3.5,63.57,6
hotel,HTL-05,Grand Palace Hotel,Deluxe,5000.0,4520.0,3400.0,0.752,50,38,0.76,0.243,35,0,Low,0.8,Normal Day,1.0,Leisure,0.95,1.6,0.263,1.5,27.26,1
hotel,HTL-06,Mountain Bliss Lodge,Alpine Chalet,7500.0,7100.0,8030.0,1.131,25,10,0.4,0.609,2,0,Regular,1.0,Normal Day,1.0,Leisure,0.95,1.8,0.515,3.5,67.56,3
hotel,HTL-07,Grand Palace Hotel,Deluxe,5000.0,4870.0,7590.0,1.559,50,31,0.62,0.388,3,0,Holiday,1.6,Normal Day,1.0,Business,0.38,6.4,0.656,7.5,84.65,14
hotel,HTL-08,Urban Hub Suites,Studio Room,3200.0,3290.0,4430.0,1.347,80,33,0.412,0.589,2,0,Peak,1.35,Normal Day,1.0,Business,0.44,1.8,0.644,2.5,83.3,6
hotel,HTL-01,Sea Breeze Resort,Ocean View,6500.0,6400.0,6520.0,1.019,40,19,0.475,0.513,1,0,Regular,1.0,Normal Day,1.0,Budget,1.52,1.6,0.347,3.5,46.08,5
hotel,HTL-02,Mountain Bliss Lodge,Alpine Chalet,7500.0,8620.0,17030.0,1.976,25,1,0.04,0.98,4,1,Peak,1.35,Major Event,1.55,Leisure,0.89,0.1,0.722,2.5,100.0,1
hotel,HTL-03,Sea Breeze Resort,Ocean View,6500.0,6430.0,5800.0,0.902,40,18,0.45,0.548,4,0,Regular,1.0,Normal Day,1.0,Leisure,0.98,4.3,0.426,1.5,53.64,1
hotel,HTL-04,Urban Hub Suites,Studio Room,3200.0,3490.0,8590.0,2.461,80,25,0.312,0.688,3,1,Holiday,1.6,Major Event,1.55,Budget,1.52,1.8,0.684,4.5,100.0,10
hotel,HTL-05,Grand Palace Hotel,Deluxe,5000.0,4880.0,4400.0,0.902,50,32,0.64,0.367,21,0,Regular,1.0,Normal Day,1.0,Luxury,0.23,9.1,0.492,3.5,56.91,1
hotel,HTL-06,City Central Inn,Economy Twin,2400.0,2370.0,1820.0,0.768,100,56,0.56,0.442,11,0,Low,0.8,Normal Day,1.0,Business,0.41,7.6,0.461,3.5,53.7,6
hotel,HTL-07,Grand Palace Hotel,Executive Suite,9000.0,9060.0,7040.0,0.777,20,10,0.5,0.493,2,0,Low,0.8,Normal Day,1.0,Budget,1.45,1.2,0.364,3.5,48.23,3
hotel,HTL-08,Urban Hub Suites,Penthouse,12000.0,11580.0,12080.0,1.043,10,5,0.5,0.512,20,0,Regular,1.0,Normal Day,1.0,Budget,1.49,0.1,0.347,3.5,45.75,5
hotel,HTL-01,Grand Palace Hotel,Executive Suite,9000.0,9160.0,9220.0,1.007,20,7,0.35,0.635,4,0,Regular,1.0,Normal Day,1.0,Business,0.41,4.1,0.553,3.5,68.48,7
hotel,HTL-02,Urban Hub Suites,Studio Room,3200.0,3230.0,5470.0,1.693,80,55,0.688,0.309,16,0,Peak,1.35,Holiday,1.3,Budget,1.55,2.0,0.43,2.5,59.71,3
hotel,HTL-03,Urban Hub Suites,Studio Room,3200.0,3210.0,3400.0,1.059,80,28,0.35,0.654,2,0,Regular,1.0,Normal Day,1.0,Leisure,0.98,0.4,0.531,4.5,70.37,10
hotel,HTL-04,Grand Palace Hotel,Executive Suite,9000.0,9860.0,9910.0,1.005,20,5,0.25,0.747,23,1,Low,0.8,Weekend,1.15,Leisure,0.89,0.8,0.526,5.5,68.74,5
hotel,HTL-05,Mountain Bliss Lodge,Alpine Chalet,7500.0,8120.0,11560.0,1.424,25,6,0.24,0.767,18,1,Regular,1.0,Concert,1.35,Budget,1.45,0.4,0.53,2.5,74.75,4
hotel,HTL-06,Sea Breeze Resort,Ocean View,6500.0,5660.0,6800.0,1.201,40,27,0.675,0.332,17,1,Regular,1.0,Weekend,1.15,Budget,1.47,1.4,0.475,9.5,66.14,14
hotel,HTL-07,Sea Breeze Resort,Ocean View,6500.0,6860.0,9880.0,1.44,40,17,0.425,0.581,3,0,Peak,1.35,Normal Day,1.0,Leisure,0.93,0.2,0.554,5.5,73.49,9
hotel,HTL-08,Grand Palace Hotel,Deluxe,5000.0,4940.0,6460.0,1.308,50,23,0.46,0.549,16,0,Peak,1.35,Normal Day,1.0,Budget,1.46,0.9,0.441,2.5,60.51,4
hotel,HTL-01,Grand Palace Hotel,Deluxe,5000.0,5090.0,3620.0,0.711,50,30,0.6,0.397,16,0,Low,0.8,Normal Day,1.0,Leisure,0.84,1.2,0.33,3.5,36.89,3
hotel,HTL-02,Grand Palace Hotel,Executive Suite,9000.0,8640.0,7150.0,0.828,20,12,0.6,0.39,7,0,Low,0.8,Normal Day,1.0,Leisure,0.89,0.1,0.374,4.5,44.31,6
hotel,HTL-03,Grand Palace Hotel,Deluxe,5000.0,4250.0,4500.0,1.059,50,42,0.84,0.163,33,0,Regular,1.0,Normal Day,1.0,Business,0.42,1.6,0.397,1.5,43.53,2
hotel,HTL-04,Sea Breeze Resort,Standard Room,3800.0,4420.0,8600.0,1.946,60,13,0.217,0.778,17,0,Holiday,1.6,Holiday,1.3,Leisure,0.92,2.7,0.707,3.5,97.95,8
hotel,HTL-05,Grand Palace Hotel,Executive Suite,9000.0,8670.0,8150.0,0.94,20,12,0.6,0.383,12,0,Regular,1.0,Normal Day,1.0,Leisure,0.91,1.9,0.355,2.5,41.54,3
hotel,HTL-06,Sea Breeze Resort,Standard Room,3800.0,3420.0,2640.0,0.772,60,32,0.533,0.462,30,0,Low,0.8,Normal Day,1.0,Leisure,0.85,2.5,0.27,1.5,27.33,1
hotel,HTL-07,Mountain Bliss Lodge,Alpine Chalet,7500.0,7490.0,5990.0,0.8,25,15,0.6,0.398,24,0,Low,0.8,Normal Day,1.0,Business,0.35,7.0,0.392,0.5,42.07,1
hotel,HTL-08,Sea Breeze Resort,Standard Room,3800.0,4080.0,7390.0,1.811,60,17,0.283,0.709,21,1,Holiday,1.6,Weekend,1.15,Luxury,0.16,2.7,0.754,5.5,98.23,11
hotel,HTL-01,Urban Hub Suites,Studio Room,3200.0,3090.0,3330.0,1.078,80,37,0.463,0.542,9,0,Regular,1.0,Normal Day,1.0,Leisure,0.88,0.7,0.425,1.5,52.43,3
hotel,HTL-02,Grand Palace Hotel,Deluxe,5000.0,4810.0,6320.0,1.314,50,24,0.48,0.521,15,0,Regular,1.0,Holiday,1.3,Leisure,0.89,3.1,0.541,3.5,71.17,6
hotel,HTL-03,Mountain Bliss Lodge,Alpine Chalet,7500.0,8920.0,12780.0,1.433,25,3,0.12,0.899,2,1,Regular,1.0,Festival,1.45,Business,0.44,6.3,0.749,7.5,100.0,3
hotel,HTL-04,Grand Palace Hotel,Deluxe,5000.0,4910.0,9190.0,1.872,50,17,0.34,0.659,16,0,Holiday,1.6,Normal Day,1.0,Leisure,0.83,0.1,0.596,1.5,79.36,3
hotel,HTL-05,Grand Palace Hotel,Executive Suite,9000.0,9310.0,8700.0,0.934,20,8,0.4,0.577,20,0,Regular,1.0,Normal Day,1.0,Leisure,0.83,0.9,0.411,2.5,49.77,6
hotel,HTL-06,Grand Palace Hotel,Executive Suite,9000.0,8370.0,6960.0,0.832,20,13,0.65,0.373,9,0,Low,0.8,Normal Day,1.0,Budget,1.49,0.7,0.338,5.5,44.4,7
hotel,HTL-07,Mountain Bliss Lodge,Alpine Chalet,7500.0,7400.0,12510.0,1.691,25,5,0.2,0.792,11,1,Regular,1.0,Festival,1.45,Business,0.37,2.5,0.686,0.5,89.24,0
hotel,HTL-08,Urban Hub Suites,Studio Room,3200.0,3690.0,5710.0,1.547,80,6,0.075,0.92,6,1,Regular,1.0,Festival,1.45,Budget,1.43,0.6,0.655,8.5,94.47,6
hotel,HTL-01,Grand Palace Hotel,Executive Suite,9000.0,9300.0,12820.0,1.378,20,10,0.5,0.483,7,0,Peak,1.35,Normal Day,1.0,Business,0.44,1.5,0.578,4.5,72.68,9
hotel,HTL-02,City Central Inn,Economy Twin,2400.0,2230.0,3010.0,1.35,100,66,0.66,0.341,31,0,Peak,1.35,Normal Day,1.0,Budget,1.43,0.7,0.437,5.5,59.72,11
hotel,HTL-03,Sea Breeze Resort,Ocean View,6500.0,6160.0,6170.0,1.002,40,27,0.675,0.322,8,0,Regular,1.0,Normal Day,1.0,Business,0.3,10.7,0.465,1.5,53.23,1
hotel,HTL-04,Sea Breeze Resort,Standard Room,3800.0,3940.0,4000.0,1.015,60,22,0.367,0.626,7,0,Regular,1.0,Normal Day,1.0,Business,0.43,4.3,0.525,2.5,64.09,3
hotel,HTL-05,Grand Palace Hotel,Executive Suite,9000.0,9510.0,10540.0,1.108,20,6,0.3,0.708,9,1,Low,0.8,Weekend,1.15,Leisure,0.99,1.5,0.531,4.5,70.45,6
hotel,HTL-06,Sea Breeze Resort,Ocean View,6500.0,5410.0,4320.0,0.799,40,32,0.8,0.193,36,0,Low,0.8,Normal Day,1.0,Leisure,0.95,2.5,0.278,3.5,29.62,1
hotel,HTL-07,Grand Palace Hotel,Deluxe,5000.0,4630.0,4290.0,0.927,50,37,0.74,0.259,17,0,Regular,1.0,Normal Day,1.0,Business,0.45,3.2,0.428,2.5,48.88,2
hotel,HTL-08,Grand Palace Hotel,Deluxe,5000.0,4920.0,5200.0,1.057,50,26,0.52,0.49,14,0,Regular,1.0,Normal Day,1.0,Budget,1.42,0.3,0.336,0.5,43.39,1
hotel,HTL-01,Urban Hub Suites,Penthouse,12000.0,13480.0,27970.0,2.075,10,2,0.2,0.837,12,1,Peak,1.35,Major Event,1.55,Business,0.33,1.4,0.755,8.5,100.0,2
hotel,HTL-02,Sea Breeze Resort,Standard Room,3800.0,3450.0,3680.0,1.067,60,33,0.55,0.449,21,0,Regular,1.0,Normal Day,1.0,Luxury,0.17,1.8,0.506,2.5,58.67,3
hotel,HTL-03,Sea Breeze Resort,Ocean View,6500.0,6150.0,7190.0,1.169,40,24,0.6,0.41,26,0,Low,0.8,Festival,1.45,Luxury,0.2,3.1,0.507,2.5,58.97,3
hotel,HTL-04,Sea Breeze Resort,Standard Room,3800.0,4000.0,3690.0,0.922,60,23,0.383,0.62,2,0,Regular,1.0,Normal Day,1.0,Budget,1.47,1.4,0.318,0.5,40.98,0
hotel,HTL-05,Sea Breeze Resort,Ocean View,6500.0,5770.0,6570.0,1.139,40,30,0.75,0.241,58,0,Regular,1.0,Normal Day,1.0,Business,0.37,5.1,0.405,0.5,44.35,1
hotel,HTL-06,Sea Breeze Resort,Ocean View,6500.0,6080.0,8350.0,1.373,40,27,0.675,0.327,52,0,Peak,1.35,Normal Day,1.0,Budget,1.51,2.5,0.389,7.5,52.75,9
hotel,HTL-07,Grand Palace Hotel,Deluxe,5000.0,5060.0,5240.0,1.036,50,23,0.46,0.537,8,0,Low,0.8,Holiday,1.3,Budget,1.58,1.2,0.402,5.5,55.46,6
hotel,HTL-08,Urban Hub Suites,Penthouse,12000.0,11430.0,12390.0,1.084,10,5,0.5,0.547,3,0,Regular,1.0,Normal Day,1.0,Luxury,0.22,4.5,0.527,3.5,62.46,4
hotel,HTL-01,Urban Hub Suites,Studio Room,3200.0,3450.0,3440.0,0.997,80,14,0.175,0.82,3,1,Low,0.8,Weekend,1.15,Business,0.49,2.1,0.532,1.5,65.86,3
hotel,HTL-02,Grand Palace Hotel,Executive Suite,9000.0,10010.0,20200.0,2.018,20,2,0.1,0.92,29,1,Holiday,1.6,Weekend,1.15,Budget,1.54,1.2,0.653,2.5,95.22,2
hotel,HTL-03,City Central Inn,Economy Twin,2400.0,2190.0,2170.0,0.991,100,62,0.62,0.381,12,0,Regular,1.0,Normal Day,1.0,Business,0.38,3.0,0.493,5.5,58.51,6
hotel,HTL-04,City Central Inn,Economy Twin,2400.0,2430.0,2230.0,0.918,100,53,0.53,0.469,8,0,Regular,1.0,Normal Day,1.0,Budget,1.5,4.0,0.346,4.5,45.7,5
hotel,HTL-05,Sea Breeze Resort,Standard Room,3800.0,3700.0,3350.0,0.905,60,40,0.667,0.341,25,0,Regular,1.0,Normal Day,1.0,Business,0.44,1.8,0.409,1.5,45.72,1
hotel,HTL-06,Sea Breeze Resort,Standard Room,3800.0,3830.0,3450.0,0.901,60,20,0.333,0.664,4,0,Low,0.8,Normal Day,1.0,Budget,1.49,1.3,0.343,3.5,45.19,4
hotel,HTL-07,Grand Palace Hotel,Executive Suite,9000.0,9040.0,15510.0,1.716,20,7,0.35,0.654,2,0,Holiday,1.6,Normal Day,1.0,Leisure,0.86,2.2,0.692,5.5,95.05,7
hotel,HTL-08,City Central Inn,Economy Twin,2400.0,2100.0,2260.0,1.076,100,67,0.67,0.332,34,0,Regular,1.0,Normal Day,1.0,Leisure,0.87,1.5,0.405,1.5,49.22,0
hotel,HTL-01,Mountain Bliss Lodge,Alpine Chalet,7500.0,8770.0,20900.0,2.383,25,4,0.16,0.84,17,1,Holiday,1.6,Festival,1.45,Business,0.45,4.4,0.748,3.5,100.0,4
hotel,HTL-02,Urban Hub Suites,Penthouse,12000.0,13190.0,32870.0,2.492,10,3,0.3,0.666,8,1,Holiday,1.6,Major Event,1.55,Leisure,0.97,0.9,0.717,6.5,100.0,3
hotel,HTL-03,Urban Hub Suites,Penthouse,12000.0,12150.0,16250.0,1.337,10,5,0.5,0.491,23,0,Peak,1.35,Normal Day,1.0,Budget,1.48,3.4,0.506,9.5,71.18,5
hotel,HTL-04,Mountain Bliss Lodge,Alpine Chalet,7500.0,7460.0,7630.0,1.023,25,13,0.52,0.481,2,0,Regular,1.0,Normal Day,1.0,Budget,1.46,1.5,0.385,3.5,51.63,2
hotel,HTL-05,Sea Breeze Resort,Ocean View,6500.0,6650.0,5640.0,0.848,40,24,0.6,0.389,21,0,Regular,1.0,Normal Day,1.0,Luxury,0.19,0.4,0.464,2.5,52.1,4
hotel,HTL-06,Urban Hub Suites,Penthouse,12000.0,11250.0,10770.0,0.957,10,7,0.7,0.303,49,0,Regular,1.0,Normal Day,1.0,Budget,1.52,1.0,0.293,1.5,37.48,2
hotel,HTL-07,Sea Breeze Resort,Ocean View,6500.0,6110.0,6160.0,1.008,40,24,0.6,0.403,1,0,Regular,1.0,Normal Day,1.0,Business,0.4,3.1,0.466,2.5,54.46,3
hotel,HTL-08,Grand Palace Hotel,Deluxe,5000.0,4770.0,5300.0,1.111,50,24,0.48,0.518,23,0,Regular,1.0,Normal Day,1.0,Budget,1.52,0.8,0.398,2.5,54.21,2
hotel,HTL-01,Grand Palace Hotel,Executive Suite,9000.0,9410.0,9860.0,1.048,20,3,0.15,0.836,7,1,Low,0.8,Weekend,1.15,Leisure,0.96,0.5,0.488,1.5,63.23,2
hotel,HTL-02,Grand Palace Hotel,Deluxe,5000.0,5100.0,5960.0,1.169,50,21,0.42,0.57,6,1,Low,0.8,Festival,1.45,Budget,1.53,0.1,0.511,3.5,72.46,5
hotel,HTL-03,Sea Breeze Resort,Standard Room,3800.0,3830.0,4220.0,1.102,60,17,0.283,0.71,5,0,Low,0.8,Holiday,1.3,Leisure,0.94,0.8,0.576,8.5,77.18,15
hotel,HTL-04,Sea Breeze Resort,Standard Room,3800.0,3770.0,4540.0,1.204,60,30,0.5,0.503,16,1,Regular,1.0,Weekend,1.15,Leisure,0.94,0.5,0.504,5.5,65.65,10
hotel,HTL-05,Sea Breeze Resort,Ocean View,6500.0,6950.0,5370.0,0.773,40,15,0.375,0.626,9,0,Low,0.8,Normal Day,1.0,Leisure,0.92,1.3,0.331,1.5,37.75,3
hotel,HTL-06,Sea Breeze Resort,Standard Room,3800.0,3820.0,3630.0,0.95,60,37,0.617,0.38,13,0,Regular,1.0,Normal Day,1.0,Budget,1.45,0.5,0.278,0.5,34.45,0
hotel,HTL-07,Urban Hub Suites,Studio Room,3200.0,3730.0,5630.0,1.509,80,16,0.2,0.802,6,1,Peak,1.35,Weekend,1.15,Leisure,0.93,0.4,0.677,5.5,93.26,12
hotel,HTL-08,Sea Breeze Resort,Standard Room,3800.0,3590.0,5080.0,1.415,60,28,0.467,0.531,13,1,Regular,1.0,Holiday,1.3,Business,0.39,1.0,0.684,6.5,89.22,12
hotel,HTL-01,Sea Breeze Resort,Ocean View,6500.0,6080.0,6490.0,1.067,40,25,0.625,0.366,11,0,Regular,1.0,Normal Day,1.0,Business,0.41,1.4,0.412,1.5,45.93,1
hotel,HTL-02,Grand Palace Hotel,Executive Suite,9000.0,8850.0,5350.0,0.605,20,14,0.7,0.295,2,0,Low,0.8,Normal Day,1.0,Budget,1.5,3.7,0.259,1.5,31.77,0
hotel,HTL-03,Grand Palace Hotel,Executive Suite,9000.0,10280.0,11330.0,1.102,20,3,0.15,0.86,5,1,Low,0.8,Concert,1.35,Budget,1.45,2.9,0.53,2.5,74.67,3
hotel,HTL-04,Urban Hub Suites,Studio Room,3200.0,3290.0,3170.0,0.964,80,34,0.425,0.574,18,0,Regular,1.0,Normal Day,1.0,Leisure,0.92,1.6,0.384,1.5,46.24,1
hotel,HTL-05,Sea Breeze Resort,Standard Room,3800.0,4290.0,3220.0,0.751,60,11,0.183,0.812,10,0,Low,0.8,Normal Day,1.0,Leisure,0.87,0.3,0.433,1.5,53.67,2
hotel,HTL-06,Grand Palace Hotel,Executive Suite,9000.0,8370.0,6910.0,0.826,20,10,0.5,0.482,2,0,Low,0.8,Normal Day,1.0,Budget,1.49,4.0,0.278,1.5,34.73,1
hotel,HTL-07,City Central Inn,Economy Twin,2400.0,2380.0,1990.0,0.836,100,38,0.38,0.619,25,0,Low,0.8,Normal Day,1.0,Budget,1.51,1.7,0.287,3.5,36.46,4
hotel,HTL-08,Grand Palace Hotel,Executive Suite,9000.0,9020.0,16960.0,1.88,20,9,0.45,0.575,10,1,Peak,1.35,Holiday,1.3,Budget,1.45,1.0,0.661,6.5,95.61,9
hotel,HTL-01,Sea Breeze Resort,Standard Room,3800.0,4220.0,3970.0,0.941,60,15,0.25,0.758,8,1,Low,0.8,Weekend,1.15,Leisure,0.97,0.5,0.513,4.5,67.34,8
hotel,HTL-02,Urban Hub Suites,Penthouse,12000.0,12960.0,28310.0,2.184,10,2,0.2,0.814,11,1,Peak,1.35,Festival,1.45,Budget,1.43,1.5,0.689,2.5,100.0,2
hotel,HTL-03,Grand Palace Hotel,Deluxe,5000.0,5510.0,5160.0,0.936,50,16,0.32,0.682,8,1,Low,0.8,Weekend,1.15,Business,0.43,4.9,0.578,4.5,72.59,9
hotel,HTL-04,City Central Inn,Economy Twin,2400.0,2530.0,2160.0,0.854,100,24,0.24,0.764,15,0,Low,0.8,Normal Day,1.0,Leisure,0.88,2.2,0.449,2.5,56.24,4
hotel,HTL-05,Mountain Bliss Lodge,Alpine Chalet,7500.0,7000.0,7050.0,1.007,25,16,0.64,0.377,2,0,Regular,1.0,Normal Day,1.0,Leisure,0.93,1.6,0.378,1.5,45.42,0
hotel,HTL-06,Urban Hub Suites,Studio Room,3200.0,3230.0,3340.0,1.034,80,32,0.4,0.595,2,0,Regular,1.0,Normal Day,1.0,Budget,1.4,0.3,0.359,2.5,46.91,2
hotel,HTL-07,City Central Inn,Economy Twin,2400.0,2960.0,3880.0,1.311,100,13,0.13,0.873,1,0,Peak,1.35,Normal Day,1.0,Business,0.49,1.1,0.646,6.5,84.0,13
hotel,HTL-08,Mountain Bliss Lodge,Alpine Chalet,7500.0,7710.0,11440.0,1.484,25,9,0.36,0.65,9,0,Peak,1.35,Normal Day,1.0,Leisure,0.84,0.5,0.492,4.5,62.83,5
hotel,HTL-01,Urban Hub Suites,Penthouse,12000.0,11550.0,10430.0,0.903,10,7,0.7,0.339,16,0,Regular,1.0,Normal Day,1.0,Luxury,0.17,3.5,0.449,3.5,49.39,5
hotel,HTL-02,Urban Hub Suites,Penthouse,12000.0,10730.0,17540.0,1.635,10,6,0.6,0.418,14,0,Peak,1.35,Normal Day,1.0,Budget,1.51,0.4,0.512,2.5,72.34,1
hotel,HTL-03,Grand Palace Hotel,Deluxe,5000.0,5310.0,5860.0,1.104,50,18,0.36,0.633,11,1,Regular,1.0,Weekend,1.15,Leisure,0.76,2.4,0.479,2.5,59.94,4
hotel,HTL-04,Urban Hub Suites,Penthouse,12000.0,12210.0,10970.0,0.898,10,3,0.3,0.655,4,1,Low,0.8,Weekend,1.15,Budget,1.57,1.0,0.451,1.5,63.27,3
hotel,HTL-05,Urban Hub Suites,Studio Room,3200.0,3560.0,3310.0,0.93,80,22,0.275,0.724,1,1,Low,0.8,Weekend,1.15,Budget,1.57,1.2,0.434,3.5,60.45,5
hotel,HTL-06,Sea Breeze Resort,Standard Room,3800.0,3340.0,5060.0,1.515,60,40,0.667,0.339,33,0,Peak,1.35,Normal Day,1.0,Budget,1.51,1.1,0.448,4.5,62.22,5
hotel,HTL-07,City Central Inn,Economy Twin,2400.0,2080.0,1660.0,0.798,100,59,0.59,0.412,2,0,Low,0.8,Normal Day,1.0,Leisure,0.86,0.8,0.396,2.5,47.66,2
hotel,HTL-08,Sea Breeze Resort,Standard Room,3800.0,4500.0,7040.0,1.564,60,1,0.017,0.98,2,0,Peak,1.35,Normal Day,1.0,Business,0.36,2.3,0.753,4.5,100.0,1
hotel,HTL-01,Sea Breeze Resort,Standard Room,3800.0,3740.0,3540.0,0.947,60,24,0.4,0.598,1,0,Regular,1.0,Normal Day,1.0,Business,0.38,4.8,0.499,0.5,59.46,1
hotel,HTL-02,Grand Palace Hotel,Deluxe,5000.0,5210.0,6690.0,1.284,50,14,0.28,0.728,2,0,Regular,1.0,Holiday,1.3,Budget,1.44,0.4,0.536,4.5,75.61,5
hotel,HTL-03,Mountain Bliss Lodge,Alpine Chalet,7500.0,7350.0,9640.0,1.312,25,13,0.52,0.497,6,0,Regular,1.0,Holiday,1.3,Business,0.4,2.5,0.578,4.5,72.34,6
hotel,HTL-04,Grand Palace Hotel,Executive Suite,9000.0,8030.0,8700.0,1.083,20,11,0.55,0.428,3,0,Low,0.8,Holiday,1.3,Business,0.38,2.0,0.463,4.5,53.77,5
hotel,HTL-05,Grand Palace Hotel,Executive Suite,9000.0,9500.0,11830.0,1.245,20,8,0.4,0.577,23,0,Regular,1.0,Festival,1.45,Budget,1.44,0.8,0.496,6.5,69.2,8
hotel,HTL-06,Grand Palace Hotel,Executive Suite,9000.0,10210.0,14190.0,1.39,20,3,0.15,0.831,13,1,Regular,1.0,Holiday,1.3,Business,0.25,10.7,0.73,4.5,95.19,3
hotel,HTL-07,Mountain Bliss Lodge,Alpine Chalet,7500.0,6980.0,6270.0,0.898,25,13,0.52,0.491,6,0,Low,0.8,Normal Day,1.0,Leisure,0.91,1.0,0.345,1.5,39.87,4
hotel,HTL-08,Urban Hub Suites,Studio Room,3200.0,3100.0,4770.0,1.539,80,39,0.487,0.517,6,0,Regular,1.0,Festival,1.45,Budget,1.5,0.3,0.514,6.5,72.67,11
hotel,HTL-01,Urban Hub Suites,Penthouse,12000.0,11790.0,16290.0,1.382,10,6,0.6,0.443,17,0,Regular,1.0,Holiday,1.3,Business,0.42,3.9,0.638,6.5,82.18,6
hotel,HTL-02,Sea Breeze Resort,Standard Room,3800.0,3880.0,5000.0,1.289,60,34,0.567,0.425,44,0,Regular,1.0,Festival,1.45,Leisure,0.91,0.8,0.537,6.5,70.72,8
hotel,HTL-03,Urban Hub Suites,Penthouse,12000.0,11570.0,8660.0,0.748,10,7,0.7,0.34,34,0,Low,0.8,Normal Day,1.0,Business,0.42,1.2,0.373,3.5,39.77,3
hotel,HTL-04,Sea Breeze Resort,Ocean View,6500.0,5260.0,4300.0,0.817,40,36,0.9,0.1,52,0,Low,0.8,Normal Day,1.0,Leisure,0.86,2.3,0.277,4.5,28.52,5
hotel,HTL-05,Sea Breeze Resort,Ocean View,6500.0,7070.0,7470.0,1.057,40,14,0.35,0.655,1,0,Regular,1.0,Normal Day,1.0,Luxury,0.2,6.3,0.543,3.5,64.8,6
hotel,HTL-06,Grand Palace Hotel,Deluxe,5000.0,4740.0,4420.0,0.932,50,27,0.54,0.462,1,0,Regular,1.0,Normal Day,1.0,Business,0.44,3.7,0.482,5.5,57.42,7
hotel,HTL-07,Urban Hub Suites,Studio Room,3200.0,3360.0,3690.0,1.098,80,37,0.463,0.542,20,0,Low,0.8,Festival,1.45,Budget,1.55,0.4,0.369,2.5,49.85,2
hotel,HTL-08,Urban Hub Suites,Penthouse,12000.0,13150.0,17230.0,1.31,10,4,0.4,0.627,9,0,Regular,1.0,Festival,1.45,Business,0.41,3.0,0.621,6.5,79.33,4
hotel,HTL-01,Sea Breeze Resort,Standard Room,3800.0,3360.0,3160.0,0.94,60,47,0.783,0.225,13,0,Regular,1.0,Normal Day,1.0,Luxury,0.33,3.9,0.455,3.5,52.04,5
hotel,HTL-02,City Central Inn,Economy Twin,2400.0,2350.0,1890.0,0.804,100,50,0.5,0.504,7,0,Low,0.8,Normal Day,1.0,Budget,1.47,3.4,0.33,3.5,42.84,4
hotel,HTL-03,Grand Palace Hotel,Deluxe,5000.0,5630.0,5390.0,0.957,50,9,0.18,0.829,3,1,Low,0.8,Weekend,1.15,Business,0.39,5.4,0.685,8.5,89.35,9
hotel,HTL-04,Mountain Bliss Lodge,Alpine Chalet,7500.0,8150.0,8190.0,1.005,25,10,0.4,0.598,18,0,Regular,1.0,Normal Day,1.0,Budget,1.42,4.0,0.385,4.5,51.28,6
hotel,HTL-05,Urban Hub Suites,Studio Room,3200.0,3230.0,4280.0,1.325,80,42,0.525,0.474,8,0,Peak,1.35,Normal Day,1.0,Budget,1.47,0.7,0.495,3.5,69.38,6
hotel,HTL-06,Grand Palace Hotel,Deluxe,5000.0,4440.0,3080.0,0.694,50,41,0.82,0.183,41,0,Low,0.8,Normal Day,1.0,Leisure,0.8,1.3,0.227,2.5,19.97,2
hotel,HTL-07,Grand Palace Hotel,Executive Suite,9000.0,10320.0,11270.0,1.092,20,4,0.2,0.823,5,1,Regular,1.0,Weekend,1.15,Budget,1.44,2.5,0.507,1.5,70.88,1
hotel,HTL-08,Grand Palace Hotel,Executive Suite,9000.0,9690.0,9010.0,0.93,20,8,0.4,0.584,5,0,Regular,1.0,Normal Day,1.0,Business,0.41,1.6,0.513,2.5,62.09,2
hotel,HTL-01,Urban Hub Suites,Studio Room,3200.0,3540.0,3560.0,1.006,80,26,0.325,0.677,2,0,Regular,1.0,Normal Day,1.0,Business,0.47,3.2,0.514,4.5,62.79,8
hotel,HTL-02,Mountain Bliss Lodge,Alpine Chalet,7500.0,7620.0,10100.0,1.325,25,13,0.52,0.464,12,0,Peak,1.35,Normal Day,1.0,Budget,1.47,0.5,0.533,7.5,75.41,12
hotel,HTL-03,Urban Hub Suites,Studio Room,3200.0,3190.0,2890.0,0.906,80,48,0.6,0.406,7,0,Regular,1.0,Normal Day,1.0,Leisure,0.91,0.0,0.435,2.5,54.27,4
hotel,HTL-04,Urban Hub Suites,Studio Room,3200.0,2830.0,3980.0,1.406,80,52,0.65,0.349,25,0,Peak,1.35,Normal Day,1.0,Business,0.48,2.1,0.459,0.5,54.09,0
hotel,HTL-05,Sea Breeze Resort,Standard Room,3800.0,4050.0,6080.0,1.501,60,20,0.333,0.662,16,1,Regular,1.0,Festival,1.45,Business,0.33,1.7,0.743,5.5,98.07,11
hotel,HTL-06,Sea Breeze Resort,Ocean View,6500.0,5830.0,7080.0,1.214,40,19,0.475,0.527,5,0,Regular,1.0,Normal Day,1.0,Leisure,0.82,1.3,0.474,2.5,59.7,4
hotel,HTL-07,Grand Palace Hotel,Executive Suite,9000.0,9870.0,16320.0,1.653,20,4,0.2,0.814,13,1,Peak,1.35,Holiday,1.3,Luxury,0.2,2.6,0.75,2.5,97.89,4
hotel,HTL-08,Grand Palace Hotel,Executive Suite,9000.0,9640.0,7550.0,0.783,20,7,0.35,0.638,12,0,Low,0.8,Normal Day,1.0,Luxury,0.12,0.9,0.474,0.5,52.94,0
hotel,HTL-01,City Central Inn,Economy Twin,2400.0,2680.0,2510.0,0.937,100,35,0.35,0.654,1,0,Regular,1.0,Normal Day,1.0,Budget,1.57,0.7,0.339,0.5,45.33,0
hotel,HTL-02,Sea Breeze Resort,Standard Room,3800.0,3910.0,6950.0,1.777,60,15,0.25,0.756,12,1,Regular,1.0,Major Event,1.55,Leisure,0.92,1.3,0.649,2.5,88.65,5
hotel,HTL-03,Sea Breeze Resort,Ocean View,6500.0,6760.0,6880.0,1.018,40,12,0.3,0.705,5,0,Regular,1.0,Normal Day,1.0,Budget,1.48,1.4,0.435,2.5,59.74,3
hotel,HTL-04,Urban Hub Suites,Penthouse,12000.0,11690.0,15000.0,1.283,10,5,0.5,0.539,1,0,Peak,1.35,Normal Day,1.0,Budget,1.41,0.8,0.506,3.5,70.54,5
