domain,item_id,item_name,sub_type,base_price,current_price,competitor_price,price_ratio,total_capacity,inventory_remaining,inventory_ratio,occupancy_rate,days_remaining,is_weekend,season,season_multiplier,special_event,event_multiplier,customer_segment,price_sensitivity,purchase_frequency,conversion_rate,booking_velocity,demand_score,units_booked
product,PRD-01,Smart Fitness Tracker Band,Wearables,2800.0,2820.0,2950.0,1.046,200,133,0.665,0.335,17,0,Regular,1.0,Weekend,1.1,Impulse Buyer,0.47,3.6,0.489,1.5,56.6,2
product,PRD-02,Noise-Cancelling Headphones Pro,Electronics,4500.0,4540.0,5600.0,1.233,150,25,0.167,0.833,10,1,Regular,1.0,Flash Deal,1.35,Bargain Hunter,1.55,0.4,0.545,8.5,75.17,6
product,PRD-03,Organic Fairtrade Coffee 1kg,Grocery,1200.0,1250.0,1200.0,0.96,300,166,0.553,0.447,28,0,Summer Off-peak,0.85,Normal Day,1.0,Prime Member,0.67,5.1,0.404,1.5,43.74,0
product,PRD-04,Hydro Stainless Thermal Flask,Home & Kitchen,1100.0,1120.0,1120.0,1.0,250,74,0.296,0.704,37,0,Regular,1.0,Normal Day,1.0,Prime Member,0.72,8.7,0.455,2.5,52.85,3
product,PRD-05,Ergonomic Mesh Office Chair,Furniture,8900.0,9080.0,11430.0,1.259,60,50,0.833,0.167,6,1,Festive Sale,1.4,Festival,1.4,Impulse Buyer,0.39,0.1,0.624,5.5,78.75,5
product,PRD-06,Premium Running Shoes,Apparel,3900.0,3960.0,5900.0,1.49,110,99,0.9,0.1,24,0,Festive Sale,1.4,Major Event,1.5,Prime Member,0.74,4.4,0.605,4.5,78.46,8
product,PRD-07,Smart Fitness Tracker Band,Wearables,2800.0,2760.0,3010.0,1.091,200,144,0.72,0.28,44,0,Regular,1.0,Normal Day,1.0,Impulse Buyer,0.32,2.8,0.455,2.5,49.39,5
product,PRD-08,Ergonomic Mesh Office Chair,Furniture,8900.0,8720.0,13410.0,1.538,60,19,0.317,0.683,26,0,Festive Sale,1.4,Festival,1.4,Prime Member,0.73,8.3,0.699,8.5,94.45,12
product,PRD-01,Noise-Cancelling Headphones Pro,Electronics,4500.0,4680.0,6530.0,1.395,150,142,0.947,0.053,29,0,Year End,1.3,Major Event,1.5,Impulse Buyer,0.42,0.2,0.607,11.5,76.17,14
product,PRD-02,Pro Gaming Mechanical Keyboard,Gaming,5200.0,5610.0,5800.0,1.034,80,40,0.5,0.5,24,0,Summer Off-peak,0.85,Weekend,1.1,Impulse Buyer,0.33,3.8,0.479,0.5,53.63,0
product,PRD-03,Smart Fitness Tracker Band,Wearables,2800.0,2950.0,4190.0,1.42,200,97,0.485,0.515,7,0,Year End,1.3,Major Event,1.5,Prime Member,0.73,3.1,0.552,3.5,69.51,2
product,PRD-04,Pro Gaming Mechanical Keyboard,Gaming,5200.0,5090.0,5410.0,1.063,80,33,0.412,0.588,20,0,Summer Off-peak,0.85,Normal Day,1.0,Prime Member,0.67,1.6,0.415,2.5,45.62,2
product,PRD-05,Ergonomic Mesh Office Chair,Furniture,8900.0,9300.0,10000.0,1.075,60,39,0.65,0.35,26,0,Regular,1.0,Weekend,1.1,Loyal Customer,0.52,3.5,0.395,0.5,41.0,0
product,PRD-06,Noise-Cancelling Headphones Pro,Electronics,4500.0,4600.0,4450.0,0.967,150,36,0.24,0.76,28,0,Regular,1.0,Normal Day,1.0,Bargain Hunter,1.62,2.7,0.391,3.5,49.69,2
product,PRD-07,Ergonomic Mesh Office Chair,Furniture,8900.0,9100.0,12400.0,1.363,60,48,0.8,0.2,32,1,Regular,1.0,Festival,1.4,Impulse Buyer,0.47,0.8,0.614,8.5,77.8,10
product,PRD-08,Ultra HD 4K Monitor 27-inch,Electronics,18500.0,18800.0,20470.0,1.089,45,14,0.311,0.689,32,0,Regular,1.0,Weekend,1.1,Prime Member,0.64,6.1,0.473,3.5,55.32,2
product,PRD-01,Ergonomic Mesh Office Chair,Furniture,8900.0,8920.0,11720.0,1.314,60,43,0.717,0.283,27,1,Festive Sale,1.4,Flash Deal,1.35,Prime Member,0.72,9.9,0.635,4.5,83.46,5
product,PRD-02,Ergonomic Mesh Office Chair,Furniture,8900.0,8850.0,9330.0,1.054,60,24,0.4,0.6,29,0,Regular,1.0,Normal Day,1.0,Impulse Buyer,0.43,0.1,0.473,4.5,53.44,4
product,PRD-03,Ergonomic Mesh Office Chair,Furniture,8900.0,8860.0,10810.0,1.22,60,38,0.633,0.367,38,1,Summer Off-peak,0.85,Festival,1.4,Prime Member,0.72,1.0,0.609,11.5,79.04,12
product,PRD-04,Smart Fitness Tracker Band,Wearables,2800.0,2830.0,3060.0,1.081,200,87,0.435,0.565,40,0,Regular,1.0,Normal Day,1.0,Prime Member,0.67,8.0,0.492,4.5,58.81,5
product,PRD-05,Hydro Stainless Thermal Flask,Home & Kitchen,1100.0,1150.0,1650.0,1.435,250,180,0.72,0.28,27,0,Festive Sale,1.4,Major Event,1.5,Impulse Buyer,0.41,0.5,0.616,5.5,77.63,6
product,PRD-06,Organic Fairtrade Coffee 1kg,Grocery,1200.0,1250.0,1370.0,1.096,300,213,0.71,0.29,8,0,Summer Off-peak,0.85,Weekend,1.1,Prime Member,0.66,4.2,0.417,3.5,45.95,4
product,PRD-07,Noise-Cancelling Headphones Pro,Electronics,4500.0,4370.0,5690.0,1.302,150,106,0.707,0.293,30,1,Festive Sale,1.4,Flash Deal,1.35,Prime Member,0.65,5.1,0.601,6.5,77.05,12
product,PRD-08,Organic Fairtrade Coffee 1kg,Grocery,1200.0,1180.0,1280.0,1.085,300,67,0.223,0.777,28,0,Regular,1.0,Normal Day,1.0,Prime Member,0.69,2.7,0.553,4.5,69.3,5
product,PRD-01,Organic Fairtrade Coffee 1kg,Grocery,1200.0,1210.0,1580.0,1.306,300,110,0.367,0.633,29,1,Regular,1.0,Festival,1.4,Bargain Hunter,1.58,2.0,0.528,6.5,72.63,6
product,PRD-02,Hydro Stainless Thermal Flask,Home & Kitchen,1100.0,1070.0,1190.0,1.112,250,49,0.196,0.804,14,0,Regular,1.0,Normal Day,1.0,Impulse Buyer,0.42,0.7,0.489,2.5,56.13,3
product,PRD-03,Noise-Cancelling Headphones Pro,Electronics,4500.0,4710.0,7590.0,1.611,150,119,0.793,0.207,30,0,Festive Sale,1.4,Major Event,1.5,Prime Member,0.66,3.7,0.606,6.5,78.01,10
product,PRD-04,Hydro Stainless Thermal Flask,Home & Kitchen,1100.0,1070.0,1330.0,1.243,250,66,0.264,0.736,22,1,Regular,1.0,Flash Deal,1.35,Impulse Buyer,0.41,0.7,0.659,10.5,84.86,14
product,PRD-05,Ergonomic Mesh Office Chair,Furniture,8900.0,8850.0,9270.0,1.047,60,54,0.9,0.1,29,0,Regular,1.0,Normal Day,1.0,Prime Member,0.74,3.9,0.437,2.5,49.91,3
product,PRD-06,Ergonomic Mesh Office Chair,Furniture,8900.0,9060.0,12130.0,1.339,60,53,0.883,0.117,16,1,Summer Off-peak,0.85,Festival,1.4,Bargain Hunter,1.55,0.8,0.521,9.5,71.22,8
product,PRD-07,Ergonomic Mesh Office Chair,Furniture,8900.0,8550.0,8490.0,0.993,60,24,0.4,0.6,6,0,Regular,1.0,Normal Day,1.0,Loyal Customer,0.53,0.6,0.405,2.5,42.7,2
product,PRD-08,Noise-Cancelling Headphones Pro,Electronics,4500.0,4600.0,4350.0,0.946,150,21,0.14,0.86,41,0,Regular,1.0,Normal Day,1.0,Loyal Customer,0.45,7.5,0.473,0.5,53.61,1
product,PRD-01,Hydro Stainless Thermal Flask,Home & Kitchen,1100.0,1140.0,1460.0,1.281,250,46,0.184,0.816,19,1,Summer Off-peak,0.85,Festival,1.4,Impulse Buyer,0.46,0.8,0.637,6.5,81.58,8
product,PRD-02,Pro Gaming Mechanical Keyboard,Gaming,5200.0,5230.0,5800.0,1.109,80,42,0.525,0.475,21,0,Summer Off-peak,0.85,Weekend,1.1,Prime Member,0.7,4.0,0.451,0.5,52.07,1
product,PRD-03,Noise-Cancelling Headphones Pro,Electronics,4500.0,4620.0,5650.0,1.223,150,93,0.62,0.38,16,1,Regular,1.0,Flash Deal,1.35,Prime Member,0.72,5.2,0.572,5.5,72.72,2
product,PRD-04,Smart Fitness Tracker Band,Wearables,2800.0,2790.0,2850.0,1.022,200,144,0.72,0.28,2,0,Summer Off-peak,0.85,Normal Day,1.0,Bargain Hunter,1.6,1.5,0.332,3.5,39.49,1
product,PRD-05,Ergonomic Mesh Office Chair,Furniture,8900.0,8450.0,8810.0,1.043,60,50,0.833,0.167,10,0,Regular,1.0,Normal Day,1.0,Prime Member,0.78,1.7,0.382,6.5,41.01,4
product,PRD-06,Hydro Stainless Thermal Flask,Home & Kitchen,1100.0,1110.0,1350.0,1.216,250,213,0.852,0.148,31,1,Summer Off-peak,0.85,Flash Deal,1.35,Bargain Hunter,1.65,0.2,0.419,5.5,54.71,6
product,PRD-07,Ergonomic Mesh Office Chair,Furniture,8900.0,9070.0,10970.0,1.209,60,42,0.7,0.3,27,1,Regular,1.0,Flash Deal,1.35,Loyal Customer,0.54,1.5,0.512,2.5,60.97,4
product,PRD-08,Hydro Stainless Thermal Flask,Home & Kitchen,1100.0,1080.0,1070.0,0.991,250,174,0.696,0.304,14,0,Regular,1.0,Normal Day,1.0,Impulse Buyer,0.36,2.3,0.433,3.5,46.08,1
product,PRD-01,Hydro Stainless Thermal Flask,Home & Kitchen,1100.0,1140.0,1550.0,1.36,250,162,0.648,0.352,21,0,Year End,1.3,Festival,1.4,Prime Member,0.7,11.6,0.599,3.5,77.25,3
product,PRD-02,Smart Fitness Tracker Band,Wearables,2800.0,2720.0,2930.0,1.077,200,125,0.625,0.375,29,0,Summer Off-peak,0.85,Normal Day,1.0,Prime Member,0.68,0.8,0.38,2.5,39.72,3
product,PRD-03,Pro Gaming Mechanical Keyboard,Gaming,5200.0,5290.0,7220.0,1.365,80,46,0.575,0.425,13,1,Regular,1.0,Festival,1.4,Bargain Hunter,1.53,0.4,0.553,8.5,76.37,9
product,PRD-04,Hydro Stainless Thermal Flask,Home & Kitchen,1100.0,1090.0,1640.0,1.505,250,236,0.944,0.056,22,0,Festive Sale,1.4,Festival,1.4,Bargain Hunter,1.66,0.5,0.57,10.5,80.41,13
product,PRD-05,Hydro Stainless Thermal Flask,Home & Kitchen,1100.0,1100.0,1310.0,1.191,250,137,0.548,0.452,31,1,Festive Sale,1.4,Flash Deal,1.35,Bargain Hunter,1.56,3.8,0.558,5.5,77.46,9
product,PRD-06,Pro Gaming Mechanical Keyboard,Gaming,5200.0,5290.0,4980.0,0.941,80,30,0.375,0.625,11,0,Regular,1.0,Normal Day,1.0,Bargain Hunter,1.59,0.3,0.385,5.5,48.43,2
product,PRD-07,Ergonomic Mesh Office Chair,Furniture,8900.0,8560.0,8660.0,1.012,60,45,0.75,0.25,16,0,Summer Off-peak,0.85,Normal Day,1.0,Prime Member,0.65,10.6,0.45,4.5,51.5,4
product,PRD-08,Hydro Stainless Thermal Flask,Home & Kitchen,1100.0,1110.0,1540.0,1.387,250,68,0.272,0.728,33,0,Year End,1.3,Festival,1.4,Bargain Hunter,1.57,1.7,0.526,4.5,72.18,6
product,PRD-01,Noise-Cancelling Headphones Pro,Electronics,4500.0,4740.0,4870.0,1.027,150,89,0.593,0.407,4,0,Regular,1.0,Normal Day,1.0,Prime Member,0.68,5.5,0.447,3.5,51.17,2
product,PRD-02,Hydro Stainless Thermal Flask,Home & Kitchen,1100.0,1150.0,1110.0,0.965,250,129,0.516,0.484,41,0,Regular,1.0,Normal Day,1.0,Bargain Hunter,1.56,4.4,0.379,2.5,47.17,3
product,PRD-03,Ultra HD 4K Monitor 27-inch,Electronics,18500.0,19370.0,25370.0,1.31,45,12,0.267,0.733,40,1,Regular,1.0,Flash Deal,1.35,Prime Member,0.68,9.4,0.615,9.5,79.66,12
product,PRD-04,Ultra HD 4K Monitor 27-inch,Electronics,18500.0,18000.0,24950.0,1.386,45,42,0.933,0.067,42,1,Regular,1.0,Festival,1.4,Prime Member,0.66,5.7,0.602,7.5,77.42,8
product,PRD-05,Noise-Cancelling Headphones Pro,Electronics,4500.0,4580.0,6070.0,1.325,150,49,0.327,0.673,5,1,Summer Off-peak,0.85,Festival,1.4,Loyal Customer,0.48,8.8,0.677,8.5,88.52,12
product,PRD-06,Smart Fitness Tracker Band,Wearables,2800.0,2850.0,2940.0,1.032,200,53,0.265,0.735,41,0,Regular,1.0,Normal Day,1.0,Loyal Customer,0.56,8.4,0.479,3.5,55.6,2
product,PRD-07,Ergonomic Mesh Office Chair,Furniture,8900.0,8840.0,12720.0,1.439,60,32,0.533,0.467,14,0,Festive Sale,1.4,Major Event,1.5,Impulse Buyer,0.43,0.0,0.695,6.5,91.2,7
product,PRD-08,Ergonomic Mesh Office Chair,Furniture,8900.0,8350.0,8800.0,1.054,60,40,0.667,0.333,35,0,Regular,1.0,Normal Day,1.0,Bargain Hunter,1.64,1.9,0.36,3.5,44.46,4
product,PRD-01,Pro Gaming Mechanical Keyboard,Gaming,5200.0,4930.0,5620.0,1.14,80,43,0.537,0.463,16,0,Regular,1.0,Weekend,1.1,Loyal Customer,0.52,7.8,0.535,6.5,64.69,9
product,PRD-02,Ultra HD 4K Monitor 27-inch,Electronics,18500.0,19210.0,27960.0,1.455,45,32,0.711,0.289,41,0,Year End,1.3,Major Event,1.5,Bargain Hunter,1.65,0.0,0.444,5.5,58.87,5
product,PRD-03,Ergonomic Mesh Office Chair,Furniture,8900.0,9130.0,12670.0,1.388,60,20,0.333,0.667,31,0,Year End,1.3,Festival,1.4,Bargain Hunter,1.7,0.2,0.52,3.5,72.31,2
product,PRD-04,Pro Gaming Mechanical Keyboard,Gaming,5200.0,5380.0,6580.0,1.223,80,39,0.487,0.512,12,1,Regular,1.0,Flash Deal,1.35,Bargain Hunter,1.6,0.8,0.517,7.5,70.85,10
product,PRD-05,Premium Running Shoes,Apparel,3900.0,3810.0,4040.0,1.06,110,57,0.518,0.482,21,0,Regular,1.0,Normal Day,1.0,Loyal Customer,0.57,6.2,0.43,1.5,47.27,1
product,PRD-06,Ergonomic Mesh Office Chair,Furniture,8900.0,8750.0,10310.0,1.178,60,32,0.533,0.467,30,0,Regular,1.0,Weekend,1.1,Bargain Hunter,1.64,1.0,0.443,2.5,58.62,1
product,PRD-07,Hydro Stainless Thermal Flask,Home & Kitchen,1100.0,1070.0,1720.0,1.607,250,210,0.84,0.16,44,0,Festive Sale,1.4,Major Event,1.5,Loyal Customer,0.42,6.0,0.684,4.5,89.23,7
product,PRD-08,Ergonomic Mesh Office Chair,Furniture,8900.0,8680.0,12660.0,1.459,60,32,0.533,0.467,12,1,Year End,1.3,Festival,1.4,Bargain Hunter,1.59,2.7,0.633,11.5,90.55,12
product,PRD-01,Hydro Stainless Thermal Flask,Home & Kitchen,1100.0,1100.0,1180.0,1.073,250,161,0.644,0.356,41,0,Regular,1.0,Normal Day,1.0,Prime Member,0.73,5.1,0.398,1.5,43.28,2
product,PRD-02,Ultra HD 4K Monitor 27-inch,Electronics,18500.0,17860.0,23340.0,1.307,45,21,0.467,0.533,43,1,Summer Off-peak,0.85,Festival,1.4,Prime Member,0.68,3.1,0.574,1.5,72.83,1
product,PRD-03,Premium Running Shoes,Apparel,3900.0,3870.0,4200.0,1.085,110,18,0.164,0.836,3,0,Regular,1.0,Normal Day,1.0,Bargain Hunter,1.55,3.7,0.393,1.5,49.36,0
product,PRD-04,Hydro Stainless Thermal Flask,Home & Kitchen,1100.0,1170.0,1310.0,1.12,250,90,0.36,0.64,3,1,Summer Off-peak,0.85,Flash Deal,1.35,Prime Member,0.75,3.5,0.606,9.5,78.83,11
product,PRD-05,Noise-Cancelling Headphones Pro,Electronics,4500.0,4620.0,4830.0,1.045,150,140,0.933,0.067,29,0,Summer Off-peak,0.85,Weekend,1.1,Loyal Customer,0.54,7.3,0.429,3.5,46.91,5
product,PRD-06,Noise-Cancelling Headphones Pro,Electronics,4500.0,4300.0,6750.0,1.57,150,143,0.953,0.047,23,0,Festive Sale,1.4,Major Event,1.5,Bargain Hunter,1.64,1.6,0.567,6.5,79.73,5
product,PRD-07,Noise-Cancelling Headphones Pro,Electronics,4500.0,4370.0,4520.0,1.034,150,82,0.547,0.453,24,0,Regular,1.0,Normal Day,1.0,Prime Member,0.75,5.8,0.439,4.5,50.37,3
product,PRD-08,Ergonomic Mesh Office Chair,Furniture,8900.0,9100.0,10700.0,1.176,60,33,0.55,0.45,38,0,Regular,1.0,Weekend,1.1,Prime Member,0.75,5.7,0.508,4.5,62.13,3
product,PRD-01,Ergonomic Mesh Office Chair,Furniture,8900.0,8840.0,12170.0,1.377,60,40,0.667,0.333,22,0,Festive Sale,1.4,Festival,1.4,Bargain Hunter,1.58,0.1,0.614,10.5,87.21,12
product,PRD-02,Hydro Stainless Thermal Flask,Home & Kitchen,1100.0,1110.0,1330.0,1.198,250,175,0.7,0.3,44,1,Regular,1.0,Flash Deal,1.35,Bargain Hunter,1.59,0.3,0.502,5.5,68.28,8
product,PRD-03,Ergonomic Mesh Office Chair,Furniture,8900.0,8590.0,11550.0,1.345,60,50,0.833,0.167,38,1,Festive Sale,1.4,Festival,1.4,Loyal Customer,0.48,9.9,0.688,6.5,90.52,7
product,PRD-04,Ergonomic Mesh Office Chair,Furniture,8900.0,8940.0,13590.0,1.52,60,41,0.683,0.317,27,0,Festive Sale,1.4,Festival,1.4,Prime Member,0.63,4.5,0.645,6.5,84.36,9
product,PRD-05,Hydro Stainless Thermal Flask,Home & Kitchen,1100.0,1100.0,1570.0,1.427,250,210,0.84,0.16,42,0,Year End,1.3,Major Event,1.5,Bargain Hunter,1.71,5.2,0.557,10.5,78.68,14
product,PRD-06,Premium Running Shoes,Apparel,3900.0,3950.0,4380.0,1.109,110,35,0.318,0.682,27,0,Regular,1.0,Weekend,1.1,Bargain Hunter,1.52,3.7,0.401,5.5,50.44,3
product,PRD-07,Ergonomic Mesh Office Chair,Furniture,8900.0,8790.0,9500.0,1.081,60,44,0.733,0.267,20,0,Regular,1.0,Normal Day,1.0,Impulse Buyer,0.39,2.6,0.465,4.5,51.83,1
product,PRD-08,Hydro Stainless Thermal Flask,Home & Kitchen,1100.0,1120.0,1130.0,1.009,250,107,0.428,0.572,25,0,Regular,1.0,Normal Day,1.0,Bargain Hunter,1.59,0.2,0.409,4.5,52.44,4
product,PRD-01,Premium Running Shoes,Apparel,3900.0,3850.0,5170.0,1.343,110,73,0.664,0.336,27,1,Regular,1.0,Festival,1.4,Prime Member,0.74,9.4,0.628,6.5,82.42,6
product,PRD-02,Hydro Stainless Thermal Flask,Home & Kitchen,1100.0,1150.0,1660.0,1.443,250,65,0.26,0.74,31,0,Year End,1.3,Festival,1.4,Bargain Hunter,1.57,1.2,0.613,10.5,86.97,15
product,PRD-03,Organic Fairtrade Coffee 1kg,Grocery,1200.0,1240.0,1290.0,1.04,300,195,0.65,0.35,30,0,Summer Off-peak,0.85,Weekend,1.1,Prime Member,0.77,8.7,0.473,4.5,56.29,5
product,PRD-04,Organic Fairtrade Coffee 1kg,Grocery,1200.0,1190.0,1220.0,1.025,300,118,0.393,0.607,42,0,Regular,1.0,Normal Day,1.0,Prime Member,0.59,4.4,0.411,0.5,44.22,0
product,PRD-05,Ergonomic Mesh Office Chair,Furniture,8900.0,8780.0,12310.0,1.402,60,54,0.9,0.1,26,0,Festive Sale,1.4,Major Event,1.5,Bargain Hunter,1.61,0.2,0.523,7.5,71.96,10
product,PRD-06,Noise-Cancelling Headphones Pro,Electronics,4500.0,4590.0,5450.0,1.187,150,104,0.693,0.307,2,1,Summer Off-peak,0.85,Flash Deal,1.35,Impulse Buyer,0.44,0.3,0.574,7.5,70.71,8
product,PRD-07,Organic Fairtrade Coffee 1kg,Grocery,1200.0,1220.0,1660.0,1.361,300,143,0.477,0.523,39,1,Regular,1.0,Festival,1.4,Loyal Customer,0.52,16.5,0.687,4.5,90.54,5
product,PRD-08,Ultra HD 4K Monitor 27-inch,Electronics,18500.0,18020.0,25650.0,1.423,45,39,0.867,0.133,11,0,Year End,1.3,Major Event,1.5,Prime Member,0.68,5.1,0.58,4.5,73.77,2
product,PRD-01,Premium Running Shoes,Apparel,3900.0,3800.0,5000.0,1.316,110,83,0.755,0.245,35,1,Year End,1.3,Flash Deal,1.35,Impulse Buyer,0.43,1.5,0.688,8.5,90.05,15
product,PRD-02,Hydro Stainless Thermal Flask,Home & Kitchen,1100.0,1100.0,1240.0,1.127,250,129,0.516,0.484,19,0,Regular,1.0,Weekend,1.1,Prime Member,0.8,9.3,0.449,3.5,52.58,1
product,PRD-03,Premium Running Shoes,Apparel,3900.0,4040.0,3780.0,0.936,110,19,0.173,0.827,30,0,Regular,1.0,Normal Day,1.0,Bargain Hunter,1.62,2.5,0.325,2.5,38.43,2
product,PRD-04,Ultra HD 4K Monitor 27-inch,Electronics,18500.0,19660.0,19370.0,0.985,45,36,0.8,0.2,7,0,Regular,1.0,Normal Day,1.0,Bargain Hunter,1.62,1.0,0.306,4.5,35.11,1
product,PRD-05,Noise-Cancelling Headphones Pro,Electronics,4500.0,4670.0,6000.0,1.285,150,110,0.733,0.267,8,1,Year End,1.3,Festival,1.4,Prime Member,0.67,1.4,0.584,9.5,74.43,13
product,PRD-06,Pro Gaming Mechanical Keyboard,Gaming,5200.0,5100.0,5250.0,1.029,80,22,0.275,0.725,16,0,Regular,1.0,Normal Day,1.0,Impulse Buyer,0.38,0.1,0.468,2.5,52.22,3
product,PRD-07,Pro Gaming Mechanical Keyboard,Gaming,5200.0,5260.0,7110.0,1.352,80,58,0.725,0.275,16,1,Summer Off-peak,0.85,Flash Deal,1.35,Bargain Hunter,1.55,0.6,0.485,5.5,65.06,8
product,PRD-08,Hydro Stainless Thermal Flask,Home & Kitchen,1100.0,1110.0,1140.0,1.027,250,134,0.536,0.464,22,0,Regular,1.0,Normal Day,1.0,Bargain Hunter,1.64,1.1,0.338,4.5,40.87,3
product,PRD-01,Organic Fairtrade Coffee 1kg,Grocery,1200.0,1240.0,1640.0,1.323,300,203,0.677,0.323,30,0,Festive Sale,1.4,Festival,1.4,Loyal Customer,0.54,2.6,0.678,7.5,89.19,11
product,PRD-02,Organic Fairtrade Coffee 1kg,Grocery,1200.0,1240.0,1210.0,0.976,300,195,0.65,0.35,34,0,Regular,1.0,Normal Day,1.0,Impulse Buyer,0.35,0.3,0.437,4.5,46.59,8
product,PRD-03,Organic Fairtrade Coffee 1kg,Grocery,1200.0,1260.0,1480.0,1.175,300,170,0.567,0.433,9,1,Regular,1.0,Festival,1.4,Loyal Customer,0.51,2.6,0.613,4.5,77.92,5
product,PRD-04,Pro Gaming Mechanical Keyboard,Gaming,5200.0,5590.0,5160.0,0.923,80,44,0.55,0.45,42,0,Regular,1.0,Normal Day,1.0,Bargain Hunter,1.64,1.9,0.261,1.5,27.76,0
product,PRD-05,Noise-Cancelling Headphones Pro,Electronics,4500.0,4570.0,4560.0,0.998,150,96,0.64,0.36,26,0,Regular,1.0,Normal Day,1.0,Impulse Buyer,0.34,0.0,0.375,0.5,35.96,0
product,PRD-06,Ergonomic Mesh Office Chair,Furniture,8900.0,9070.0,9830.0,1.084,60,13,0.217,0.783,44,0,Summer Off-peak,0.85,Weekend,1.1,Impulse Buyer,0.4,0.0,0.488,3.5,55.78,4
product,PRD-07,Pro Gaming Mechanical Keyboard,Gaming,5200.0,5410.0,5170.0,0.956,80,57,0.713,0.287,15,0,Regular,1.0,Normal Day,1.0,Impulse Buyer,0.48,0.2,0.362,0.5,34.98,0
product,PRD-08,Pro Gaming Mechanical Keyboard,Gaming,5200.0,5340.0,5260.0,0.985,80,45,0.562,0.438,1,0,Regular,1.0,Normal Day,1.0,Bargain Hunter,1.51,2.8,0.356,5.5,42.74,3
product,PRD-01,Organic Fairtrade Coffee 1kg,Grocery,1200.0,1160.0,1810.0,1.56,300,65,0.217,0.783,44,0,Festive Sale,1.4,Major Event,1.5,Impulse Buyer,0.37,0.5,0.713,5.5,93.74,8
product,PRD-02,Smart Fitness Tracker Band,Wearables,2800.0,2690.0,2610.0,0.97,200,159,0.795,0.205,37,0,Regular,1.0,Normal Day,1.0,Loyal Customer,0.54,4.3,0.414,2.5,44.35,1
product,PRD-03,Ergonomic Mesh Office Chair,Furniture,8900.0,8960.0,9490.0,1.059,60,33,0.55,0.45,20,0,Regular,1.0,Normal Day,1.0,Prime Member,0.65,5.0,0.41,2.5,44.64,2
product,PRD-04,Organic Fairtrade Coffee 1kg,Grocery,1200.0,1190.0,1650.0,1.387,300,234,0.78,0.22,7,1,Year End,1.3,Festival,1.4,Bargain Hunter,1.54,1.2,0.597,7.5,83.99,8
product,PRD-05,Smart Fitness Tracker Band,Wearables,2800.0,2760.0,3680.0,1.333,200,119,0.595,0.405,1,1,Summer Off-peak,0.85,Festival,1.4,Prime Member,0.66,7.6,0.631,9.5,82.22,14
product,PRD-06,Noise-Cancelling Headphones Pro,Electronics,4500.0,4470.0,4670.0,1.045,150,39,0.26,0.74,10,0,Regular,1.0,Normal Day,1.0,Bargain Hunter,1.59,0.2,0.365,4.5,44.95,4
product,PRD-07,Ergonomic Mesh Office Chair,Furniture,8900.0,8910.0,13470.0,1.512,60,19,0.317,0.683,11,0,Year End,1.3,Major Event,1.5,Bargain Hunter,1.54,0.5,0.515,2.5,70.06,2
product,PRD-08,Noise-Cancelling Headphones Pro,Electronics,4500.0,4650.0,6490.0,1.396,150,127,0.847,0.153,17,0,Festive Sale,1.4,Festival,1.4,Prime Member,0.65,5.5,0.568,4.5,71.42,3
product,PRD-01,Hydro Stainless Thermal Flask,Home & Kitchen,1100.0,1050.0,1110.0,1.057,250,213,0.852,0.148,39,0,Summer Off-peak,0.85,Normal Day,1.0,Prime Member,0.75,3.4,0.416,6.5,46.5,9
product,PRD-02,Noise-Cancelling Headphones Pro,Electronics,4500.0,4510.0,4060.0,0.9,150,43,0.287,0.713,43,0,Regular,1.0,Normal Day,1.0,Loyal Customer,0.44,8.4,0.47,7.5,53.06,6
product,PRD-03,Ergonomic Mesh Office Chair,Furniture,8900.0,9160.0,8550.0,0.933,60,44,0.733,0.267,32,0,Regular,1.0,Normal Day,1.0,Bargain Hunter,1.55,0.7,0.311,4.5,35.49,2
product,PRD-04,Organic Fairtrade Coffee 1kg,Grocery,1200.0,1190.0,1880.0,1.58,300,127,0.423,0.577,8,0,Festive Sale,1.4,Major Event,1.5,Bargain Hunter,1.58,1.2,0.614,7.5,87.21,6
product,PRD-05,Ultra HD 4K Monitor 27-inch,Electronics,18500.0,19440.0,19910.0,1.024,45,23,0.511,0.489,12,0,Summer Off-peak,0.85,Normal Day,1.0,Prime Member,0.68,8.9,0.452,4.5,52.04,4
product,PRD-06,Organic Fairtrade Coffee 1kg,Grocery,1200.0,1240.0,1240.0,1.0,300,237,0.79,0.21,20,0,Regular,1.0,Normal Day,1.0,Bargain Hunter,1.63,1.2,0.297,1.5,33.74,1
product,PRD-07,Smart Fitness Tracker Band,Wearables,2800.0,2720.0,3730.0,1.371,200,97,0.485,0.515,30,1,Summer Off-peak,0.85,Flash Deal,1.35,Prime Member,0.75,4.7,0.618,4.5,80.85,4
product,PRD-08,Smart Fitness Tracker Band,Wearables,2800.0,2950.0,2760.0,0.936,200,70,0.35,0.65,23,0,Regular,1.0,Normal Day,1.0,Prime Member,0.67,6.5,0.451,1.5,51.8,0
product,PRD-01,Noise-Cancelling Headphones Pro,Electronics,4500.0,4560.0,7500.0,1.645,150,46,0.307,0.693,24,0,Festive Sale,1.4,Major Event,1.5,Impulse Buyer,0.4,0.4,0.723,5.5,95.75,8
product,PRD-02,Hydro Stainless Thermal Flask,Home & Kitchen,1100.0,1100.0,1410.0,1.282,250,209,0.836,0.164,11,1,Year End,1.3,Flash Deal,1.35,Prime Member,0.65,11.0,0.623,7.5,80.88,9
product,PRD-03,Smart Fitness Tracker Band,Wearables,2800.0,2880.0,3950.0,1.372,200,129,0.645,0.355,43,0,Festive Sale,1.4,Festival,1.4,Bargain Hunter,1.6,1.1,0.513,4.5,70.16,2
product,PRD-04,Smart Fitness Tracker Band,Wearables,2800.0,2800.0,4150.0,1.482,200,108,0.54,0.46,16,0,Festive Sale,1.4,Festival,1.4,Bargain Hunter,1.55,1.4,0.535,6.5,73.44,5
product,PRD-05,Noise-Cancelling Headphones Pro,Electronics,4500.0,4610.0,5270.0,1.143,150,76,0.507,0.493,3,0,Summer Off-peak,0.85,Weekend,1.1,Loyal Customer,0.55,5.4,0.479,3.5,55.49,5
product,PRD-06,Ergonomic Mesh Office Chair,Furniture,8900.0,8750.0,10180.0,1.163,60,56,0.933,0.067,32,0,Regular,1.0,Weekend,1.1,Prime Member,0.74,6.1,0.442,3.5,50.78,3
product,PRD-07,Ultra HD 4K Monitor 27-inch,Electronics,18500.0,18280.0,22610.0,1.237,45,25,0.556,0.444,30,1,Summer Off-peak,0.85,Flash Deal,1.35,Loyal Customer,0.44,4.9,0.574,4.5,70.65,6
product,PRD-08,Noise-Cancelling Headphones Pro,Electronics,4500.0,4310.0,4480.0,1.039,150,33,0.22,0.78,30,0,Regular,1.0,Normal Day,1.0,Bargain Hunter,1.58,2.7,0.402,3.5,51.16,2
product,PRD-01,Smart Fitness Tracker Band,Wearables,2800.0,2810.0,3840.0,1.367,200,153,0.765,0.235,13,0,Year End,1.3,Major Event,1.5,Impulse Buyer,0.48,1.7,0.569,5.5,70.13,8
product,PRD-02,Ergonomic Mesh Office Chair,Furniture,8900.0,9070.0,14270.0,1.573,60,46,0.767,0.233,35,0,Year End,1.3,Major Event,1.5,Impulse Buyer,0.42,1.3,0.664,6.5,85.85,8
product,PRD-03,Hydro Stainless Thermal Flask,Home & Kitchen,1100.0,1160.0,1220.0,1.052,250,142,0.568,0.432,41,0,Regular,1.0,Weekend,1.1,Loyal Customer,0.6,0.4,0.55,7.5,68.07,9
product,PRD-04,Noise-Cancelling Headphones Pro,Electronics,4500.0,4400.0,5340.0,1.214,150,24,0.16,0.84,5,0,Summer Off-peak,0.85,Weekend,1.1,Bargain Hunter,1.52,2.7,0.422,2.5,54.04,2
product,PRD-05,Organic Fairtrade Coffee 1kg,Grocery,1200.0,1230.0,1220.0,0.992,300,227,0.757,0.243,34,0,Regular,1.0,Normal Day,1.0,Loyal Customer,0.54,2.9,0.405,1.5,42.88,0
product,PRD-06,Premium Running Shoes,Apparel,3900.0,3840.0,6270.0,1.633,110,59,0.536,0.464,15,0,Festive Sale,1.4,Major Event,1.5,Bargain Hunter,1.56,0.6,0.576,5.5,80.59,7
product,PRD-07,Organic Fairtrade Coffee 1kg,Grocery,1200.0,1190.0,1750.0,1.471,300,240,0.8,0.2,34,0,Year End,1.3,Festival,1.4,Bargain Hunter,1.69,1.3,0.49,4.5,67.02,2
product,PRD-08,Smart Fitness Tracker Band,Wearables,2800.0,2830.0,3290.0,1.163,200,156,0.78,0.22,35,0,Summer Off-peak,0.85,Weekend,1.1,Bargain Hunter,1.6,0.9,0.371,5.5,46.13,5
product,PRD-01,Smart Fitness Tracker Band,Wearables,2800.0,2940.0,3170.0,1.078,200,154,0.77,0.23,40,0,Regular,1.0,Weekend,1.1,Bargain Hunter,1.64,1.9,0.373,3.5,46.7,2
product,PRD-02,Noise-Cancelling Headphones Pro,Electronics,4500.0,4370.0,5950.0,1.362,150,91,0.607,0.393,12,1,Festive Sale,1.4,Festival,1.4,Loyal Customer,0.54,5.7,0.695,5.5,92.09,5
product,PRD-03,Noise-Cancelling Headphones Pro,Electronics,4500.0,4530.0,4640.0,1.024,150,85,0.567,0.433,28,0,Regular,1.0,Normal Day,1.0,Bargain Hunter,1.59,0.3,0.355,3.5,43.24,3
product,PRD-04,Pro Gaming Mechanical Keyboard,Gaming,5200.0,5420.0,5170.0,0.954,80,24,0.3,0.7,3,0,Regular,1.0,Normal Day,1.0,Prime Member,0.67,4.1,0.463,4.5,53.77,5
product,PRD-05,Premium Running Shoes,Apparel,3900.0,4090.0,5320.0,1.301,110,65,0.591,0.409,26,1,Regular,1.0,Festival,1.4,Bargain Hunter,1.59,0.2,0.561,10.5,78.29,14
product,PRD-06,Ultra HD 4K Monitor 27-inch,Electronics,18500.0,19300.0,24590.0,1.274,45,42,0.933,0.067,38,1,Regular,1.0,Flash Deal,1.35,Bargain Hunter,1.6,6.4,0.528,7.5,72.72,8
product,PRD-07,Hydro Stainless Thermal Flask,Home & Kitchen,1100.0,1100.0,1700.0,1.545,250,147,0.588,0.412,30,0,Year End,1.3,Festival,1.4,Impulse Buyer,0.37,3.5,0.66,5.5,84.66,7
product,PRD-08,Ultra HD 4K Monitor 27-inch,Electronics,18500.0,18140.0,26990.0,1.488,45,42,0.933,0.067,15,0,Year End,1.3,Festival,1.4,Prime Member,0.64,5.3,0.57,8.5,71.78,7
product,PRD-01,Pro Gaming Mechanical Keyboard,Gaming,5200.0,5000.0,7530.0,1.506,80,35,0.438,0.562,21,0,Festive Sale,1.4,Festival,1.4,Bargain Hunter,1.65,3.1,0.604,10.5,86.09,13
product,PRD-02,Organic Fairtrade Coffee 1kg,Grocery,1200.0,1240.0,1610.0,1.298,300,262,0.873,0.127,22,1,Summer Off-peak,0.85,Festival,1.4,Impulse Buyer,0.36,0.6,0.596,7.5,73.85,8
product,PRD-03,Ultra HD 4K Monitor 27-inch,Electronics,18500.0,17410.0,17910.0,1.029,45,35,0.778,0.222,6,0,Regular,1.0,Normal Day,1.0,Bargain Hunter,1.62,1.4,0.349,3.5,42.58,3
product,PRD-04,Ergonomic Mesh Office Chair,Furniture,8900.0,8900.0,8770.0,0.985,60,18,0.3,0.7,12,0,Summer Off-peak,0.85,Normal Day,1.0,Bargain Hunter,1.52,0.7,0.345,1.5,41.04,2
product,PRD-05,Hydro Stainless Thermal Flask,Home & Kitchen,1100.0,1110.0,1310.0,1.18,250,193,0.772,0.228,38,1,Summer Off-peak,0.85,Flash Deal,1.35,Loyal Customer,0.47,5.4,0.561,6.5,68.75,5
product,PRD-06,Noise-Cancelling Headphones Pro,Electronics,4500.0,4680.0,5040.0,1.077,150,122,0.813,0.187,27,0,Summer Off-peak,0.85,Weekend,1.1,Prime Member,0.71,4.0,0.463,2.5,54.16,4
product,PRD-07,Hydro Stainless Thermal Flask,Home & Kitchen,1100.0,1090.0,1370.0,1.257,250,200,0.8,0.2,10,1,Regular,1.0,Festival,1.4,Bargain Hunter,1.72,1.3,0.453,3.5,60.99,2
product,PRD-08,Pro Gaming Mechanical Keyboard,Gaming,5200.0,5260.0,5460.0,1.038,80,29,0.362,0.637,29,0,Regular,1.0,Normal Day,1.0,Bargain Hunter,1.53,1.0,0.374,0.5,45.92,0
product,PRD-01,Hydro Stainless Thermal Flask,Home & Kitchen,1100.0,1100.0,1480.0,1.345,250,245,0.98,0.02,12,0,Festive Sale,1.4,Festival,1.4,Prime Member,0.63,3.3,0.602,7.5,77.04,9
product,PRD-02,Hydro Stainless Thermal Flask,Home & Kitchen,1100.0,1130.0,1140.0,1.009,250,137,0.548,0.452,4,0,Regular,1.0,Normal Day,1.0,Bargain Hunter,1.54,1.2,0.371,2.5,45.6,1
product,PRD-03,Organic Fairtrade Coffee 1kg,Grocery,1200.0,1230.0,1700.0,1.382,300,155,0.517,0.483,40,0,Festive Sale,1.4,Festival,1.4,Loyal Customer,0.47,5.8,0.652,4.5,84.21,5
product,PRD-04,Smart Fitness Tracker Band,Wearables,2800.0,2770.0,4050.0,1.462,200,103,0.515,0.485,9,0,Festive Sale,1.4,Major Event,1.5,Bargain Hunter,1.6,1.8,0.606,7.5,86.06,11
product,PRD-05,Hydro Stainless Thermal Flask,Home & Kitchen,1100.0,1090.0,1350.0,1.239,250,72,0.288,0.712,32,1,Festive Sale,1.4,Flash Deal,1.35,Impulse Buyer,0.36,1.6,0.635,2.5,80.44,3
product,PRD-06,Smart Fitness Tracker Band,Wearables,2800.0,2780.0,3550.0,1.277,200,153,0.765,0.235,5,1,Year End,1.3,Festival,1.4,Impulse Buyer,0.4,4.5,0.669,7.5,86.61,12
product,PRD-07,Hydro Stainless Thermal Flask,Home & Kitchen,1100.0,1100.0,1540.0,1.4,250,186,0.744,0.256,14,0,Festive Sale,1.4,Festival,1.4,Bargain Hunter,1.66,1.0,0.528,8.5,73.28,8
product,PRD-08,Organic Fairtrade Coffee 1kg,Grocery,1200.0,1210.0,1510.0,1.248,300,225,0.75,0.25,28,1,Festive Sale,1.4,Flash Deal,1.35,Bargain Hunter,1.52,0.1,0.577,11.5,80.39,13
product,PRD-01,Premium Running Shoes,Apparel,3900.0,3820.0,4040.0,1.058,110,40,0.364,0.636,24,0,Summer Off-peak,0.85,Normal Day,1.0,Prime Member,0.73,1.6,0.397,4.5,43.09,4
product,PRD-02,Organic Fairtrade Coffee 1kg,Grocery,1200.0,1200.0,1650.0,1.375,300,129,0.43,0.57,20,1,Regular,1.0,Festival,1.4,Prime Member,0.76,5.8,0.68,6.5,91.41,10
product,PRD-03,Pro Gaming Mechanical Keyboard,Gaming,5200.0,5350.0,6470.0,1.209,80,73,0.912,0.088,39,1,Year End,1.3,Flash Deal,1.35,Prime Member,0.71,6.2,0.641,6.5,84.38,11
product,PRD-04,Organic Fairtrade Coffee 1kg,Grocery,1200.0,1230.0,1790.0,1.455,300,159,0.53,0.47,27,0,Year End,1.3,Major Event,1.5,Prime Member,0.71,9.4,0.608,4.5,78.85,5
product,PRD-05,Hydro Stainless Thermal Flask,Home & Kitchen,1100.0,1110.0,1750.0,1.577,250,106,0.424,0.576,35,0,Year End,1.3,Major Event,1.5,Impulse Buyer,0.35,0.8,0.66,9.5,84.64,12
product,PRD-06,Pro Gaming Mechanical Keyboard,Gaming,5200.0,5110.0,7510.0,1.47,80,61,0.762,0.238,32,1,Regular,1.0,Festival,1.4,Loyal Customer,0.52,7.4,0.618,4.5,78.8,4
product,PRD-07,Hydro Stainless Thermal Flask,Home & Kitchen,1100.0,1110.0,1230.0,1.108,250,137,0.548,0.452,1,0,Regular,1.0,Weekend,1.1,Bargain Hunter,1.69,1.8,0.369,3.5,46.43,5
product,PRD-08,Ultra HD 4K Monitor 27-inch,Electronics,18500.0,18560.0,23760.0,1.28,45,30,0.667,0.333,26,1,Regular,1.0,Festival,1.4,Bargain Hunter,1.65,1.5,0.531,6.5,73.61,8
product,PRD-01,Pro Gaming Mechanical Keyboard,Gaming,5200.0,5330.0,6290.0,1.18,80,21,0.263,0.738,39,1,Regular,1.0,Flash Deal,1.35,Bargain Hunter,1.58,2.6,0.502,3.5,68.21,4
product,PRD-02,Hydro Stainless Thermal Flask,Home & Kitchen,1100.0,1040.0,1350.0,1.298,250,54,0.216,0.784,15,1,Festive Sale,1.4,Flash Deal,1.35,Prime Member,0.7,7.6,0.687,6.5,92.08,9
product,PRD-03,Premium Running Shoes,Apparel,3900.0,4050.0,4610.0,1.138,110,83,0.755,0.245,36,0,Regular,1.0,Normal Day,1.0,Prime Member,0.7,5.9,0.439,3.5,50.05,4
product,PRD-04,Noise-Cancelling Headphones Pro,Electronics,4500.0,4510.0,4760.0,1.055,150,133,0.887,0.113,38,0,Summer Off-peak,0.85,Normal Day,1.0,Impulse Buyer,0.41,0.3,0.445,4.5,48.5,2
product,PRD-05,Ergonomic Mesh Office Chair,Furniture,8900.0,8400.0,12220.0,1.455,60,29,0.483,0.517,33,0,Festive Sale,1.4,Festival,1.4,Loyal Customer,0.6,3.9,0.588,2.5,74.41,2
product,PRD-06,Noise-Cancelling Headphones Pro,Electronics,4500.0,4280.0,6440.0,1.505,150,93,0.62,0.38,5,0,Festive Sale,1.4,Festival,1.4,Prime Member,0.68,5.4,0.67,5.5,89.08,9
product,PRD-07,Premium Running Shoes,Apparel,3900.0,3780.0,5790.0,1.532,110,51,0.464,0.536,33,0,Festive Sale,1.4,Major Event,1.5,Loyal Customer,0.47,3.1,0.66,9.5,85.53,16
product,PRD-08,Pro Gaming Mechanical Keyboard,Gaming,5200.0,5250.0,5160.0,0.983,80,49,0.613,0.387,20,0,Summer Off-peak,0.85,Normal Day,1.0,Loyal Customer,0.51,1.3,0.461,5.5,52.1,6
product,PRD-01,Smart Fitness Tracker Band,Wearables,2800.0,2830.0,2960.0,1.046,200,24,0.12,0.88,27,0,Regular,1.0,Normal Day,1.0,Impulse Buyer,0.36,1.9,0.472,3.5,52.62,2
product,PRD-02,Noise-Cancelling Headphones Pro,Electronics,4500.0,4690.0,4910.0,1.047,150,128,0.853,0.147,42,0,Regular,1.0,Normal Day,1.0,Prime Member,0.76,8.4,0.401,1.5,43.96,0
product,PRD-03,Organic Fairtrade Coffee 1kg,Grocery,1200.0,1190.0,1550.0,1.303,300,55,0.183,0.817,27,1,Festive Sale,1.4,Flash Deal,1.35,Prime Member,0.73,11.8,0.669,6.5,89.38,9
product,PRD-04,Premium Running Shoes,Apparel,3900.0,3850.0,4700.0,1.221,110,72,0.655,0.345,17,1,Festive Sale,1.4,Flash Deal,1.35,Bargain Hunter,1.68,2.0,0.525,4.5,72.95,3
product,PRD-05,Hydro Stainless Thermal Flask,Home & Kitchen,1100.0,1070.0,1620.0,1.514,250,43,0.172,0.828,41,0,Year End,1.3,Festival,1.4,Impulse Buyer,0.45,0.5,0.687,14.5,89.93,22
product,PRD-06,Hydro Stainless Thermal Flask,Home & Kitchen,1100.0,1110.0,1410.0,1.27,250,85,0.34,0.66,27,1,Summer Off-peak,0.85,Flash Deal,1.35,Prime Member,0.68,2.5,0.571,2.5,72.23,3
product,PRD-07,Noise-Cancelling Headphones Pro,Electronics,4500.0,4600.0,5330.0,1.159,150,54,0.36,0.64,18,0,Summer Off-peak,0.85,Weekend,1.1,Bargain Hunter,1.67,0.6,0.402,3.5,51.96,4
product,PRD-08,Premium Running Shoes,Apparel,3900.0,3930.0,3550.0,0.903,110,73,0.664,0.336,40,0,Regular,1.0,Normal Day,1.0,Prime Member,0.7,5.9,0.459,5.5,53.43,5
product,PRD-01,Pro Gaming Mechanical Keyboard,Gaming,5200.0,5120.0,5610.0,1.096,80,52,0.65,0.35,4,0,Regular,1.0,Normal Day,1.0,Bargain Hunter,1.64,1.8,0.337,2.5,40.59,0
product,PRD-02,Noise-Cancelling Headphones Pro,Electronics,4500.0,4490.0,4410.0,0.982,150,33,0.22,0.78,15,0,Regular,1.0,Normal Day,1.0,Loyal Customer,0.5,9.9,0.496,6.5,58.01,9
product,PRD-03,Ultra HD 4K Monitor 27-inch,Electronics,18500.0,17380.0,17480.0,1.006,45,22,0.489,0.511,18,0,Regular,1.0,Normal Day,1.0,Prime Member,0.74,5.7,0.405,0.5,44.54,1
product,PRD-04,Ultra HD 4K Monitor 27-inch,Electronics,18500.0,18480.0,19200.0,1.039,45,20,0.444,0.556,24,0,Summer Off-peak,0.85,Normal Day,1.0,Impulse Buyer,0.4,1.1,0.423,2.5,44.79,1
product,PRD-05,Noise-Cancelling Headphones Pro,Electronics,4500.0,4640.0,4360.0,0.94,150,135,0.9,0.1,24,0,Regular,1.0,Normal Day,1.0,Prime Member,0.74,2.5,0.413,3.5,45.91,1
product,PRD-06,Ultra HD 4K Monitor 27-inch,Electronics,18500.0,18200.0,25330.0,1.392,45,22,0.489,0.511,22,0,Year End,1.3,Festival,1.4,Prime Member,0.66,8.2,0.697,10.5,93.56,14
product,PRD-07,Smart Fitness Tracker Band,Wearables,2800.0,2840.0,2880.0,1.014,200,117,0.585,0.415,25,0,Regular,1.0,Normal Day,1.0,Loyal Customer,0.45,1.5,0.407,3.5,42.35,3
product,PRD-08,Pro Gaming Mechanical Keyboard,Gaming,5200.0,5160.0,5680.0,1.101,80,60,0.75,0.25,36,0,Regular,1.0,Normal Day,1.0,Loyal Customer,0.46,1.4,0.454,5.5,50.51,3
product,PRD-01,Smart Fitness Tracker Band,Wearables,2800.0,2710.0,3460.0,1.277,200,90,0.45,0.55,13,1,Regular,1.0,Flash Deal,1.35,Impulse Buyer,0.37,1.8,0.666,8.5,85.73,10
product,PRD-02,Noise-Cancelling Headphones Pro,Electronics,4500.0,4340.0,5850.0,1.348,150,78,0.52,0.48,43,1,Year End,1.3,Flash Deal,1.35,Loyal Customer,0.57,5.9,0.706,5.5,94.29,9
product,PRD-03,Smart Fitness Tracker Band,Wearables,2800.0,2850.0,4160.0,1.46,200,79,0.395,0.605,28,0,Festive Sale,1.4,Major Event,1.5,Bargain Hunter,1.54,1.3,0.616,11.5,87.28,19
product,PRD-04,Ergonomic Mesh Office Chair,Furniture,8900.0,8370.0,8540.0,1.02,60,19,0.317,0.683,2,0,Summer Off-peak,0.85,Normal Day,1.0,Loyal Customer,0.49,2.5,0.42,4.5,44.89,4
product,PRD-05,Ergonomic Mesh Office Chair,Furniture,8900.0,9030.0,11700.0,1.296,60,27,0.45,0.55,14,1,Year End,1.3,Flash Deal,1.35,Impulse Buyer,0.35,2.1,0.628,5.5,79.05,6
product,PRD-06,Premium Running Shoes,Apparel,3900.0,3830.0,4920.0,1.285,110,45,0.409,0.591,12,1,Summer Off-peak,0.85,Flash Deal,1.35,Impulse Buyer,0.38,0.9,0.588,7.5,72.51,10
product,PRD-07,Organic Fairtrade Coffee 1kg,Grocery,1200.0,1140.0,1640.0,1.439,300,94,0.313,0.687,30,1,Regular,1.0,Festival,1.4,Loyal Customer,0.49,6.4,0.625,4.5,79.76,7
product,PRD-08,Premium Running Shoes,Apparel,3900.0,3920.0,5620.0,1.434,110,107,0.973,0.027,41,0,Festive Sale,1.4,Festival,1.4,Bargain Hunter,1.65,0.9,0.492,7.5,67.02,9
product,PRD-01,Organic Fairtrade Coffee 1kg,Grocery,1200.0,1190.0,1180.0,0.992,300,284,0.947,0.053,16,0,Regular,1.0,Normal Day,1.0,Prime Member,0.69,13.4,0.421,2.5,46.81,2
product,PRD-02,Ergonomic Mesh Office Chair,Furniture,8900.0,8660.0,10620.0,1.226,60,14,0.233,0.767,15,1,Year End,1.3,Flash Deal,1.35,Bargain Hunter,1.61,0.1,0.548,7.5,76.29,9
product,PRD-03,Organic Fairtrade Coffee 1kg,Grocery,1200.0,1120.0,1540.0,1.375,300,143,0.477,0.523,8,0,Year End,1.3,Festival,1.4,Loyal Customer,0.54,6.0,0.622,6.5,79.79,7
product,PRD-04,Ergonomic Mesh Office Chair,Furniture,8900.0,8880.0,12990.0,1.463,60,21,0.35,0.65,18,0,Festive Sale,1.4,Festival,1.4,Impulse Buyer,0.37,1.2,0.68,5.5,88.23,6
product,PRD-05,Pro Gaming Mechanical Keyboard,Gaming,5200.0,5420.0,5700.0,1.052,80,19,0.237,0.762,26,0,Regular,1.0,Normal Day,1.0,Loyal Customer,0.5,6.7,0.435,2.5,47.68,3
product,PRD-06,Ergonomic Mesh Office Chair,Furniture,8900.0,8840.0,9030.0,1.021,60,57,0.95,0.05,8,0,Summer Off-peak,0.85,Normal Day,1.0,Prime Member,0.72,6.2,0.38,4.5,40.05,5
product,PRD-07,Hydro Stainless Thermal Flask,Home & Kitchen,1100.0,1130.0,1550.0,1.372,250,201,0.804,0.196,33,0,Festive Sale,1.4,Festival,1.4,Loyal Customer,0.52,7.4,0.549,5.5,67.07,8
product,PRD-08,Pro Gaming Mechanical Keyboard,Gaming,5200.0,5250.0,7090.0,1.35,80,42,0.525,0.475,41,1,Festive Sale,1.4,Flash Deal,1.35,Bargain Hunter,1.59,0.2,0.582,11.5,81.78,13
product,PRD-01,Smart Fitness Tracker Band,Wearables,2800.0,2660.0,3910.0,1.47,200,141,0.705,0.295,31,0,Year End,1.3,Festival,1.4,Bargain Hunter,1.61,1.4,0.472,5.5,63.36,6
product,PRD-02,Premium Running Shoes,Apparel,3900.0,3770.0,3910.0,1.037,110,42,0.382,0.618,29,0,Summer Off-peak,0.85,Normal Day,1.0,Impulse Buyer,0.36,0.5,0.442,3.5,47.53,1
product,PRD-03,Ultra HD 4K Monitor 27-inch,Electronics,18500.0,18370.0,19290.0,1.05,45,27,0.6,0.4,24,0,Regular,1.0,Normal Day,1.0,Bargain Hunter,1.71,3.9,0.386,5.5,49.54,3
product,PRD-04,Smart Fitness Tracker Band,Wearables,2800.0,2920.0,4110.0,1.408,200,108,0.54,0.46,1,0,Festive Sale,1.4,Festival,1.4,Bargain Hunter,1.52,0.9,0.546,9.5,75.11,12
product,PRD-05,Noise-Cancelling Headphones Pro,Electronics,4500.0,4500.0,5500.0,1.222,150,26,0.173,0.827,11,1,Regular,1.0,Festival,1.4,Bargain Hunter,1.65,0.3,0.55,7.5,76.98,8
product,PRD-06,Premium Running Shoes,Apparel,3900.0,4040.0,4990.0,1.235,110,89,0.809,0.191,14,1,Festive Sale,1.4,Festival,1.4,Loyal Customer,0.51,3.8,0.631,5.5,80.98,6
product,PRD-07,Ergonomic Mesh Office Chair,Furniture,8900.0,8900.0,12170.0,1.367,60,39,0.65,0.35,42,1,Regular,1.0,Flash Deal,1.35,Bargain Hunter,1.62,1.9,0.6,12.5,85.23,10
product,PRD-08,Ultra HD 4K Monitor 27-inch,Electronics,18500.0,18290.0,18290.0,1.0,45,23,0.511,0.489,40,0,Summer Off-peak,0.85,Normal Day,1.0,Impulse Buyer,0.38,0.3,0.497,8.5,57.14,9
product,PRD-01,Noise-Cancelling Headphones Pro,Electronics,4500.0,4530.0,6480.0,1.43,150,123,0.82,0.18,12,1,Regular,1.0,Festival,1.4,Bargain Hunter,1.59,1.9,0.472,4.5,63.09,2
product,PRD-02,Pro Gaming Mechanical Keyboard,Gaming,5200.0,5170.0,6350.0,1.228,80,65,0.812,0.188,38,1,Summer Off-peak,0.85,Flash Deal,1.35,Prime Member,0.69,6.7,0.556,4.5,69.86,7
product,PRD-03,Ultra HD 4K Monitor 27-inch,Electronics,18500.0,18430.0,28580.0,1.551,45,14,0.311,0.689,23,0,Year End,1.3,Major Event,1.5,Loyal Customer,0.47,7.8,0.695,6.5,91.57,6
product,PRD-04,Hydro Stainless Thermal Flask,Home & Kitchen,1100.0,1130.0,1430.0,1.265,250,69,0.276,0.724,16,1,Regular,1.0,Flash Deal,1.35,Prime Member,0.74,3.9,0.612,5.5,79.8,7
product,PRD-05,Ergonomic Mesh Office Chair,Furniture,8900.0,9230.0,9470.0,1.026,60,16,0.267,0.733,28,0,Regular,1.0,Weekend,1.1,Bargain Hunter,1.62,5.0,0.427,5.5,55.8,3
product,PRD-06,Ergonomic Mesh Office Chair,Furniture,8900.0,9330.0,14480.0,1.552,60,3,0.05,0.95,36,0,Year End,1.3,Major Event,1.5,Prime Member,0.75,11.8,0.679,5.5,91.26,3
product,PRD-07,Ultra HD 4K Monitor 27-inch,Electronics,18500.0,18430.0,27090.0,1.47,45,16,0.356,0.644,39,0,Festive Sale,1.4,Major Event,1.5,Loyal Customer,0.46,5.3,0.643,5.5,82.54,7
product,PRD-08,Ultra HD 4K Monitor 27-inch,Electronics,18500.0,18920.0,17700.0,0.936,45,25,0.556,0.444,34,0,Regular,1.0,Normal Day,1.0,Impulse Buyer,0.37,1.9,0.408,3.5,41.97,3
product,PRD-01,Smart Fitness Tracker Band,Wearables,2800.0,2900.0,2910.0,1.003,200,134,0.67,0.33,31,0,Regular,1.0,Weekend,1.1,Bargain Hunter,1.58,1.0,0.386,6.5,48.37,4
product,PRD-02,Pro Gaming Mechanical Keyboard,Gaming,5200.0,5180.0,7840.0,1.514,80,49,0.613,0.387,40,0,Festive Sale,1.4,Major Event,1.5,Impulse Buyer,0.38,2.6,0.667,5.5,86.03,10
product,PRD-03,Smart Fitness Tracker Band,Wearables,2800.0,2840.0,4290.0,1.511,200,70,0.35,0.65,26,0,Festive Sale,1.4,Major Event,1.5,Bargain Hunter,1.62,0.2,0.57,8.5,80.12,9
product,PRD-04,Hydro Stainless Thermal Flask,Home & Kitchen,1100.0,1170.0,1120.0,0.957,250,95,0.38,0.62,1,0,Regular,1.0,Normal Day,1.0,Bargain Hunter,1.62,0.5,0.346,6.5,42.06,0
product,PRD-05,Noise-Cancelling Headphones Pro,Electronics,4500.0,4710.0,5700.0,1.21,150,44,0.293,0.707,12,1,Regular,1.0,Flash Deal,1.35,Bargain Hunter,1.59,0.3,0.512,6.5,69.94,8
product,PRD-06,Noise-Cancelling Headphones Pro,Electronics,4500.0,4590.0,5780.0,1.259,150,94,0.627,0.373,22,1,Regular,1.0,Flash Deal,1.35,Loyal Customer,0.43,6.6,0.517,1.5,60.97,0
product,PRD-07,Organic Fairtrade Coffee 1kg,Grocery,1200.0,1200.0,1790.0,1.492,300,153,0.51,0.49,41,0,Festive Sale,1.4,Major Event,1.5,Prime Member,0.73,4.0,0.63,7.5,82.66,6
product,PRD-08,Pro Gaming Mechanical Keyboard,Gaming,5200.0,5210.0,7360.0,1.413,80,50,0.625,0.375,6,1,Regular,1.0,Festival,1.4,Bargain Hunter,1.7,0.3,0.56,7.5,79.1,8
product,PRD-01,Organic Fairtrade Coffee 1kg,Grocery,1200.0,1170.0,1660.0,1.419,300,86,0.287,0.713,30,1,Regular,1.0,Festival,1.4,Prime Member,0.65,11.5,0.705,9.5,94.76,14
product,PRD-02,Smart Fitness Tracker Band,Wearables,2800.0,2860.0,3340.0,1.168,200,91,0.455,0.545,44,1,Regular,1.0,Festival,1.4,Prime Member,0.71,10.0,0.62,4.5,80.91,5
product,PRD-03,Ergonomic Mesh Office Chair,Furniture,8900.0,9580.0,10340.0,1.079,60,40,0.667,0.333,38,1,Year End,1.3,Flash Deal,1.35,Impulse Buyer,0.42,2.3,0.637,9.5,81.31,11
product,PRD-04,Premium Running Shoes,Apparel,3900.0,3840.0,5390.0,1.404,110,65,0.591,0.409,23,0,Festive Sale,1.4,Festival,1.4,Impulse Buyer,0.52,1.5,0.625,7.5,80.14,10
product,PRD-05,Pro Gaming Mechanical Keyboard,Gaming,5200.0,5000.0,5280.0,1.056,80,26,0.325,0.675,13,0,Summer Off-peak,0.85,Normal Day,1.0,Loyal Customer,0.51,8.4,0.457,5.5,51.51,4
product,PRD-06,Smart Fitness Tracker Band,Wearables,2800.0,2810.0,3100.0,1.103,200,149,0.745,0.255,24,0,Regular,1.0,Normal Day,1.0,Bargain Hunter,1.6,1.2,0.392,5.5,49.66,5
product,PRD-07,Ergonomic Mesh Office Chair,Furniture,8900.0,9130.0,8870.0,0.972,60,20,0.333,0.667,18,0,Regular,1.0,Normal Day,1.0,Bargain Hunter,1.51,0.7,0.367,0.5,44.64,1
product,PRD-08,Premium Running Shoes,Apparel,3900.0,3850.0,4030.0,1.047,110,36,0.327,0.673,33,0,Regular,1.0,Normal Day,1.0,Prime Member,0.76,9.6,0.445,2.5,51.57,0
product,PRD-01,Hydro Stainless Thermal Flask,Home & Kitchen,1100.0,1060.0,1200.0,1.132,250,194,0.776,0.224,7,0,Regular,1.0,Weekend,1.1,Bargain Hunter,1.69,1.6,0.366,5.5,46.07,7
product,PRD-02,Ultra HD 4K Monitor 27-inch,Electronics,18500.0,19010.0,25840.0,1.359,45,9,0.2,0.8,39,1,Regular,1.0,Flash Deal,1.35,Prime Member,0.75,9.3,0.633,5.5,83.32,5
product,PRD-03,Organic Fairtrade Coffee 1kg,Grocery,1200.0,1180.0,1420.0,1.203,300,152,0.507,0.493,18,0,Summer Off-peak,0.85,Weekend,1.1,Bargain Hunter,1.61,2.8,0.378,3.5,47.4,1
product,PRD-04,Ergonomic Mesh Office Chair,Furniture,8900.0,8850.0,9190.0,1.038,60,25,0.417,0.583,15,0,Summer Off-peak,0.85,Normal Day,1.0,Prime Member,0.73,6.1,0.462,2.5,54.1,2
product,PRD-05,Smart Fitness Tracker Band,Wearables,2800.0,2760.0,3660.0,1.326,200,63,0.315,0.685,38,1,Regular,1.0,Festival,1.4,Impulse Buyer,0.42,0.5,0.651,8.5,83.65,12
product,PRD-06,Ultra HD 4K Monitor 27-inch,Electronics,18500.0,18710.0,18750.0,1.002,45,42,0.933,0.067,13,0,Regular,1.0,Weekend,1.1,Impulse Buyer,0.41,0.1,0.427,3.5,45.55,3
product,PRD-07,Pro Gaming Mechanical Keyboard,Gaming,5200.0,5220.0,5090.0,0.975,80,42,0.525,0.475,2,0,Regular,1.0,Normal Day,1.0,Prime Member,0.73,2.3,0.411,5.5,45.54,4
product,PRD-08,Ultra HD 4K Monitor 27-inch,Electronics,18500.0,17640.0,18720.0,1.061,45,38,0.844,0.156,14,0,Regular,1.0,Normal Day,1.0,Impulse Buyer,0.53,0.4,0.48,8.5,55.51,11
product,PRD-01,Ultra HD 4K Monitor 27-inch,Electronics,18500.0,19720.0,21890.0,1.11,45,23,0.511,0.489,14,0,Regular,1.0,Weekend,1.1,Impulse Buyer,0.44,0.3,0.474,3.5,53.66,2
product,PRD-02,Ergonomic Mesh Office Chair,Furniture,8900.0,8790.0,11670.0,1.328,60,29,0.483,0.517,25,0,Festive Sale,1.4,Festival,1.4,Prime Member,0.69,4.2,0.632,5.5,82.66,7
product,PRD-03,Pro Gaming Mechanical Keyboard,Gaming,5200.0,5050.0,8290.0,1.642,80,4,0.05,0.95,8,0,Year End,1.3,Major Event,1.5,Prime Member,0.67,3.7,0.734,7.5,99.8,4
product,PRD-04,Hydro Stainless Thermal Flask,Home & Kitchen,1100.0,1130.0,1370.0,1.212,250,82,0.328,0.672,15,1,Regular,1.0,Flash Deal,1.35,Prime Member,0.69,10.9,0.684,6.5,91.49,10
product,PRD-05,Organic Fairtrade Coffee 1kg,Grocery,1200.0,1220.0,1360.0,1.115,300,112,0.373,0.627,1,0,Regular,1.0,Normal Day,1.0,Bargain Hunter,1.54,0.4,0.364,2.5,44.41,1
product,PRD-06,Organic Fairtrade Coffee 1kg,Grocery,1200.0,1200.0,1770.0,1.475,300,252,0.84,0.16,3,0,Festive Sale,1.4,Major Event,1.5,Impulse Buyer,0.42,0.3,0.62,6.5,78.36,9
product,PRD-07,Smart Fitness Tracker Band,Wearables,2800.0,2760.0,4220.0,1.529,200,65,0.325,0.675,44,0,Festive Sale,1.4,Major Event,1.5,Impulse Buyer,0.38,0.8,0.749,7.5,100.0,13
product,PRD-08,Premium Running Shoes,Apparel,3900.0,4010.0,5850.0,1.459,110,63,0.573,0.427,36,0,Festive Sale,1.4,Major Event,1.5,Impulse Buyer,0.44,1.8,0.674,9.5,87.69,13
product,PRD-01,Hydro Stainless Thermal Flask,Home & Kitchen,1100.0,1100.0,1200.0,1.091,250,99,0.396,0.604,40,0,Regular,1.0,Normal Day,1.0,Bargain Hunter,1.53,1.9,0.342,2.5,40.6,2
product,PRD-02,Ultra HD 4K Monitor 27-inch,Electronics,18500.0,18980.0,22860.0,1.204,45,24,0.533,0.467,13,1,Regular,1.0,Flash Deal,1.35,Bargain Hunter,1.52,1.1,0.489,5.5,65.43,6
product,PRD-03,Organic Fairtrade Coffee 1kg,Grocery,1200.0,1180.0,1600.0,1.356,300,157,0.523,0.477,22,1,Festive Sale,1.4,Flash Deal,1.35,Prime Member,0.71,6.5,0.689,4.5,92.54,5
product,PRD-04,Pro Gaming Mechanical Keyboard,Gaming,5200.0,5140.0,5770.0,1.123,80,21,0.263,0.738,38,0,Summer Off-peak,0.85,Weekend,1.1,Bargain Hunter,1.62,0.9,0.385,2.5,48.6,1
product,PRD-05,Ultra HD 4K Monitor 27-inch,Electronics,18500.0,18030.0,29290.0,1.625,45,32,0.711,0.289,30,0,Festive Sale,1.4,Major Event,1.5,Bargain Hunter,1.59,1.0,0.568,5.5,79.41,7
product,PRD-06,Noise-Cancelling Headphones Pro,Electronics,4500.0,4310.0,4800.0,1.114,150,58,0.387,0.613,37,0,Regular,1.0,Normal Day,1.0,Impulse Buyer,0.3,0.3,0.489,4.5,55.08,4
product,PRD-07,Ultra HD 4K Monitor 27-inch,Electronics,18500.0,18820.0,29250.0,1.554,45,26,0.578,0.422,1,0,Year End,1.3,Festival,1.4,Loyal Customer,0.45,11.1,0.675,5.5,87.9,6
product,PRD-08,Smart Fitness Tracker Band,Wearables,2800.0,2840.0,2790.0,0.982,200,67,0.335,0.665,3,0,Regular,1.0,Normal Day,1.0,Bargain Hunter,1.61,4.0,0.371,3.5,46.2,2
product,PRD-01,Noise-Cancelling Headphones Pro,Electronics,4500.0,4540.0,4510.0,0.993,150,88,0.587,0.413,36,0,Summer Off-peak,0.85,Normal Day,1.0,Bargain Hunter,1.6,1.2,0.325,2.5,38.18,3
product,PRD-02,Noise-Cancelling Headphones Pro,Electronics,4500.0,4610.0,6500.0,1.41,150,78,0.52,0.48,17,0,Festive Sale,1.4,Major Event,1.5,Bargain Hunter,1.57,0.1,0.588,9.5,82.78,13
product,PRD-03,Pro Gaming Mechanical Keyboard,Gaming,5200.0,5220.0,8230.0,1.577,80,38,0.475,0.525,33,0,Festive Sale,1.4,Major Event,1.5,Prime Member,0.7,11.1,0.728,7.5,99.17,13
product,PRD-04,Ergonomic Mesh Office Chair,Furniture,8900.0,9410.0,9580.0,1.018,60,34,0.567,0.433,31,0,Regular,1.0,Weekend,1.1,Loyal Customer,0.43,5.7,0.479,0.5,54.54,1
product,PRD-05,Ergonomic Mesh Office Chair,Furniture,8900.0,8640.0,9070.0,1.05,60,30,0.5,0.5,43,0,Regular,1.0,Normal Day,1.0,Bargain Hunter,1.56,1.2,0.387,2.5,48.44,1
product,PRD-06,Ultra HD 4K Monitor 27-inch,Electronics,18500.0,18900.0,20660.0,1.093,45,17,0.378,0.622,38,0,Regular,1.0,Weekend,1.1,Bargain Hunter,1.61,2.6,0.422,4.5,54.81,2
product,PRD-07,Organic Fairtrade Coffee 1kg,Grocery,1200.0,1230.0,1490.0,1.211,300,245,0.817,0.183,15,1,Summer Off-peak,0.85,Flash Deal,1.35,Bargain Hunter,1.68,1.4,0.377,3.5,47.75,4
product,PRD-08,Noise-Cancelling Headphones Pro,Electronics,4500.0,4850.0,5010.0,1.033,150,102,0.68,0.32,4,0,Regular,1.0,Normal Day,1.0,Bargain Hunter,1.63,1.8,0.337,1.5,40.63,1
product,PRD-01,Ultra HD 4K Monitor 27-inch,Electronics,18500.0,18130.0,19190.0,1.058,45,40,0.889,0.111,42,0,Summer Off-peak,0.85,Normal Day,1.0,Loyal Customer,0.55,5.0,0.436,5.5,48.2,3
product,PRD-02,Premium Running Shoes,Apparel,3900.0,3920.0,4140.0,1.056,110,78,0.709,0.291,33,0,Regular,1.0,Normal Day,1.0,Impulse Buyer,0.37,0.7,0.446,2.5,48.36,3
product,PRD-03,Premium Running Shoes,Apparel,3900.0,3790.0,4360.0,1.15,110,65,0.591,0.409,32,0,Regular,1.0,Normal Day,1.0,Impulse Buyer,0.29,0.1,0.475,1.5,52.67,0
product,PRD-04,Hydro Stainless Thermal Flask,Home & Kitchen,1100.0,1080.0,1270.0,1.176,250,97,0.388,0.612,32,0,Regular,1.0,Weekend,1.1,Bargain Hunter,1.62,0.6,0.398,3.5,50.75,4
product,PRD-05,Premium Running Shoes,Apparel,3900.0,3900.0,5260.0,1.349,110,65,0.591,0.409,28,0,Festive Sale,1.4,Festival,1.4,Prime Member,0.65,6.4,0.632,9.5,82.45,12
product,PRD-06,Noise-Cancelling Headphones Pro,Electronics,4500.0,4560.0,5930.0,1.3,150,30,0.2,0.8,24,1,Regular,1.0,Flash Deal,1.35,Impulse Buyer,0.42,0.9,0.664,6.5,85.77,8
product,PRD-07,Ultra HD 4K Monitor 27-inch,Electronics,18500.0,19170.0,20630.0,1.076,45,16,0.356,0.644,6,0,Regular,1.0,Weekend,1.1,Loyal Customer,0.55,5.5,0.44,0.5,48.9,1
product,PRD-08,Hydro Stainless Thermal Flask,Home & Kitchen,1100.0,1030.0,1150.0,1.117,250,63,0.252,0.748,35,0,Regular,1.0,Normal Day,1.0,Prime Member,0.72,3.7,0.46,5.5,53.68,5
product,PRD-01,Pro Gaming Mechanical Keyboard,Gaming,5200.0,5290.0,5080.0,0.96,80,34,0.425,0.575,9,0,Summer Off-peak,0.85,Normal Day,1.0,Prime Member,0.7,3.1,0.447,3.5,51.31,3
product,PRD-02,Noise-Cancelling Headphones Pro,Electronics,4500.0,4730.0,6820.0,1.442,150,47,0.313,0.687,42,0,Year End,1.3,Major Event,1.5,Prime Member,0.58,8.7,0.693,8.5,92.07,11
product,PRD-03,Organic Fairtrade Coffee 1kg,Grocery,1200.0,1180.0,1420.0,1.203,300,227,0.757,0.243,17,0,Regular,1.0,Weekend,1.1,Loyal Customer,0.47,13.2,0.535,2.5,64.32,4
product,PRD-04,Hydro Stainless Thermal Flask,Home & Kitchen,1100.0,1100.0,1540.0,1.4,250,219,0.876,0.124,5,1,Regular,1.0,Festival,1.4,Bargain Hunter,1.63,1.6,0.474,10.5,63.91,11
product,PRD-05,Organic Fairtrade Coffee 1kg,Grocery,1200.0,1240.0,1320.0,1.065,300,213,0.71,0.29,13,0,Regular,1.0,Weekend,1.1,Bargain Hunter,1.6,0.0,0.348,3.5,42.12,3
product,PRD-06,Noise-Cancelling Headphones Pro,Electronics,4500.0,4570.0,4460.0,0.976,150,67,0.447,0.553,8,0,Regular,1.0,Normal Day,1.0,Loyal Customer,0.52,2.8,0.469,3.5,53.53,5
product,PRD-07,Premium Running Shoes,Apparel,3900.0,3990.0,5890.0,1.476,110,85,0.773,0.227,28,0,Festive Sale,1.4,Major Event,1.5,Impulse Buyer,0.47,0.0,0.641,5.5,82.34,6
product,PRD-08,Organic Fairtrade Coffee 1kg,Grocery,1200.0,1170.0,1610.0,1.376,300,271,0.903,0.097,33,1,Festive Sale,1.4,Flash Deal,1.35,Bargain Hunter,1.67,1.2,0.5,2.5,68.63,4
product,PRD-01,Pro Gaming Mechanical Keyboard,Gaming,5200.0,5060.0,5300.0,1.047,80,17,0.212,0.787,26,0,Regular,1.0,Normal Day,1.0,Impulse Buyer,0.49,0.0,0.501,5.5,58.79,7
product,PRD-02,Noise-Cancelling Headphones Pro,Electronics,4500.0,4540.0,7330.0,1.615,150,90,0.6,0.4,38,0,Year End,1.3,Major Event,1.5,Bargain Hunter,1.65,2.3,0.606,7.5,86.52,8
product,PRD-03,Organic Fairtrade Coffee 1kg,Grocery,1200.0,1180.0,1690.0,1.432,300,143,0.477,0.523,32,0,Festive Sale,1.4,Festival,1.4,Impulse Buyer,0.45,0.3,0.617,5.5,78.18,4
product,PRD-04,Ultra HD 4K Monitor 27-inch,Electronics,18500.0,19070.0,28780.0,1.509,45,23,0.511,0.489,16,0,Year End,1.3,Major Event,1.5,Bargain Hunter,1.62,0.6,0.556,6.5,77.61,8
product,PRD-05,Premium Running Shoes,Apparel,3900.0,4030.0,6440.0,1.598,110,60,0.545,0.455,28,0,Year End,1.3,Major Event,1.5,Prime Member,0.67,3.3,0.632,6.5,82.49,9
product,PRD-06,Ergonomic Mesh Office Chair,Furniture,8900.0,8940.0,13730.0,1.536,60,29,0.483,0.517,43,0,Year End,1.3,Major Event,1.5,Impulse Buyer,0.44,1.1,0.746,8.5,100.0,13
product,PRD-07,Smart Fitness Tracker Band,Wearables,2800.0,2850.0,2810.0,0.986,200,45,0.225,0.775,2,0,Regular,1.0,Normal Day,1.0,Bargain Hunter,1.56,2.3,0.378,1.5,46.9,2
product,PRD-08,Premium Running Shoes,Apparel,3900.0,3810.0,4270.0,1.121,110,95,0.864,0.136,30,0,Regular,1.0,Weekend,1.1,Impulse Buyer,0.31,0.2,0.445,4.5,47.75,4
product,PRD-01,Noise-Cancelling Headphones Pro,Electronics,4500.0,4640.0,4150.0,0.894,150,37,0.247,0.753,36,0,Regular,1.0,Normal Day,1.0,Loyal Customer,0.56,9.8,0.487,3.5,56.95,2
product,PRD-02,Hydro Stainless Thermal Flask,Home & Kitchen,1100.0,1120.0,1050.0,0.938,250,132,0.528,0.472,31,0,Summer Off-peak,0.85,Normal Day,1.0,Bargain Hunter,1.65,1.9,0.284,3.5,31.66,4
product,PRD-03,Smart Fitness Tracker Band,Wearables,2800.0,2780.0,4160.0,1.496,200,103,0.515,0.485,23,0,Festive Sale,1.4,Major Event,1.5,Loyal Customer,0.67,3.8,0.63,3.5,82.18,4
product,PRD-04,Hydro Stainless Thermal Flask,Home & Kitchen,1100.0,1090.0,1690.0,1.55,250,52,0.208,0.792,23,0,Festive Sale,1.4,Major Event,1.5,Prime Member,0.68,9.5,0.672,5.5,89.38,7
product,PRD-05,Smart Fitness Tracker Band,Wearables,2800.0,2770.0,4000.0,1.444,200,98,0.49,0.51,4,0,Year End,1.3,Major Event,1.5,Bargain Hunter,1.57,0.6,0.494,7.5,66.71,5
product,PRD-06,Pro Gaming Mechanical Keyboard,Gaming,5200.0,5260.0,5290.0,1.006,80,11,0.138,0.863,25,0,Regular,1.0,Normal Day,1.0,Bargain Hunter,1.58,0.1,0.437,6.5,57.04,5
product,PRD-07,Hydro Stainless Thermal Flask,Home & Kitchen,1100.0,1120.0,1690.0,1.509,250,93,0.372,0.628,2,0,Year End,1.3,Major Event,1.5,Loyal Customer,0.43,11.1,0.652,3.5,83.82,3
product,PRD-08,Ultra HD 4K Monitor 27-inch,Electronics,18500.0,18770.0,27170.0,1.448,45,22,0.489,0.511,35,0,Festive Sale,1.4,Festival,1.4,Bargain Hunter,1.61,1.5,0.53,5.5,73.12,6
product,PRD-01,Ergonomic Mesh Office Chair,Furniture,8900.0,9190.0,11730.0,1.276,60,36,0.6,0.4,14,1,Festive Sale,1.4,Flash Deal,1.35,Impulse Buyer,0.39,1.1,0.575,2.5,70.53,3
product,PRD-02,Organic Fairtrade Coffee 1kg,Grocery,1200.0,1200.0,1170.0,0.975,300,209,0.697,0.303,11,0,Summer Off-peak,0.85,Normal Day,1.0,Bargain Hunter,1.51,0.2,0.287,2.5,30.98,3
product,PRD-03,Noise-Cancelling Headphones Pro,Electronics,4500.0,4430.0,5770.0,1.302,150,28,0.187,0.813,11,1,Regular,1.0,Flash Deal,1.35,Impulse Buyer,0.35,0.3,0.657,6.5,84.11,6
product,PRD-04,Smart Fitness Tracker Band,Wearables,2800.0,2770.0,2790.0,1.007,200,102,0.51,0.49,35,0,Summer Off-peak,0.85,Normal Day,1.0,Bargain Hunter,1.62,1.7,0.333,4.5,39.7,4
product,PRD-05,Pro Gaming Mechanical Keyboard,Gaming,5200.0,5200.0,6160.0,1.185,80,53,0.662,0.338,4,1,Regular,1.0,Flash Deal,1.35,Prime Member,0.69,6.9,0.535,5.5,66.23,6
product,PRD-06,Ergonomic Mesh Office Chair,Furniture,8900.0,9080.0,9660.0,1.064,60,58,0.967,0.033,34,0,Regular,1.0,Normal Day,1.0,Impulse Buyer,0.42,0.1,0.438,6.5,47.51,7
product,PRD-07,Premium Running Shoes,Apparel,3900.0,3890.0,4120.0,1.059,110,26,0.236,0.764,6,0,Regular,1.0,Weekend,1.1,Impulse Buyer,0.45,0.3,0.518,5.5,61.23,7
product,PRD-08,Organic Fairtrade Coffee 1kg,Grocery,1200.0,1210.0,1600.0,1.322,300,223,0.743,0.257,29,1,Regular,1.0,Flash Deal,1.35,Bargain Hunter,1.64,0.4,0.489,4.5,66.53,4
product,PRD-01,Organic Fairtrade Coffee 1kg,Grocery,1200.0,1200.0,1550.0,1.292,300,150,0.5,0.5,28,1,Regular,1.0,Festival,1.4,Prime Member,0.67,4.8,0.677,11.5,90.2,16
product,PRD-02,Hydro Stainless Thermal Flask,Home & Kitchen,1100.0,1120.0,1180.0,1.054,250,127,0.508,0.492,35,0,Regular,1.0,Normal Day,1.0,Loyal Customer,0.37,7.3,0.486,2.5,55.14,1
product,PRD-03,Hydro Stainless Thermal Flask,Home & Kitchen,1100.0,1150.0,1110.0,0.965,250,185,0.74,0.26,43,0,Regular,1.0,Normal Day,1.0,Bargain Hunter,1.64,3.6,0.307,0.5,35.56,0
product,PRD-04,Premium Running Shoes,Apparel,3900.0,3800.0,4840.0,1.274,110,70,0.636,0.364,24,1,Regular,1.0,Flash Deal,1.35,Prime Member,0.78,9.1,0.617,9.5,80.86,9
product,PRD-05,Organic Fairtrade Coffee 1kg,Grocery,1200.0,1190.0,1610.0,1.353,300,211,0.703,0.297,6,1,Festive Sale,1.4,Flash Deal,1.35,Prime Member,0.71,3.4,0.589,2.5,75.61,3
product,PRD-06,Hydro Stainless Thermal Flask,Home & Kitchen,1100.0,1120.0,1370.0,1.223,250,118,0.472,0.528,3,1,Festive Sale,1.4,Flash Deal,1.35,Bargain Hunter,1.55,0.6,0.623,10.5,88.4,15
product,PRD-07,Premium Running Shoes,Apparel,3900.0,4000.0,3840.0,0.96,110,59,0.536,0.464,11,0,Summer Off-peak,0.85,Normal Day,1.0,Bargain Hunter,1.57,0.6,0.327,1.5,38.27,1
product,PRD-08,Noise-Cancelling Headphones Pro,Electronics,4500.0,4650.0,5680.0,1.222,150,118,0.787,0.213,40,1,Regular,1.0,Festival,1.4,Impulse Buyer,0.46,4.6,0.624,9.5,79.43,10
product,PRD-01,Ultra HD 4K Monitor 27-inch,Electronics,18500.0,19660.0,29010.0,1.476,45,19,0.422,0.578,15,0,Festive Sale,1.4,Major Event,1.5,Loyal Customer,0.51,3.2,0.712,10.5,94.74,14
product,PRD-02,Noise-Cancelling Headphones Pro,Electronics,4500.0,4600.0,6800.0,1.478,150,52,0.347,0.653,8,0,Year End,1.3,Festival,1.4,Bargain Hunter,1.58,1.4,0.557,5.5,77.55,8
product,PRD-03,Premium Running Shoes,Apparel,3900.0,3810.0,4980.0,1.307,110,20,0.182,0.818,2,1,Summer Off-peak,0.85,Festival,1.4,Impulse Buyer,0.42,0.7,0.626,5.5,79.39,3
product,PRD-04,Organic Fairtrade Coffee 1kg,Grocery,1200.0,1160.0,1540.0,1.328,300,247,0.823,0.177,8,0,Festive Sale,1.4,Festival,1.4,Bargain Hunter,1.54,0.2,0.467,2.5,61.93,1
product,PRD-05,Hydro Stainless Thermal Flask,Home & Kitchen,1100.0,1130.0,1130.0,1.0,250,92,0.368,0.632,7,0,Regular,1.0,Normal Day,1.0,Prime Member,0.7,4.7,0.47,4.5,55.32,1
product,PRD-06,Smart Fitness Tracker Band,Wearables,2800.0,2820.0,3260.0,1.156,200,96,0.48,0.52,35,0,Summer Off-peak,0.85,Weekend,1.1,Bargain Hunter,1.6,0.4,0.371,4.5,46.02,5
product,PRD-07,Ultra HD 4K Monitor 27-inch,Electronics,18500.0,19250.0,18040.0,0.937,45,27,0.6,0.4,37,0,Summer Off-peak,0.85,Normal Day,1.0,Impulse Buyer,0.39,0.5,0.399,5.5,40.46,3
product,PRD-08,Organic Fairtrade Coffee 1kg,Grocery,1200.0,1190.0,1450.0,1.218,300,188,0.627,0.373,32,1,Regular,1.0,Flash Deal,1.35,Prime Member,0.68,2.0,0.527,4.5,64.7,5
product,PRD-01,Pro Gaming Mechanical Keyboard,Gaming,5200.0,5470.0,5230.0,0.956,80,59,0.738,0.262,23,0,Regular,1.0,Normal Day,1.0,Impulse Buyer,0.35,0.1,0.424,4.5,44.43,5
product,PRD-02,Ergonomic Mesh Office Chair,Furniture,8900.0,8550.0,9390.0,1.098,60,44,0.733,0.267,11,0,Regular,1.0,Normal Day,1.0,Loyal Customer,0.52,7.2,0.493,4.5,57.62,4
product,PRD-03,Ultra HD 4K Monitor 27-inch,Electronics,18500.0,18100.0,18890.0,1.044,45,37,0.822,0.178,42,0,Regular,1.0,Normal Day,1.0,Loyal Customer,0.52,4.9,0.394,1.5,40.8,2
product,PRD-04,Noise-Cancelling Headphones Pro,Electronics,4500.0,4560.0,4840.0,1.061,150,98,0.653,0.347,14,0,Regular,1.0,Normal Day,1.0,Impulse Buyer,0.42,1.6,0.449,3.5,49.33,4
product,PRD-05,Smart Fitness Tracker Band,Wearables,2800.0,2840.0,2800.0,0.986,200,82,0.41,0.59,10,0,Regular,1.0,Normal Day,1.0,Bargain Hunter,1.62,0.2,0.332,3.5,39.61,4
product,PRD-06,Organic Fairtrade Coffee 1kg,Grocery,1200.0,1230.0,1960.0,1.593,300,184,0.613,0.387,29,0,Festive Sale,1.4,Major Event,1.5,Impulse Buyer,0.42,1.3,0.64,3.5,81.74,7
product,PRD-07,Premium Running Shoes,Apparel,3900.0,3830.0,4000.0,1.044,110,38,0.345,0.655,25,0,Regular,1.0,Normal Day,1.0,Prime Member,0.71,12.1,0.446,4.5,51.3,3
product,PRD-08,Noise-Cancelling Headphones Pro,Electronics,4500.0,4640.0,5700.0,1.228,150,99,0.66,0.34,4,1,Year End,1.3,Flash Deal,1.35,Bargain Hunter,1.67,2.1,0.495,3.5,67.78,3
product,PRD-01,Ultra HD 4K Monitor 27-inch,Electronics,18500.0,18150.0,26250.0,1.446,45,42,0.933,0.067,36,0,Festive Sale,1.4,Festival,1.4,Prime Member,0.61,3.2,0.565,2.5,70.63,3
product,PRD-02,Organic Fairtrade Coffee 1kg,Grocery,1200.0,1260.0,1130.0,0.897,300,165,0.55,0.45,29,0,Regular,1.0,Normal Day,1.0,Bargain Hunter,1.66,1.2,0.33,3.5,39.69,3
product,PRD-03,Organic Fairtrade Coffee 1kg,Grocery,1200.0,1210.0,1520.0,1.256,300,46,0.153,0.847,22,1,Regular,1.0,Flash Deal,1.35,Impulse Buyer,0.49,0.2,0.582,2.5,72.56,3
product,PRD-04,Hydro Stainless Thermal Flask,Home & Kitchen,1100.0,1100.0,1620.0,1.473,250,136,0.544,0.456,16,0,Festive Sale,1.4,Major Event,1.5,Bargain Hunter,1.68,2.8,0.517,5.5,71.51,8
product,PRD-05,Organic Fairtrade Coffee 1kg,Grocery,1200.0,1230.0,1820.0,1.48,300,50,0.167,0.833,7,0,Year End,1.3,Festival,1.4,Bargain Hunter,1.55,0.5,0.523,3.5,71.45,3
product,PRD-06,Pro Gaming Mechanical Keyboard,Gaming,5200.0,5220.0,5740.0,1.1,80,32,0.4,0.6,5,0,Summer Off-peak,0.85,Normal Day,1.0,Prime Member,0.78,1.2,0.465,3.5,55.16,4
product,PRD-07,Organic Fairtrade Coffee 1kg,Grocery,1200.0,1170.0,1490.0,1.274,300,104,0.347,0.653,36,1,Year End,1.3,Flash Deal,1.35,Prime Member,0.68,3.5,0.659,5.5,87.19,8
product,PRD-08,Ultra HD 4K Monitor 27-inch,Electronics,18500.0,18520.0,27370.0,1.478,45,15,0.333,0.667,40,0,Festive Sale,1.4,Festival,1.4,Bargain Hunter,1.69,0.4,0.544,7.5,76.25,7
product,PRD-01,Smart Fitness Tracker Band,Wearables,2800.0,2710.0,3500.0,1.292,200,78,0.39,0.61,6,1,Year End,1.3,Flash Deal,1.35,Loyal Customer,0.44,13.9,0.675,3.5,87.82,2
product,PRD-02,Organic Fairtrade Coffee 1kg,Grocery,1200.0,1200.0,1580.0,1.317,300,142,0.473,0.527,14,1,Regular,1.0,Flash Deal,1.35,Loyal Customer,0.47,4.9,0.632,6.5,80.84,8
product,PRD-03,Ultra HD 4K Monitor 27-inch,Electronics,18500.0,19560.0,28570.0,1.461,45,36,0.8,0.2,10,0,Year End,1.3,Major Event,1.5,Impulse Buyer,0.48,0.9,0.558,0.5,68.31,0
product,PRD-04,Pro Gaming Mechanical Keyboard,Gaming,5200.0,5230.0,5330.0,1.019,80,65,0.812,0.188,33,0,Regular,1.0,Normal Day,1.0,Impulse Buyer,0.33,0.9,0.43,6.5,45.31,5
product,PRD-05,Ergonomic Mesh Office Chair,Furniture,8900.0,9110.0,10500.0,1.153,60,45,0.75,0.25,26,0,Summer Off-peak,0.85,Weekend,1.1,Impulse Buyer,0.44,1.9,0.496,4.5,57.49,7
product,PRD-06,Pro Gaming Mechanical Keyboard,Gaming,5200.0,5250.0,8490.0,1.617,80,68,0.85,0.15,12,0,Year End,1.3,Major Event,1.5,Impulse Buyer,0.43,0.3,0.664,9.5,85.94,13
product,PRD-07,Premium Running Shoes,Apparel,3900.0,3790.0,4070.0,1.074,110,26,0.236,0.764,24,0,Summer Off-peak,0.85,Normal Day,1.0,Loyal Customer,0.39,3.3,0.516,3.5,60.37,2
product,PRD-08,Noise-Cancelling Headphones Pro,Electronics,4500.0,4440.0,4440.0,1.0,150,47,0.313,0.687,28,0,Summer Off-peak,0.85,Normal Day,1.0,Bargain Hunter,1.65,0.5,0.339,2.5,40.97,2
product,PRD-01,Smart Fitness Tracker Band,Wearables,2800.0,2850.0,3730.0,1.309,200,97,0.485,0.515,2,1,Summer Off-peak,0.85,Flash Deal,1.35,Loyal Customer,0.48,7.3,0.578,5.5,71.81,4
product,PRD-02,Ergonomic Mesh Office Chair,Furniture,8900.0,9070.0,8650.0,0.954,60,46,0.767,0.233,9,0,Summer Off-peak,0.85,Normal Day,1.0,Impulse Buyer,0.36,2.0,0.436,5.5,46.54,4
product,PRD-03,Organic Fairtrade Coffee 1kg,Grocery,1200.0,1180.0,1600.0,1.356,300,230,0.767,0.233,8,1,Regular,1.0,Flash Deal,1.35,Loyal Customer,0.49,9.6,0.591,3.5,73.96,4
product,PRD-04,Hydro Stainless Thermal Flask,Home & Kitchen,1100.0,1050.0,1620.0,1.543,250,205,0.82,0.18,35,0,Year End,1.3,Major Event,1.5,Prime Member,0.73,8.7,0.627,4.5,82.2,5
product,PRD-05,Organic Fairtrade Coffee 1kg,Grocery,1200.0,1220.0,1250.0,1.025,300,213,0.71,0.29,20,0,Summer Off-peak,0.85,Weekend,1.1,Prime Member,0.7,2.8,0.442,1.5,50.53,2
product,PRD-06,Ergonomic Mesh Office Chair,Furniture,8900.0,8440.0,10970.0,1.3,60,25,0.417,0.583,3,1,Regular,1.0,Flash Deal,1.35,Bargain Hunter,1.57,1.9,0.498,5.5,67.38,6
product,PRD-07,Smart Fitness Tracker Band,Wearables,2800.0,2760.0,2950.0,1.069,200,29,0.145,0.855,5,0,Regular,1.0,Normal Day,1.0,Prime Member,0.76,12.2,0.521,3.5,64.5,4
product,PRD-08,Ergonomic Mesh Office Chair,Furniture,8900.0,8540.0,9520.0,1.115,60,38,0.633,0.367,40,0,Regular,1.0,Normal Day,1.0,Bargain Hunter,1.61,0.8,0.358,3.5,43.93,4
product,PRD-01,Noise-Cancelling Headphones Pro,Electronics,4500.0,4460.0,5570.0,1.249,150,63,0.42,0.58,34,1,Regular,1.0,Flash Deal,1.35,Impulse Buyer,0.35,0.4,0.582,2.5,71.33,2
product,PRD-02,Ultra HD 4K Monitor 27-inch,Electronics,18500.0,18730.0,24380.0,1.302,45,24,0.533,0.467,8,1,Festive Sale,1.4,Festival,1.4,Impulse Buyer,0.49,1.2,0.659,4.5,85.59,7
product,PRD-03,Ultra HD 4K Monitor 27-inch,Electronics,18500.0,17800.0,22080.0,1.24,45,12,0.267,0.733,1,1,Regular,1.0,Flash Deal,1.35,Bargain Hunter,1.55,0.7,0.524,6.5,71.65,7
product,PRD-04,Ultra HD 4K Monitor 27-inch,Electronics,18500.0,19110.0,24420.0,1.278,45,35,0.778,0.222,30,0,Festive Sale,1.4,Festival,1.4,Impulse Buyer,0.45,0.2,0.651,7.5,83.84,10
product,PRD-05,Ergonomic Mesh Office Chair,Furniture,8900.0,8920.0,8580.0,0.962,60,19,0.317,0.683,31,0,Regular,1.0,Normal Day,1.0,Prime Member,0.7,9.2,0.418,3.5,46.33,3
product,PRD-06,Organic Fairtrade Coffee 1kg,Grocery,1200.0,1140.0,1230.0,1.079,300,130,0.433,0.567,35,0,Regular,1.0,Weekend,1.1,Bargain Hunter,1.52,0.6,0.371,1.5,45.35,2
product,PRD-07,Pro Gaming Mechanical Keyboard,Gaming,5200.0,5410.0,7630.0,1.41,80,43,0.537,0.463,34,0,Festive Sale,1.4,Festival,1.4,Prime Member,0.68,7.4,0.674,9.5,89.7,14
product,PRD-08,Smart Fitness Tracker Band,Wearables,2800.0,2770.0,3130.0,1.13,200,149,0.745,0.255,6,0,Regular,1.0,Normal Day,1.0,Bargain Hunter,1.51,3.6,0.417,5.5,53.17,5
product,PRD-01,Pro Gaming Mechanical Keyboard,Gaming,5200.0,5320.0,6220.0,1.169,80,78,0.975,0.025,10,0,Regular,1.0,Weekend,1.1,Impulse Buyer,0.28,1.2,0.504,3.5,57.42,5
product,PRD-02,Smart Fitness Tracker Band,Wearables,2800.0,2880.0,3420.0,1.188,200,48,0.24,0.76,28,1,Year End,1.3,Flash Deal,1.35,Bargain Hunter,1.53,1.0,0.552,7.5,76.22,5
product,PRD-03,Smart Fitness Tracker Band,Wearables,2800.0,2920.0,3750.0,1.284,200,61,0.305,0.695,26,0,Year End,1.3,Festival,1.4,Loyal Customer,0.54,2.6,0.652,9.5,84.78,14
product,PRD-04,Noise-Cancelling Headphones Pro,Electronics,4500.0,4700.0,4530.0,0.964,150,108,0.72,0.28,37,0,Regular,1.0,Normal Day,1.0,Prime Member,0.69,6.0,0.48,5.5,56.81,4
product,PRD-05,Hydro Stainless Thermal Flask,Home & Kitchen,1100.0,1140.0,1060.0,0.93,250,137,0.548,0.452,31,0,Regular,1.0,Normal Day,1.0,Bargain Hunter,1.58,0.8,0.306,2.5,34.77,0
product,PRD-06,Smart Fitness Tracker Band,Wearables,2800.0,2690.0,3660.0,1.361,200,52,0.26,0.74,34,1,Year End,1.3,Flash Deal,1.35,Bargain Hunter,1.65,2.7,0.605,5.5,86.22,5
product,PRD-07,Hydro Stainless Thermal Flask,Home & Kitchen,1100.0,1090.0,1180.0,1.083,250,160,0.64,0.36,42,0,Regular,1.0,Normal Day,1.0,Bargain Hunter,1.66,0.3,0.381,10.5,48.21,6
product,PRD-08,Smart Fitness Tracker Band,Wearables,2800.0,2690.0,4050.0,1.506,200,126,0.63,0.37,42,0,Year End,1.3,Festival,1.4,Impulse Buyer,0.36,0.7,0.634,7.5,80.28,14
product,PRD-01,Pro Gaming Mechanical Keyboard,Gaming,5200.0,5110.0,8100.0,1.585,80,28,0.35,0.65,18,0,Festive Sale,1.4,Major Event,1.5,Bargain Hunter,1.67,1.4,0.546,4.5,76.37,5
product,PRD-02,Pro Gaming Mechanical Keyboard,Gaming,5200.0,5240.0,4760.0,0.908,80,40,0.5,0.5,43,0,Regular,1.0,Normal Day,1.0,Bargain Hunter,1.64,3.0,0.373,2.5,46.67,1
product,PRD-03,Premium Running Shoes,Apparel,3900.0,3780.0,5200.0,1.376,110,73,0.664,0.336,2,1,Festive Sale,1.4,Flash Deal,1.35,Impulse Buyer,0.34,1.2,0.63,6.5,79.38,8
product,PRD-04,Smart Fitness Tracker Band,Wearables,2800.0,2560.0,4130.0,1.613,200,111,0.555,0.445,15,1,Festive Sale,1.4,Flash Deal,1.35,Loyal Customer,0.51,3.8,0.689,6.5,90.88,8
product,PRD-05,Noise-Cancelling Headphones Pro,Electronics,4500.0,4630.0,4360.0,0.942,150,81,0.54,0.46,16,0,Summer Off-peak,0.85,Normal Day,1.0,Prime Member,0.67,1.9,0.423,6.5,47.04,9
product,PRD-06,Organic Fairtrade Coffee 1kg,Grocery,1200.0,1210.0,1790.0,1.479,300,100,0.333,0.667,41,0,Festive Sale,1.4,Major Event,1.5,Bargain Hunter,1.64,1.5,0.57,5.5,80.3,6
product,PRD-07,Smart Fitness Tracker Band,Wearables,2800.0,2920.0,2750.0,0.942,200,35,0.175,0.825,38,0,Summer Off-peak,0.85,Normal Day,1.0,Prime Member,0.64,2.6,0.451,2.5,51.53,3
product,PRD-08,Ultra HD 4K Monitor 27-inch,Electronics,18500.0,18660.0,18790.0,1.007,45,39,0.867,0.133,29,0,Regular,1.0,Normal Day,1.0,Impulse Buyer,0.33,3.2,0.405,1.5,41.12,0
product,PRD-01,Hydro Stainless Thermal Flask,Home & Kitchen,1100.0,1060.0,1600.0,1.509,250,152,0.608,0.392,5,0,Festive Sale,1.4,Major Event,1.5,Prime Member,0.68,2.6,0.634,3.5,82.88,5
product,PRD-02,Noise-Cancelling Headphones Pro,Electronics,4500.0,4500.0,4750.0,1.056,150,115,0.767,0.233,37,0,Regular,1.0,Normal Day,1.0,Bargain Hunter,1.53,1.5,0.385,6.5,47.88,4
product,PRD-03,Ergonomic Mesh Office Chair,Furniture,8900.0,9010.0,11600.0,1.287,60,40,0.667,0.333,15,1,Regular,1.0,Flash Deal,1.35,Prime Member,0.77,1.6,0.564,3.5,71.75,4
product,PRD-04,Noise-Cancelling Headphones Pro,Electronics,4500.0,4580.0,5970.0,1.303,150,99,0.66,0.34,26,1,Regular,1.0,Festival,1.4,Impulse Buyer,0.48,0.1,0.582,6.5,72.4,9
product,PRD-05,Ultra HD 4K Monitor 27-inch,Electronics,18500.0,19300.0,23470.0,1.216,45,26,0.578,0.422,13,1,Summer Off-peak,0.85,Flash Deal,1.35,Bargain Hunter,1.62,0.1,0.486,13.5,65.85,11
product,PRD-06,Smart Fitness Tracker Band,Wearables,2800.0,2680.0,4230.0,1.578,200,168,0.84,0.16,28,0,Festive Sale,1.4,Festival,1.4,Bargain Hunter,1.63,0.3,0.561,6.5,78.6,9
product,PRD-07,Premium Running Shoes,Apparel,3900.0,3810.0,5150.0,1.352,110,46,0.418,0.582,16,1,Regular,1.0,Flash Deal,1.35,Bargain Hunter,1.6,0.8,0.588,12.5,82.96,11
product,PRD-08,Noise-Cancelling Headphones Pro,Electronics,4500.0,4420.0,5610.0,1.269,150,63,0.42,0.58,8,1,Summer Off-peak,0.85,Flash Deal,1.35,Prime Member,0.66,8.3,0.598,3.5,76.74,4
product,PRD-01,Ultra HD 4K Monitor 27-inch,Electronics,18500.0,18610.0,18140.0,0.975,45,16,0.356,0.644,37,0,Regular,1.0,Normal Day,1.0,Impulse Buyer,0.49,1.0,0.451,5.5,50.25,7
product,PRD-02,Premium Running Shoes,Apparel,3900.0,3840.0,5740.0,1.495,110,15,0.136,0.864,13,0,Festive Sale,1.4,Festival,1.4,Bargain Hunter,1.62,0.6,0.641,6.5,92.11,6
product,PRD-03,Noise-Cancelling Headphones Pro,Electronics,4500.0,4370.0,5300.0,1.213,150,112,0.747,0.253,7,0,Summer Off-peak,0.85,Weekend,1.1,Prime Member,0.58,6.2,0.457,2.5,52.04,2
product,PRD-04,Noise-Cancelling Headphones Pro,Electronics,4500.0,4580.0,5780.0,1.262,150,111,0.74,0.26,32,1,Year End,1.3,Festival,1.4,Impulse Buyer,0.48,0.6,0.615,4.5,78.03,5
product,PRD-05,Ergonomic Mesh Office Chair,Furniture,8900.0,8330.0,9690.0,1.163,60,16,0.267,0.733,25,0,Regular,1.0,Normal Day,1.0,Impulse Buyer,0.42,1.1,0.62,7.5,78.44,11
product,PRD-06,Noise-Cancelling Headphones Pro,Electronics,4500.0,4630.0,4770.0,1.03,150,60,0.4,0.6,17,0,Regular,1.0,Normal Day,1.0,Prime Member,0.66,5.7,0.445,2.5,50.58,5
product,PRD-07,Pro Gaming Mechanical Keyboard,Gaming,5200.0,5010.0,5540.0,1.106,80,37,0.463,0.537,40,0,Regular,1.0,Weekend,1.1,Loyal Customer,0.52,3.4,0.511,4.5,60.77,5
product,PRD-08,Noise-Cancelling Headphones Pro,Electronics,4500.0,4690.0,5680.0,1.211,150,74,0.493,0.507,18,1,Regular,1.0,Flash Deal,1.35,Impulse Buyer,0.34,0.2,0.602,11.5,74.57,12
product,PRD-01,Organic Fairtrade Coffee 1kg,Grocery,1200.0,1250.0,1300.0,1.04,300,127,0.423,0.577,19,0,Regular,1.0,Weekend,1.1,Impulse Buyer,0.4,3.8,0.54,2.5,64.53,1
product,PRD-02,Premium Running Shoes,Apparel,3900.0,4000.0,6520.0,1.63,110,67,0.609,0.391,36,0,Festive Sale,1.4,Major Event,1.5,Bargain Hunter,1.62,1.0,0.638,5.5,91.66,6
product,PRD-03,Organic Fairtrade Coffee 1kg,Grocery,1200.0,1210.0,1630.0,1.347,300,199,0.663,0.337,35,1,Year End,1.3,Festival,1.4,Impulse Buyer,0.38,0.5,0.651,6.5,83.35,4
product,PRD-04,Pro Gaming Mechanical Keyboard,Gaming,5200.0,5390.0,5080.0,0.942,80,30,0.375,0.625,43,0,Summer Off-peak,0.85,Normal Day,1.0,Loyal Customer,0.49,11.7,0.43,1.5,46.58,1
product,PRD-05,Noise-Cancelling Headphones Pro,Electronics,4500.0,4380.0,6200.0,1.416,150,57,0.38,0.62,35,1,Regular,1.0,Flash Deal,1.35,Loyal Customer,0.53,2.0,0.606,5.5,77.0,6
product,PRD-06,Hydro Stainless Thermal Flask,Home & Kitchen,1100.0,1100.0,1210.0,1.1,250,135,0.54,0.46,1,0,Regular,1.0,Normal Day,1.0,Bargain Hunter,1.59,0.4,0.344,1.5,41.34,0
product,PRD-07,Smart Fitness Tracker Band,Wearables,2800.0,2790.0,3190.0,1.143,200,134,0.67,0.33,14,0,Regular,1.0,Weekend,1.1,Bargain Hunter,1.59,0.9,0.344,2.5,41.44,0
product,PRD-08,Hydro Stainless Thermal Flask,Home & Kitchen,1100.0,1080.0,1640.0,1.519,250,76,0.304,0.696,2,0,Year End,1.3,Major Event,1.5,Prime Member,0.71,5.1,0.633,5.5,83.07,5
product,PRD-01,Pro Gaming Mechanical Keyboard,Gaming,5200.0,5320.0,7070.0,1.329,80,60,0.75,0.25,13,1,Regular,1.0,Festival,1.4,Prime Member,0.7,4.3,0.581,5.5,74.12,8
product,PRD-02,Organic Fairtrade Coffee 1kg,Grocery,1200.0,1220.0,1630.0,1.336,300,221,0.737,0.263,8,0,Festive Sale,1.4,Festival,1.4,Prime Member,0.66,4.0,0.581,6.5,73.79,7
product,PRD-03,Pro Gaming Mechanical Keyboard,Gaming,5200.0,5150.0,6820.0,1.324,80,53,0.662,0.338,44,1,Festive Sale,1.4,Festival,1.4,Loyal Customer,0.56,4.5,0.654,9.5,85.36,13
product,PRD-04,Smart Fitness Tracker Band,Wearables,2800.0,2790.0,4390.0,1.573,200,105,0.525,0.475,28,0,Festive Sale,1.4,Festival,1.4,Loyal Customer,0.54,5.7,0.703,8.5,93.47,13
product,PRD-05,Ultra HD 4K Monitor 27-inch,Electronics,18500.0,19100.0,26460.0,1.385,45,28,0.622,0.378,26,0,Festive Sale,1.4,Festival,1.4,Prime Member,0.77,4.5,0.593,4.5,76.69,4
product,PRD-06,Organic Fairtrade Coffee 1kg,Grocery,1200.0,1240.0,1720.0,1.387,300,259,0.863,0.137,41,0,Festive Sale,1.4,Festival,1.4,Bargain Hunter,1.64,0.1,0.489,4.5,66.47,3
product,PRD-07,Pro Gaming Mechanical Keyboard,Gaming,5200.0,5240.0,7220.0,1.378,80,18,0.225,0.775,20,0,Year End,1.3,Festival,1.4,Prime Member,0.69,10.6,0.646,4.5,85.15,6
product,PRD-08,Ultra HD 4K Monitor 27-inch,Electronics,18500.0,19660.0,25330.0,1.288,45,32,0.711,0.289,2,1,Year End,1.3,Festival,1.4,Loyal Customer,0.52,7.0,0.66,8.5,85.97,13
product,PRD-01,Noise-Cancelling Headphones Pro,Electronics,4500.0,4620.0,7060.0,1.528,150,83,0.553,0.447,39,0,Year End,1.3,Major Event,1.5,Prime Member,0.71,6.5,0.687,8.5,92.19,13
product,PRD-02,Ergonomic Mesh Office Chair,Furniture,8900.0,8830.0,12160.0,1.377,60,45,0.75,0.25,6,1,Year End,1.3,Festival,1.4,Prime Member,0.8,5.7,0.677,7.5,91.35,7
product,PRD-03,Organic Fairtrade Coffee 1kg,Grocery,1200.0,1190.0,1580.0,1.328,300,176,0.587,0.413,17,1,Regular,1.0,Festival,1.4,Prime Member,0.69,2.8,0.639,8.5,83.91,13
product,PRD-04,Noise-Cancelling Headphones Pro,Electronics,4500.0,4590.0,4680.0,1.02,150,15,0.1,0.9,31,0,Regular,1.0,Normal Day,1.0,Bargain Hunter,1.58,0.3,0.39,4.5,49.13,0
product,PRD-05,Ultra HD 4K Monitor 27-inch,Electronics,18500.0,17270.0,25940.0,1.502,45,17,0.378,0.622,5,1,Summer Off-peak,0.85,Festival,1.4,Prime Member,0.71,4.8,0.619,7.5,80.69,14
product,PRD-06,Ultra HD 4K Monitor 27-inch,Electronics,18500.0,18520.0,20170.0,1.089,45,37,0.822,0.178,11,0,Regular,1.0,Normal Day,1.0,Impulse Buyer,0.41,0.3,0.462,5.5,51.4,6
product,PRD-07,Ultra HD 4K Monitor 27-inch,Electronics,18500.0,18800.0,18750.0,0.997,45,30,0.667,0.333,16,0,Regular,1.0,Normal Day,1.0,Impulse Buyer,0.4,2.2,0.412,1.5,42.76,1
product,PRD-08,Ultra HD 4K Monitor 27-inch,Electronics,18500.0,18290.0,20560.0,1.124,45,36,0.8,0.2,28,0,Regular,1.0,Normal Day,1.0,Bargain Hunter,1.52,2.3,0.345,2.5,40.89,1
product,PRD-01,Premium Running Shoes,Apparel,3900.0,4100.0,4220.0,1.029,110,31,0.282,0.718,26,0,Regular,1.0,Normal Day,1.0,Loyal Customer,0.43,4.7,0.476,1.5,54.04,0
product,PRD-02,Hydro Stainless Thermal Flask,Home & Kitchen,1100.0,1130.0,1500.0,1.327,250,212,0.848,0.152,13,0,Year End,1.3,Major Event,1.5,Prime Member,0.75,5.2,0.652,9.5,86.57,14
product,PRD-03,Ultra HD 4K Monitor 27-inch,Electronics,18500.0,18720.0,23910.0,1.277,45,24,0.533,0.467,24,1,Regular,1.0,Festival,1.4,Bargain Hunter,1.59,0.9,0.488,5.5,65.8,3
product,PRD-04,Ultra HD 4K Monitor 27-inch,Electronics,18500.0,18900.0,28950.0,1.532,45,39,0.867,0.133,7,0,Festive Sale,1.4,Major Event,1.5,Loyal Customer,0.52,3.1,0.623,4.5,79.77,7
product,PRD-05,Pro Gaming Mechanical Keyboard,Gaming,5200.0,5370.0,5030.0,0.937,80,18,0.225,0.775,30,0,Regular,1.0,Normal Day,1.0,Prime Member,0.68,1.9,0.422,5.5,47.0,6
product,PRD-06,Noise-Cancelling Headphones Pro,Electronics,4500.0,4520.0,4700.0,1.04,150,122,0.813,0.187,16,0,Regular,1.0,Normal Day,1.0,Bargain Hunter,1.56,0.5,0.283,1.5,30.69,1
product,PRD-07,Pro Gaming Mechanical Keyboard,Gaming,5200.0,5400.0,5310.0,0.983,80,32,0.4,0.6,38,0,Regular,1.0,Normal Day,1.0,Loyal Customer,0.41,6.7,0.448,1.5,48.97,1
product,PRD-08,Noise-Cancelling Headphones Pro,Electronics,4500.0,4560.0,4740.0,1.039,150,54,0.36,0.64,42,0,Regular,1.0,Normal Day,1.0,Bargain Hunter,1.55,0.2,0.395,3.5,49.71,1
product,PRD-01,Pro Gaming Mechanical Keyboard,Gaming,5200.0,5270.0,7270.0,1.38,80,52,0.65,0.35,35,0,Year End,1.3,Major Event,1.5,Bargain Hunter,1.56,0.0,0.544,5.5,75.22,5
product,PRD-02,Organic Fairtrade Coffee 1kg,Grocery,1200.0,1270.0,1790.0,1.409,300,140,0.467,0.533,43,0,Year End,1.3,Major Event,1.5,Bargain Hunter,1.59,1.7,0.553,9.5,76.87,13
product,PRD-03,Organic Fairtrade Coffee 1kg,Grocery,1200.0,1220.0,1680.0,1.377,300,88,0.293,0.707,43,1,Regular,1.0,Festival,1.4,Loyal Customer,0.56,6.5,0.646,5.5,83.94,9
product,PRD-04,Hydro Stainless Thermal Flask,Home & Kitchen,1100.0,1170.0,1650.0,1.41,250,111,0.444,0.556,17,0,Festive Sale,1.4,Major Event,1.5,Bargain Hunter,1.62,0.4,0.557,7.5,77.82,8
product,PRD-05,Ultra HD 4K Monitor 27-inch,Electronics,18500.0,17930.0,24400.0,1.361,45,18,0.4,0.6,23,1,Summer Off-peak,0.85,Flash Deal,1.35,Impulse Buyer,0.38,0.4,0.625,7.5,78.94,10
product,PRD-06,Ultra HD 4K Monitor 27-inch,Electronics,18500.0,18690.0,24370.0,1.304,45,33,0.733,0.267,11,0,Festive Sale,1.4,Festival,1.4,Prime Member,0.7,6.0,0.58,4.5,73.97,6
product,PRD-07,Ultra HD 4K Monitor 27-inch,Electronics,18500.0,18890.0,18210.0,0.964,45,21,0.467,0.533,29,0,Regular,1.0,Normal Day,1.0,Prime Member,0.76,8.0,0.445,1.5,51.48,3
product,PRD-08,Hydro Stainless Thermal Flask,Home & Kitchen,1100.0,1130.0,1260.0,1.115,250,111,0.444,0.556,39,0,Summer Off-peak,0.85,Weekend,1.1,Bargain Hunter,1.59,1.1,0.34,1.5,40.75,2
product,PRD-01,Smart Fitness Tracker Band,Wearables,2800.0,2740.0,2830.0,1.033,200,113,0.565,0.435,25,0,Regular,1.0,Normal Day,1.0,Bargain Hunter,1.62,0.5,0.349,4.5,42.45,1
product,PRD-02,Ergonomic Mesh Office Chair,Furniture,8900.0,8810.0,11820.0,1.342,60,33,0.55,0.45,17,1,Regular,1.0,Festival,1.4,Bargain Hunter,1.56,1.0,0.53,6.5,72.69,7
product,PRD-03,Pro Gaming Mechanical Keyboard,Gaming,5200.0,5410.0,8480.0,1.567,80,45,0.562,0.438,14,0,Year End,1.3,Major Event,1.5,Prime Member,0.73,9.3,0.694,7.5,93.59,10
product,PRD-04,Premium Running Shoes,Apparel,3900.0,3860.0,3770.0,0.977,110,76,0.691,0.309,18,0,Summer Off-peak,0.85,Normal Day,1.0,Impulse Buyer,0.38,1.9,0.433,4.5,46.28,3
product,PRD-05,Ergonomic Mesh Office Chair,Furniture,8900.0,8980.0,14160.0,1.577,60,57,0.95,0.05,11,0,Festive Sale,1.4,Major Event,1.5,Bargain Hunter,1.62,0.6,0.569,6.5,79.9,8
product,PRD-06,Premium Running Shoes,Apparel,3900.0,3960.0,5430.0,1.371,110,55,0.5,0.5,37,0,Festive Sale,1.4,Festival,1.4,Prime Member,0.71,5.1,0.614,4.5,79.84,4
product,PRD-07,Noise-Cancelling Headphones Pro,Electronics,4500.0,4340.0,5360.0,1.235,150,68,0.453,0.547,24,0,Regular,1.0,Weekend,1.1,Bargain Hunter,1.63,1.2,0.455,4.5,60.53,5
product,PRD-08,Hydro Stainless Thermal Flask,Home & Kitchen,1100.0,1120.0,1000.0,0.893,250,197,0.788,0.212,44,0,Regular,1.0,Normal Day,1.0,Impulse Buyer,0.42,1.9,0.412,3.5,43.06,1
product,PRD-01,Ultra HD 4K Monitor 27-inch,Electronics,18500.0,19200.0,23580.0,1.228,45,21,0.467,0.533,41,1,Festive Sale,1.4,Flash Deal,1.35,Bargain Hunter,1.62,0.6,0.501,4.5,68.3,4
product,PRD-02,Premium Running Shoes,Apparel,3900.0,3840.0,3950.0,1.029,110,49,0.445,0.555,33,0,Regular,1.0,Normal Day,1.0,Bargain Hunter,1.58,0.5,0.373,3.5,46.17,1
product,PRD-03,Pro Gaming Mechanical Keyboard,Gaming,5200.0,5450.0,7330.0,1.345,80,54,0.675,0.325,38,0,Year End,1.3,Major Event,1.5,Bargain Hunter,1.64,0.2,0.484,4.5,65.54,3
product,PRD-04,Noise-Cancelling Headphones Pro,Electronics,4500.0,4480.0,5180.0,1.156,150,122,0.813,0.187,37,0,Summer Off-peak,0.85,Weekend,1.1,Impulse Buyer,0.33,1.0,0.463,4.5,50.84,4
product,PRD-05,Hydro Stainless Thermal Flask,Home & Kitchen,1100.0,1070.0,1170.0,1.093,250,106,0.424,0.576,40,0,Regular,1.0,Normal Day,1.0,Prime Member,0.76,6.6,0.468,2.5,55.47,4
product,PRD-06,Noise-Cancelling Headphones Pro,Electronics,4500.0,4630.0,4520.0,0.976,150,119,0.793,0.207,39,0,Regular,1.0,Normal Day,1.0,Bargain Hunter,1.58,1.2,0.351,4.5,42.43,2
product,PRD-07,Smart Fitness Tracker Band,Wearables,2800.0,3000.0,2900.0,0.967,200,139,0.695,0.305,26,0,Summer Off-peak,0.85,Normal Day,1.0,Prime Member,0.74,2.5,0.411,5.5,45.64,5
product,PRD-08,Organic Fairtrade Coffee 1kg,Grocery,1200.0,1190.0,1330.0,1.118,300,282,0.94,0.06,39,0,Regular,1.0,Weekend,1.1,Bargain Hunter,1.6,1.2,0.358,4.5,43.8,2
product,PRD-01,Ergonomic Mesh Office Chair,Furniture,8900.0,8590.0,13390.0,1.559,60,3,0.05,0.95,8,0,Festive Sale,1.4,Major Event,1.5,Bargain Hunter,1.56,0.6,0.544,1.5,75.11,2
product,PRD-02,Hydro Stainless Thermal Flask,Home & Kitchen,1100.0,1080.0,1510.0,1.398,250,20,0.08,0.92,25,1,Regular,1.0,Flash Deal,1.35,Loyal Customer,0.51,1.7,0.595,3.5,74.95,4
product,PRD-03,Hydro Stainless Thermal Flask,Home & Kitchen,1100.0,1090.0,1500.0,1.376,250,45,0.18,0.82,10,1,Festive Sale,1.4,Festival,1.4,Impulse Buyer,0.43,0.1,0.672,5.5,87.22,8
product,PRD-04,Ergonomic Mesh Office Chair,Furniture,8900.0,9230.0,12840.0,1.391,60,24,0.4,0.6,42,1,Regular,1.0,Flash Deal,1.35,Loyal Customer,0.42,2.9,0.568,3.5,69.49,1
product,PRD-05,Pro Gaming Mechanical Keyboard,Gaming,5200.0,4930.0,6300.0,1.278,80,32,0.4,0.6,5,1,Summer Off-peak,0.85,Flash Deal,1.35,Bargain Hunter,1.6,1.7,0.552,9.5,76.86,10
product,PRD-06,Smart Fitness Tracker Band,Wearables,2800.0,2810.0,3470.0,1.235,200,110,0.55,0.45,34,1,Festive Sale,1.4,Flash Deal,1.35,Bargain Hunter,1.66,0.3,0.522,5.5,72.23,6
product,PRD-07,Hydro Stainless Thermal Flask,Home & Kitchen,1100.0,1080.0,1120.0,1.037,250,233,0.932,0.068,42,0,Regular,1.0,Normal Day,1.0,Bargain Hunter,1.52,0.2,0.405,6.5,51.21,5
product,PRD-08,Ergonomic Mesh Office Chair,Furniture,8900.0,8990.0,11330.0,1.26,60,45,0.75,0.25,6,1,Summer Off-peak,0.85,Flash Deal,1.35,Prime Member,0.76,5.8,0.491,7.5,59.34,12
product,PRD-01,Pro Gaming Mechanical Keyboard,Gaming,5200.0,5290.0,7520.0,1.422,80,27,0.338,0.662,16,0,Festive Sale,1.4,Festival,1.4,Bargain Hunter,1.53,1.5,0.53,5.5,72.56,5
product,PRD-02,Ultra HD 4K Monitor 27-inch,Electronics,18500.0,18160.0,26370.0,1.452,45,32,0.711,0.289,36,0,Year End,1.3,Festival,1.4,Prime Member,0.59,10.4,0.611,5.5,78.36,7
product,PRD-03,Smart Fitness Tracker Band,Wearables,2800.0,2770.0,4460.0,1.61,200,84,0.42,0.58,38,0,Year End,1.3,Major Event,1.5,Prime Member,0.67,7.4,0.618,4.5,80.11,4
product,PRD-04,Pro Gaming Mechanical Keyboard,Gaming,5200.0,5040.0,7080.0,1.405,80,34,0.425,0.575,11,1,Regular,1.0,Flash Deal,1.35,Impulse Buyer,0.46,0.7,0.671,6.5,87.42,8
product,PRD-05,Organic Fairtrade Coffee 1kg,Grocery,1200.0,1240.0,1570.0,1.266,300,214,0.713,0.287,30,1,Regular,1.0,Festival,1.4,Bargain Hunter,1.61,0.6,0.496,5.5,67.45,7
product,PRD-06,Hydro Stainless Thermal Flask,Home & Kitchen,1100.0,1140.0,1560.0,1.368,250,181,0.724,0.276,32,0,Year End,1.3,Festival,1.4,Loyal Customer,0.55,8.4,0.65,8.5,84.55,12
product,PRD-07,Organic Fairtrade Coffee 1kg,Grocery,1200.0,1280.0,1330.0,1.039,300,150,0.5,0.5,13,0,Regular,1.0,Normal Day,1.0,Prime Member,0.72,7.6,0.481,4.5,57.26,5
product,PRD-08,Smart Fitness Tracker Band,Wearables,2800.0,2900.0,3940.0,1.359,200,56,0.28,0.72,30,1,Festive Sale,1.4,Festival,1.4,Bargain Hunter,1.64,0.8,0.6,6.5,85.37,9
product,PRD-01,Smart Fitness Tracker Band,Wearables,2800.0,2740.0,3710.0,1.354,200,157,0.785,0.215,4,1,Regular,1.0,Flash Deal,1.35,Impulse Buyer,0.41,1.5,0.599,2.5,74.66,4
product,PRD-02,Hydro Stainless Thermal Flask,Home & Kitchen,1100.0,1090.0,1680.0,1.541,250,68,0.272,0.728,18,0,Festive Sale,1.4,Festival,1.4,Impulse Buyer,0.41,0.2,0.665,5.5,86.0,9
product,PRD-03,Noise-Cancelling Headphones Pro,Electronics,4500.0,4380.0,6630.0,1.514,150,101,0.673,0.327,33,1,Festive Sale,1.4,Festival,1.4,Loyal Customer,0.48,7.0,0.681,7.5,89.25,9
product,PRD-04,Ergonomic Mesh Office Chair,Furniture,8900.0,8920.0,13110.0,1.47,60,14,0.233,0.767,29,0,Festive Sale,1.4,Major Event,1.5,Bargain Hunter,1.62,1.2,0.559,5.5,78.27,7
product,PRD-05,Ultra HD 4K Monitor 27-inch,Electronics,18500.0,18110.0,18310.0,1.011,45,17,0.378,0.622,8,0,Regular,1.0,Normal Day,1.0,Impulse Buyer,0.34,1.4,0.438,0.5,46.83,1
product,PRD-06,Organic Fairtrade Coffee 1kg,Grocery,1200.0,1150.0,1370.0,1.191,300,61,0.203,0.797,3,0,Regular,1.0,Weekend,1.1,Bargain Hunter,1.59,1.7,0.397,2.5,50.47,2
product,PRD-07,Premium Running Shoes,Apparel,3900.0,4030.0,3910.0,0.97,110,20,0.182,0.818,31,0,Regular,1.0,Normal Day,1.0,Prime Member,0.7,3.2,0.443,1.5,50.63,2
product,PRD-08,Pro Gaming Mechanical Keyboard,Gaming,5200.0,5100.0,7280.0,1.427,80,49,0.613,0.387,34,0,Festive Sale,1.4,Festival,1.4,Bargain Hunter,1.64,0.1,0.562,9.5,78.93,8
product,PRD-01,Hydro Stainless Thermal Flask,Home & Kitchen,1100.0,1100.0,1020.0,0.927,250,60,0.24,0.76,24,0,Regular,1.0,Normal Day,1.0,Prime Member,0.68,2.7,0.422,0.5,46.91,0
product,PRD-02,Hydro Stainless Thermal Flask,Home & Kitchen,1100.0,1140.0,1700.0,1.491,250,216,0.864,0.136,20,0,Year End,1.3,Major Event,1.5,Bargain Hunter,1.62,0.8,0.521,3.5,71.68,4
product,PRD-03,Ergonomic Mesh Office Chair,Furniture,8900.0,8390.0,8820.0,1.051,60,47,0.783,0.217,4,0,Regular,1.0,Normal Day,1.0,Loyal Customer,0.43,7.0,0.419,3.5,44.27,1
product,PRD-04,Ultra HD 4K Monitor 27-inch,Electronics,18500.0,18250.0,20490.0,1.123,45,32,0.711,0.289,8,0,Regular,1.0,Normal Day,1.0,Prime Member,0.72,5.3,0.442,2.5,50.64,2
product,PRD-05,Organic Fairtrade Coffee 1kg,Grocery,1200.0,1200.0,1230.0,1.025,300,173,0.577,0.423,42,0,Regular,1.0,Normal Day,1.0,Bargain Hunter,1.61,0.2,0.309,1.5,35.57,0
product,PRD-06,Premium Running Shoes,Apparel,3900.0,3890.0,5330.0,1.37,110,45,0.409,0.591,23,0,Festive Sale,1.4,Festival,1.4,Bargain Hunter,1.54,0.7,0.553,7.5,76.54,13
product,PRD-07,Smart Fitness Tracker Band,Wearables,2800.0,2850.0,3960.0,1.389,200,123,0.615,0.385,40,0,Festive Sale,1.4,Major Event,1.5,Prime Member,0.62,7.1,0.632,4.5,82.12,7
product,PRD-08,Ergonomic Mesh Office Chair,Furniture,8900.0,9090.0,13860.0,1.525,60,37,0.617,0.383,8,0,Festive Sale,1.4,Major Event,1.5,Bargain Hunter,1.56,0.2,0.575,6.5,80.45,9
product,PRD-01,Premium Running Shoes,Apparel,3900.0,3960.0,3810.0,0.962,110,66,0.6,0.4,15,0,Regular,1.0,Weekend,1.1,Bargain Hunter,1.67,0.1,0.336,2.5,40.76,1
product,PRD-02,Hydro Stainless Thermal Flask,Home & Kitchen,1100.0,1030.0,1780.0,1.728,250,74,0.296,0.704,12,0,Year End,1.3,Major Event,1.5,Bargain Hunter,1.59,1.4,0.562,4.5,78.38,6
product,PRD-03,Pro Gaming Mechanical Keyboard,Gaming,5200.0,5300.0,6570.0,1.24,80,69,0.863,0.137,20,1,Regular,1.0,Flash Deal,1.35,Impulse Buyer,0.39,0.8,0.465,1.5,51.8,2
product,PRD-04,Ergonomic Mesh Office Chair,Furniture,8900.0,9200.0,13610.0,1.479,60,52,0.867,0.133,10,0,Festive Sale,1.4,Major Event,1.5,Prime Member,0.68,2.3,0.589,8.5,75.29,7
product,PRD-05,Premium Running Shoes,Apparel,3900.0,3980.0,5040.0,1.266,110,79,0.718,0.282,8,1,Regular,1.0,Flash Deal,1.35,Bargain Hunter,1.57,1.2,0.467,5.5,62.08,4
product,PRD-06,Noise-Cancelling Headphones Pro,Electronics,4500.0,4580.0,5550.0,1.212,150,58,0.387,0.613,20,1,Regular,1.0,Festival,1.4,Prime Member,0.77,5.9,0.599,8.5,77.81,11
product,PRD-07,Organic Fairtrade Coffee 1kg,Grocery,1200.0,1270.0,1480.0,1.165,300,134,0.447,0.553,34,0,Regular,1.0,Weekend,1.1,Bargain Hunter,1.62,3.1,0.41,5.5,52.79,5
product,PRD-08,Smart Fitness Tracker Band,Wearables,2800.0,2890.0,3230.0,1.118,200,92,0.46,0.54,17,1,Festive Sale,1.4,Flash Deal,1.35,Bargain Hunter,1.58,1.9,0.528,4.5,72.65,1
product,PRD-01,Smart Fitness Tracker Band,Wearables,2800.0,2920.0,3790.0,1.298,200,126,0.63,0.37,38,0,Year End,1.3,Festival,1.4,Bargain Hunter,1.62,1.0,0.511,8.5,70.07,7
product,PRD-02,Smart Fitness Tracker Band,Wearables,2800.0,2910.0,3980.0,1.368,200,143,0.715,0.285,23,0,Year End,1.3,Festival,1.4,Loyal Customer,0.48,2.1,0.625,8.5,79.69,11
product,PRD-03,Smart Fitness Tracker Band,Wearables,2800.0,2780.0,3570.0,1.284,200,68,0.34,0.66,14,1,Summer Off-peak,0.85,Flash Deal,1.35,Loyal Customer,0.48,4.9,0.572,6.5,70.74,7
product,PRD-04,Pro Gaming Mechanical Keyboard,Gaming,5200.0,5380.0,6330.0,1.177,80,66,0.825,0.175,26,1,Summer Off-peak,0.85,Flash Deal,1.35,Bargain Hunter,1.54,2.9,0.472,4.5,62.72,4
product,PRD-05,Pro Gaming Mechanical Keyboard,Gaming,5200.0,5530.0,5390.0,0.975,80,43,0.537,0.463,29,0,Regular,1.0,Normal Day,1.0,Bargain Hunter,1.54,3.6,0.379,4.5,46.9,3
product,PRD-06,Ergonomic Mesh Office Chair,Furniture,8900.0,9000.0,11760.0,1.307,60,47,0.783,0.217,8,1,Regular,1.0,Festival,1.4,Prime Member,0.78,11.4,0.637,9.5,84.3,10
product,PRD-07,Pro Gaming Mechanical Keyboard,Gaming,5200.0,5480.0,7190.0,1.312,80,51,0.637,0.363,10,0,Festive Sale,1.4,Festival,1.4,Impulse Buyer,0.48,2.0,0.668,6.5,87.03,5
product,PRD-08,Pro Gaming Mechanical Keyboard,Gaming,5200.0,5300.0,6290.0,1.187,80,69,0.863,0.137,32,1,Regular,1.0,Flash Deal,1.35,Bargain Hunter,1.57,1.7,0.46,7.5,60.99,9
product,PRD-01,Ergonomic Mesh Office Chair,Furniture,8900.0,9030.0,10200.0,1.13,60,50,0.833,0.167,42,1,Regular,1.0,Flash Deal,1.35,Bargain Hunter,1.52,5.0,0.488,6.5,65.2,7
product,PRD-02,Pro Gaming Mechanical Keyboard,Gaming,5200.0,5100.0,5290.0,1.037,80,51,0.637,0.363,9,0,Regular,1.0,Normal Day,1.0,Impulse Buyer,0.34,2.3,0.423,1.5,44.22,1
product,PRD-03,Premium Running Shoes,Apparel,3900.0,3590.0,5820.0,1.621,110,56,0.509,0.491,5,0,Festive Sale,1.4,Festival,1.4,Prime Member,0.74,7.1,0.647,7.5,85.66,11
product,PRD-04,Organic Fairtrade Coffee 1kg,Grocery,1200.0,1210.0,1290.0,1.066,300,229,0.763,0.237,23,0,Regular,1.0,Normal Day,1.0,Impulse Buyer,0.42,0.2,0.506,5.5,58.95,3
product,PRD-05,Hydro Stainless Thermal Flask,Home & Kitchen,1100.0,1160.0,1340.0,1.155,250,160,0.64,0.36,44,0,Regular,1.0,Weekend,1.1,Bargain Hunter,1.57,2.4,0.391,3.5,49.15,4
product,PRD-06,Smart Fitness Tracker Band,Wearables,2800.0,2740.0,3130.0,1.142,200,61,0.305,0.695,23,0,Regular,1.0,Weekend,1.1,Bargain Hunter,1.57,0.1,0.368,3.5,45.28,2
product,PRD-07,Pro Gaming Mechanical Keyboard,Gaming,5200.0,5140.0,7260.0,1.412,80,50,0.625,0.375,13,0,Festive Sale,1.4,Festival,1.4,Bargain Hunter,1.58,0.0,0.528,6.5,72.62,5
product,PRD-08,Smart Fitness Tracker Band,Wearables,2800.0,2820.0,2760.0,0.979,200,142,0.71,0.29,15,0,Regular,1.0,Normal Day,1.0,Impulse Buyer,0.43,0.7,0.455,5.5,50.46,5
product,PRD-01,Noise-Cancelling Headphones Pro,Electronics,4500.0,4360.0,6120.0,1.404,150,123,0.82,0.18,37,0,Festive Sale,1.4,Festival,1.4,Loyal Customer,0.46,1.7,0.606,4.5,76.28,4
product,PRD-02,Pro Gaming Mechanical Keyboard,Gaming,5200.0,5350.0,5640.0,1.054,80,42,0.525,0.475,29,0,Regular,1.0,Weekend,1.1,Prime Member,0.64,2.2,0.485,3.5,57.26,3
product,PRD-03,Noise-Cancelling Headphones Pro,Electronics,4500.0,4470.0,4600.0,1.029,150,69,0.46,0.54,21,0,Regular,1.0,Normal Day,1.0,Bargain Hunter,1.5,0.1,0.349,1.5,41.51,2
product,PRD-04,Smart Fitness Tracker Band,Wearables,2800.0,3000.0,3710.0,1.237,200,82,0.41,0.59,27,1,Regular,1.0,Festival,1.4,Impulse Buyer,0.32,0.9,0.65,8.5,82.66,12
product,PRD-05,Premium Running Shoes,Apparel,3900.0,3960.0,4650.0,1.174,110,67,0.609,0.391,6,1,Regular,1.0,Flash Deal,1.35,Bargain Hunter,1.61,1.4,0.448,5.5,59.22,6
product,PRD-06,Organic Fairtrade Coffee 1kg,Grocery,1200.0,1190.0,1830.0,1.538,300,233,0.777,0.223,40,0,Festive Sale,1.4,Major Event,1.5,Loyal Customer,0.5,8.2,0.671,5.5,87.64,7
product,PRD-07,Hydro Stainless Thermal Flask,Home & Kitchen,1100.0,1070.0,1020.0,0.953,250,88,0.352,0.648,28,0,Regular,1.0,Normal Day,1.0,Bargain Hunter,1.64,1.5,0.319,1.5,37.63,1
product,PRD-08,Noise-Cancelling Headphones Pro,Electronics,4500.0,4650.0,7560.0,1.626,150,99,0.66,0.34,19,0,Year End,1.3,Major Event,1.5,Impulse Buyer,0.46,4.4,0.685,5.5,89.81,8
product,PRD-01,Noise-Cancelling Headphones Pro,Electronics,4500.0,4660.0,4480.0,0.961,150,33,0.22,0.78,8,0,Regular,1.0,Normal Day,1.0,Prime Member,0.66,3.0,0.434,2.5,48.72,2
product,PRD-02,Premium Running Shoes,Apparel,3900.0,3880.0,3910.0,1.008,110,79,0.718,0.282,42,0,Regular,1.0,Normal Day,1.0,Prime Member,0.68,9.2,0.466,4.5,54.37,5
product,PRD-03,Organic Fairtrade Coffee 1kg,Grocery,1200.0,1150.0,1600.0,1.391,300,270,0.9,0.1,21,1,Regular,1.0,Festival,1.4,Bargain Hunter,1.66,0.3,0.545,9.5,76.24,9
product,PRD-04,Premium Running Shoes,Apparel,3900.0,4070.0,5500.0,1.351,110,62,0.564,0.436,12,0,Year End,1.3,Major Event,1.5,Bargain Hunter,1.61,0.6,0.491,11.5,66.51,10
product,PRD-05,Hydro Stainless Thermal Flask,Home & Kitchen,1100.0,1090.0,1160.0,1.064,250,31,0.124,0.876,30,0,Regular,1.0,Normal Day,1.0,Loyal Customer,0.43,2.8,0.557,5.5,67.82,5
product,PRD-06,Organic Fairtrade Coffee 1kg,Grocery,1200.0,1180.0,1360.0,1.153,300,242,0.807,0.193,12,0,Regular,1.0,Weekend,1.1,Bargain Hunter,1.52,0.2,0.4,2.5,50.29,1
product,PRD-07,Pro Gaming Mechanical Keyboard,Gaming,5200.0,5270.0,6340.0,1.203,80,76,0.95,0.05,24,0,Regular,1.0,Weekend,1.1,Impulse Buyer,0.45,1.5,0.489,1.5,56.28,2
product,PRD-08,Ultra HD 4K Monitor 27-inch,Electronics,18500.0,17850.0,19190.0,1.075,45,14,0.311,0.689,43,0,Regular,1.0,Normal Day,1.0,Prime Member,0.69,2.8,0.444,4.5,50.77,4
product,PRD-01,Ultra HD 4K Monitor 27-inch,Electronics,18500.0,18030.0,16860.0,0.935,45,11,0.244,0.756,8,0,Regular,1.0,Normal Day,1.0,Bargain Hunter,1.67,2.0,0.321,1.5,38.11,2
product,PRD-02,Premium Running Shoes,Apparel,3900.0,4010.0,5000.0,1.247,110,74,0.673,0.327,27,1,Year End,1.3,Festival,1.4,Bargain Hunter,1.6,2.1,0.531,6.5,73.33,9
product,PRD-03,Hydro Stainless Thermal Flask,Home & Kitchen,1100.0,1190.0,1170.0,0.983,250,202,0.808,0.192,10,0,Summer Off-peak,0.85,Weekend,1.1,Prime Member,0.82,8.8,0.415,2.5,46.87,3
product,PRD-04,Ultra HD 4K Monitor 27-inch,Electronics,18500.0,18160.0,32260.0,1.776,45,19,0.422,0.578,21,0,Festive Sale,1.4,Major Event,1.5,Bargain Hunter,1.56,2.1,0.646,7.5,92.52,10
product,PRD-05,Smart Fitness Tracker Band,Wearables,2800.0,2820.0,3520.0,1.248,200,147,0.735,0.265,22,1,Year End,1.3,Festival,1.4,Prime Member,0.75,6.1,0.643,6.5,85.14,10
product,PRD-06,Noise-Cancelling Headphones Pro,Electronics,4500.0,4500.0,6530.0,1.451,150,26,0.173,0.827,6,0,Festive Sale,1.4,Festival,1.4,Bargain Hunter,1.51,3.6,0.552,4.5,76.04,5
product,PRD-07,Pro Gaming Mechanical Keyboard,Gaming,5200.0,5170.0,7850.0,1.518,80,60,0.75,0.25,10,0,Year End,1.3,Festival,1.4,Bargain Hunter,1.54,1.8,0.555,7.5,76.89,11
product,PRD-08,Premium Running Shoes,Apparel,3900.0,3850.0,5330.0,1.384,110,71,0.645,0.355,7,1,Regular,1.0,Flash Deal,1.35,Loyal Customer,0.44,6.7,0.682,12.5,89.01,14
product,PRD-01,Smart Fitness Tracker Band,Wearables,2800.0,2780.0,3490.0,1.255,200,171,0.855,0.145,9,1,Regular,1.0,Flash Deal,1.35,Impulse Buyer,0.42,1.5,0.534,8.5,63.75,10
product,PRD-02,Smart Fitness Tracker Band,Wearables,2800.0,2690.0,3060.0,1.138,200,164,0.82,0.18,26,0,Summer Off-peak,0.85,Normal Day,1.0,Prime Member,0.68,2.0,0.412,0.5,45.23,1
product,PRD-03,Pro Gaming Mechanical Keyboard,Gaming,5200.0,5140.0,7940.0,1.545,80,56,0.7,0.3,12,0,Festive Sale,1.4,Festival,1.4,Prime Member,0.69,3.7,0.67,8.5,89.16,11
product,PRD-04,Hydro Stainless Thermal Flask,Home & Kitchen,1100.0,1080.0,1500.0,1.389,250,193,0.772,0.228,17,0,Year End,1.3,Festival,1.4,Impulse Buyer,0.44,0.3,0.617,6.5,78.05,8
product,PRD-05,Ergonomic Mesh Office Chair,Furniture,8900.0,8970.0,8800.0,0.981,60,22,0.367,0.633,22,0,Regular,1.0,Normal Day,1.0,Prime Member,0.67,2.7,0.471,6.5,55.12,7
product,PRD-06,Premium Running Shoes,Apparel,3900.0,3910.0,5070.0,1.297,110,87,0.791,0.209,24,1,Regular,1.0,Flash Deal,1.35,Impulse Buyer,0.37,0.0,0.643,9.5,81.91,11
product,PRD-07,Ergonomic Mesh Office Chair,Furniture,8900.0,8650.0,9260.0,1.071,60,51,0.85,0.15,43,0,Regular,1.0,Normal Day,1.0,Prime Member,0.65,3.8,0.41,5.5,44.68,4
product,PRD-08,Pro Gaming Mechanical Keyboard,Gaming,5200.0,5250.0,4920.0,0.937,80,20,0.25,0.75,42,0,Regular,1.0,Normal Day,1.0,Bargain Hunter,1.6,0.0,0.352,3.5,42.84,1
product,PRD-01,Hydro Stainless Thermal Flask,Home & Kitchen,1100.0,1110.0,1190.0,1.072,250,122,0.488,0.512,20,0,Regular,1.0,Normal Day,1.0,Prime Member,0.64,5.0,0.43,2.5,47.86,0
product,PRD-02,Organic Fairtrade Coffee 1kg,Grocery,1200.0,1200.0,1990.0,1.658,300,242,0.807,0.193,15,0,Festive Sale,1.4,Major Event,1.5,Bargain Hunter,1.59,0.2,0.589,7.5,83.07,8
product,PRD-03,Hydro Stainless Thermal Flask,Home & Kitchen,1100.0,1080.0,1240.0,1.148,250,192,0.768,0.232,20,0,Regular,1.0,Weekend,1.1,Impulse Buyer,0.38,2.6,0.416,3.5,43.31,3
product,PRD-04,Ergonomic Mesh Office Chair,Furniture,8900.0,8760.0,10450.0,1.193,60,46,0.767,0.233,23,0,Summer Off-peak,0.85,Weekend,1.1,Loyal Customer,0.57,6.6,0.49,5.5,57.56,5
product,PRD-05,Pro Gaming Mechanical Keyboard,Gaming,5200.0,4900.0,8630.0,1.761,80,54,0.675,0.325,16,0,Year End,1.3,Major Event,1.5,Bargain Hunter,1.64,0.4,0.561,6.5,78.79,5
product,PRD-06,Smart Fitness Tracker Band,Wearables,2800.0,2780.0,3890.0,1.399,200,182,0.91,0.09,5,1,Regular,1.0,Flash Deal,1.35,Bargain Hunter,1.55,1.1,0.508,6.5,68.96,4
product,PRD-07,Organic Fairtrade Coffee 1kg,Grocery,1200.0,1130.0,1640.0,1.451,300,240,0.8,0.2,10,1,Regular,1.0,Festival,1.4,Impulse Buyer,0.43,1.0,0.564,5.5,68.92,5
product,PRD-08,Ergonomic Mesh Office Chair,Furniture,8900.0,8790.0,12950.0,1.473,60,39,0.65,0.35,7,0,Year End,1.3,Major Event,1.5,Bargain Hunter,1.54,0.3,0.578,8.5,80.72,13
product,PRD-01,Organic Fairtrade Coffee 1kg,Grocery,1200.0,1200.0,1440.0,1.2,300,223,0.743,0.257,34,1,Regular,1.0,Festival,1.4,Bargain Hunter,1.56,1.4,0.535,8.5,73.66,11
product,PRD-02,Ultra HD 4K Monitor 27-inch,Electronics,18500.0,18670.0,22660.0,1.214,45,28,0.622,0.378,40,1,Summer Off-peak,0.85,Flash Deal,1.35,Bargain Hunter,1.51,2.1,0.452,6.5,59.07,5
product,PRD-03,Ultra HD 4K Monitor 27-inch,Electronics,18500.0,17610.0,23040.0,1.308,45,11,0.244,0.756,1,1,Regular,1.0,Flash Deal,1.35,Impulse Buyer,0.31,2.1,0.67,10.5,85.96,11
product,PRD-04,Smart Fitness Tracker Band,Wearables,2800.0,2850.0,4690.0,1.646,200,117,0.585,0.415,3,0,Year End,1.3,Major Event,1.5,Impulse Buyer,0.39,0.5,0.676,5.5,87.66,8
product,PRD-05,Organic Fairtrade Coffee 1kg,Grocery,1200.0,1250.0,1330.0,1.064,300,150,0.5,0.5,21,0,Regular,1.0,Weekend,1.1,Prime Member,0.71,9.7,0.427,3.5,48.11,3
product,PRD-06,Ultra HD 4K Monitor 27-inch,Electronics,18500.0,18700.0,19330.0,1.034,45,30,0.667,0.333,36,0,Summer Off-peak,0.85,Normal Day,1.0,Prime Member,0.67,2.9,0.409,3.5,44.55,2
product,PRD-07,Ultra HD 4K Monitor 27-inch,Electronics,18500.0,18380.0,19280.0,1.049,45,17,0.378,0.622,19,0,Summer Off-peak,0.85,Normal Day,1.0,Bargain Hunter,1.56,6.0,0.395,4.5,49.8,7
product,PRD-08,Ergonomic Mesh Office Chair,Furniture,8900.0,8740.0,12490.0,1.429,60,26,0.433,0.567,36,1,Festive Sale,1.4,Festival,1.4,Prime Member,0.57,1.8,0.687,6.5,90.97,9
product,PRD-01,Organic Fairtrade Coffee 1kg,Grocery,1200.0,1290.0,1220.0,0.946,300,222,0.74,0.26,44,0,Regular,1.0,Normal Day,1.0,Bargain Hunter,1.57,0.6,0.386,5.5,48.39,5
product,PRD-02,Ergonomic Mesh Office Chair,Furniture,8900.0,9240.0,11140.0,1.206,60,32,0.533,0.467,10,0,Festive Sale,1.4,Festival,1.4,Prime Member,0.69,10.4,0.619,9.5,80.47,10
product,PRD-03,Ergonomic Mesh Office Chair,Furniture,8900.0,9400.0,11610.0,1.235,60,46,0.767,0.233,1,1,Festive Sale,1.4,Festival,1.4,Impulse Buyer,0.41,0.2,0.653,8.5,83.86,15
product,PRD-04,Smart Fitness Tracker Band,Wearables,2800.0,2890.0,2910.0,1.007,200,155,0.775,0.225,29,0,Regular,1.0,Normal Day,1.0,Prime Member,0.69,6.6,0.432,1.5,48.72,2
product,PRD-05,Smart Fitness Tracker Band,Wearables,2800.0,2820.0,3100.0,1.099,200,114,0.57,0.43,23,0,Regular,1.0,Normal Day,1.0,Bargain Hunter,1.59,0.7,0.418,2.5,53.96,1
product,PRD-06,Smart Fitness Tracker Band,Wearables,2800.0,2770.0,3520.0,1.271,200,71,0.355,0.645,21,1,Festive Sale,1.4,Flash Deal,1.35,Prime Member,0.6,3.5,0.641,6.5,83.39,8
product,PRD-07,Ergonomic Mesh Office Chair,Furniture,8900.0,8730.0,9460.0,1.084,60,24,0.4,0.6,42,0,Regular,1.0,Weekend,1.1,Bargain Hunter,1.65,2.6,0.37,4.5,46.35,5
product,PRD-08,Premium Running Shoes,Apparel,3900.0,4050.0,4380.0,1.081,110,100,0.909,0.091,16,0,Regular,1.0,Weekend,1.1,Bargain Hunter,1.66,1.0,0.368,2.5,46.02,0
product,PRD-01,Noise-Cancelling Headphones Pro,Electronics,4500.0,4490.0,4750.0,1.058,150,82,0.547,0.453,23,0,Regular,1.0,Normal Day,1.0,Bargain Hunter,1.6,0.2,0.414,2.5,53.44,1
product,PRD-02,Pro Gaming Mechanical Keyboard,Gaming,5200.0,4980.0,5340.0,1.072,80,68,0.85,0.15,22,0,Regular,1.0,Normal Day,1.0,Bargain Hunter,1.53,0.6,0.355,3.5,42.79,1
product,PRD-03,Premium Running Shoes,Apparel,3900.0,3960.0,5040.0,1.273,110,52,0.473,0.527,19,0,Festive Sale,1.4,Festival,1.4,Impulse Buyer,0.44,0.7,0.612,5.5,77.2,7
product,PRD-04,Smart Fitness Tracker Band,Wearables,2800.0,2850.0,3160.0,1.109,200,50,0.25,0.75,27,1,Festive Sale,1.4,Flash Deal,1.35,Impulse Buyer,0.41,0.1,0.599,6.5,74.76,7
product,PRD-05,Pro Gaming Mechanical Keyboard,Gaming,5200.0,5220.0,7520.0,1.441,80,77,0.963,0.037,19,0,Festive Sale,1.4,Major Event,1.5,Bargain Hunter,1.61,1.6,0.537,4.5,74.34,5
product,PRD-06,Organic Fairtrade Coffee 1kg,Grocery,1200.0,1190.0,1720.0,1.445,300,231,0.77,0.23,25,0,Year End,1.3,Major Event,1.5,Bargain Hunter,1.62,2.1,0.56,8.5,78.41,7
product,PRD-07,Smart Fitness Tracker Band,Wearables,2800.0,2750.0,3610.0,1.313,200,177,0.885,0.115,3,0,Festive Sale,1.4,Festival,1.4,Prime Member,0.72,3.9,0.559,5.5,70.63,7
product,PRD-08,Noise-Cancelling Headphones Pro,Electronics,4500.0,4260.0,4770.0,1.12,150,74,0.493,0.507,6,0,Regular,1.0,Normal Day,1.0,Prime Member,0.78,9.1,0.46,2.5,54.21,3
product,PRD-01,Organic Fairtrade Coffee 1kg,Grocery,1200.0,1250.0,1210.0,0.968,300,133,0.443,0.557,8,0,Regular,1.0,Normal Day,1.0,Bargain Hunter,1.59,1.0,0.357,4.5,43.55,3
product,PRD-02,Premium Running Shoes,Apparel,3900.0,3890.0,4180.0,1.075,110,55,0.5,0.5,13,0,Regular,1.0,Normal Day,1.0,Impulse Buyer,0.47,3.1,0.515,6.5,61.03,11
product,PRD-03,Ultra HD 4K Monitor 27-inch,Electronics,18500.0,18550.0,27660.0,1.491,45,3,0.067,0.933,21,0,Festive Sale,1.4,Major Event,1.5,Bargain Hunter,1.52,2.6,0.623,7.5,88.22,3
product,PRD-04,Smart Fitness Tracker Band,Wearables,2800.0,2860.0,4270.0,1.493,200,56,0.28,0.72,8,0,Year End,1.3,Major Event,1.5,Impulse Buyer,0.35,0.1,0.719,6.5,94.53,8
product,PRD-05,Ergonomic Mesh Office Chair,Furniture,8900.0,8850.0,9230.0,1.043,60,27,0.45,0.55,35,0,Regular,1.0,Weekend,1.1,Loyal Customer,0.52,8.3,0.474,4.5,54.4,3
product,PRD-06,Noise-Cancelling Headphones Pro,Electronics,4500.0,4370.0,4760.0,1.089,150,87,0.58,0.42,7,0,Regular,1.0,Normal Day,1.0,Impulse Buyer,0.37,0.2,0.386,2.5,38.24,3
product,PRD-07,Pro Gaming Mechanical Keyboard,Gaming,5200.0,4990.0,7520.0,1.507,80,23,0.287,0.713,29,0,Festive Sale,1.4,Major Event,1.5,Impulse Buyer,0.35,1.0,0.651,2.5,83.11,3
product,PRD-08,Pro Gaming Mechanical Keyboard,Gaming,5200.0,5010.0,6050.0,1.208,80,60,0.75,0.25,21,0,Summer Off-peak,0.85,Weekend,1.1,Bargain Hunter,1.61,1.0,0.345,5.5,41.74,4
product,PRD-01,Ergonomic Mesh Office Chair,Furniture,8900.0,9130.0,10900.0,1.194,60,24,0.4,0.6,33,1,Regular,1.0,Festival,1.4,Loyal Customer,0.44,2.7,0.659,6.5,85.19,8
product,PRD-02,Smart Fitness Tracker Band,Wearables,2800.0,2850.0,2990.0,1.049,200,48,0.24,0.76,13,0,Regular,1.0,Normal Day,1.0,Prime Member,0.73,4.1,0.467,2.5,55.03,2
product,PRD-03,Ultra HD 4K Monitor 27-inch,Electronics,18500.0,18470.0,19460.0,1.054,45,34,0.756,0.244,42,0,Regular,1.0,Normal Day,1.0,Prime Member,0.73,1.8,0.396,2.5,42.86,2
product,PRD-04,Ergonomic Mesh Office Chair,Furniture,8900.0,8890.0,11700.0,1.316,60,28,0.467,0.533,34,1,Festive Sale,1.4,Flash Deal,1.35,Prime Member,0.69,18.4,0.679,7.5,90.7,13
product,PRD-05,Pro Gaming Mechanical Keyboard,Gaming,5200.0,5390.0,6620.0,1.228,80,8,0.1,0.9,14,1,Festive Sale,1.4,Flash Deal,1.35,Bargain Hunter,1.55,0.0,0.584,7.5,81.81,8
product,PRD-06,Ergonomic Mesh Office Chair,Furniture,8900.0,9660.0,12090.0,1.252,60,19,0.317,0.683,28,1,Regular,1.0,Flash Deal,1.35,Impulse Buyer,0.42,0.4,0.603,7.5,75.44,6
product,PRD-07,Premium Running Shoes,Apparel,3900.0,3760.0,3780.0,1.005,110,65,0.591,0.409,23,0,Regular,1.0,Normal Day,1.0,Prime Member,0.61,2.7,0.465,2.5,53.62,2
product,PRD-08,Ultra HD 4K Monitor 27-inch,Electronics,18500.0,17700.0,20750.0,1.172,45,24,0.533,0.467,6,0,Summer Off-peak,0.85,Normal Day,1.0,Bargain Hunter,1.65,0.3,0.337,1.5,40.8,0
product,PRD-01,Noise-Cancelling Headphones Pro,Electronics,4500.0,4450.0,6340.0,1.425,150,116,0.773,0.227,12,0,Festive Sale,1.4,Festival,1.4,Loyal Customer,0.49,12.8,0.653,5.5,84.56,7
product,PRD-02,Noise-Cancelling Headphones Pro,Electronics,4500.0,4430.0,5680.0,1.282,150,77,0.513,0.487,26,1,Regular,1.0,Flash Deal,1.35,Loyal Customer,0.56,2.4,0.579,7.5,72.58,12
product,PRD-03,Noise-Cancelling Headphones Pro,Electronics,4500.0,4200.0,6830.0,1.626,150,105,0.7,0.3,10,0,Festive Sale,1.4,Major Event,1.5,Prime Member,0.68,8.6,0.648,2.5,85.33,4
product,PRD-04,Hydro Stainless Thermal Flask,Home & Kitchen,1100.0,1110.0,1150.0,1.036,250,210,0.84,0.16,28,0,Regular,1.0,Normal Day,1.0,Impulse Buyer,0.26,0.8,0.405,3.5,40.43,3
product,PRD-05,Organic Fairtrade Coffee 1kg,Grocery,1200.0,1190.0,1770.0,1.487,300,203,0.677,0.323,27,0,Year End,1.3,Major Event,1.5,Bargain Hunter,1.57,1.2,0.545,6.5,75.47,11
product,PRD-06,Premium Running Shoes,Apparel,3900.0,4040.0,4950.0,1.225,110,64,0.582,0.418,36,0,Year End,1.3,Festival,1.4,Impulse Buyer,0.52,0.3,0.586,5.5,73.44,6
product,PRD-07,Noise-Cancelling Headphones Pro,Electronics,4500.0,4620.0,6720.0,1.455,150,92,0.613,0.387,15,0,Festive Sale,1.4,Festival,1.4,Prime Member,0.74,2.4,0.609,3.5,79.23,5
product,PRD-08,Ergonomic Mesh Office Chair,Furniture,8900.0,8710.0,9180.0,1.054,60,38,0.633,0.367,40,0,Regular,1.0,Normal Day,1.0,Impulse Buyer,0.41,0.5,0.397,3.5,40.33,1
product,PRD-01,Pro Gaming Mechanical Keyboard,Gaming,5200.0,5110.0,4960.0,0.971,80,51,0.637,0.363,4,0,Regular,1.0,Normal Day,1.0,Loyal Customer,0.44,10.8,0.473,3.5,53.54,4
product,PRD-02,Ultra HD 4K Monitor 27-inch,Electronics,18500.0,18260.0,20610.0,1.129,45,30,0.667,0.333,40,0,Regular,1.0,Weekend,1.1,Bargain Hunter,1.58,0.5,0.34,2.5,40.66,2
product,PRD-03,Noise-Cancelling Headphones Pro,Electronics,4500.0,4380.0,7020.0,1.603,150,136,0.907,0.093,27,0,Festive Sale,1.4,Major Event,1.5,Prime Member,0.67,7.0,0.563,1.5,70.83,2
product,PRD-04,Organic Fairtrade Coffee 1kg,Grocery,1200.0,1270.0,1140.0,0.898,300,15,0.05,0.95,20,0,Regular,1.0,Normal Day,1.0,Bargain Hunter,1.56,2.2,0.391,5.5,49.18,3
product,PRD-05,Hydro Stainless Thermal Flask,Home & Kitchen,1100.0,1090.0,1060.0,0.972,250,105,0.42,0.58,6,0,Summer Off-peak,0.85,Normal Day,1.0,Bargain Hunter,1.58,0.2,0.305,2.5,34.65,1
product,PRD-06,Organic Fairtrade Coffee 1kg,Grocery,1200.0,1170.0,1170.0,1.0,300,184,0.613,0.387,31,0,Regular,1.0,Normal Day,1.0,Impulse Buyer,0.4,1.1,0.41,0.5,42.55,0
product,PRD-07,Ultra HD 4K Monitor 27-inch,Electronics,18500.0,19370.0,18250.0,0.942,45,31,0.689,0.311,26,0,Regular,1.0,Normal Day,1.0,Prime Member,0.64,5.8,0.401,5.5,43.0,8
product,PRD-08,Smart Fitness Tracker Band,Wearables,2800.0,2700.0,3640.0,1.348,200,164,0.82,0.18,12,1,Year End,1.3,Flash Deal,1.35,Bargain Hunter,1.62,0.2,0.49,4.5,66.5,6
product,PRD-01,Premium Running Shoes,Apparel,3900.0,3930.0,5960.0,1.517,110,37,0.336,0.664,29,0,Year End,1.3,Festival,1.4,Loyal Customer,0.47,1.9,0.687,8.5,90.22,13
product,PRD-02,Hydro Stainless Thermal Flask,Home & Kitchen,1100.0,1090.0,1150.0,1.055,250,129,0.516,0.484,19,0,Regular,1.0,Normal Day,1.0,Loyal Customer,0.51,7.3,0.502,6.5,59.01,3
product,PRD-03,Hydro Stainless Thermal Flask,Home & Kitchen,1100.0,1060.0,1420.0,1.34,250,168,0.672,0.328,28,1,Regular,1.0,Festival,1.4,Prime Member,0.69,3.1,0.607,6.5,78.54,7
product,PRD-04,Ultra HD 4K Monitor 27-inch,Electronics,18500.0,18860.0,26100.0,1.384,45,16,0.356,0.644,33,1,Regular,1.0,Festival,1.4,Impulse Buyer,0.39,0.4,0.659,4.5,84.67,8
product,PRD-05,Smart Fitness Tracker Band,Wearables,2800.0,2670.0,2860.0,1.071,200,45,0.225,0.775,37,0,Regular,1.0,Normal Day,1.0,Impulse Buyer,0.41,2.5,0.531,3.5,63.14,4
product,PRD-06,Pro Gaming Mechanical Keyboard,Gaming,5200.0,5240.0,6030.0,1.151,80,57,0.713,0.287,31,0,Regular,1.0,Weekend,1.1,Bargain Hunter,1.48,1.6,0.375,3.5,45.65,2
product,PRD-07,Organic Fairtrade Coffee 1kg,Grocery,1200.0,1170.0,1310.0,1.12,300,43,0.143,0.857,35,0,Summer Off-peak,0.85,Normal Day,1.0,Loyal Customer,0.48,7.7,0.544,3.5,65.99,4
product,PRD-08,Pro Gaming Mechanical Keyboard,Gaming,5200.0,5230.0,5770.0,1.103,80,13,0.163,0.838,41,0,Summer Off-peak,0.85,Weekend,1.1,Bargain Hunter,1.54,1.7,0.4,3.5,50.47,2
product,PRD-01,Pro Gaming Mechanical Keyboard,Gaming,5200.0,5100.0,7930.0,1.555,80,71,0.887,0.113,20,0,Festive Sale,1.4,Major Event,1.5,Prime Member,0.69,4.4,0.602,7.5,77.58,9
product,PRD-02,Ultra HD 4K Monitor 27-inch,Electronics,18500.0,18910.0,24780.0,1.31,45,15,0.333,0.667,9,1,Regular,1.0,Festival,1.4,Impulse Buyer,0.34,1.0,0.615,3.5,76.87,5
product,PRD-03,Ergonomic Mesh Office Chair,Furniture,8900.0,9320.0,8230.0,0.883,60,17,0.283,0.717,17,0,Regular,1.0,Normal Day,1.0,Loyal Customer,0.51,2.6,0.455,2.5,51.04,3
product,PRD-04,Noise-Cancelling Headphones Pro,Electronics,4500.0,4530.0,6700.0,1.479,150,42,0.28,0.72,39,0,Festive Sale,1.4,Festival,1.4,Bargain Hunter,1.59,0.3,0.552,4.5,76.83,3
product,PRD-05,Noise-Cancelling Headphones Pro,Electronics,4500.0,4320.0,4750.0,1.1,150,128,0.853,0.147,17,0,Regular,1.0,Weekend,1.1,Prime Member,0.63,4.4,0.438,1.5,49.25,1
product,PRD-06,Pro Gaming Mechanical Keyboard,Gaming,5200.0,5030.0,5490.0,1.091,80,47,0.588,0.412,2,0,Regular,1.0,Normal Day,1.0,Impulse Buyer,0.45,1.6,0.431,0.5,46.49,0
product,PRD-07,Ergonomic Mesh Office Chair,Furniture,8900.0,8800.0,11330.0,1.288,60,40,0.667,0.333,10,1,Festive Sale,1.4,Festival,1.4,Prime Member,0.78,5.9,0.583,6.5,75.06,9
product,PRD-08,Ultra HD 4K Monitor 27-inch,Electronics,18500.0,19430.0,17980.0,0.925,45,7,0.156,0.844,6,0,Regular,1.0,Normal Day,1.0,Prime Member,0.68,3.6,0.386,1.5,40.78,1
product,PRD-01,Ultra HD 4K Monitor 27-inch,Electronics,18500.0,18280.0,21440.0,1.173,45,7,0.156,0.844,41,0,Summer Off-peak,0.85,Weekend,1.1,Prime Member,0.71,4.5,0.466,3.5,54.61,0
product,PRD-02,Hydro Stainless Thermal Flask,Home & Kitchen,1100.0,1130.0,1180.0,1.044,250,178,0.712,0.288,39,0,Regular,1.0,Weekend,1.1,Prime Member,0.69,3.8,0.417,3.5,46.14,5
product,PRD-03,Pro Gaming Mechanical Keyboard,Gaming,5200.0,5110.0,6650.0,1.301,80,63,0.787,0.213,42,1,Regular,1.0,Flash Deal,1.35,Loyal Customer,0.44,0.9,0.595,6.5,74.26,6
product,PRD-04,Organic Fairtrade Coffee 1kg,Grocery,1200.0,1190.0,1830.0,1.538,300,43,0.143,0.857,15,0,Year End,1.3,Major Event,1.5,Prime Member,0.73,9.5,0.674,3.5,90.11,5
product,PRD-05,Hydro Stainless Thermal Flask,Home & Kitchen,1100.0,1050.0,1450.0,1.381,250,128,0.512,0.488,12,1,Regular,1.0,Flash Deal,1.35,Prime Member,0.76,1.6,0.647,9.5,85.92,11
product,PRD-06,Ultra HD 4K Monitor 27-inch,Electronics,18500.0,19050.0,18590.0,0.976,45,20,0.444,0.556,15,0,Regular,1.0,Normal Day,1.0,Loyal Customer,0.53,3.7,0.408,3.5,43.31,4
product,PRD-07,Premium Running Shoes,Apparel,3900.0,3800.0,4050.0,1.066,110,80,0.727,0.273,11,0,Regular,1.0,Normal Day,1.0,Prime Member,0.66,5.6,0.449,2.5,51.37,3
product,PRD-08,Premium Running Shoes,Apparel,3900.0,4040.0,3700.0,0.916,110,73,0.664,0.336,26,0,Regular,1.0,Normal Day,1.0,Prime Member,0.76,5.5,0.404,4.5,44.57,4
product,PRD-01,Ergonomic Mesh Office Chair,Furniture,8900.0,9100.0,11020.0,1.211,60,39,0.65,0.35,38,1,Regular,1.0,Flash Deal,1.35,Bargain Hunter,1.61,2.1,0.527,8.5,72.66,6
product,PRD-02,Pro Gaming Mechanical Keyboard,Gaming,5200.0,5370.0,6190.0,1.153,80,76,0.95,0.05,5,0,Regular,1.0,Weekend,1.1,Bargain Hunter,1.53,1.9,0.292,1.5,32.04,1
product,PRD-03,Premium Running Shoes,Apparel,3900.0,3860.0,5610.0,1.453,110,61,0.555,0.445,33,0,Festive Sale,1.4,Festival,1.4,Bargain Hunter,1.55,1.3,0.554,5.5,76.77,6
product,PRD-04,Smart Fitness Tracker Band,Wearables,2800.0,2880.0,3070.0,1.066,200,141,0.705,0.295,23,0,Regular,1.0,Weekend,1.1,Bargain Hunter,1.69,0.6,0.385,2.5,49.28,3
product,PRD-05,Smart Fitness Tracker Band,Wearables,2800.0,2870.0,2840.0,0.99,200,161,0.805,0.195,4,0,Regular,1.0,Normal Day,1.0,Prime Member,0.71,2.6,0.412,1.5,45.47,1
product,PRD-06,Smart Fitness Tracker Band,Wearables,2800.0,2850.0,2810.0,0.986,200,166,0.83,0.17,17,0,Regular,1.0,Normal Day,1.0,Bargain Hunter,1.61,3.7,0.289,4.5,32.18,1
product,PRD-07,Organic Fairtrade Coffee 1kg,Grocery,1200.0,1200.0,1230.0,1.025,300,125,0.417,0.583,26,0,Regular,1.0,Normal Day,1.0,Bargain Hunter,1.65,0.2,0.354,4.5,43.53,3
product,PRD-08,Hydro Stainless Thermal Flask,Home & Kitchen,1100.0,1100.0,1480.0,1.345,250,160,0.64,0.36,17,1,Year End,1.3,Festival,1.4,Loyal Customer,0.45,7.8,0.639,6.5,81.78,10
product,PRD-01,Noise-Cancelling Headphones Pro,Electronics,4500.0,4480.0,4710.0,1.051,150,85,0.567,0.433,23,0,Regular,1.0,Weekend,1.1,Bargain Hunter,1.59,0.6,0.359,4.5,43.9,1
product,PRD-02,Hydro Stainless Thermal Flask,Home & Kitchen,1100.0,1120.0,1190.0,1.062,250,139,0.556,0.444,2,0,Regular,1.0,Normal Day,1.0,Bargain Hunter,1.52,0.2,0.389,4.5,48.39,4
product,PRD-03,Ergonomic Mesh Office Chair,Furniture,8900.0,8700.0,13430.0,1.544,60,8,0.133,0.867,17,0,Year End,1.3,Major Event,1.5,Bargain Hunter,1.65,0.9,0.598,8.5,85.08,8
product,PRD-04,Pro Gaming Mechanical Keyboard,Gaming,5200.0,5100.0,5330.0,1.045,80,45,0.562,0.438,10,0,Regular,1.0,Normal Day,1.0,Prime Member,0.64,11.2,0.523,4.5,63.72,5
product,PRD-05,Hydro Stainless Thermal Flask,Home & Kitchen,1100.0,1060.0,1770.0,1.67,250,47,0.188,0.812,1,0,Festive Sale,1.4,Major Event,1.5,Prime Member,0.76,2.6,0.675,6.5,90.6,9
product,PRD-06,Hydro Stainless Thermal Flask,Home & Kitchen,1100.0,1110.0,1140.0,1.027,250,168,0.672,0.328,37,0,Regular,1.0,Normal Day,1.0,Prime Member,0.68,2.1,0.424,3.5,47.25,3
product,PRD-07,Premium Running Shoes,Apparel,3900.0,4240.0,4130.0,0.974,110,33,0.3,0.7,31,0,Summer Off-peak,0.85,Normal Day,1.0,Prime Member,0.71,9.2,0.428,1.5,48.16,2
product,PRD-08,Pro Gaming Mechanical Keyboard,Gaming,5200.0,5300.0,4860.0,0.917,80,32,0.4,0.6,44,0,Regular,1.0,Normal Day,1.0,Impulse Buyer,0.39,1.7,0.385,1.5,38.13,2
product,PRD-01,Noise-Cancelling Headphones Pro,Electronics,4500.0,4530.0,5130.0,1.132,150,90,0.6,0.4,5,0,Regular,1.0,Normal Day,1.0,Prime Member,0.62,2.4,0.418,1.5,45.65,2
product,PRD-02,Noise-Cancelling Headphones Pro,Electronics,4500.0,4500.0,7320.0,1.627,150,98,0.653,0.347,22,0,Year End,1.3,Major Event,1.5,Prime Member,0.68,7.0,0.632,8.5,82.64,12
product,PRD-03,Organic Fairtrade Coffee 1kg,Grocery,1200.0,1160.0,1580.0,1.362,300,261,0.87,0.13,16,1,Regular,1.0,Flash Deal,1.35,Prime Member,0.78,4.7,0.646,8.5,85.9,11
product,PRD-04,Smart Fitness Tracker Band,Wearables,2800.0,2810.0,3720.0,1.324,200,156,0.78,0.22,11,0,Festive Sale,1.4,Festival,1.4,Bargain Hunter,1.58,1.5,0.521,5.5,71.43,2
product,PRD-05,Smart Fitness Tracker Band,Wearables,2800.0,2740.0,3010.0,1.099,200,100,0.5,0.5,44,0,Regular,1.0,Normal Day,1.0,Bargain Hunter,1.53,0.9,0.384,2.5,47.63,3
product,PRD-06,Organic Fairtrade Coffee 1kg,Grocery,1200.0,1230.0,1660.0,1.35,300,115,0.383,0.617,17,0,Festive Sale,1.4,Festival,1.4,Loyal Customer,0.57,5.3,0.698,7.5,92.83,9
product,PRD-07,Smart Fitness Tracker Band,Wearables,2800.0,2660.0,2670.0,1.004,200,27,0.135,0.865,6,0,Regular,1.0,Normal Day,1.0,Bargain Hunter,1.66,0.2,0.431,3.5,56.78,5
product,PRD-08,Premium Running Shoes,Apparel,3900.0,3870.0,4450.0,1.15,110,24,0.218,0.782,18,0,Regular,1.0,Weekend,1.1,Bargain Hunter,1.65,1.3,0.409,1.5,52.89,1
product,PRD-01,Pro Gaming Mechanical Keyboard,Gaming,5200.0,5520.0,5010.0,0.908,80,58,0.725,0.275,10,0,Regular,1.0,Normal Day,1.0,Impulse Buyer,0.41,1.7,0.501,6.5,57.98,8
product,PRD-02,Pro Gaming Mechanical Keyboard,Gaming,5200.0,5290.0,7280.0,1.376,80,57,0.713,0.287,12,0,Festive Sale,1.4,Festival,1.4,Impulse Buyer,0.32,1.1,0.629,5.5,79.0,4
product,PRD-03,Hydro Stainless Thermal Flask,Home & Kitchen,1100.0,1130.0,1020.0,0.903,250,187,0.748,0.252,34,0,Regular,1.0,Normal Day,1.0,Prime Member,0.69,5.5,0.392,2.5,41.9,2
product,PRD-04,Pro Gaming Mechanical Keyboard,Gaming,5200.0,5080.0,5460.0,1.075,80,55,0.688,0.312,19,0,Regular,1.0,Normal Day,1.0,Bargain Hunter,1.6,1.4,0.414,3.5,53.41,3
product,PRD-05,Ultra HD 4K Monitor 27-inch,Electronics,18500.0,18170.0,19720.0,1.085,45,38,0.844,0.156,36,0,Regular,1.0,Normal Day,1.0,Impulse Buyer,0.37,0.5,0.438,4.5,47.03,5
product,PRD-06,Organic Fairtrade Coffee 1kg,Grocery,1200.0,1290.0,1670.0,1.295,300,156,0.52,0.48,22,0,Festive Sale,1.4,Major Event,1.5,Prime Member,0.68,5.9,0.618,4.5,80.31,5
product,PRD-07,Ultra HD 4K Monitor 27-inch,Electronics,18500.0,20010.0,27550.0,1.377,45,17,0.378,0.622,28,0,Year End,1.3,Major Event,1.5,Prime Member,0.69,3.9,0.612,4.5,79.3,5
product,PRD-08,Organic Fairtrade Coffee 1kg,Grocery,1200.0,1230.0,1470.0,1.195,300,273,0.91,0.09,29,1,Regular,1.0,Festival,1.4,Prime Member,0.66,1.8,0.541,3.5,67.01,3
product,PRD-01,Hydro Stainless Thermal Flask,Home & Kitchen,1100.0,1090.0,1110.0,1.018,250,103,0.412,0.588,42,0,Regular,1.0,Normal Day,1.0,Loyal Customer,0.47,4.1,0.47,5.5,53.23,3
product,PRD-02,Smart Fitness Tracker Band,Wearables,2800.0,2770.0,2920.0,1.054,200,103,0.515,0.485,19,0,Regular,1.0,Normal Day,1.0,Prime Member,0.67,2.9,0.42,2.5,46.5,2
product,PRD-03,Ergonomic Mesh Office Chair,Furniture,8900.0,9210.0,11610.0,1.261,60,42,0.7,0.3,39,1,Regular,1.0,Festival,1.4,Bargain Hunter,1.66,1.1,0.497,3.5,68.07,2
product,PRD-04,Premium Running Shoes,Apparel,3900.0,3920.0,4160.0,1.061,110,23,0.209,0.791,25,0,Regular,1.0,Normal Day,1.0,Bargain Hunter,1.57,2.0,0.347,0.5,41.65,1
product,PRD-05,Noise-Cancelling Headphones Pro,Electronics,4500.0,4490.0,4460.0,0.993,150,47,0.313,0.687,6,0,Regular,1.0,Normal Day,1.0,Prime Member,0.65,8.9,0.469,3.5,54.7,4
product,PRD-06,Hydro Stainless Thermal Flask,Home & Kitchen,1100.0,1170.0,1680.0,1.436,250,204,0.816,0.184,8,0,Year End,1.3,Major Event,1.5,Impulse Buyer,0.35,1.1,0.681,11.5,88.19,11
product,PRD-07,Ergonomic Mesh Office Chair,Furniture,8900.0,8690.0,9220.0,1.061,60,38,0.633,0.367,26,0,Regular,1.0,Normal Day,1.0,Loyal Customer,0.51,1.5,0.442,4.5,48.82,3
product,PRD-08,Organic Fairtrade Coffee 1kg,Grocery,1200.0,1260.0,1260.0,1.0,300,233,0.777,0.223,26,0,Regular,1.0,Normal Day,1.0,Prime Member,0.67,2.1,0.464,6.5,54.03,7
product,PRD-01,Noise-Cancelling Headphones Pro,Electronics,4500.0,4580.0,4690.0,1.024,150,108,0.72,0.28,20,0,Regular,1.0,Weekend,1.1,Prime Member,0.64,8.5,0.511,5.5,61.75,8
product,PRD-02,Premium Running Shoes,Apparel,3900.0,3860.0,5900.0,1.528,110,81,0.736,0.264,9,0,Year End,1.3,Festival,1.4,Loyal Customer,0.49,6.8,0.691,10.5,91.11,16
product,PRD-03,Premium Running Shoes,Apparel,3900.0,3750.0,4100.0,1.093,110,93,0.845,0.155,43,0,Regular,1.0,Normal Day,1.0,Bargain Hunter,1.66,2.5,0.354,3.5,43.62,3
product,PRD-04,Pro Gaming Mechanical Keyboard,Gaming,5200.0,5060.0,7680.0,1.518,80,33,0.412,0.588,27,0,Year End,1.3,Major Event,1.5,Bargain Hunter,1.61,0.3,0.537,4.5,74.41,5
product,PRD-05,Smart Fitness Tracker Band,Wearables,2800.0,2870.0,4090.0,1.425,200,68,0.34,0.66,33,0,Festive Sale,1.4,Festival,1.4,Bargain Hunter,1.61,2.5,0.561,5.5,78.46,3
product,PRD-06,Ergonomic Mesh Office Chair,Furniture,8900.0,8850.0,9650.0,1.09,60,33,0.55,0.45,15,0,Summer Off-peak,0.85,Normal Day,1.0,Impulse Buyer,0.46,1.6,0.464,3.5,52.14,4
product,PRD-07,Ultra HD 4K Monitor 27-inch,Electronics,18500.0,19170.0,27190.0,1.418,45,18,0.4,0.6,8,0,Festive Sale,1.4,Festival,1.4,Impulse Buyer,0.4,3.4,0.695,8.5,90.88,9
product,PRD-08,Ultra HD 4K Monitor 27-inch,Electronics,18500.0,18210.0,17820.0,0.979,45,31,0.689,0.311,44,0,Regular,1.0,Normal Day,1.0,Impulse Buyer,0.4,0.5,0.343,3.5,31.03,2
product,PRD-01,Premium Running Shoes,Apparel,3900.0,3910.0,5920.0,1.514,110,44,0.4,0.6,41,0,Year End,1.3,Major Event,1.5,Impulse Buyer,0.4,1.2,0.686,8.5,89.43,12
product,PRD-02,Pro Gaming Mechanical Keyboard,Gaming,5200.0,5430.0,6480.0,1.193,80,67,0.838,0.162,21,1,Festive Sale,1.4,Flash Deal,1.35,Prime Member,0.69,4.0,0.577,6.5,73.27,10
product,PRD-03,Smart Fitness Tracker Band,Wearables,2800.0,2830.0,3480.0,1.23,200,93,0.465,0.535,39,1,Festive Sale,1.4,Flash Deal,1.35,Impulse Buyer,0.45,0.4,0.63,5.5,80.37,6
product,PRD-04,Premium Running Shoes,Apparel,3900.0,4210.0,5910.0,1.404,110,58,0.527,0.473,15,0,Festive Sale,1.4,Major Event,1.5,Loyal Customer,0.47,4.3,0.606,4.5,76.48,6
product,PRD-05,Ultra HD 4K Monitor 27-inch,Electronics,18500.0,18250.0,22580.0,1.237,45,32,0.711,0.289,25,1,Year End,1.3,Flash Deal,1.35,Impulse Buyer,0.3,0.5,0.636,4.5,80.07,7
product,PRD-06,Ergonomic Mesh Office Chair,Furniture,8900.0,9290.0,9140.0,0.984,60,21,0.35,0.65,29,0,Regular,1.0,Normal Day,1.0,Prime Member,0.7,5.5,0.403,2.5,43.91,1
product,PRD-07,Pro Gaming Mechanical Keyboard,Gaming,5200.0,5200.0,6090.0,1.171,80,54,0.675,0.325,23,0,Summer Off-peak,0.85,Weekend,1.1,Impulse Buyer,0.51,1.0,0.414,2.5,44.19,2
product,PRD-08,Hydro Stainless Thermal Flask,Home & Kitchen,1100.0,1130.0,1030.0,0.912,250,153,0.612,0.388,43,0,Regular,1.0,Normal Day,1.0,Bargain Hunter,1.61,1.3,0.339,3.5,40.71,3
product,PRD-01,Smart Fitness Tracker Band,Wearables,2800.0,2820.0,2880.0,1.021,200,129,0.645,0.355,24,0,Regular,1.0,Normal Day,1.0,Prime Member,0.68,5.9,0.464,5.5,54.04,6
product,PRD-02,Ultra HD 4K Monitor 27-inch,Electronics,18500.0,19520.0,28090.0,1.439,45,29,0.644,0.356,8,0,Year End,1.3,Major Event,1.5,Prime Member,0.7,2.8,0.595,6.5,76.55,9
product,PRD-03,Organic Fairtrade Coffee 1kg,Grocery,1200.0,1220.0,1850.0,1.516,300,186,0.62,0.38,15,0,Festive Sale,1.4,Major Event,1.5,Prime Member,0.69,8.1,0.645,7.5,84.87,12
product,PRD-04,Ultra HD 4K Monitor 27-inch,Electronics,18500.0,18430.0,18190.0,0.987,45,28,0.622,0.378,14,0,Regular,1.0,Normal Day,1.0,Loyal Customer,0.56,5.9,0.443,2.5,49.53,2
product,PRD-05,Ergonomic Mesh Office Chair,Furniture,8900.0,8470.0,8960.0,1.058,60,48,0.8,0.2,29,0,Summer Off-peak,0.85,Normal Day,1.0,Bargain Hunter,1.57,2.6,0.356,5.5,43.28,5
product,PRD-06,Ergonomic Mesh Office Chair,Furniture,8900.0,8180.0,12250.0,1.498,60,41,0.683,0.317,34,0,Year End,1.3,Festival,1.4,Bargain Hunter,1.59,1.1,0.464,3.5,61.79,3
product,PRD-07,Ergonomic Mesh Office Chair,Furniture,8900.0,9210.0,11360.0,1.233,60,56,0.933,0.067,41,0,Festive Sale,1.4,Festival,1.4,Loyal Customer,0.55,5.3,0.52,2.5,62.47,2
product,PRD-08,Pro Gaming Mechanical Keyboard,Gaming,5200.0,5200.0,5830.0,1.121,80,72,0.9,0.1,37,0,Regular,1.0,Weekend,1.1,Prime Member,0.79,7.7,0.407,5.5,45.26,5
product,PRD-01,Pro Gaming Mechanical Keyboard,Gaming,5200.0,5330.0,5510.0,1.034,80,47,0.588,0.412,24,0,Summer Off-peak,0.85,Normal Day,1.0,Prime Member,0.69,6.3,0.407,3.5,44.47,3
product,PRD-02,Organic Fairtrade Coffee 1kg,Grocery,1200.0,1150.0,1280.0,1.113,300,254,0.847,0.153,25,0,Regular,1.0,Normal Day,1.0,Prime Member,0.73,2.4,0.468,5.5,55.14,2
product,PRD-03,Pro Gaming Mechanical Keyboard,Gaming,5200.0,5030.0,5340.0,1.062,80,51,0.637,0.363,28,0,Regular,1.0,Normal Day,1.0,Loyal Customer,0.55,4.9,0.473,4.5,54.46,4
product,PRD-04,Noise-Cancelling Headphones Pro,Electronics,4500.0,4560.0,4810.0,1.055,150,30,0.2,0.8,13,0,Summer Off-peak,0.85,Normal Day,1.0,Bargain Hunter,1.58,0.4,0.35,1.5,42.27,0
product,PRD-05,Ergonomic Mesh Office Chair,Furniture,8900.0,9240.0,10180.0,1.102,60,38,0.633,0.367,23,0,Regular,1.0,Weekend,1.1,Bargain Hunter,1.63,0.3,0.337,3.5,40.55,2
product,PRD-06,Ultra HD 4K Monitor 27-inch,Electronics,18500.0,19450.0,18290.0,0.94,45,23,0.511,0.489,14,0,Summer Off-peak,0.85,Normal Day,1.0,Impulse Buyer,0.43,0.8,0.418,2.5,44.1,3
product,PRD-07,Ultra HD 4K Monitor 27-inch,Electronics,18500.0,19150.0,18450.0,0.963,45,41,0.911,0.089,23,0,Regular,1.0,Normal Day,1.0,Loyal Customer,0.49,8.0,0.431,2.5,46.81,2
product,PRD-08,Hydro Stainless Thermal Flask,Home & Kitchen,1100.0,1190.0,1700.0,1.429,250,152,0.608,0.392,15,0,Festive Sale,1.4,Major Event,1.5,Bargain Hunter,1.58,0.3,0.562,8.5,78.42,11
product,PRD-01,Pro Gaming Mechanical Keyboard,Gaming,5200.0,5200.0,5150.0,0.99,80,35,0.438,0.562,6,0,Regular,1.0,Normal Day,1.0,Bargain Hunter,1.61,0.5,0.322,3.5,37.78,3
product,PRD-02,Ultra HD 4K Monitor 27-inch,Electronics,18500.0,18070.0,21480.0,1.189,45,24,0.533,0.467,39,0,Regular,1.0,Weekend,1.1,Prime Member,0.69,6.7,0.504,6.5,60.94,7
product,PRD-03,Noise-Cancelling Headphones Pro,Electronics,4500.0,4710.0,6480.0,1.376,150,135,0.9,0.1,11,0,Festive Sale,1.4,Major Event,1.5,Bargain Hunter,1.53,1.6,0.555,7.5,76.77,7
product,PRD-04,Smart Fitness Tracker Band,Wearables,2800.0,2710.0,3680.0,1.358,200,50,0.25,0.75,25,1,Festive Sale,1.4,Flash Deal,1.35,Impulse Buyer,0.27,0.4,0.623,4.5,77.67,6
product,PRD-05,Organic Fairtrade Coffee 1kg,Grocery,1200.0,1240.0,1540.0,1.242,300,141,0.47,0.53,41,1,Summer Off-peak,0.85,Flash Deal,1.35,Bargain Hunter,1.63,3.5,0.452,2.5,60.02,2
product,PRD-06,Hydro Stainless Thermal Flask,Home & Kitchen,1100.0,1060.0,1500.0,1.415,250,79,0.316,0.684,40,1,Regular,1.0,Flash Deal,1.35,Bargain Hunter,1.59,1.8,0.64,14.5,91.63,17
product,PRD-07,Ultra HD 4K Monitor 27-inch,Electronics,18500.0,17730.0,20320.0,1.146,45,19,0.422,0.578,21,0,Summer Off-peak,0.85,Weekend,1.1,Bargain Hunter,1.61,0.6,0.436,4.5,57.24,2
product,PRD-08,Pro Gaming Mechanical Keyboard,Gaming,5200.0,5420.0,7220.0,1.332,80,45,0.562,0.438,9,1,Festive Sale,1.4,Festival,1.4,Bargain Hunter,1.53,2.3,0.578,5.5,80.71,6
product,PRD-01,Pro Gaming Mechanical Keyboard,Gaming,5200.0,5130.0,6840.0,1.333,80,75,0.938,0.062,14,1,Regular,1.0,Flash Deal,1.35,Loyal Customer,0.49,3.1,0.585,6.5,73.09,6
product,PRD-02,Noise-Cancelling Headphones Pro,Electronics,4500.0,4600.0,4410.0,0.959,150,54,0.36,0.64,39,0,Summer Off-peak,0.85,Normal Day,1.0,Loyal Customer,0.44,5.4,0.41,2.5,42.92,5
product,PRD-03,Premium Running Shoes,Apparel,3900.0,3770.0,5990.0,1.589,110,77,0.7,0.3,21,0,Year End,1.3,Festival,1.4,Impulse Buyer,0.37,0.1,0.59,3.5,72.77,6
product,PRD-04,Smart Fitness Tracker Band,Wearables,2800.0,2870.0,2850.0,0.993,200,151,0.755,0.245,10,0,Regular,1.0,Normal Day,1.0,Prime Member,0.59,4.6,0.443,2.5,49.73,1
product,PRD-05,Smart Fitness Tracker Band,Wearables,2800.0,3020.0,4100.0,1.358,200,54,0.27,0.73,32,0,Festive Sale,1.4,Major Event,1.5,Prime Member,0.7,4.2,0.588,4.5,75.3,5
product,PRD-06,Noise-Cancelling Headphones Pro,Electronics,4500.0,4480.0,4500.0,1.004,150,29,0.193,0.807,32,0,Regular,1.0,Normal Day,1.0,Prime Member,0.68,8.7,0.468,2.5,54.74,3
product,PRD-07,Premium Running Shoes,Apparel,3900.0,3760.0,4130.0,1.098,110,20,0.182,0.818,38,0,Summer Off-peak,0.85,Normal Day,1.0,Prime Member,0.73,6.3,0.481,5.5,57.39,4
product,PRD-08,Smart Fitness Tracker Band,Wearables,2800.0,2860.0,4760.0,1.664,200,29,0.145,0.855,25,0,Year End,1.3,Major Event,1.5,Impulse Buyer,0.35,1.4,0.714,5.5,93.8,10
product,PRD-01,Ultra HD 4K Monitor 27-inch,Electronics,18500.0,17060.0,27710.0,1.624,45,27,0.6,0.4,5,0,Year End,1.3,Festival,1.4,Impulse Buyer,0.44,0.1,0.69,7.5,90.5,13
product,PRD-02,Ultra HD 4K Monitor 27-inch,Electronics,18500.0,19140.0,23290.0,1.217,45,36,0.8,0.2,28,1,Regular,1.0,Flash Deal,1.35,Bargain Hunter,1.54,0.1,0.564,11.5,78.35,14
product,PRD-03,Hydro Stainless Thermal Flask,Home & Kitchen,1100.0,1130.0,1790.0,1.584,250,180,0.72,0.28,30,0,Festive Sale,1.4,Major Event,1.5,Loyal Customer,0.52,8.8,0.681,6.5,89.66,9
product,PRD-04,Premium Running Shoes,Apparel,3900.0,3750.0,5560.0,1.483,110,52,0.473,0.527,17,1,Festive Sale,1.4,Festival,1.4,Loyal Customer,0.51,1.7,0.651,2.5,84.43,3
product,PRD-05,Ergonomic Mesh Office Chair,Furniture,8900.0,9020.0,8900.0,0.987,60,37,0.617,0.383,37,0,Regular,1.0,Normal Day,1.0,Prime Member,0.68,1.9,0.36,1.5,36.41,1
product,PRD-06,Ultra HD 4K Monitor 27-inch,Electronics,18500.0,19300.0,20540.0,1.064,45,36,0.8,0.2,27,0,Regular,1.0,Weekend,1.1,Bargain Hunter,1.57,0.6,0.353,3.5,42.77,3
product,PRD-07,Organic Fairtrade Coffee 1kg,Grocery,1200.0,1260.0,1220.0,0.968,300,132,0.44,0.56,3,0,Regular,1.0,Normal Day,1.0,Impulse Buyer,0.38,1.0,0.463,3.5,51.38,5
product,PRD-08,Noise-Cancelling Headphones Pro,Electronics,4500.0,4720.0,4620.0,0.979,150,47,0.313,0.687,7,0,Regular,1.0,Normal Day,1.0,Prime Member,0.6,3.4,0.456,2.5,52.02,2
product,PRD-01,Noise-Cancelling Headphones Pro,Electronics,4500.0,4400.0,4410.0,1.002,150,80,0.533,0.467,8,0,Regular,1.0,Normal Day,1.0,Bargain Hunter,1.56,1.5,0.345,5.5,41.35,10
product,PRD-02,Pro Gaming Mechanical Keyboard,Gaming,5200.0,4750.0,5070.0,1.067,80,47,0.588,0.412,34,0,Summer Off-peak,0.85,Normal Day,1.0,Bargain Hunter,1.64,3.1,0.328,5.5,39.16,5
product,PRD-03,Organic Fairtrade Coffee 1kg,Grocery,1200.0,1250.0,1410.0,1.128,300,93,0.31,0.69,14,0,Summer Off-peak,0.85,Weekend,1.1,Loyal Customer,0.48,3.2,0.475,3.5,54.16,1
product,PRD-04,Pro Gaming Mechanical Keyboard,Gaming,5200.0,5290.0,5830.0,1.102,80,37,0.463,0.537,9,0,Regular,1.0,Weekend,1.1,Prime Member,0.68,1.0,0.43,3.5,48.27,2
product,PRD-05,Noise-Cancelling Headphones Pro,Electronics,4500.0,4340.0,6080.0,1.401,150,107,0.713,0.287,41,1,Festive Sale,1.4,Festival,1.4,Bargain Hunter,1.68,1.0,0.545,5.5,76.31,7
product,PRD-06,Ergonomic Mesh Office Chair,Furniture,8900.0,8680.0,12370.0,1.425,60,53,0.883,0.117,12,1,Summer Off-peak,0.85,Flash Deal,1.35,Bargain Hunter,1.68,0.5,0.521,10.5,72.26,14
product,PRD-07,Smart Fitness Tracker Band,Wearables,2800.0,2860.0,3670.0,1.283,200,101,0.505,0.495,22,1,Regular,1.0,Flash Deal,1.35,Bargain Hunter,1.56,1.1,0.47,4.5,62.48,6
product,PRD-08,Premium Running Shoes,Apparel,3900.0,4040.0,3950.0,0.978,110,69,0.627,0.373,2,0,Regular,1.0,Normal Day,1.0,Loyal Customer,0.54,6.5,0.435,4.5,47.91,4
product,PRD-01,Organic Fairtrade Coffee 1kg,Grocery,1200.0,1140.0,1180.0,1.035,300,234,0.78,0.22,21,0,Regular,1.0,Normal Day,1.0,Prime Member,0.73,3.2,0.446,3.5,51.49,6
product,PRD-02,Noise-Cancelling Headphones Pro,Electronics,4500.0,4690.0,6770.0,1.443,150,59,0.393,0.607,10,0,Year End,1.3,Festival,1.4,Prime Member,0.72,6.4,0.615,9.5,80.0,13
product,PRD-03,Ergonomic Mesh Office Chair,Furniture,8900.0,8950.0,11600.0,1.296,60,27,0.45,0.55,11,1,Festive Sale,1.4,Festival,1.4,Impulse Buyer,0.39,2.9,0.669,4.5,86.45,7
product,PRD-04,Ergonomic Mesh Office Chair,Furniture,8900.0,9130.0,9950.0,1.09,60,21,0.35,0.65,22,0,Regular,1.0,Weekend,1.1,Prime Member,0.69,2.2,0.488,4.5,58.15,3
product,PRD-05,Noise-Cancelling Headphones Pro,Electronics,4500.0,4510.0,7850.0,1.741,150,49,0.327,0.673,22,0,Year End,1.3,Major Event,1.5,Loyal Customer,0.49,5.5,0.692,6.5,91.28,10
product,PRD-06,Noise-Cancelling Headphones Pro,Electronics,4500.0,4490.0,4820.0,1.073,150,74,0.493,0.507,30,0,Regular,1.0,Normal Day,1.0,Impulse Buyer,0.42,0.2,0.505,4.5,58.88,2
product,PRD-07,Ultra HD 4K Monitor 27-inch,Electronics,18500.0,17880.0,18630.0,1.042,45,23,0.511,0.489,23,0,Regular,1.0,Normal Day,1.0,Impulse Buyer,0.37,2.3,0.471,1.5,52.61,1
product,PRD-08,Pro Gaming Mechanical Keyboard,Gaming,5200.0,5470.0,5190.0,0.949,80,45,0.562,0.438,34,0,Regular,1.0,Normal Day,1.0,Bargain Hunter,1.6,1.6,0.345,3.5,41.59,1
product,PRD-01,Premium Running Shoes,Apparel,3900.0,3940.0,4070.0,1.033,110,36,0.327,0.673,20,0,Regular,1.0,Normal Day,1.0,Prime Member,0.69,8.3,0.472,2.5,55.46,2
product,PRD-02,Pro Gaming Mechanical Keyboard,Gaming,5200.0,5200.0,5790.0,1.113,80,56,0.7,0.3,40,0,Summer Off-peak,0.85,Normal Day,1.0,Bargain Hunter,1.59,3.8,0.37,4.5,45.78,5
product,PRD-03,Noise-Cancelling Headphones Pro,Electronics,4500.0,4440.0,4940.0,1.113,150,71,0.473,0.527,39,0,Regular,1.0,Normal Day,1.0,Impulse Buyer,0.4,0.4,0.473,2.5,53.15,2
product,PRD-04,Noise-Cancelling Headphones Pro,Electronics,4500.0,4360.0,4640.0,1.064,150,89,0.593,0.407,32,0,Summer Off-peak,0.85,Normal Day,1.0,Prime Member,0.74,16.8,0.48,6.5,57.28,8
product,PRD-05,Ultra HD 4K Monitor 27-inch,Electronics,18500.0,17620.0,25180.0,1.429,45,33,0.733,0.267,44,1,Regular,1.0,Flash Deal,1.35,Bargain Hunter,1.58,0.2,0.53,6.5,72.96,8
product,PRD-06,Noise-Cancelling Headphones Pro,Electronics,4500.0,4360.0,5910.0,1.356,150,100,0.667,0.333,39,1,Summer Off-peak,0.85,Flash Deal,1.35,Loyal Customer,0.5,3.9,0.575,3.5,71.4,5
product,PRD-07,Ergonomic Mesh Office Chair,Furniture,8900.0,9140.0,8940.0,0.978,60,18,0.3,0.7,16,0,Regular,1.0,Normal Day,1.0,Bargain Hunter,1.62,0.4,0.341,2.5,41.21,0
product,PRD-08,Premium Running Shoes,Apparel,3900.0,3720.0,3490.0,0.938,110,64,0.582,0.418,11,0,Regular,1.0,Normal Day,1.0,Prime Member,0.77,7.1,0.371,3.5,39.1,0
product,PRD-01,Hydro Stainless Thermal Flask,Home & Kitchen,1100.0,1140.0,1630.0,1.43,250,143,0.572,0.428,24,0,Festive Sale,1.4,Festival,1.4,Bargain Hunter,1.6,6.5,0.556,6.5,77.48,7
product,PRD-02,Smart Fitness Tracker Band,Wearables,2800.0,2820.0,2830.0,1.004,200,97,0.485,0.515,12,0,Regular,1.0,Normal Day,1.0,Prime Member,0.76,4.0,0.44,2.5,50.63,3
product,PRD-03,Ultra HD 4K Monitor 27-inch,Electronics,18500.0,18700.0,23450.0,1.254,45,21,0.467,0.533,30,1,Regular,1.0,Flash Deal,1.35,Bargain Hunter,1.58,1.1,0.524,10.5,71.94,11
product,PRD-04,Premium Running Shoes,Apparel,3900.0,4000.0,5090.0,1.272,110,57,0.518,0.482,28,0,Festive Sale,1.4,Festival,1.4,Impulse Buyer,0.46,0.1,0.561,2.5,68.63,3
product,PRD-05,Smart Fitness Tracker Band,Wearables,2800.0,2720.0,2780.0,1.022,200,109,0.545,0.455,6,0,Regular,1.0,Normal Day,1.0,Loyal Customer,0.52,10.5,0.417,1.5,44.78,1
product,PRD-06,Ultra HD 4K Monitor 27-inch,Electronics,18500.0,18710.0,18570.0,0.993,45,43,0.956,0.044,34,0,Summer Off-peak,0.85,Normal Day,1.0,Bargain Hunter,1.52,0.1,0.284,4.5,30.61,4
product,PRD-07,Hydro Stainless Thermal Flask,Home & Kitchen,1100.0,1110.0,1410.0,1.27,250,107,0.428,0.572,38,1,Regular,1.0,Festival,1.4,Bargain Hunter,1.58,0.8,0.515,7.5,70.32,8
product,PRD-08,Pro Gaming Mechanical Keyboard,Gaming,5200.0,5230.0,6610.0,1.264,80,43,0.537,0.463,10,1,Year End,1.3,Flash Deal,1.35,Impulse Buyer,0.47,1.0,0.628,7.5,80.19,9
product,PRD-01,Ergonomic Mesh Office Chair,Furniture,8900.0,9140.0,10420.0,1.14,60,40,0.667,0.333,33,0,Regular,1.0,Weekend,1.1,Prime Member,0.72,4.0,0.501,3.5,60.62,3
product,PRD-02,Noise-Cancelling Headphones Pro,Electronics,4500.0,4170.0,6040.0,1.448,150,132,0.88,0.12,41,1,Regular,1.0,Flash Deal,1.35,Impulse Buyer,0.42,0.2,0.629,8.5,79.89,9
product,PRD-03,Ergonomic Mesh Office Chair,Furniture,8900.0,8980.0,8450.0,0.941,60,27,0.45,0.55,26,0,Regular,1.0,Normal Day,1.0,Impulse Buyer,0.44,1.3,0.447,2.5,49.07,1
product,PRD-04,Ergonomic Mesh Office Chair,Furniture,8900.0,8900.0,11980.0,1.346,60,43,0.717,0.283,42,1,Regular,1.0,Flash Deal,1.35,Prime Member,0.8,6.1,0.524,3.5,65.29,2
product,PRD-05,Organic Fairtrade Coffee 1kg,Grocery,1200.0,1210.0,1660.0,1.372,300,273,0.91,0.09,15,1,Regular,1.0,Flash Deal,1.35,Bargain Hunter,1.67,0.8,0.473,4.5,63.96,4
product,PRD-06,Premium Running Shoes,Apparel,3900.0,3780.0,3880.0,1.026,110,57,0.518,0.482,6,0,Regular,1.0,Normal Day,1.0,Prime Member,0.72,3.7,0.416,2.5,46.25,1
product,PRD-07,Hydro Stainless Thermal Flask,Home & Kitchen,1100.0,1110.0,1160.0,1.045,250,207,0.828,0.172,13,0,Regular,1.0,Weekend,1.1,Prime Member,0.6,3.8,0.417,1.5,45.44,0
product,PRD-08,Smart Fitness Tracker Band,Wearables,2800.0,2800.0,3260.0,1.164,200,31,0.155,0.845,36,0,Summer Off-peak,0.85,Weekend,1.1,Bargain Hunter,1.7,0.6,0.436,2.5,58.05,2
product,PRD-01,Premium Running Shoes,Apparel,3900.0,3780.0,5350.0,1.415,110,31,0.282,0.718,34,1,Year End,1.3,Flash Deal,1.35,Prime Member,0.78,7.1,0.644,4.5,85.44,7
product,PRD-02,Organic Fairtrade Coffee 1kg,Grocery,1200.0,1200.0,1220.0,1.017,300,175,0.583,0.417,25,0,Regular,1.0,Normal Day,1.0,Bargain Hunter,1.57,2.3,0.392,4.5,49.45,1
product,PRD-03,Organic Fairtrade Coffee 1kg,Grocery,1200.0,1220.0,1290.0,1.057,300,93,0.31,0.69,4,0,Summer Off-peak,0.85,Normal Day,1.0,Impulse Buyer,0.35,3.9,0.442,1.5,47.59,2
product,PRD-04,Ultra HD 4K Monitor 27-inch,Electronics,18500.0,18390.0,18960.0,1.031,45,22,0.489,0.511,13,0,Regular,1.0,Normal Day,1.0,Bargain Hunter,1.64,0.3,0.367,2.5,45.65,3
product,PRD-05,Noise-Cancelling Headphones Pro,Electronics,4500.0,4620.0,4720.0,1.022,150,80,0.533,0.467,34,0,Summer Off-peak,0.85,Normal Day,1.0,Prime Member,0.62,3.8,0.394,2.5,41.73,1
product,PRD-06,Ergonomic Mesh Office Chair,Furniture,8900.0,8900.0,11210.0,1.26,60,37,0.617,0.383,10,1,Regular,1.0,Festival,1.4,Loyal Customer,0.45,6.2,0.681,10.5,88.96,13
product,PRD-07,Ultra HD 4K Monitor 27-inch,Electronics,18500.0,19850.0,23670.0,1.192,45,16,0.356,0.644,15,1,Regular,1.0,Festival,1.4,Impulse Buyer,0.37,0.5,0.631,6.5,79.76,10
product,PRD-08,Ergonomic Mesh Office Chair,Furniture,8900.0,8840.0,12220.0,1.382,60,42,0.7,0.3,17,0,Festive Sale,1.4,Major Event,1.5,Loyal Customer,0.55,5.2,0.658,8.5,85.99,9
product,PRD-01,Premium Running Shoes,Apparel,3900.0,4070.0,5500.0,1.351,110,70,0.636,0.364,8,0,Festive Sale,1.4,Festival,1.4,Impulse Buyer,0.44,1.6,0.635,6.5,81.1,8
product,PRD-02,Ergonomic Mesh Office Chair,Furniture,8900.0,8410.0,9510.0,1.131,60,30,0.5,0.5,32,0,Regular,1.0,Normal Day,1.0,Impulse Buyer,0.32,2.2,0.468,2.5,51.76,2
product,PRD-03,Smart Fitness Tracker Band,Wearables,2800.0,2820.0,4070.0,1.443,200,44,0.22,0.78,18,0,Festive Sale,1.4,Festival,1.4,Prime Member,0.63,4.4,0.685,5.5,91.25,8
product,PRD-04,Ultra HD 4K Monitor 27-inch,Electronics,18500.0,18540.0,23300.0,1.257,45,23,0.511,0.489,8,1,Festive Sale,1.4,Flash Deal,1.35,Bargain Hunter,1.69,0.1,0.505,5.5,69.66,6
product,PRD-05,Ultra HD 4K Monitor 27-inch,Electronics,18500.0,19070.0,26760.0,1.403,45,17,0.378,0.622,13,0,Festive Sale,1.4,Major Event,1.5,Bargain Hunter,1.64,0.6,0.585,5.5,82.86,10
product,PRD-06,Smart Fitness Tracker Band,Wearables,2800.0,2790.0,3500.0,1.254,200,154,0.77,0.23,27,1,Year End,1.3,Flash Deal,1.35,Prime Member,0.69,5.6,0.644,9.5,84.67,13
product,PRD-07,Pro Gaming Mechanical Keyboard,Gaming,5200.0,5350.0,5850.0,1.093,80,48,0.6,0.4,40,0,Regular,1.0,Weekend,1.1,Bargain Hunter,1.62,1.8,0.392,4.5,49.85,5
product,PRD-08,Hydro Stainless Thermal Flask,Home & Kitchen,1100.0,1090.0,1230.0,1.128,250,44,0.176,0.824,14,0,Regular,1.0,Weekend,1.1,Loyal Customer,0.53,0.9,0.421,0.5,45.49,0
product,PRD-01,Ergonomic Mesh Office Chair,Furniture,8900.0,8840.0,13480.0,1.525,60,46,0.767,0.233,41,0,Year End,1.3,Major Event,1.5,Bargain Hunter,1.63,2.3,0.542,8.5,75.47,8
product,PRD-02,Ergonomic Mesh Office Chair,Furniture,8900.0,9280.0,8530.0,0.919,60,28,0.467,0.533,5,0,Summer Off-peak,0.85,Normal Day,1.0,Loyal Customer,0.49,4.3,0.371,5.5,36.64,3
product,PRD-03,Pro Gaming Mechanical Keyboard,Gaming,5200.0,5070.0,5660.0,1.116,80,23,0.287,0.713,10,0,Regular,1.0,Normal Day,1.0,Loyal Customer,0.53,6.9,0.496,3.5,58.25,6
product,PRD-04,Pro Gaming Mechanical Keyboard,Gaming,5200.0,5140.0,5770.0,1.123,80,58,0.725,0.275,27,0,Regular,1.0,Weekend,1.1,Bargain Hunter,1.58,0.0,0.362,3.5,44.41,2
product,PRD-05,Ergonomic Mesh Office Chair,Furniture,8900.0,9230.0,14090.0,1.527,60,46,0.767,0.233,15,0,Festive Sale,1.4,Major Event,1.5,Bargain Hunter,1.57,1.8,0.516,3.5,70.39,5
product,PRD-06,Hydro Stainless Thermal Flask,Home & Kitchen,1100.0,1080.0,1470.0,1.361,250,146,0.584,0.416,20,0,Year End,1.3,Festival,1.4,Loyal Customer,0.53,3.8,0.658,6.5,85.73,4
product,PRD-07,Organic Fairtrade Coffee 1kg,Grocery,1200.0,1180.0,1210.0,1.025,300,245,0.817,0.183,1,0,Summer Off-peak,0.85,Normal Day,1.0,Bargain Hunter,1.61,1.0,0.267,1.5,28.48,1
product,PRD-08,Noise-Cancelling Headphones Pro,Electronics,4500.0,4550.0,5810.0,1.277,150,59,0.393,0.607,13,1,Festive Sale,1.4,Festival,1.4,Bargain Hunter,1.66,3.4,0.565,5.5,79.54,4
product,PRD-01,Pro Gaming Mechanical Keyboard,Gaming,5200.0,5000.0,6980.0,1.396,80,33,0.412,0.588,13,1,Summer Off-peak,0.85,Flash Deal,1.35,Impulse Buyer,0.44,3.2,0.585,3.5,72.52,5
product,PRD-02,Organic Fairtrade Coffee 1kg,Grocery,1200.0,1230.0,1840.0,1.496,300,209,0.697,0.303,2,0,Festive Sale,1.4,Festival,1.4,Impulse Buyer,0.42,0.7,0.617,5.5,77.89,7
product,PRD-03,Organic Fairtrade Coffee 1kg,Grocery,1200.0,1210.0,1280.0,1.058,300,123,0.41,0.59,24,0,Summer Off-peak,0.85,Normal Day,1.0,Prime Member,0.68,5.2,0.499,4.5,59.99,6
product,PRD-04,Hydro Stainless Thermal Flask,Home & Kitchen,1100.0,1130.0,1020.0,0.903,250,45,0.18,0.82,3,0,Summer Off-peak,0.85,Normal Day,1.0,Bargain Hunter,1.61,0.7,0.337,3.5,40.34,2
product,PRD-05,Organic Fairtrade Coffee 1kg,Grocery,1200.0,1140.0,1920.0,1.684,300,147,0.49,0.51,39,0,Year End,1.3,Major Event,1.5,Impulse Buyer,0.35,0.9,0.671,9.5,86.49,12
product,PRD-06,Noise-Cancelling Headphones Pro,Electronics,4500.0,4500.0,7060.0,1.569,150,92,0.613,0.387,36,0,Year End,1.3,Major Event,1.5,Loyal Customer,0.57,2.8,0.662,10.5,86.83,11
product,PRD-07,Smart Fitness Tracker Band,Wearables,2800.0,2810.0,4000.0,1.423,200,197,0.985,0.015,29,0,Festive Sale,1.4,Major Event,1.5,Impulse Buyer,0.49,0.0,0.648,9.5,83.68,14
product,PRD-08,Noise-Cancelling Headphones Pro,Electronics,4500.0,4370.0,4420.0,1.011,150,60,0.4,0.6,4,0,Regular,1.0,Normal Day,1.0,Prime Member,0.74,6.7,0.475,4.5,56.42,6
product,PRD-01,Noise-Cancelling Headphones Pro,Electronics,4500.0,4470.0,4820.0,1.078,150,63,0.42,0.58,32,0,Regular,1.0,Normal Day,1.0,Prime Member,0.67,11.4,0.483,3.5,57.22,4
product,PRD-02,Smart Fitness Tracker Band,Wearables,2800.0,2760.0,3720.0,1.348,200,134,0.67,0.33,20,1,Regular,1.0,Flash Deal,1.35,Loyal Customer,0.46,3.0,0.575,2.5,71.09,2
product,PRD-03,Noise-Cancelling Headphones Pro,Electronics,4500.0,4570.0,6770.0,1.481,150,80,0.533,0.467,34,0,Festive Sale,1.4,Festival,1.4,Bargain Hunter,1.63,0.8,0.543,3.5,75.61,5
product,PRD-04,Ergonomic Mesh Office Chair,Furniture,8900.0,9150.0,9300.0,1.016,60,41,0.683,0.317,33,0,Regular,1.0,Normal Day,1.0,Prime Member,0.67,1.0,0.445,6.5,50.7,5
product,PRD-05,Noise-Cancelling Headphones Pro,Electronics,4500.0,4490.0,5750.0,1.281,150,128,0.853,0.147,12,1,Summer Off-peak,0.85,Festival,1.4,Prime Member,0.7,10.0,0.605,3.5,78.16,3
product,PRD-06,Premium Running Shoes,Apparel,3900.0,4010.0,3980.0,0.993,110,68,0.618,0.382,2,0,Regular,1.0,Normal Day,1.0,Bargain Hunter,1.61,0.7,0.406,4.5,52.09,5
product,PRD-07,Ergonomic Mesh Office Chair,Furniture,8900.0,8660.0,12280.0,1.418,60,31,0.517,0.483,37,0,Festive Sale,1.4,Festival,1.4,Bargain Hunter,1.56,1.7,0.523,6.5,71.55,3
product,PRD-08,Ultra HD 4K Monitor 27-inch,Electronics,18500.0,18230.0,22400.0,1.229,45,30,0.667,0.333,42,0,Regular,1.0,Weekend,1.1,Impulse Buyer,0.37,0.1,0.485,3.5,54.97,1
product,PRD-01,Premium Running Shoes,Apparel,3900.0,3950.0,5030.0,1.273,110,48,0.436,0.564,12,1,Summer Off-peak,0.85,Festival,1.4,Prime Member,0.68,2.5,0.564,2.5,71.06,3
product,PRD-02,Ultra HD 4K Monitor 27-inch,Electronics,18500.0,18210.0,24100.0,1.323,45,29,0.644,0.356,9,1,Regular,1.0,Flash Deal,1.35,Prime Member,0.76,1.7,0.599,3.5,77.64,3
product,PRD-03,Smart Fitness Tracker Band,Wearables,2800.0,2780.0,3870.0,1.392,200,135,0.675,0.325,29,1,Summer Off-peak,0.85,Flash Deal,1.35,Bargain Hunter,1.61,1.7,0.503,9.5,68.66,8
product,PRD-04,Ergonomic Mesh Office Chair,Furniture,8900.0,8710.0,13820.0,1.587,60,26,0.433,0.567,24,0,Festive Sale,1.4,Major Event,1.5,Loyal Customer,0.53,0.6,0.625,4.5,80.09,7
product,PRD-05,Hydro Stainless Thermal Flask,Home & Kitchen,1100.0,1070.0,1180.0,1.103,250,220,0.88,0.12,17,0,Regular,1.0,Normal Day,1.0,Bargain Hunter,1.51,1.7,0.335,2.5,39.19,2
product,PRD-06,Hydro Stainless Thermal Flask,Home & Kitchen,1100.0,1170.0,1110.0,0.949,250,198,0.792,0.208,44,0,Regular,1.0,Normal Day,1.0,Impulse Buyer,0.36,4.0,0.406,2.5,41.45,3
product,PRD-07,Organic Fairtrade Coffee 1kg,Grocery,1200.0,1240.0,1490.0,1.202,300,276,0.92,0.08,3,1,Regular,1.0,Flash Deal,1.35,Loyal Customer,0.57,5.0,0.608,5.5,77.59,8
product,PRD-08,Premium Running Shoes,Apparel,3900.0,3640.0,5640.0,1.549,110,72,0.655,0.345,15,0,Festive Sale,1.4,Major Event,1.5,Prime Member,0.69,5.0,0.646,8.5,85.06,13
product,PRD-01,Ultra HD 4K Monitor 27-inch,Electronics,18500.0,18180.0,25560.0,1.406,45,30,0.667,0.333,16,0,Festive Sale,1.4,Festival,1.4,Bargain Hunter,1.56,2.2,0.548,8.5,75.76,7
product,PRD-02,Hydro Stainless Thermal Flask,Home & Kitchen,1100.0,1090.0,1590.0,1.459,250,128,0.512,0.488,3,0,Year End,1.3,Festival,1.4,Impulse Buyer,0.44,0.7,0.618,6.5,78.17,8
product,PRD-03,Smart Fitness Tracker Band,Wearables,2800.0,2770.0,3910.0,1.412,200,146,0.73,0.27,10,1,Year End,1.3,Festival,1.4,Bargain Hunter,1.55,1.9,0.546,6.5,75.41,7
product,PRD-04,Hydro Stainless Thermal Flask,Home & Kitchen,1100.0,1110.0,1610.0,1.45,250,160,0.64,0.36,39,0,Festive Sale,1.4,Major Event,1.5,Loyal Customer,0.53,17.5,0.669,8.5,87.7,12
product,PRD-05,Organic Fairtrade Coffee 1kg,Grocery,1200.0,1160.0,1850.0,1.595,300,85,0.283,0.717,22,0,Year End,1.3,Major Event,1.5,Prime Member,0.68,3.8,0.632,4.5,82.63,4
product,PRD-06,Organic Fairtrade Coffee 1kg,Grocery,1200.0,1230.0,1730.0,1.407,300,111,0.37,0.63,33,1,Regular,1.0,Festival,1.4,Loyal Customer,0.45,5.9,0.61,3.5,76.89,2
product,PRD-07,Premium Running Shoes,Apparel,3900.0,3760.0,4100.0,1.09,110,50,0.455,0.545,31,0,Regular,1.0,Normal Day,1.0,Bargain Hunter,1.61,2.1,0.375,3.5,46.78,4
product,PRD-08,Premium Running Shoes,Apparel,3900.0,3830.0,5990.0,1.564,110,33,0.3,0.7,27,0,Year End,1.3,Festival,1.4,Impulse Buyer,0.41,0.6,0.679,8.5,88.34,15
product,PRD-01,Ultra HD 4K Monitor 27-inch,Electronics,18500.0,18510.0,26690.0,1.442,45,12,0.267,0.733,27,0,Festive Sale,1.4,Major Event,1.5,Prime Member,0.71,6.6,0.724,12.5,98.53,12
product,PRD-02,Smart Fitness Tracker Band,Wearables,2800.0,2730.0,3110.0,1.139,200,197,0.985,0.015,24,0,Summer Off-peak,0.85,Weekend,1.1,Impulse Buyer,0.42,0.5,0.447,3.5,48.91,1
product,PRD-03,Organic Fairtrade Coffee 1kg,Grocery,1200.0,1170.0,1510.0,1.291,300,139,0.463,0.537,37,1,Regular,1.0,Flash Deal,1.35,Bargain Hunter,1.67,0.0,0.567,9.5,79.92,8
product,PRD-04,Smart Fitness Tracker Band,Wearables,2800.0,2660.0,3750.0,1.41,200,55,0.275,0.725,35,1,Regular,1.0,Flash Deal,1.35,Impulse Buyer,0.39,0.7,0.643,3.5,81.95,6
product,PRD-05,Pro Gaming Mechanical Keyboard,Gaming,5200.0,5110.0,8040.0,1.573,80,35,0.438,0.562,34,0,Festive Sale,1.4,Major Event,1.5,Bargain Hunter,1.59,0.8,0.591,9.5,83.4,10
product,PRD-06,Pro Gaming Mechanical Keyboard,Gaming,5200.0,5350.0,6600.0,1.234,80,61,0.762,0.238,3,1,Regular,1.0,Flash Deal,1.35,Impulse Buyer,0.35,1.6,0.531,4.5,62.61,2
product,PRD-07,Premium Running Shoes,Apparel,3900.0,3880.0,4150.0,1.07,110,41,0.373,0.627,13,0,Summer Off-peak,0.85,Weekend,1.1,Prime Member,0.68,0.8,0.434,1.5,49.04,1
product,PRD-08,Premium Running Shoes,Apparel,3900.0,4000.0,4710.0,1.177,110,66,0.6,0.4,19,0,Regular,1.0,Weekend,1.1,Bargain Hunter,1.67,2.8,0.373,3.5,47.07,3
product,PRD-01,Smart Fitness Tracker Band,Wearables,2800.0,2610.0,4060.0,1.556,200,78,0.39,0.61,28,0,Festive Sale,1.4,Festival,1.4,Bargain Hunter,1.59,0.3,0.52,7.5,71.24,10
product,PRD-02,Ergonomic Mesh Office Chair,Furniture,8900.0,9190.0,9140.0,0.995,60,38,0.633,0.367,9,0,Regular,1.0,Normal Day,1.0,Bargain Hunter,1.57,1.8,0.321,1.5,37.31,2
product,PRD-03,Smart Fitness Tracker Band,Wearables,2800.0,2910.0,2690.0,0.924,200,108,0.54,0.46,16,0,Regular,1.0,Normal Day,1.0,Prime Member,0.81,4.1,0.456,3.5,53.81,5
product,PRD-04,Premium Running Shoes,Apparel,3900.0,4050.0,3920.0,0.968,110,100,0.909,0.091,40,0,Summer Off-peak,0.85,Normal Day,1.0,Bargain Hunter,1.57,2.5,0.27,1.5,28.68,1
product,PRD-05,Hydro Stainless Thermal Flask,Home & Kitchen,1100.0,1050.0,1330.0,1.267,250,59,0.236,0.764,8,0,Summer Off-peak,0.85,Weekend,1.1,Bargain Hunter,1.62,0.1,0.411,4.5,53.03,1
product,PRD-06,Organic Fairtrade Coffee 1kg,Grocery,1200.0,1230.0,1750.0,1.423,300,136,0.453,0.547,23,0,Festive Sale,1.4,Major Event,1.5,Loyal Customer,0.48,1.8,0.622,3.5,79.21,4
product,PRD-07,Noise-Cancelling Headphones Pro,Electronics,4500.0,4550.0,4870.0,1.07,150,26,0.173,0.827,3,0,Regular,1.0,Normal Day,1.0,Loyal Customer,0.45,3.3,0.479,1.5,54.71,1
product,PRD-08,Premium Running Shoes,Apparel,3900.0,3710.0,5930.0,1.598,110,36,0.327,0.673,3,0,Year End,1.3,Major Event,1.5,Prime Member,0.68,6.9,0.677,5.5,90.32,8
product,PRD-01,Ergonomic Mesh Office Chair,Furniture,8900.0,8470.0,10240.0,1.209,60,20,0.333,0.667,39,0,Regular,1.0,Weekend,1.1,Loyal Customer,0.54,7.0,0.524,2.5,63.14,2
product,PRD-02,Premium Running Shoes,Apparel,3900.0,3920.0,4990.0,1.273,110,38,0.345,0.655,18,1,Regular,1.0,Flash Deal,1.35,Bargain Hunter,1.65,4.7,0.484,5.5,65.75,7
product,PRD-03,Premium Running Shoes,Apparel,3900.0,3960.0,4790.0,1.21,110,86,0.782,0.218,17,1,Regular,1.0,Flash Deal,1.35,Bargain Hunter,1.62,0.4,0.422,4.5,54.84,2
product,PRD-04,Hydro Stainless Thermal Flask,Home & Kitchen,1100.0,1080.0,1620.0,1.5,250,216,0.864,0.136,42,0,Year End,1.3,Major Event,1.5,Impulse Buyer,0.39,0.7,0.659,5.5,84.79,7
product,PRD-05,Organic Fairtrade Coffee 1kg,Grocery,1200.0,1190.0,1240.0,1.042,300,124,0.413,0.587,8,0,Summer Off-peak,0.85,Normal Day,1.0,Prime Member,0.73,8.0,0.438,5.5,50.11,4
product,PRD-06,Premium Running Shoes,Apparel,3900.0,3700.0,3890.0,1.051,110,30,0.273,0.727,23,0,Regular,1.0,Normal Day,1.0,Prime Member,0.7,5.3,0.475,4.5,56.07,3
product,PRD-07,Organic Fairtrade Coffee 1kg,Grocery,1200.0,1200.0,1440.0,1.2,300,238,0.793,0.207,29,0,Summer Off-peak,0.85,Weekend,1.1,Loyal Customer,0.54,4.5,0.45,6.5,50.53,5
product,PRD-08,Pro Gaming Mechanical Keyboard,Gaming,5200.0,5060.0,5750.0,1.136,80,30,0.375,0.625,29,0,Regular,1.0,Weekend,1.1,Loyal Customer,0.58,12.2,0.552,5.5,68.1,9
product,PRD-01,Smart Fitness Tracker Band,Wearables,2800.0,2870.0,3530.0,1.23,200,90,0.45,0.55,28,1,Festive Sale,1.4,Flash Deal,1.35,Bargain Hunter,1.61,0.1,0.612,10.5,87.15,11
product,PRD-02,Organic Fairtrade Coffee 1kg,Grocery,1200.0,1210.0,1490.0,1.231,300,129,0.43,0.57,5,1,Festive Sale,1.4,Flash Deal,1.35,Prime Member,0.72,3.9,0.594,3.5,76.45,5
product,PRD-03,Hydro Stainless Thermal Flask,Home & Kitchen,1100.0,1100.0,1540.0,1.4,250,162,0.648,0.352,11,0,Festive Sale,1.4,Festival,1.4,Bargain Hunter,1.53,2.3,0.503,3.5,67.99,1
product,PRD-04,Ultra HD 4K Monitor 27-inch,Electronics,18500.0,18310.0,20340.0,1.111,45,10,0.222,0.778,33,0,Regular,1.0,Weekend,1.1,Loyal Customer,0.47,6.3,0.547,8.5,66.35,7
product,PRD-05,Ultra HD 4K Monitor 27-inch,Electronics,18500.0,18920.0,19670.0,1.04,45,25,0.556,0.444,27,0,Summer Off-peak,0.85,Normal Day,1.0,Prime Member,0.69,5.8,0.44,3.5,50.09,2
product,PRD-06,Ultra HD 4K Monitor 27-inch,Electronics,18500.0,18340.0,18350.0,1.001,45,38,0.844,0.156,30,0,Regular,1.0,Normal Day,1.0,Bargain Hunter,1.55,0.8,0.345,3.5,41.21,5
product,PRD-07,Pro Gaming Mechanical Keyboard,Gaming,5200.0,5320.0,7260.0,1.365,80,51,0.637,0.363,4,1,Summer Off-peak,0.85,Festival,1.4,Prime Member,0.69,2.9,0.568,1.5,71.75,0
product,PRD-08,Ultra HD 4K Monitor 27-inch,Electronics,18500.0,18980.0,24790.0,1.306,45,20,0.444,0.556,3,1,Festive Sale,1.4,Flash Deal,1.35,Bargain Hunter,1.63,2.2,0.581,7.5,82.1,11
product,PRD-01,Pro Gaming Mechanical Keyboard,Gaming,5200.0,5330.0,6570.0,1.233,80,70,0.875,0.125,31,1,Regular,1.0,Flash Deal,1.35,Prime Member,0.7,6.0,0.49,1.5,58.63,2
product,PRD-02,Ergonomic Mesh Office Chair,Furniture,8900.0,9220.0,11370.0,1.233,60,32,0.533,0.467,7,1,Summer Off-peak,0.85,Flash Deal,1.35,Bargain Hunter,1.56,1.5,0.454,5.5,59.82,5
product,PRD-03,Smart Fitness Tracker Band,Wearables,2800.0,2910.0,3810.0,1.309,200,166,0.83,0.17,1,1,Regular,1.0,Festival,1.4,Bargain Hunter,1.6,0.8,0.509,5.5,69.56,4
product,PRD-04,Organic Fairtrade Coffee 1kg,Grocery,1200.0,1180.0,1550.0,1.314,300,253,0.843,0.157,6,1,Festive Sale,1.4,Flash Deal,1.35,Loyal Customer,0.53,2.3,0.636,3.5,82.0,4
product,PRD-05,Hydro Stainless Thermal Flask,Home & Kitchen,1100.0,1080.0,1160.0,1.074,250,224,0.896,0.104,29,0,Regular,1.0,Normal Day,1.0,Bargain Hunter,1.59,0.6,0.414,4.5,53.36,5
product,PRD-06,Smart Fitness Tracker Band,Wearables,2800.0,2830.0,2850.0,1.007,200,132,0.66,0.34,27,0,Summer Off-peak,0.85,Normal Day,1.0,Bargain Hunter,1.65,0.6,0.312,3.5,36.42,3
product,PRD-07,Ultra HD 4K Monitor 27-inch,Electronics,18500.0,18400.0,24050.0,1.307,45,31,0.689,0.311,5,1,Regular,1.0,Flash Deal,1.35,Bargain Hunter,1.68,3.4,0.512,3.5,70.77,4
product,PRD-08,Hydro Stainless Thermal Flask,Home & Kitchen,1100.0,1160.0,1180.0,1.017,250,175,0.7,0.3,20,0,Regular,1.0,Normal Day,1.0,Prime Member,0.72,4.8,0.386,4.5,41.12,4
product,PRD-01,Ultra HD 4K Monitor 27-inch,Electronics,18500.0,19040.0,27810.0,1.461,45,36,0.8,0.2,36,0,Festive Sale,1.4,Major Event,1.5,Loyal Customer,0.51,3.4,0.569,2.5,70.43,1
product,PRD-02,Smart Fitness Tracker Band,Wearables,2800.0,2690.0,3400.0,1.264,200,137,0.685,0.315,9,1,Year End,1.3,Flash Deal,1.35,Loyal Customer,0.53,4.4,0.701,9.5,93.15,13
product,PRD-03,Ergonomic Mesh Office Chair,Furniture,8900.0,8800.0,9970.0,1.133,60,44,0.733,0.267,25,0,Regular,1.0,Weekend,1.1,Bargain Hunter,1.63,2.2,0.384,4.5,48.53,2
product,PRD-04,Premium Running Shoes,Apparel,3900.0,3830.0,4030.0,1.052,110,74,0.673,0.327,4,0,Regular,1.0,Normal Day,1.0,Bargain Hunter,1.6,0.9,0.313,3.5,36.29,3
product,PRD-05,Hydro Stainless Thermal Flask,Home & Kitchen,1100.0,1120.0,1630.0,1.455,250,148,0.592,0.408,24,0,Festive Sale,1.4,Festival,1.4,Loyal Customer,0.46,6.4,0.653,6.5,84.37,8
product,PRD-06,Hydro Stainless Thermal Flask,Home & Kitchen,1100.0,1030.0,1440.0,1.398,250,112,0.448,0.552,29,1,Regular,1.0,Festival,1.4,Prime Member,0.64,2.8,0.628,5.5,81.52,6
product,PRD-07,Noise-Cancelling Headphones Pro,Electronics,4500.0,4620.0,6340.0,1.372,150,46,0.307,0.693,25,1,Regular,1.0,Festival,1.4,Impulse Buyer,0.38,1.3,0.643,5.5,81.87,5
product,PRD-08,Ergonomic Mesh Office Chair,Furniture,8900.0,9300.0,13560.0,1.458,60,31,0.517,0.483,10,0,Festive Sale,1.4,Major Event,1.5,Impulse Buyer,0.36,3.2,0.658,6.5,84.34,6
product,PRD-01,Ergonomic Mesh Office Chair,Furniture,8900.0,8780.0,11120.0,1.267,60,24,0.4,0.6,6,1,Regular,1.0,Flash Deal,1.35,Prime Member,0.66,9.4,0.66,7.5,87.22,7
product,PRD-02,Noise-Cancelling Headphones Pro,Electronics,4500.0,4500.0,4480.0,0.996,150,62,0.413,0.587,12,0,Regular,1.0,Normal Day,1.0,Bargain Hunter,1.56,0.5,0.386,4.5,48.25,2
product,PRD-03,Pro Gaming Mechanical Keyboard,Gaming,5200.0,5150.0,7990.0,1.551,80,10,0.125,0.875,22,0,Festive Sale,1.4,Festival,1.4,Loyal Customer,0.57,1.9,0.702,7.5,93.56,10
product,PRD-04,Organic Fairtrade Coffee 1kg,Grocery,1200.0,1200.0,1340.0,1.117,300,195,0.65,0.35,30,0,Regular,1.0,Weekend,1.1,Prime Member,0.67,3.9,0.47,5.5,54.99,7
product,PRD-05,Premium Running Shoes,Apparel,3900.0,4010.0,5780.0,1.441,110,16,0.145,0.855,21,0,Festive Sale,1.4,Major Event,1.5,Bargain Hunter,1.66,2.3,0.6,7.5,85.58,10
product,PRD-06,Ergonomic Mesh Office Chair,Furniture,8900.0,8660.0,8820.0,1.018,60,39,0.65,0.35,33,0,Summer Off-peak,0.85,Normal Day,1.0,Prime Member,0.7,1.6,0.339,1.5,32.98,1
product,PRD-07,Pro Gaming Mechanical Keyboard,Gaming,5200.0,5430.0,5770.0,1.063,80,58,0.725,0.275,13,0,Regular,1.0,Weekend,1.1,Loyal Customer,0.49,4.1,0.456,2.5,51.12,1
product,PRD-08,Ultra HD 4K Monitor 27-inch,Electronics,18500.0,19110.0,17720.0,0.927,45,39,0.867,0.133,41,0,Summer Off-peak,0.85,Normal Day,1.0,Prime Member,0.71,3.4,0.336,4.5,32.61,1
product,PRD-01,Pro Gaming Mechanical Keyboard,Gaming,5200.0,5310.0,8650.0,1.629,80,24,0.3,0.7,15,0,Year End,1.3,Major Event,1.5,Prime Member,0.65,4.8,0.695,7.5,93.07,11
product,PRD-02,Noise-Cancelling Headphones Pro,Electronics,4500.0,4770.0,4750.0,0.996,150,117,0.78,0.22,26,0,Regular,1.0,Normal Day,1.0,Prime Member,0.75,2.6,0.386,2.5,41.48,3
product,PRD-03,Noise-Cancelling Headphones Pro,Electronics,4500.0,4510.0,5240.0,1.162,150,124,0.827,0.173,28,0,Regular,1.0,Weekend,1.1,Impulse Buyer,0.39,0.4,0.415,3.5,43.23,2
product,PRD-04,Ergonomic Mesh Office Chair,Furniture,8900.0,8740.0,12070.0,1.381,60,32,0.533,0.467,16,1,Festive Sale,1.4,Flash Deal,1.35,Impulse Buyer,0.49,0.8,0.683,8.5,89.67,10
product,PRD-05,Pro Gaming Mechanical Keyboard,Gaming,5200.0,5390.0,6140.0,1.139,80,53,0.662,0.338,14,0,Summer Off-peak,0.85,Weekend,1.1,Loyal Customer,0.51,4.0,0.483,2.5,55.77,3
product,PRD-06,Pro Gaming Mechanical Keyboard,Gaming,5200.0,5520.0,5580.0,1.011,80,55,0.688,0.312,5,0,Regular,1.0,Normal Day,1.0,Bargain Hunter,1.55,1.0,0.344,4.5,41.04,5
product,PRD-07,Organic Fairtrade Coffee 1kg,Grocery,1200.0,1190.0,1580.0,1.328,300,193,0.643,0.357,40,1,Regular,1.0,Flash Deal,1.35,Bargain Hunter,1.66,2.7,0.471,3.5,63.57,3
product,PRD-08,Noise-Cancelling Headphones Pro,Electronics,4500.0,4580.0,6660.0,1.454,150,88,0.587,0.413,38,0,Year End,1.3,Major Event,1.5,Bargain Hunter,1.54,0.7,0.541,6.5,74.47,9
product,PRD-01,Premium Running Shoes,Apparel,3900.0,3850.0,4120.0,1.07,110,41,0.373,0.627,5,0,Regular,1.0,Normal Day,1.0,Bargain Hunter,1.64,0.2,0.395,7.5,50.47,7
product,PRD-02,Pro Gaming Mechanical Keyboard,Gaming,5200.0,5170.0,5390.0,1.043,80,30,0.375,0.625,41,0,Regular,1.0,Normal Day,1.0,Impulse Buyer,0.49,2.3,0.47,1.5,53.55,2
product,PRD-03,Hydro Stainless Thermal Flask,Home & Kitchen,1100.0,1110.0,1720.0,1.55,250,105,0.42,0.58,2,0,Year End,1.3,Major Event,1.5,Bargain Hunter,1.59,1.6,0.535,4.5,73.82,5
product,PRD-04,Smart Fitness Tracker Band,Wearables,2800.0,2690.0,3590.0,1.335,200,120,0.6,0.4,16,1,Year End,1.3,Flash Deal,1.35,Bargain Hunter,1.52,0.5,0.614,8.5,86.78,10
product,PRD-05,Hydro Stainless Thermal Flask,Home & Kitchen,1100.0,1080.0,1700.0,1.574,250,131,0.524,0.476,9,0,Year End,1.3,Festival,1.4,Prime Member,0.78,3.7,0.705,9.5,95.96,13
product,PRD-06,Ergonomic Mesh Office Chair,Furniture,8900.0,9090.0,10380.0,1.142,60,7,0.117,0.883,11,1,Regular,1.0,Flash Deal,1.35,Loyal Customer,0.54,8.0,0.648,6.5,84.11,5
product,PRD-07,Ultra HD 4K Monitor 27-inch,Electronics,18500.0,18060.0,24370.0,1.349,45,32,0.711,0.289,13,1,Regular,1.0,Flash Deal,1.35,Loyal Customer,0.53,6.8,0.621,3.5,79.46,3
product,PRD-08,Ergonomic Mesh Office Chair,Furniture,8900.0,8620.0,10380.0,1.204,60,42,0.7,0.3,32,0,Regular,1.0,Weekend,1.1,Prime Member,0.65,9.3,0.488,2.5,57.95,2
product,PRD-01,Organic Fairtrade Coffee 1kg,Grocery,1200.0,1160.0,1520.0,1.31,300,72,0.24,0.76,15,1,Year End,1.3,Flash Deal,1.35,Bargain Hunter,1.52,0.5,0.587,6.5,82.04,9
product,PRD-02,Hydro Stainless Thermal Flask,Home & Kitchen,1100.0,1130.0,1750.0,1.549,250,71,0.284,0.716,2,0,Festive Sale,1.4,Festival,1.4,Impulse Buyer,0.44,1.7,0.676,5.5,88.03,7
product,PRD-03,Hydro Stainless Thermal Flask,Home & Kitchen,1100.0,1140.0,1440.0,1.263,250,164,0.656,0.344,25,1,Regular,1.0,Flash Deal,1.35,Prime Member,0.67,1.2,0.538,6.5,66.61,6
product,PRD-04,Hydro Stainless Thermal Flask,Home & Kitchen,1100.0,1100.0,1470.0,1.336,250,174,0.696,0.304,19,1,Festive Sale,1.4,Flash Deal,1.35,Loyal Customer,0.51,10.1,0.63,3.5,80.88,6
product,PRD-05,Ultra HD 4K Monitor 27-inch,Electronics,18500.0,18900.0,27420.0,1.451,45,29,0.644,0.356,13,0,Year End,1.3,Major Event,1.5,Impulse Buyer,0.45,0.6,0.591,5.5,73.75,7
product,PRD-06,Hydro Stainless Thermal Flask,Home & Kitchen,1100.0,1120.0,1710.0,1.527,250,39,0.156,0.844,15,0,Year End,1.3,Major Event,1.5,Prime Member,0.68,10.1,0.673,5.5,89.58,5
product,PRD-07,Ergonomic Mesh Office Chair,Furniture,8900.0,9360.0,9500.0,1.015,60,29,0.483,0.517,25,0,Summer Off-peak,0.85,Normal Day,1.0,Loyal Customer,0.52,9.8,0.402,1.5,42.23,1
product,PRD-08,Pro Gaming Mechanical Keyboard,Gaming,5200.0,5340.0,6040.0,1.131,80,12,0.15,0.85,32,0,Summer Off-peak,0.85,Weekend,1.1,Loyal Customer,0.43,5.0,0.477,2.5,54.14,5
product,PRD-01,Hydro Stainless Thermal Flask,Home & Kitchen,1100.0,1090.0,1730.0,1.587,250,221,0.884,0.116,7,0,Festive Sale,1.4,Festival,1.4,Loyal Customer,0.49,2.3,0.648,9.5,83.72,11
product,PRD-02,Smart Fitness Tracker Band,Wearables,2800.0,2940.0,2930.0,0.997,200,180,0.9,0.1,43,0,Regular,1.0,Normal Day,1.0,Bargain Hunter,1.59,1.1,0.326,3.5,38.29,2
product,PRD-03,Ultra HD 4K Monitor 27-inch,Electronics,18500.0,18860.0,21550.0,1.143,45,18,0.4,0.6,13,0,Regular,1.0,Weekend,1.1,Bargain Hunter,1.62,4.0,0.41,5.5,52.82,3
product,PRD-04,Noise-Cancelling Headphones Pro,Electronics,4500.0,4370.0,4500.0,1.03,150,115,0.767,0.233,28,0,Regular,1.0,Normal Day,1.0,Loyal Customer,0.54,2.4,0.388,1.5,39.87,1
product,PRD-05,Ergonomic Mesh Office Chair,Furniture,8900.0,9120.0,12710.0,1.394,60,36,0.6,0.4,32,0,Year End,1.3,Festival,1.4,Prime Member,0.63,5.5,0.616,3.5,79.49,3
product,PRD-06,Smart Fitness Tracker Band,Wearables,2800.0,2790.0,4110.0,1.473,200,21,0.105,0.895,30,0,Festive Sale,1.4,Festival,1.4,Prime Member,0.68,6.0,0.634,4.5,82.88,6
product,PRD-07,Noise-Cancelling Headphones Pro,Electronics,4500.0,4210.0,4790.0,1.138,150,42,0.28,0.72,35,0,Regular,1.0,Normal Day,1.0,Loyal Customer,0.56,11.3,0.515,1.5,61.7,0
product,PRD-08,Ultra HD 4K Monitor 27-inch,Electronics,18500.0,19080.0,23670.0,1.241,45,19,0.422,0.578,9,1,Summer Off-peak,0.85,Flash Deal,1.35,Loyal Customer,0.54,4.9,0.589,6.5,74.04,10
product,PRD-01,Premium Running Shoes,Apparel,3900.0,3730.0,5360.0,1.437,110,79,0.718,0.282,6,1,Year End,1.3,Festival,1.4,Loyal Customer,0.49,1.1,0.628,4.5,80.31,6
product,PRD-02,Pro Gaming Mechanical Keyboard,Gaming,5200.0,5000.0,9150.0,1.83,80,54,0.675,0.325,32,0,Festive Sale,1.4,Major Event,1.5,Prime Member,0.78,2.4,0.665,6.5,89.09,7
product,PRD-03,Premium Running Shoes,Apparel,3900.0,3930.0,4260.0,1.084,110,82,0.745,0.255,7,0,Regular,1.0,Weekend,1.1,Prime Member,0.76,2.2,0.421,2.5,47.47,3
product,PRD-04,Premium Running Shoes,Apparel,3900.0,3990.0,4230.0,1.06,110,88,0.8,0.2,25,0,Regular,1.0,Normal Day,1.0,Prime Member,0.65,5.5,0.49,4.5,58.29,5
product,PRD-05,Premium Running Shoes,Apparel,3900.0,3820.0,4090.0,1.071,110,41,0.373,0.627,4,0,Regular,1.0,Normal Day,1.0,Prime Member,0.71,7.1,0.487,5.5,58.26,4
product,PRD-06,Premium Running Shoes,Apparel,3900.0,4070.0,5440.0,1.337,110,80,0.727,0.273,31,1,Summer Off-peak,0.85,Festival,1.4,Bargain Hunter,1.58,3.6,0.534,10.5,73.55,7
product,PRD-07,Ultra HD 4K Monitor 27-inch,Electronics,18500.0,18020.0,20060.0,1.113,45,25,0.556,0.444,12,0,Regular,1.0,Weekend,1.1,Prime Member,0.73,6.2,0.5,4.5,60.62,2
product,PRD-08,Smart Fitness Tracker Band,Wearables,2800.0,2820.0,2910.0,1.032,200,15,0.075,0.925,44,0,Regular,1.0,Normal Day,1.0,Prime Member,0.74,4.3,0.459,3.5,53.65,5
product,PRD-01,Ultra HD 4K Monitor 27-inch,Electronics,18500.0,18120.0,23690.0,1.307,45,19,0.422,0.578,11,0,Year End,1.3,Festival,1.4,Prime Member,0.73,4.8,0.687,12.5,92.47,15
product,PRD-02,Ultra HD 4K Monitor 27-inch,Electronics,18500.0,18460.0,26490.0,1.435,45,32,0.711,0.289,6,0,Festive Sale,1.4,Major Event,1.5,Prime Member,0.73,5.9,0.61,8.5,79.36,10
product,PRD-03,Ergonomic Mesh Office Chair,Furniture,8900.0,9070.0,13920.0,1.535,60,52,0.867,0.133,39,0,Year End,1.3,Major Event,1.5,Prime Member,0.69,4.1,0.656,6.5,86.78,11
product,PRD-04,Pro Gaming Mechanical Keyboard,Gaming,5200.0,5220.0,7750.0,1.485,80,45,0.562,0.438,18,0,Year End,1.3,Festival,1.4,Impulse Buyer,0.41,0.6,0.64,7.5,81.73,9
product,PRD-05,Hydro Stainless Thermal Flask,Home & Kitchen,1100.0,1110.0,1810.0,1.631,250,63,0.252,0.748,14,0,Year End,1.3,Major Event,1.5,Prime Member,0.71,5.4,0.666,3.5,88.6,4
product,PRD-06,Organic Fairtrade Coffee 1kg,Grocery,1200.0,1190.0,1710.0,1.437,300,113,0.377,0.623,21,0,Festive Sale,1.4,Festival,1.4,Prime Member,0.78,8.8,0.612,4.5,80.08,4
product,PRD-07,Pro Gaming Mechanical Keyboard,Gaming,5200.0,5030.0,7030.0,1.398,80,52,0.65,0.35,36,1,Festive Sale,1.4,Festival,1.4,Impulse Buyer,0.41,0.5,0.735,12.5,97.88,23
product,PRD-08,Pro Gaming Mechanical Keyboard,Gaming,5200.0,4910.0,6920.0,1.409,80,20,0.25,0.75,1,1,Regular,1.0,Flash Deal,1.35,Loyal Customer,0.56,6.6,0.673,5.5,88.53,8
product,PRD-01,Smart Fitness Tracker Band,Wearables,2800.0,2820.0,2940.0,1.043,200,68,0.34,0.66,44,0,Summer Off-peak,0.85,Normal Day,1.0,Bargain Hunter,1.71,0.8,0.353,3.5,44.03,3
product,PRD-02,Noise-Cancelling Headphones Pro,Electronics,4500.0,4540.0,4840.0,1.066,150,15,0.1,0.9,19,0,Regular,1.0,Normal Day,1.0,Impulse Buyer,0.47,0.0,0.454,0.5,50.49,1
product,PRD-03,Premium Running Shoes,Apparel,3900.0,3900.0,4820.0,1.236,110,43,0.391,0.609,8,1,Regular,1.0,Festival,1.4,Bargain Hunter,1.6,1.2,0.558,11.5,77.84,10
product,PRD-04,Ultra HD 4K Monitor 27-inch,Electronics,18500.0,18930.0,20460.0,1.081,45,15,0.333,0.667,21,0,Regular,1.0,Weekend,1.1,Impulse Buyer,0.38,0.3,0.468,2.5,52.22,3
product,PRD-05,Smart Fitness Tracker Band,Wearables,2800.0,2910.0,3980.0,1.368,200,176,0.88,0.12,22,0,Year End,1.3,Festival,1.4,Impulse Buyer,0.39,1.8,0.575,7.5,70.43,10
product,PRD-06,Noise-Cancelling Headphones Pro,Electronics,4500.0,4500.0,6640.0,1.476,150,40,0.267,0.733,15,0,Year End,1.3,Major Event,1.5,Loyal Customer,0.5,8.8,0.672,7.5,87.9,7
product,PRD-07,Smart Fitness Tracker Band,Wearables,2800.0,2710.0,3290.0,1.214,200,176,0.88,0.12,30,0,Regular,1.0,Weekend,1.1,Prime Member,0.64,1.0,0.409,3.5,44.43,6
product,PRD-08,Noise-Cancelling Headphones Pro,Electronics,4500.0,4630.0,4730.0,1.022,150,141,0.94,0.06,38,0,Regular,1.0,Normal Day,1.0,Prime Member,0.69,7.5,0.378,1.5,39.59,1
product,PRD-01,Organic Fairtrade Coffee 1kg,Grocery,1200.0,1190.0,1510.0,1.269,300,183,0.61,0.39,33,1,Year End,1.3,Flash Deal,1.35,Prime Member,0.65,5.1,0.679,10.5,90.34,14
product,PRD-02,Premium Running Shoes,Apparel,3900.0,3970.0,4830.0,1.217,110,76,0.691,0.309,17,1,Festive Sale,1.4,Flash Deal,1.35,Bargain Hunter,1.53,0.6,0.487,5.5,65.28,4
product,PRD-03,Organic Fairtrade Coffee 1kg,Grocery,1200.0,1160.0,1550.0,1.336,300,252,0.84,0.16,27,1,Regular,1.0,Festival,1.4,Bargain Hunter,1.63,4.7,0.492,5.5,66.95,6
product,PRD-04,Premium Running Shoes,Apparel,3900.0,4040.0,4010.0,0.993,110,88,0.8,0.2,40,0,Regular,1.0,Normal Day,1.0,Bargain Hunter,1.62,1.3,0.326,3.5,38.58,2
product,PRD-05,Noise-Cancelling Headphones Pro,Electronics,4500.0,4440.0,5370.0,1.209,150,48,0.32,0.68,40,0,Summer Off-peak,0.85,Weekend,1.1,Prime Member,0.66,6.5,0.485,2.5,57.48,2
product,PRD-06,Organic Fairtrade Coffee 1kg,Grocery,1200.0,1160.0,1540.0,1.328,300,169,0.563,0.437,23,1,Year End,1.3,Flash Deal,1.35,Bargain Hunter,1.57,0.2,0.649,8.5,93.08,9
product,PRD-07,Smart Fitness Tracker Band,Wearables,2800.0,2650.0,3620.0,1.366,200,111,0.555,0.445,12,1,Summer Off-peak,0.85,Flash Deal,1.35,Impulse Buyer,0.46,2.0,0.606,6.5,76.39,6
product,PRD-08,Smart Fitness Tracker Band,Wearables,2800.0,2800.0,3740.0,1.336,200,104,0.52,0.48,13,0,Festive Sale,1.4,Festival,1.4,Impulse Buyer,0.44,0.3,0.58,4.5,71.71,8
product,PRD-01,Premium Running Shoes,Apparel,3900.0,3900.0,5980.0,1.533,110,28,0.255,0.745,24,0,Year End,1.3,Major Event,1.5,Impulse Buyer,0.34,0.6,0.665,7.5,85.35,10
product,PRD-02,Hydro Stainless Thermal Flask,Home & Kitchen,1100.0,1060.0,1260.0,1.189,250,195,0.78,0.22,27,0,Summer Off-peak,0.85,Weekend,1.1,Impulse Buyer,0.39,0.5,0.39,1.5,38.93,1
product,PRD-03,Pro Gaming Mechanical Keyboard,Gaming,5200.0,5280.0,5410.0,1.025,80,34,0.425,0.575,19,0,Regular,1.0,Normal Day,1.0,Prime Member,0.76,5.3,0.477,2.5,56.88,4
product,PRD-04,Smart Fitness Tracker Band,Wearables,2800.0,2820.0,3780.0,1.34,200,116,0.58,0.42,26,1,Year End,1.3,Festival,1.4,Impulse Buyer,0.43,0.2,0.635,4.5,81.09,8
product,PRD-05,Organic Fairtrade Coffee 1kg,Grocery,1200.0,1220.0,1510.0,1.238,300,240,0.8,0.2,12,1,Summer Off-peak,0.85,Flash Deal,1.35,Bargain Hunter,1.56,0.7,0.408,2.5,51.94,1
product,PRD-06,Pro Gaming Mechanical Keyboard,Gaming,5200.0,5280.0,5400.0,1.023,80,55,0.688,0.312,25,0,Regular,1.0,Normal Day,1.0,Impulse Buyer,0.37,4.5,0.429,3.5,45.51,1
product,PRD-07,Hydro Stainless Thermal Flask,Home & Kitchen,1100.0,1140.0,1120.0,0.982,250,192,0.768,0.232,26,0,Regular,1.0,Normal Day,1.0,Prime Member,0.63,2.2,0.441,4.5,49.77,4
product,PRD-08,Organic Fairtrade Coffee 1kg,Grocery,1200.0,1250.0,1150.0,0.92,300,100,0.333,0.667,37,0,Regular,1.0,Normal Day,1.0,Bargain Hunter,1.53,2.6,0.382,5.5,47.27,6
product,PRD-01,Pro Gaming Mechanical Keyboard,Gaming,5200.0,5460.0,5050.0,0.925,80,20,0.25,0.75,35,0,Regular,1.0,Normal Day,1.0,Prime Member,0.72,4.1,0.454,2.5,52.69,2
product,PRD-02,Ergonomic Mesh Office Chair,Furniture,8900.0,8870.0,9050.0,1.02,60,54,0.9,0.1,42,0,Regular,1.0,Normal Day,1.0,Bargain Hunter,1.61,0.8,0.299,5.5,33.9,2
product,PRD-03,Hydro Stainless Thermal Flask,Home & Kitchen,1100.0,1120.0,1450.0,1.295,250,153,0.612,0.388,15,1,Summer Off-peak,0.85,Flash Deal,1.35,Bargain Hunter,1.58,0.8,0.442,3.5,57.9,4
product,PRD-04,Hydro Stainless Thermal Flask,Home & Kitchen,1100.0,1110.0,1440.0,1.297,250,211,0.844,0.156,42,1,Regular,1.0,Festival,1.4,Bargain Hunter,1.56,1.2,0.583,11.5,81.8,14
product,PRD-05,Organic Fairtrade Coffee 1kg,Grocery,1200.0,1210.0,1900.0,1.57,300,20,0.067,0.933,9,0,Year End,1.3,Major Event,1.5,Bargain Hunter,1.61,2.7,0.582,5.5,81.98,7
product,PRD-06,Ergonomic Mesh Office Chair,Furniture,8900.0,9220.0,9230.0,1.001,60,29,0.483,0.517,8,0,Regular,1.0,Normal Day,1.0,Prime Member,0.66,1.3,0.419,3.5,46.16,3
product,PRD-07,Ultra HD 4K Monitor 27-inch,Electronics,18500.0,18750.0,19920.0,1.062,45,36,0.8,0.2,1,0,Regular,1.0,Weekend,1.1,Bargain Hunter,1.57,3.1,0.315,3.5,36.35,1
product,PRD-08,Ultra HD 4K Monitor 27-inch,Electronics,18500.0,17250.0,22200.0,1.287,45,44,0.978,0.022,26,1,Regular,1.0,Flash Deal,1.35,Impulse Buyer,0.39,1.3,0.537,2.5,64.03,3
product,PRD-01,Smart Fitness Tracker Band,Wearables,2800.0,2690.0,3000.0,1.115,200,38,0.19,0.81,3,0,Regular,1.0,Weekend,1.1,Prime Member,0.65,5.5,0.559,6.5,69.9,8
product,PRD-02,Ergonomic Mesh Office Chair,Furniture,8900.0,8830.0,9200.0,1.042,60,35,0.583,0.417,7,0,Regular,1.0,Normal Day,1.0,Prime Member,0.8,9.4,0.468,8.5,55.69,5
product,PRD-03,Hydro Stainless Thermal Flask,Home & Kitchen,1100.0,1090.0,1110.0,1.018,250,172,0.688,0.312,35,0,Summer Off-peak,0.85,Normal Day,1.0,Prime Member,0.64,7.3,0.412,3.5,44.82,1
product,PRD-04,Pro Gaming Mechanical Keyboard,Gaming,5200.0,5310.0,7310.0,1.377,80,39,0.487,0.512,29,0,Year End,1.3,Festival,1.4,Impulse Buyer,0.5,1.1,0.64,5.5,82.52,5
product,PRD-05,Hydro Stainless Thermal Flask,Home & Kitchen,1100.0,1120.0,1600.0,1.429,250,109,0.436,0.564,8,0,Year End,1.3,Major Event,1.5,Prime Member,0.7,3.7,0.564,3.5,71.15,4
product,PRD-06,Hydro Stainless Thermal Flask,Home & Kitchen,1100.0,1140.0,1190.0,1.044,250,20,0.08,0.92,16,0,Summer Off-peak,0.85,Normal Day,1.0,Prime Member,0.71,0.7,0.432,3.5,48.86,3
product,PRD-07,Smart Fitness Tracker Band,Wearables,2800.0,2680.0,2860.0,1.067,200,59,0.295,0.705,18,0,Summer Off-peak,0.85,Weekend,1.1,Prime Member,0.73,1.5,0.439,4.5,50.16,5
product,PRD-08,Smart Fitness Tracker Band,Wearables,2800.0,2880.0,3520.0,1.222,200,89,0.445,0.555,13,1,Year End,1.3,Flash Deal,1.35,Prime Member,0.61,2.6,0.657,8.5,86.29,11
product,PRD-01,Hydro Stainless Thermal Flask,Home & Kitchen,1100.0,1100.0,1040.0,0.945,250,154,0.616,0.384,1,0,Regular,1.0,Normal Day,1.0,Prime Member,0.72,7.7,0.502,4.5,60.8,5
product,PRD-02,Noise-Cancelling Headphones Pro,Electronics,4500.0,4270.0,5640.0,1.321,150,87,0.58,0.42,15,1,Year End,1.3,Flash Deal,1.35,Prime Member,0.73,3.7,0.589,3.5,75.71,4
product,PRD-03,Ultra HD 4K Monitor 27-inch,Electronics,18500.0,18580.0,24130.0,1.299,45,26,0.578,0.422,31,1,Regular,1.0,Flash Deal,1.35,Prime Member,0.76,9.5,0.613,3.5,80.12,5
product,PRD-04,Organic Fairtrade Coffee 1kg,Grocery,1200.0,1180.0,1340.0,1.136,300,278,0.927,0.073,19,0,Regular,1.0,Weekend,1.1,Loyal Customer,0.44,3.6,0.462,3.5,51.63,4
product,PRD-05,Smart Fitness Tracker Band,Wearables,2800.0,2900.0,3390.0,1.169,200,134,0.67,0.33,42,1,Summer Off-peak,0.85,Festival,1.4,Bargain Hunter,1.48,0.6,0.473,8.5,62.39,8
product,PRD-06,Organic Fairtrade Coffee 1kg,Grocery,1200.0,1260.0,1630.0,1.294,300,116,0.387,0.613,27,0,Festive Sale,1.4,Festival,1.4,Loyal Customer,0.56,4.9,0.657,11.5,85.83,14
product,PRD-07,Pro Gaming Mechanical Keyboard,Gaming,5200.0,5200.0,5540.0,1.065,80,54,0.675,0.325,14,0,Regular,1.0,Normal Day,1.0,Impulse Buyer,0.44,0.7,0.465,2.5,52.19,2
product,PRD-08,Pro Gaming Mechanical Keyboard,Gaming,5200.0,5020.0,7460.0,1.486,80,55,0.688,0.312,40,0,Festive Sale,1.4,Festival,1.4,Prime Member,0.74,4.6,0.552,3.5,69.53,2
product,PRD-01,Ultra HD 4K Monitor 27-inch,Electronics,18500.0,17540.0,21520.0,1.227,45,36,0.8,0.2,1,0,Summer Off-peak,0.85,Weekend,1.1,Bargain Hunter,1.64,0.4,0.351,5.5,43.04,3
product,PRD-02,Premium Running Shoes,Apparel,3900.0,4080.0,3870.0,0.949,110,74,0.673,0.327,2,0,Regular,1.0,Weekend,1.1,Impulse Buyer,0.42,1.7,0.416,2.5,43.76,2
product,PRD-03,Premium Running Shoes,Apparel,3900.0,3790.0,3980.0,1.05,110,8,0.073,0.927,19,0,Summer Off-peak,0.85,Normal Day,1.0,Impulse Buyer,0.34,0.0,0.49,5.5,55.52,6
product,PRD-04,Hydro Stainless Thermal Flask,Home & Kitchen,1100.0,1150.0,1270.0,1.104,250,223,0.892,0.108,12,0,Regular,1.0,Weekend,1.1,Bargain Hunter,1.63,0.0,0.336,3.5,40.34,3
product,PRD-05,Pro Gaming Mechanical Keyboard,Gaming,5200.0,5010.0,5150.0,1.028,80,18,0.225,0.775,34,0,Regular,1.0,Normal Day,1.0,Impulse Buyer,0.5,0.1,0.47,2.5,53.5,1
product,PRD-06,Noise-Cancelling Headphones Pro,Electronics,4500.0,4540.0,4770.0,1.051,150,37,0.247,0.753,21,0,Regular,1.0,Normal Day,1.0,Bargain Hunter,1.56,0.6,0.375,1.5,46.36,2
product,PRD-07,Hydro Stainless Thermal Flask,Home & Kitchen,1100.0,1110.0,1590.0,1.432,250,153,0.612,0.388,4,0,Festive Sale,1.4,Festival,1.4,Prime Member,0.75,9.9,0.642,7.5,84.9,4
product,PRD-08,Organic Fairtrade Coffee 1kg,Grocery,1200.0,1140.0,1270.0,1.114,300,146,0.487,0.513,40,0,Regular,1.0,Weekend,1.1,Loyal Customer,0.48,21.6,0.505,3.5,59.25,4
product,PRD-01,Premium Running Shoes,Apparel,3900.0,3590.0,3780.0,1.053,110,62,0.564,0.436,4,0,Summer Off-peak,0.85,Normal Day,1.0,Impulse Buyer,0.35,1.0,0.414,3.5,42.77,4
product,PRD-02,Pro Gaming Mechanical Keyboard,Gaming,5200.0,5180.0,7770.0,1.5,80,51,0.637,0.363,24,0,Festive Sale,1.4,Major Event,1.5,Prime Member,0.65,5.3,0.629,6.5,81.83,10
product,PRD-03,Organic Fairtrade Coffee 1kg,Grocery,1200.0,1180.0,1730.0,1.466,300,154,0.513,0.487,17,0,Festive Sale,1.4,Festival,1.4,Bargain Hunter,1.62,1.5,0.576,7.5,81.08,10
product,PRD-04,Ultra HD 4K Monitor 27-inch,Electronics,18500.0,17540.0,25410.0,1.449,45,32,0.711,0.289,20,0,Festive Sale,1.4,Festival,1.4,Loyal Customer,0.49,7.0,0.628,7.5,80.4,9
product,PRD-05,Ultra HD 4K Monitor 27-inch,Electronics,18500.0,17970.0,19210.0,1.069,45,22,0.489,0.511,7,0,Regular,1.0,Normal Day,1.0,Prime Member,0.71,5.9,0.454,3.5,52.66,4
product,PRD-06,Premium Running Shoes,Apparel,3900.0,3610.0,5580.0,1.546,110,69,0.627,0.373,25,1,Regular,1.0,Flash Deal,1.35,Loyal Customer,0.54,3.7,0.621,6.5,79.63,9
product,PRD-07,Ergonomic Mesh Office Chair,Furniture,8900.0,8580.0,12730.0,1.484,60,30,0.5,0.5,2,0,Year End,1.3,Festival,1.4,Prime Member,0.7,6.8,0.584,6.5,74.63,8
product,PRD-08,Hydro Stainless Thermal Flask,Home & Kitchen,1100.0,1080.0,1370.0,1.269,250,139,0.556,0.444,38,1,Summer Off-peak,0.85,Flash Deal,1.35,Impulse Buyer,0.44,0.2,0.534,2.5,63.9,1
product,PRD-01,Hydro Stainless Thermal Flask,Home & Kitchen,1100.0,1070.0,1300.0,1.215,250,117,0.468,0.532,24,1,Regular,1.0,Flash Deal,1.35,Prime Member,0.8,6.7,0.603,9.5,78.74,13
product,PRD-02,Ultra HD 4K Monitor 27-inch,Electronics,18500.0,16900.0,26190.0,1.55,45,28,0.622,0.378,17,0,Year End,1.3,Festival,1.4,Bargain Hunter,1.64,1.0,0.568,9.5,79.94,11
product,PRD-03,Pro Gaming Mechanical Keyboard,Gaming,5200.0,5390.0,6690.0,1.241,80,48,0.6,0.4,19,1,Regular,1.0,Flash Deal,1.35,Impulse Buyer,0.37,4.3,0.606,6.5,75.63,6
product,PRD-04,Noise-Cancelling Headphones Pro,Electronics,4500.0,4490.0,6240.0,1.39,150,96,0.64,0.36,2,0,Year End,1.3,Festival,1.4,Bargain Hunter,1.6,0.3,0.547,13.5,75.94,18
product,PRD-05,Noise-Cancelling Headphones Pro,Electronics,4500.0,4400.0,5230.0,1.189,150,92,0.613,0.387,33,0,Regular,1.0,Weekend,1.1,Prime Member,0.74,11.8,0.458,1.5,53.54,1
product,PRD-06,Hydro Stainless Thermal Flask,Home & Kitchen,1100.0,1110.0,1560.0,1.405,250,199,0.796,0.204,37,1,Summer Off-peak,0.85,Festival,1.4,Prime Member,0.71,3.0,0.592,9.5,75.99,11
product,PRD-07,Pro Gaming Mechanical Keyboard,Gaming,5200.0,5040.0,6650.0,1.319,80,48,0.6,0.4,29,1,Regular,1.0,Flash Deal,1.35,Prime Member,0.61,4.6,0.659,10.5,86.59,12
product,PRD-08,Noise-Cancelling Headphones Pro,Electronics,4500.0,4470.0,5770.0,1.291,150,75,0.5,0.5,13,0,Regular,1.0,Weekend,1.1,Impulse Buyer,0.32,3.5,0.493,1.5,55.96,2
product,PRD-01,Smart Fitness Tracker Band,Wearables,2800.0,2700.0,4010.0,1.485,200,113,0.565,0.435,7,0,Festive Sale,1.4,Festival,1.4,Loyal Customer,0.4,4.8,0.607,4.5,75.91,4
product,PRD-02,Ergonomic Mesh Office Chair,Furniture,8900.0,9280.0,14040.0,1.513,60,31,0.517,0.483,28,0,Year End,1.3,Major Event,1.5,Prime Member,0.76,3.7,0.564,2.5,71.66,2
product,PRD-03,Smart Fitness Tracker Band,Wearables,2800.0,2760.0,2620.0,0.949,200,87,0.435,0.565,36,0,Regular,1.0,Normal Day,1.0,Prime Member,0.69,2.5,0.426,2.5,47.66,3
product,PRD-04,Ultra HD 4K Monitor 27-inch,Electronics,18500.0,18190.0,19750.0,1.086,45,22,0.489,0.511,41,0,Regular,1.0,Normal Day,1.0,Impulse Buyer,0.35,0.7,0.425,1.5,44.68,1
product,PRD-05,Smart Fitness Tracker Band,Wearables,2800.0,2760.0,4140.0,1.5,200,170,0.85,0.15,34,0,Year End,1.3,Festival,1.4,Prime Member,0.62,5.1,0.691,12.5,92.06,16
product,PRD-06,Ultra HD 4K Monitor 27-inch,Electronics,18500.0,18320.0,26080.0,1.424,45,16,0.356,0.644,19,1,Regular,1.0,Festival,1.4,Impulse Buyer,0.47,0.9,0.679,9.5,88.78,13
product,PRD-07,Ultra HD 4K Monitor 27-inch,Electronics,18500.0,19020.0,18300.0,0.962,45,44,0.978,0.022,27,0,Regular,1.0,Normal Day,1.0,Bargain Hunter,1.61,2.7,0.322,2.5,37.8,2
product,PRD-08,Ultra HD 4K Monitor 27-inch,Electronics,18500.0,18090.0,26600.0,1.47,45,38,0.844,0.156,13,0,Festive Sale,1.4,Festival,1.4,Bargain Hunter,1.58,0.9,0.519,7.5,71.04,11
product,PRD-01,Pro Gaming Mechanical Keyboard,Gaming,5200.0,5370.0,5610.0,1.045,80,58,0.725,0.275,10,0,Summer Off-peak,0.85,Normal Day,1.0,Prime Member,0.69,7.0,0.402,3.5,43.65,3
product,PRD-02,Noise-Cancelling Headphones Pro,Electronics,4500.0,4350.0,5020.0,1.154,150,100,0.667,0.333,39,0,Regular,1.0,Weekend,1.1,Prime Member,0.69,3.8,0.43,2.5,48.44,2
product,PRD-03,Premium Running Shoes,Apparel,3900.0,3930.0,4250.0,1.081,110,22,0.2,0.8,27,0,Summer Off-peak,0.85,Weekend,1.1,Prime Member,0.63,4.4,0.48,8.5,56.42,11
product,PRD-04,Ergonomic Mesh Office Chair,Furniture,8900.0,9210.0,12210.0,1.326,60,35,0.583,0.417,23,1,Regular,1.0,Flash Deal,1.35,Prime Member,0.79,11.9,0.607,4.5,79.28,6
product,PRD-05,Smart Fitness Tracker Band,Wearables,2800.0,2830.0,3520.0,1.244,200,163,0.815,0.185,20,1,Regular,1.0,Festival,1.4,Impulse Buyer,0.42,0.6,0.555,4.5,67.24,3
product,PRD-06,Organic Fairtrade Coffee 1kg,Grocery,1200.0,1200.0,1890.0,1.575,300,291,0.97,0.03,5,0,Festive Sale,1.4,Major Event,1.5,Prime Member,0.63,9.0,0.634,5.5,82.54,8
product,PRD-07,Pro Gaming Mechanical Keyboard,Gaming,5200.0,4920.0,5430.0,1.104,80,55,0.688,0.312,37,0,Regular,1.0,Normal Day,1.0,Bargain Hunter,1.68,0.8,0.321,3.5,38.27,1
product,PRD-08,Ergonomic Mesh Office Chair,Furniture,8900.0,8730.0,11890.0,1.362,60,57,0.95,0.05,16,0,Festive Sale,1.4,Festival,1.4,Bargain Hunter,1.56,4.3,0.562,10.5,78.2,10
product,PRD-01,Smart Fitness Tracker Band,Wearables,2800.0,2700.0,4230.0,1.567,200,58,0.29,0.71,12,0,Festive Sale,1.4,Major Event,1.5,Bargain Hunter,1.53,2.1,0.601,2.5,84.53,1
product,PRD-02,Ultra HD 4K Monitor 27-inch,Electronics,18500.0,18710.0,18980.0,1.014,45,32,0.711,0.289,26,0,Regular,1.0,Normal Day,1.0,Loyal Customer,0.54,5.7,0.458,2.5,51.77,2
product,PRD-03,Hydro Stainless Thermal Flask,Home & Kitchen,1100.0,1120.0,1730.0,1.545,250,118,0.472,0.528,24,0,Year End,1.3,Major Event,1.5,Loyal Customer,0.54,3.6,0.644,4.5,83.51,8
product,PRD-04,Ergonomic Mesh Office Chair,Furniture,8900.0,8740.0,9840.0,1.126,60,32,0.533,0.467,7,0,Summer Off-peak,0.85,Weekend,1.1,Bargain Hunter,1.6,1.8,0.345,3.5,41.63,5
product,PRD-05,Ultra HD 4K Monitor 27-inch,Electronics,18500.0,17410.0,19930.0,1.145,45,26,0.578,0.422,13,0,Summer Off-peak,0.85,Weekend,1.1,Prime Member,0.66,3.5,0.417,2.5,45.92,3
product,PRD-06,Pro Gaming Mechanical Keyboard,Gaming,5200.0,5400.0,5730.0,1.061,80,49,0.613,0.387,16,0,Summer Off-peak,0.85,Weekend,1.1,Impulse Buyer,0.42,0.9,0.448,2.5,49.12,1
product,PRD-07,Smart Fitness Tracker Band,Wearables,2800.0,2650.0,4160.0,1.57,200,180,0.9,0.1,30,0,Festive Sale,1.4,Major Event,1.5,Bargain Hunter,1.62,0.3,0.549,4.5,76.49,6
product,PRD-08,Smart Fitness Tracker Band,Wearables,2800.0,2870.0,3250.0,1.132,200,65,0.325,0.675,10,1,Regular,1.0,Flash Deal,1.35,Prime Member,0.66,1.9,0.668,10.5,88.59,15
product,PRD-01,Hydro Stainless Thermal Flask,Home & Kitchen,1100.0,1110.0,1540.0,1.387,250,146,0.584,0.416,29,0,Year End,1.3,Festival,1.4,Loyal Customer,0.53,17.4,0.636,6.5,82.07,8
product,PRD-02,Premium Running Shoes,Apparel,3900.0,3690.0,5070.0,1.374,110,75,0.682,0.318,25,1,Festive Sale,1.4,Festival,1.4,Loyal Customer,0.44,4.6,0.631,6.5,80.4,7
product,PRD-03,Smart Fitness Tracker Band,Wearables,2800.0,2960.0,3030.0,1.024,200,182,0.91,0.09,7,0,Regular,1.0,Normal Day,1.0,Bargain Hunter,1.54,1.4,0.372,4.5,45.75,4
product,PRD-04,Hydro Stainless Thermal Flask,Home & Kitchen,1100.0,1100.0,1160.0,1.055,250,163,0.652,0.348,1,0,Regular,1.0,Normal Day,1.0,Loyal Customer,0.58,6.2,0.416,2.5,45.11,2
product,PRD-05,Hydro Stainless Thermal Flask,Home & Kitchen,1100.0,1170.0,1240.0,1.06,250,241,0.964,0.036,1,1,Regular,1.0,Flash Deal,1.35,Bargain Hunter,1.57,0.8,0.411,7.5,52.57,5
product,PRD-06,Noise-Cancelling Headphones Pro,Electronics,4500.0,4610.0,4600.0,0.998,150,73,0.487,0.513,6,0,Regular,1.0,Normal Day,1.0,Prime Member,0.64,6.6,0.461,4.5,53.22,4
product,PRD-07,Pro Gaming Mechanical Keyboard,Gaming,5200.0,5310.0,5730.0,1.079,80,59,0.738,0.262,14,0,Regular,1.0,Weekend,1.1,Bargain Hunter,1.58,0.6,0.349,1.5,42.13,2
product,PRD-08,Hydro Stainless Thermal Flask,Home & Kitchen,1100.0,1100.0,1390.0,1.264,250,107,0.428,0.572,7,1,Regular,1.0,Flash Deal,1.35,Impulse Buyer,0.37,0.6,0.603,4.5,75.06,6
product,PRD-01,Hydro Stainless Thermal Flask,Home & Kitchen,1100.0,1090.0,1130.0,1.037,250,162,0.648,0.352,26,0,Summer Off-peak,0.85,Normal Day,1.0,Bargain Hunter,1.6,0.7,0.284,1.5,31.32,1
product,PRD-02,Organic Fairtrade Coffee 1kg,Grocery,1200.0,1190.0,1300.0,1.092,300,231,0.77,0.23,20,0,Summer Off-peak,0.85,Weekend,1.1,Prime Member,0.63,6.5,0.43,2.5,47.9,2
product,PRD-03,Organic Fairtrade Coffee 1kg,Grocery,1200.0,1190.0,1750.0,1.471,300,249,0.83,0.17,35,0,Festive Sale,1.4,Festival,1.4,Prime Member,0.61,3.1,0.635,7.5,82.49,8
product,PRD-04,Pro Gaming Mechanical Keyboard,Gaming,5200.0,5080.0,5720.0,1.126,80,12,0.15,0.85,17,0,Regular,1.0,Weekend,1.1,Prime Member,0.75,1.1,0.464,1.5,54.65,2
product,PRD-05,Smart Fitness Tracker Band,Wearables,2800.0,2750.0,3010.0,1.095,200,130,0.65,0.35,16,0,Regular,1.0,Weekend,1.1,Bargain Hunter,1.56,0.7,0.386,2.5,48.32,0
product,PRD-06,Smart Fitness Tracker Band,Wearables,2800.0,2890.0,3610.0,1.249,200,62,0.31,0.69,26,1,Year End,1.3,Flash Deal,1.35,Bargain Hunter,1.6,0.0,0.59,12.5,83.3,16
product,PRD-07,Organic Fairtrade Coffee 1kg,Grocery,1200.0,1200.0,1650.0,1.375,300,143,0.477,0.523,38,0,Year End,1.3,Festival,1.4,Prime Member,0.6,13.1,0.627,2.5,81.02,4
product,PRD-08,Pro Gaming Mechanical Keyboard,Gaming,5200.0,5270.0,8410.0,1.596,80,48,0.6,0.4,28,0,Festive Sale,1.4,Major Event,1.5,Loyal Customer,0.47,2.2,0.709,9.5,93.97,16
product,PRD-01,Ultra HD 4K Monitor 27-inch,Electronics,18500.0,18760.0,17590.0,0.938,45,24,0.533,0.467,6,0,Regular,1.0,Normal Day,1.0,Bargain Hunter,1.58,0.9,0.262,2.5,27.33,3
product,PRD-02,Noise-Cancelling Headphones Pro,Electronics,4500.0,4780.0,6250.0,1.308,150,53,0.353,0.647,1,0,Year End,1.3,Festival,1.4,Bargain Hunter,1.53,0.9,0.548,7.5,75.63,6
product,PRD-03,Premium Running Shoes,Apparel,3900.0,3890.0,4160.0,1.069,110,84,0.764,0.236,1,0,Regular,1.0,Normal Day,1.0,Loyal Customer,0.52,1.5,0.417,4.5,44.77,3
product,PRD-04,Ergonomic Mesh Office Chair,Furniture,8900.0,8980.0,13320.0,1.483,60,11,0.183,0.817,23,0,Festive Sale,1.4,Major Event,1.5,Bargain Hunter,1.62,1.4,0.524,0.5,72.23,0
product,PRD-05,Noise-Cancelling Headphones Pro,Electronics,4500.0,4440.0,5230.0,1.178,150,88,0.587,0.413,19,0,Regular,1.0,Normal Day,1.0,Impulse Buyer,0.34,2.5,0.471,4.5,52.3,5
product,PRD-06,Smart Fitness Tracker Band,Wearables,2800.0,2890.0,2410.0,0.834,200,53,0.265,0.735,4,0,Regular,1.0,Normal Day,1.0,Impulse Buyer,0.37,3.3,0.475,2.5,53.34,2
product,PRD-07,Ultra HD 4K Monitor 27-inch,Electronics,18500.0,18070.0,26640.0,1.474,45,37,0.822,0.178,39,0,Festive Sale,1.4,Festival,1.4,Prime Member,0.63,3.5,0.567,5.5,71.21,7
product,PRD-08,Ergonomic Mesh Office Chair,Furniture,8900.0,8330.0,9940.0,1.193,60,30,0.5,0.5,33,0,Regular,1.0,Weekend,1.1,Bargain Hunter,1.59,2.2,0.466,6.5,62.12,3
product,PRD-01,Noise-Cancelling Headphones Pro,Electronics,4500.0,4430.0,5980.0,1.35,150,96,0.64,0.36,37,1,Festive Sale,1.4,Festival,1.4,Prime Member,0.63,1.1,0.629,5.5,81.67,4
product,PRD-02,Organic Fairtrade Coffee 1kg,Grocery,1200.0,1180.0,1360.0,1.153,300,97,0.323,0.677,9,0,Regular,1.0,Weekend,1.1,Impulse Buyer,0.44,2.0,0.504,2.5,58.76,2
product,PRD-03,Organic Fairtrade Coffee 1kg,Grocery,1200.0,1130.0,1260.0,1.115,300,198,0.66,0.34,16,0,Regular,1.0,Normal Day,1.0,Bargain Hunter,1.64,0.7,0.384,1.5,48.59,1
product,PRD-04,Hydro Stainless Thermal Flask,Home & Kitchen,1100.0,1100.0,1730.0,1.573,250,155,0.62,0.38,40,0,Festive Sale,1.4,Major Event,1.5,Prime Member,0.71,7.4,0.681,8.5,91.21,7
product,PRD-05,Ergonomic Mesh Office Chair,Furniture,8900.0,9030.0,9060.0,1.003,60,27,0.45,0.55,10,0,Regular,1.0,Normal Day,1.0,Bargain Hunter,1.6,1.1,0.342,2.5,41.16,0
product,PRD-06,Smart Fitness Tracker Band,Wearables,2800.0,2830.0,3240.0,1.145,200,12,0.06,0.94,28,0,Regular,1.0,Weekend,1.1,Prime Member,0.74,3.9,0.553,5.5,69.71,6
product,PRD-07,Ergonomic Mesh Office Chair,Furniture,8900.0,8690.0,12250.0,1.41,60,36,0.6,0.4,1,1,Summer Off-peak,0.85,Festival,1.4,Impulse Buyer,0.38,1.2,0.544,2.5,65.17,1
product,PRD-08,Ultra HD 4K Monitor 27-inch,Electronics,18500.0,18240.0,18870.0,1.035,45,8,0.178,0.822,41,0,Regular,1.0,Normal Day,1.0,Impulse Buyer,0.39,0.3,0.446,5.5,48.53,5
product,PRD-01,Hydro Stainless Thermal Flask,Home & Kitchen,1100.0,1070.0,1590.0,1.486,250,205,0.82,0.18,26,1,Year End,1.3,Flash Deal,1.35,Prime Member,0.73,9.7,0.618,6.5,80.61,7
product,PRD-02,Ultra HD 4K Monitor 27-inch,Electronics,18500.0,17550.0,18180.0,1.036,45,36,0.8,0.2,3,0,Regular,1.0,Normal Day,1.0,Loyal Customer,0.55,8.3,0.464,3.5,52.88,3
product,PRD-03,Premium Running Shoes,Apparel,3900.0,3740.0,4120.0,1.102,110,64,0.582,0.418,19,0,Regular,1.0,Normal Day,1.0,Bargain Hunter,1.53,0.8,0.351,4.5,42.12,4
product,PRD-04,Pro Gaming Mechanical Keyboard,Gaming,5200.0,5090.0,5410.0,1.063,80,48,0.6,0.4,20,0,Summer Off-peak,0.85,Normal Day,1.0,Impulse Buyer,0.39,0.5,0.465,4.5,51.77,4
product,PRD-05,Pro Gaming Mechanical Keyboard,Gaming,5200.0,5040.0,5490.0,1.089,80,49,0.613,0.387,39,0,Regular,1.0,Normal Day,1.0,Loyal Customer,0.46,9.9,0.487,2.5,56.09,4
product,PRD-06,Pro Gaming Mechanical Keyboard,Gaming,5200.0,5030.0,4850.0,0.964,80,17,0.212,0.787,10,0,Regular,1.0,Normal Day,1.0,Prime Member,0.68,6.0,0.428,2.5,47.94,4
product,PRD-07,Ergonomic Mesh Office Chair,Furniture,8900.0,9220.0,12500.0,1.356,60,47,0.783,0.217,12,0,Year End,1.3,Major Event,1.5,Impulse Buyer,0.33,0.1,0.613,9.5,76.41,14
product,PRD-08,Pro Gaming Mechanical Keyboard,Gaming,5200.0,5060.0,6050.0,1.196,80,31,0.388,0.613,43,1,Festive Sale,1.4,Flash Deal,1.35,Bargain Hunter,1.59,0.1,0.557,7.5,77.58,10
product,PRD-01,Ergonomic Mesh Office Chair,Furniture,8900.0,8980.0,13730.0,1.529,60,48,0.8,0.2,7,0,Festive Sale,1.4,Major Event,1.5,Impulse Buyer,0.37,0.6,0.638,5.5,80.94,7
product,PRD-02,Premium Running Shoes,Apparel,3900.0,3970.0,5010.0,1.262,110,97,0.882,0.118,20,0,Regular,1.0,Weekend,1.1,Impulse Buyer,0.41,3.0,0.556,7.5,67.34,5
product,PRD-03,Premium Running Shoes,Apparel,3900.0,3680.0,4170.0,1.133,110,71,0.645,0.355,31,0,Regular,1.0,Normal Day,1.0,Prime Member,0.74,2.8,0.427,3.5,48.28,4
product,PRD-04,Organic Fairtrade Coffee 1kg,Grocery,1200.0,1240.0,1370.0,1.105,300,168,0.56,0.44,26,0,Regular,1.0,Weekend,1.1,Bargain Hunter,1.56,0.5,0.435,7.5,56.65,4
product,PRD-05,Hydro Stainless Thermal Flask,Home & Kitchen,1100.0,1070.0,1160.0,1.084,250,178,0.712,0.288,44,0,Summer Off-peak,0.85,Normal Day,1.0,Bargain Hunter,1.56,0.1,0.346,3.5,41.54,4
product,PRD-06,Organic Fairtrade Coffee 1kg,Grocery,1200.0,1170.0,1250.0,1.068,300,189,0.63,0.37,5,0,Regular,1.0,Normal Day,1.0,Prime Member,0.74,9.2,0.503,2.5,61.18,3
product,PRD-07,Noise-Cancelling Headphones Pro,Electronics,4500.0,4260.0,7150.0,1.678,150,129,0.86,0.14,31,0,Year End,1.3,Major Event,1.5,Prime Member,0.61,2.2,0.637,3.5,82.88,5
product,PRD-08,Organic Fairtrade Coffee 1kg,Grocery,1200.0,1210.0,1350.0,1.116,300,114,0.38,0.62,42,0,Summer Off-peak,0.85,Weekend,1.1,Prime Member,0.6,9.2,0.509,4.5,60.96,2
product,PRD-01,Smart Fitness Tracker Band,Wearables,2800.0,2830.0,4180.0,1.477,200,136,0.68,0.32,38,0,Year End,1.3,Major Event,1.5,Bargain Hunter,1.75,0.7,0.483,5.5,66.3,5
product,PRD-02,Ultra HD 4K Monitor 27-inch,Electronics,18500.0,18270.0,18030.0,0.987,45,26,0.578,0.422,38,0,Summer Off-peak,0.85,Normal Day,1.0,Prime Member,0.68,4.6,0.443,2.5,50.57,4
product,PRD-03,Organic Fairtrade Coffee 1kg,Grocery,1200.0,1220.0,1730.0,1.418,300,285,0.95,0.05,36,0,Festive Sale,1.4,Festival,1.4,Prime Member,0.74,6.1,0.59,6.5,75.93,9
product,PRD-04,Hydro Stainless Thermal Flask,Home & Kitchen,1100.0,1110.0,1160.0,1.045,250,208,0.832,0.168,39,0,Regular,1.0,Normal Day,1.0,Prime Member,0.65,11.2,0.479,9.5,56.37,12
product,PRD-05,Noise-Cancelling Headphones Pro,Electronics,4500.0,4500.0,4510.0,1.002,150,122,0.813,0.187,4,0,Summer Off-peak,0.85,Normal Day,1.0,Impulse Buyer,0.41,0.9,0.398,3.5,40.48,3
product,PRD-06,Hydro Stainless Thermal Flask,Home & Kitchen,1100.0,1100.0,1380.0,1.255,250,219,0.876,0.124,6,0,Year End,1.3,Festival,1.4,Impulse Buyer,0.5,0.1,0.571,9.5,70.72,11
product,PRD-07,Premium Running Shoes,Apparel,3900.0,3950.0,5810.0,1.471,110,79,0.718,0.282,22,0,Festive Sale,1.4,Festival,1.4,Bargain Hunter,1.58,0.2,0.534,8.5,73.54,5
product,PRD-08,Ergonomic Mesh Office Chair,Furniture,8900.0,9070.0,8920.0,0.983,60,40,0.667,0.333,17,0,Summer Off-peak,0.85,Normal Day,1.0,Bargain Hunter,1.59,0.2,0.291,1.5,32.47,0
product,PRD-01,Ergonomic Mesh Office Chair,Furniture,8900.0,9200.0,12540.0,1.363,60,13,0.217,0.783,43,1,Festive Sale,1.4,Flash Deal,1.35,Prime Member,0.69,1.3,0.666,6.5,88.41,7
product,PRD-02,Ergonomic Mesh Office Chair,Furniture,8900.0,8870.0,11130.0,1.255,60,43,0.717,0.283,24,1,Year End,1.3,Flash Deal,1.35,Loyal Customer,0.52,5.7,0.657,8.5,85.47,11
product,PRD-03,Hydro Stainless Thermal Flask,Home & Kitchen,1100.0,1110.0,1450.0,1.306,250,97,0.388,0.612,16,1,Summer Off-peak,0.85,Flash Deal,1.35,Prime Member,0.69,2.7,0.623,8.5,81.12,11
product,PRD-04,Hydro Stainless Thermal Flask,Home & Kitchen,1100.0,1060.0,1130.0,1.066,250,131,0.524,0.476,39,0,Regular,1.0,Normal Day,1.0,Bargain Hunter,1.6,0.2,0.372,2.5,46.31,3
product,PRD-05,Organic Fairtrade Coffee 1kg,Grocery,1200.0,1200.0,1140.0,0.95,300,143,0.477,0.523,10,0,Regular,1.0,Normal Day,1.0,Loyal Customer,0.43,5.2,0.513,4.5,60.19,3
product,PRD-06,Hydro Stainless Thermal Flask,Home & Kitchen,1100.0,1140.0,1310.0,1.149,250,54,0.216,0.784,43,1,Year End,1.3,Flash Deal,1.35,Loyal Customer,0.45,6.3,0.615,4.5,77.79,7
product,PRD-07,Ergonomic Mesh Office Chair,Furniture,8900.0,8860.0,9940.0,1.122,60,49,0.817,0.183,8,0,Regular,1.0,Normal Day,1.0,Bargain Hunter,1.6,0.8,0.352,1.5,42.82,2
product,PRD-08,Premium Running Shoes,Apparel,3900.0,4010.0,4000.0,0.998,110,58,0.527,0.473,20,0,Regular,1.0,Normal Day,1.0,Prime Member,0.73,3.4,0.453,3.5,52.57,2
product,PRD-01,Ultra HD 4K Monitor 27-inch,Electronics,18500.0,17480.0,18780.0,1.074,45,5,0.111,0.889,34,0,Regular,1.0,Normal Day,1.0,Bargain Hunter,1.63,0.6,0.322,1.5,37.99,1
product,PRD-02,Pro Gaming Mechanical Keyboard,Gaming,5200.0,5160.0,5650.0,1.095,80,30,0.375,0.625,10,0,Summer Off-peak,0.85,Weekend,1.1,Bargain Hunter,1.63,0.8,0.417,2.5,54.14,2
product,PRD-03,Organic Fairtrade Coffee 1kg,Grocery,1200.0,1200.0,1930.0,1.608,300,42,0.14,0.86,8,0,Festive Sale,1.4,Major Event,1.5,Bargain Hunter,1.5,0.2,0.603,3.5,84.65,6
product,PRD-04,Noise-Cancelling Headphones Pro,Electronics,4500.0,4610.0,6100.0,1.323,150,49,0.327,0.673,37,1,Summer Off-peak,0.85,Flash Deal,1.35,Prime Member,0.68,1.8,0.574,4.5,72.8,6
product,PRD-05,Noise-Cancelling Headphones Pro,Electronics,4500.0,4330.0,6000.0,1.386,150,86,0.573,0.427,31,1,Festive Sale,1.4,Flash Deal,1.35,Bargain Hunter,1.49,0.0,0.558,5.5,76.91,6
product,PRD-06,Pro Gaming Mechanical Keyboard,Gaming,5200.0,5220.0,7780.0,1.49,80,43,0.537,0.463,34,0,Festive Sale,1.4,Festival,1.4,Bargain Hunter,1.56,0.3,0.524,8.5,71.74,8
product,PRD-07,Ultra HD 4K Monitor 27-inch,Electronics,18500.0,18650.0,25520.0,1.368,45,20,0.444,0.556,16,0,Festive Sale,1.4,Major Event,1.5,Bargain Hunter,1.54,2.2,0.579,7.5,80.92,9
product,PRD-08,Hydro Stainless Thermal Flask,Home & Kitchen,1100.0,1120.0,1550.0,1.384,250,228,0.912,0.088,24,1,Regular,1.0,Festival,1.4,Prime Member,0.7,3.8,0.551,2.5,69.03,5
product,PRD-01,Ultra HD 4K Monitor 27-inch,Electronics,18500.0,18890.0,18710.0,0.99,45,33,0.733,0.267,12,0,Regular,1.0,Normal Day,1.0,Prime Member,0.72,3.8,0.415,3.5,46.12,3
product,PRD-02,Premium Running Shoes,Apparel,3900.0,4000.0,5640.0,1.41,110,95,0.864,0.136,12,0,Festive Sale,1.4,Festival,1.4,Impulse Buyer,0.46,1.7,0.578,7.5,71.58,9
product,PRD-03,Ultra HD 4K Monitor 27-inch,Electronics,18500.0,18550.0,29010.0,1.564,45,21,0.467,0.533,38,0,Festive Sale,1.4,Major Event,1.5,Loyal Customer,0.46,4.6,0.745,9.5,100.0,16
product,PRD-04,Organic Fairtrade Coffee 1kg,Grocery,1200.0,1170.0,1820.0,1.556,300,95,0.317,0.683,19,0,Festive Sale,1.4,Festival,1.4,Bargain Hunter,1.64,3.6,0.57,5.5,80.27,9
product,PRD-05,Organic Fairtrade Coffee 1kg,Grocery,1200.0,1180.0,1450.0,1.229,300,208,0.693,0.307,33,0,Regular,1.0,Weekend,1.1,Prime Member,0.76,1.7,0.509,6.5,62.47,6
product,PRD-06,Noise-Cancelling Headphones Pro,Electronics,4500.0,4490.0,4590.0,1.022,150,23,0.153,0.847,28,0,Regular,1.0,Normal Day,1.0,Impulse Buyer,0.38,2.0,0.455,5.5,50.02,6
product,PRD-07,Pro Gaming Mechanical Keyboard,Gaming,5200.0,4920.0,5880.0,1.195,80,34,0.425,0.575,33,0,Regular,1.0,Normal Day,1.0,Bargain Hunter,1.54,1.5,0.473,9.5,62.93,9
product,PRD-08,Premium Running Shoes,Apparel,3900.0,3890.0,4190.0,1.077,110,51,0.464,0.536,19,0,Regular,1.0,Normal Day,1.0,Prime Member,0.74,2.3,0.46,1.5,53.94,0
product,PRD-01,Smart Fitness Tracker Band,Wearables,2800.0,2790.0,2980.0,1.068,200,136,0.68,0.32,43,0,Regular,1.0,Normal Day,1.0,Bargain Hunter,1.47,1.8,0.356,4.5,42.43,7
product,PRD-02,Pro Gaming Mechanical Keyboard,Gaming,5200.0,4990.0,7930.0,1.589,80,45,0.562,0.438,1,0,Year End,1.3,Major Event,1.5,Impulse Buyer,0.37,0.3,0.659,4.5,84.51,6
product,PRD-03,Ergonomic Mesh Office Chair,Furniture,8900.0,8820.0,12340.0,1.399,60,24,0.4,0.6,31,0,Year End,1.3,Festival,1.4,Prime Member,0.69,2.8,0.571,4.5,72.34,5
product,PRD-04,Hydro Stainless Thermal Flask,Home & Kitchen,1100.0,1100.0,1510.0,1.373,250,201,0.804,0.196,21,1,Regular,1.0,Festival,1.4,Impulse Buyer,0.42,3.3,0.634,6.5,80.73,9
product,PRD-05,Ergonomic Mesh Office Chair,Furniture,8900.0,8780.0,11340.0,1.292,60,37,0.617,0.383,15,1,Regular,1.0,Flash Deal,1.35,Loyal Customer,0.4,9.1,0.614,5.5,77.14,8
product,PRD-06,Ergonomic Mesh Office Chair,Furniture,8900.0,8940.0,8410.0,0.941,60,17,0.283,0.717,12,0,Summer Off-peak,0.85,Normal Day,1.0,Prime Member,0.71,9.2,0.427,2.5,48.0,4
product,PRD-07,Smart Fitness Tracker Band,Wearables,2800.0,2740.0,3040.0,1.109,200,90,0.45,0.55,6,0,Regular,1.0,Weekend,1.1,Bargain Hunter,1.56,1.2,0.313,1.5,35.89,0
product,PRD-08,Ergonomic Mesh Office Chair,Furniture,8900.0,8960.0,13620.0,1.52,60,9,0.15,0.85,27,0,Festive Sale,1.4,Major Event,1.5,Prime Member,0.66,4.6,0.629,1.5,81.88,3
product,PRD-01,Premium Running Shoes,Apparel,3900.0,3860.0,4330.0,1.122,110,58,0.527,0.473,5,0,Regular,1.0,Weekend,1.1,Bargain Hunter,1.61,2.8,0.374,5.5,46.72,2
product,PRD-02,Smart Fitness Tracker Band,Wearables,2800.0,2670.0,2630.0,0.985,200,84,0.42,0.58,39,0,Regular,1.0,Normal Day,1.0,Impulse Buyer,0.32,0.4,0.432,1.5,45.5,1
product,PRD-03,Smart Fitness Tracker Band,Wearables,2800.0,2730.0,2790.0,1.022,200,115,0.575,0.425,10,0,Summer Off-peak,0.85,Normal Day,1.0,Bargain Hunter,1.64,0.2,0.339,2.5,40.97,1
product,PRD-04,Hydro Stainless Thermal Flask,Home & Kitchen,1100.0,1080.0,1230.0,1.139,250,133,0.532,0.468,7,0,Regular,1.0,Weekend,1.1,Prime Member,0.69,1.0,0.479,4.5,56.68,5
product,PRD-05,Hydro Stainless Thermal Flask,Home & Kitchen,1100.0,1120.0,1190.0,1.062,250,51,0.204,0.796,30,0,Summer Off-peak,0.85,Weekend,1.1,Bargain Hunter,1.5,0.9,0.424,3.5,54.25,3
product,PRD-06,Hydro Stainless Thermal Flask,Home & Kitchen,1100.0,1170.0,1080.0,0.923,250,42,0.168,0.832,43,0,Summer Off-peak,0.85,Normal Day,1.0,Bargain Hunter,1.66,0.1,0.308,3.5,35.85,1
product,PRD-07,Hydro Stainless Thermal Flask,Home & Kitchen,1100.0,1110.0,1220.0,1.099,250,227,0.908,0.092,33,0,Regular,1.0,Weekend,1.1,Impulse Buyer,0.36,0.1,0.431,3.5,45.67,3
product,PRD-08,Organic Fairtrade Coffee 1kg,Grocery,1200.0,1210.0,1790.0,1.479,300,106,0.353,0.647,19,0,Year End,1.3,Major Event,1.5,Prime Member,0.69,3.8,0.604,4.5,77.86,7
product,PRD-01,Ultra HD 4K Monitor 27-inch,Electronics,18500.0,18380.0,19240.0,1.047,45,17,0.378,0.622,5,0,Regular,1.0,Normal Day,1.0,Bargain Hunter,1.55,1.8,0.384,2.5,47.87,2
product,PRD-02,Pro Gaming Mechanical Keyboard,Gaming,5200.0,5020.0,5720.0,1.139,80,41,0.512,0.488,32,0,Regular,1.0,Normal Day,1.0,Bargain Hunter,1.65,0.5,0.377,3.5,47.45,3
product,PRD-03,Hydro Stainless Thermal Flask,Home & Kitchen,1100.0,1110.0,1200.0,1.081,250,105,0.42,0.58,32,0,Summer Off-peak,0.85,Weekend,1.1,Prime Member,0.71,9.2,0.481,4.5,57.12,4
product,PRD-04,Organic Fairtrade Coffee 1kg,Grocery,1200.0,1250.0,1510.0,1.208,300,148,0.493,0.507,12,1,Summer Off-peak,0.85,Flash Deal,1.35,Prime Member,0.72,4.7,0.601,8.5,77.75,7
product,PRD-05,Ergonomic Mesh Office Chair,Furniture,8900.0,9070.0,10320.0,1.138,60,29,0.483,0.517,19,0,Regular,1.0,Weekend,1.1,Prime Member,0.71,5.5,0.498,4.5,60.03,3
product,PRD-06,Noise-Cancelling Headphones Pro,Electronics,4500.0,4470.0,4780.0,1.069,150,84,0.56,0.44,15,0,Regular,1.0,Normal Day,1.0,Loyal Customer,0.47,6.6,0.458,3.5,51.22,3
product,PRD-07,Hydro Stainless Thermal Flask,Home & Kitchen,1100.0,1090.0,1110.0,1.018,250,71,0.284,0.716,27,0,Regular,1.0,Normal Day,1.0,Prime Member,0.66,9.9,0.524,7.5,64.09,9
product,PRD-08,Organic Fairtrade Coffee 1kg,Grocery,1200.0,1140.0,1590.0,1.395,300,76,0.253,0.747,25,1,Regular,1.0,Festival,1.4,Impulse Buyer,0.49,0.7,0.636,5.5,81.73,7
product,PRD-01,Noise-Cancelling Headphones Pro,Electronics,4500.0,4590.0,5990.0,1.305,150,131,0.873,0.127,26,1,Regular,1.0,Flash Deal,1.35,Prime Member,0.74,1.8,0.546,7.5,68.44,6
product,PRD-02,Ultra HD 4K Monitor 27-inch,Electronics,18500.0,18320.0,20610.0,1.125,45,17,0.378,0.622,17,0,Regular,1.0,Normal Day,1.0,Prime Member,0.73,6.4,0.476,5.5,56.45,7
product,PRD-03,Hydro Stainless Thermal Flask,Home & Kitchen,1100.0,1060.0,1280.0,1.208,250,121,0.484,0.516,36,0,Regular,1.0,Weekend,1.1,Prime Member,0.81,4.6,0.424,2.5,48.44,2
product,PRD-04,Ergonomic Mesh Office Chair,Furniture,8900.0,8570.0,10530.0,1.229,60,49,0.817,0.183,2,1,Festive Sale,1.4,Flash Deal,1.35,Bargain Hunter,1.61,2.4,0.511,4.5,69.89,5
product,PRD-05,Smart Fitness Tracker Band,Wearables,2800.0,2930.0,3150.0,1.075,200,120,0.6,0.4,22,0,Regular,1.0,Weekend,1.1,Bargain Hunter,1.53,1.0,0.407,3.5,51.61,5
product,PRD-06,Pro Gaming Mechanical Keyboard,Gaming,5200.0,5260.0,5630.0,1.07,80,66,0.825,0.175,9,0,Summer Off-peak,0.85,Normal Day,1.0,Prime Member,0.71,8.3,0.415,3.5,46.0,3
product,PRD-07,Pro Gaming Mechanical Keyboard,Gaming,5200.0,5100.0,6870.0,1.347,80,62,0.775,0.225,6,1,Regular,1.0,Festival,1.4,Bargain Hunter,1.6,0.9,0.548,8.5,76.19,12
product,PRD-08,Ultra HD 4K Monitor 27-inch,Electronics,18500.0,18480.0,19200.0,1.039,45,14,0.311,0.689,28,0,Summer Off-peak,0.85,Normal Day,1.0,Impulse Buyer,0.43,1.1,0.408,0.5,42.42,0
product,PRD-01,Ergonomic Mesh Office Chair,Furniture,8900.0,8720.0,9270.0,1.063,60,31,0.517,0.483,1,0,Regular,1.0,Normal Day,1.0,Loyal Customer,0.5,2.1,0.488,2.5,56.66,1
product,PRD-02,Hydro Stainless Thermal Flask,Home & Kitchen,1100.0,1080.0,1120.0,1.037,250,197,0.788,0.212,24,0,Regular,1.0,Normal Day,1.0,Bargain Hunter,1.65,0.7,0.327,4.5,38.99,4
product,PRD-03,Premium Running Shoes,Apparel,3900.0,4010.0,3990.0,0.995,110,85,0.773,0.227,23,0,Summer Off-peak,0.85,Normal Day,1.0,Impulse Buyer,0.42,0.9,0.375,2.5,36.74,2
product,PRD-04,Ergonomic Mesh Office Chair,Furniture,8900.0,8960.0,12680.0,1.415,60,26,0.433,0.567,3,0,Year End,1.3,Festival,1.4,Bargain Hunter,1.53,2.3,0.512,7.5,69.39,8
product,PRD-05,Organic Fairtrade Coffee 1kg,Grocery,1200.0,1230.0,1260.0,1.024,300,57,0.19,0.81,29,0,Regular,1.0,Normal Day,1.0,Prime Member,0.72,1.6,0.429,3.5,48.47,3
product,PRD-06,Ultra HD 4K Monitor 27-inch,Electronics,18500.0,18570.0,24800.0,1.335,45,23,0.511,0.489,20,1,Summer Off-peak,0.85,Flash Deal,1.35,Bargain Hunter,1.56,0.6,0.482,2.5,64.63,1
product,PRD-07,Pro Gaming Mechanical Keyboard,Gaming,5200.0,5400.0,5160.0,0.956,80,77,0.963,0.037,16,0,Regular,1.0,Normal Day,1.0,Impulse Buyer,0.36,0.4,0.405,2.5,41.32,2
product,PRD-08,Hydro Stainless Thermal Flask,Home & Kitchen,1100.0,1100.0,1310.0,1.191,250,160,0.64,0.36,36,0,Regular,1.0,Weekend,1.1,Impulse Buyer,0.41,1.2,0.491,6.5,56.43,8
product,PRD-01,Smart Fitness Tracker Band,Wearables,2800.0,2920.0,3050.0,1.045,200,111,0.555,0.445,6,0,Regular,1.0,Weekend,1.1,Prime Member,0.73,11.1,0.528,9.5,65.29,9
product,PRD-02,Ergonomic Mesh Office Chair,Furniture,8900.0,8980.0,13090.0,1.458,60,19,0.317,0.683,5,0,Festive Sale,1.4,Major Event,1.5,Impulse Buyer,0.37,0.7,0.722,3.5,95.23,6
product,PRD-03,Smart Fitness Tracker Band,Wearables,2800.0,2810.0,2550.0,0.907,200,26,0.13,0.87,13,0,Regular,1.0,Normal Day,1.0,Bargain Hunter,1.68,2.4,0.381,3.5,48.45,3
product,PRD-04,Hydro Stainless Thermal Flask,Home & Kitchen,1100.0,1040.0,1230.0,1.183,250,124,0.496,0.504,4,0,Summer Off-peak,0.85,Normal Day,1.0,Impulse Buyer,0.39,1.9,0.456,1.5,50.22,1
product,PRD-05,Pro Gaming Mechanical Keyboard,Gaming,5200.0,5210.0,5890.0,1.131,80,47,0.588,0.412,6,0,Regular,1.0,Weekend,1.1,Prime Member,0.7,5.6,0.418,2.5,46.39,3
product,PRD-06,Pro Gaming Mechanical Keyboard,Gaming,5200.0,5210.0,5020.0,0.964,80,42,0.525,0.475,9,0,Regular,1.0,Normal Day,1.0,Bargain Hunter,1.61,0.2,0.268,2.5,28.69,2
product,PRD-07,Ergonomic Mesh Office Chair,Furniture,8900.0,8250.0,8920.0,1.081,60,44,0.733,0.267,1,0,Summer Off-peak,0.85,Normal Day,1.0,Loyal Customer,0.4,15.5,0.435,2.5,46.82,3
product,PRD-08,Pro Gaming Mechanical Keyboard,Gaming,5200.0,5150.0,5090.0,0.988,80,21,0.263,0.738,16,0,Summer Off-peak,0.85,Normal Day,1.0,Impulse Buyer,0.42,0.4,0.408,2.5,42.27,3
product,PRD-01,Smart Fitness Tracker Band,Wearables,2800.0,2780.0,2940.0,1.058,200,118,0.59,0.41,20,0,Regular,1.0,Normal Day,1.0,Loyal Customer,0.56,2.5,0.424,4.5,46.22,4
product,PRD-02,Hydro Stainless Thermal Flask,Home & Kitchen,1100.0,1090.0,1620.0,1.486,250,162,0.648,0.352,2,0,Festive Sale,1.4,Major Event,1.5,Bargain Hunter,1.62,2.2,0.579,8.5,81.53,10
product,PRD-03,Smart Fitness Tracker Band,Wearables,2800.0,2770.0,3180.0,1.148,200,35,0.175,0.825,10,0,Regular,1.0,Weekend,1.1,Impulse Buyer,0.37,0.2,0.519,3.5,60.83,5
product,PRD-04,Hydro Stainless Thermal Flask,Home & Kitchen,1100.0,1080.0,1510.0,1.398,250,134,0.536,0.464,5,0,Festive Sale,1.4,Festival,1.4,Prime Member,0.72,10.5,0.626,5.5,81.86,10
product,PRD-05,Ergonomic Mesh Office Chair,Furniture,8900.0,9000.0,12070.0,1.341,60,50,0.833,0.167,37,1,Regular,1.0,Festival,1.4,Impulse Buyer,0.35,0.5,0.588,6.5,72.32,7
product,PRD-06,Premium Running Shoes,Apparel,3900.0,3930.0,4000.0,1.018,110,57,0.518,0.482,27,0,Regular,1.0,Normal Day,1.0,Impulse Buyer,0.42,0.2,0.457,3.5,50.69,4
product,PRD-07,Premium Running Shoes,Apparel,3900.0,3840.0,4490.0,1.169,110,14,0.127,0.873,42,0,Regular,1.0,Weekend,1.1,Impulse Buyer,0.33,1.2,0.523,3.5,61.19,3
product,PRD-08,Noise-Cancelling Headphones Pro,Electronics,4500.0,4470.0,4580.0,1.025,150,121,0.807,0.193,12,0,Regular,1.0,Normal Day,1.0,Bargain Hunter,1.61,1.2,0.336,2.5,40.16,3
product,PRD-01,Premium Running Shoes,Apparel,3900.0,3950.0,5660.0,1.433,110,62,0.564,0.436,16,0,Festive Sale,1.4,Festival,1.4,Bargain Hunter,1.59,0.8,0.531,4.5,73.22,5
product,PRD-02,Ergonomic Mesh Office Chair,Furniture,8900.0,8930.0,9850.0,1.103,60,35,0.583,0.417,16,0,Regular,1.0,Normal Day,1.0,Impulse Buyer,0.44,0.4,0.466,5.5,52.28,7
product,PRD-03,Ergonomic Mesh Office Chair,Furniture,8900.0,8670.0,13710.0,1.581,60,54,0.9,0.1,44,0,Year End,1.3,Major Event,1.5,Bargain Hunter,1.65,1.8,0.525,2.5,72.73,2
product,PRD-04,Pro Gaming Mechanical Keyboard,Gaming,5200.0,5280.0,4930.0,0.934,80,53,0.662,0.338,16,0,Regular,1.0,Normal Day,1.0,Bargain Hunter,1.61,1.0,0.343,2.5,41.34,3
product,PRD-05,Organic Fairtrade Coffee 1kg,Grocery,1200.0,1170.0,1340.0,1.145,300,149,0.497,0.503,42,0,Summer Off-peak,0.85,Weekend,1.1,Prime Member,0.71,7.8,0.456,3.5,52.97,2
product,PRD-06,Organic Fairtrade Coffee 1kg,Grocery,1200.0,1190.0,1630.0,1.37,300,171,0.57,0.43,35,1,Year End,1.3,Flash Deal,1.35,Bargain Hunter,1.63,1.6,0.565,6.5,79.3,8
product,PRD-07,Noise-Cancelling Headphones Pro,Electronics,4500.0,4520.0,5020.0,1.111,150,59,0.393,0.607,32,0,Regular,1.0,Normal Day,1.0,Impulse Buyer,0.36,1.9,0.503,5.5,57.93,5
product,PRD-08,Premium Running Shoes,Apparel,3900.0,3850.0,5970.0,1.551,110,70,0.636,0.364,9,0,Festive Sale,1.4,Festival,1.4,Bargain Hunter,1.59,1.4,0.573,9.5,80.31,10
product,PRD-01,Hydro Stainless Thermal Flask,Home & Kitchen,1100.0,1110.0,1080.0,0.973,250,131,0.524,0.476,33,0,Summer Off-peak,0.85,Normal Day,1.0,Prime Member,0.67,1.6,0.38,1.5,39.67,2
product,PRD-02,Ergonomic Mesh Office Chair,Furniture,8900.0,9270.0,9120.0,0.984,60,31,0.517,0.483,24,0,Regular,1.0,Weekend,1.1,Prime Member,0.62,11.5,0.441,1.5,49.64,0
product,PRD-03,Hydro Stainless Thermal Flask,Home & Kitchen,1100.0,1120.0,1200.0,1.071,250,212,0.848,0.152,40,0,Summer Off-peak,0.85,Weekend,1.1,Bargain Hunter,1.59,0.4,0.32,4.5,37.32,5
product,PRD-04,Ultra HD 4K Monitor 27-inch,Electronics,18500.0,18170.0,25700.0,1.414,45,23,0.511,0.489,15,0,Year End,1.3,Festival,1.4,Impulse Buyer,0.38,2.4,0.592,4.5,73.27,5
product,PRD-05,Ultra HD 4K Monitor 27-inch,Electronics,18500.0,18310.0,28580.0,1.561,45,22,0.489,0.511,38,0,Festive Sale,1.4,Major Event,1.5,Prime Member,0.71,3.6,0.654,4.5,86.65,5
product,PRD-06,Ultra HD 4K Monitor 27-inch,Electronics,18500.0,17990.0,24870.0,1.382,45,18,0.4,0.6,25,1,Regular,1.0,Festival,1.4,Impulse Buyer,0.38,0.7,0.598,3.5,74.3,3
product,PRD-07,Noise-Cancelling Headphones Pro,Electronics,4500.0,4310.0,4900.0,1.137,150,48,0.32,0.68,34,0,Regular,1.0,Normal Day,1.0,Loyal Customer,0.54,6.8,0.502,2.5,59.3,2
product,PRD-08,Organic Fairtrade Coffee 1kg,Grocery,1200.0,1210.0,1690.0,1.397,300,227,0.757,0.243,17,0,Year End,1.3,Festival,1.4,Prime Member,0.71,8.4,0.629,8.5,82.43,13
product,PRD-01,Noise-Cancelling Headphones Pro,Electronics,4500.0,4400.0,5070.0,1.152,150,103,0.687,0.313,20,0,Summer Off-peak,0.85,Normal Day,1.0,Bargain Hunter,1.63,1.5,0.354,2.5,43.4,1
product,PRD-02,Noise-Cancelling Headphones Pro,Electronics,4500.0,4240.0,4790.0,1.13,150,96,0.64,0.36,40,0,Summer Off-peak,0.85,Normal Day,1.0,Prime Member,0.73,3.8,0.429,3.5,48.52,2
product,PRD-03,Organic Fairtrade Coffee 1kg,Grocery,1200.0,1160.0,1380.0,1.19,300,224,0.747,0.253,18,0,Regular,1.0,Weekend,1.1,Prime Member,0.66,3.6,0.422,6.5,46.69,5
product,PRD-04,Pro Gaming Mechanical Keyboard,Gaming,5200.0,5190.0,8320.0,1.603,80,48,0.6,0.4,40,0,Year End,1.3,Major Event,1.5,Bargain Hunter,1.66,0.7,0.558,8.5,78.35,6
product,PRD-05,Pro Gaming Mechanical Keyboard,Gaming,5200.0,5050.0,5210.0,1.032,80,67,0.838,0.162,13,0,Regular,1.0,Normal Day,1.0,Bargain Hunter,1.66,2.7,0.343,1.5,41.8,1
product,PRD-06,Noise-Cancelling Headphones Pro,Electronics,4500.0,4420.0,4520.0,1.023,150,141,0.94,0.06,31,0,Regular,1.0,Normal Day,1.0,Prime Member,0.62,1.7,0.406,5.5,43.7,3
product,PRD-07,Noise-Cancelling Headphones Pro,Electronics,4500.0,4690.0,5790.0,1.235,150,55,0.367,0.633,5,1,Year End,1.3,Flash Deal,1.35,Impulse Buyer,0.35,2.6,0.654,7.5,83.53,10
product,PRD-08,Noise-Cancelling Headphones Pro,Electronics,4500.0,4480.0,5920.0,1.321,150,122,0.813,0.187,3,1,Regular,1.0,Flash Deal,1.35,Bargain Hunter,1.6,4.4,0.526,8.5,72.35,8
product,PRD-01,Pro Gaming Mechanical Keyboard,Gaming,5200.0,4940.0,8380.0,1.696,80,48,0.6,0.4,10,0,Year End,1.3,Major Event,1.5,Impulse Buyer,0.33,2.1,0.687,4.5,88.93,5
product,PRD-02,Smart Fitness Tracker Band,Wearables,2800.0,2890.0,3150.0,1.09,200,196,0.98,0.02,8,0,Regular,1.0,Weekend,1.1,Bargain Hunter,1.71,1.1,0.321,3.5,38.47,3
product,PRD-03,Ultra HD 4K Monitor 27-inch,Electronics,18500.0,18970.0,18230.0,0.961,45,13,0.289,0.711,25,0,Regular,1.0,Normal Day,1.0,Loyal Customer,0.43,7.1,0.459,3.5,51.17,3
product,PRD-04,Hydro Stainless Thermal Flask,Home & Kitchen,1100.0,1100.0,1300.0,1.182,250,96,0.384,0.616,32,0,Regular,1.0,Weekend,1.1,Prime Member,0.64,3.7,0.512,2.5,61.8,2
product,PRD-05,Smart Fitness Tracker Band,Wearables,2800.0,2850.0,2840.0,0.996,200,135,0.675,0.325,35,0,Summer Off-peak,0.85,Normal Day,1.0,Prime Member,0.6,3.3,0.392,3.5,41.14,3
product,PRD-06,Pro Gaming Mechanical Keyboard,Gaming,5200.0,5300.0,5530.0,1.043,80,47,0.588,0.412,34,0,Regular,1.0,Normal Day,1.0,Impulse Buyer,0.38,0.9,0.46,2.5,50.79,3
product,PRD-07,Ergonomic Mesh Office Chair,Furniture,8900.0,8970.0,11770.0,1.312,60,34,0.567,0.433,40,1,Summer Off-peak,0.85,Flash Deal,1.35,Impulse Buyer,0.4,0.3,0.603,10.5,75.24,11
product,PRD-08,Premium Running Shoes,Apparel,3900.0,3890.0,3860.0,0.992,110,62,0.564,0.436,3,0,Regular,1.0,Normal Day,1.0,Impulse Buyer,0.41,1.4,0.457,4.5,50.64,3
product,PRD-01,Ultra HD 4K Monitor 27-inch,Electronics,18500.0,19460.0,26020.0,1.337,45,22,0.489,0.511,31,0,Year End,1.3,Major Event,1.5,Bargain Hunter,1.53,0.9,0.491,5.5,65.95,5
product,PRD-02,Ergonomic Mesh Office Chair,Furniture,8900.0,8880.0,8430.0,0.949,60,8,0.133,0.867,24,0,Regular,1.0,Normal Day,1.0,Impulse Buyer,0.4,0.2,0.459,2.5,50.77,3
product,PRD-03,Smart Fitness Tracker Band,Wearables,2800.0,2950.0,2840.0,0.963,200,150,0.75,0.25,29,0,Summer Off-peak,0.85,Normal Day,1.0,Impulse Buyer,0.41,0.2,0.383,2.5,37.94,3
product,PRD-04,Smart Fitness Tracker Band,Wearables,2800.0,2670.0,3890.0,1.457,200,128,0.64,0.36,43,0,Year End,1.3,Festival,1.4,Impulse Buyer,0.4,0.7,0.618,5.5,77.94,8
product,PRD-05,Ergonomic Mesh Office Chair,Furniture,8900.0,8950.0,15610.0,1.744,60,34,0.567,0.433,15,0,Year End,1.3,Major Event,1.5,Bargain Hunter,1.57,0.8,0.582,4.5,81.67,5
product,PRD-06,Pro Gaming Mechanical Keyboard,Gaming,5200.0,5180.0,4990.0,0.963,80,61,0.762,0.238,2,0,Regular,1.0,Normal Day,1.0,Impulse Buyer,0.39,2.2,0.459,4.5,50.82,3
product,PRD-07,Ergonomic Mesh Office Chair,Furniture,8900.0,8990.0,10530.0,1.171,60,33,0.55,0.45,24,0,Regular,1.0,Weekend,1.1,Loyal Customer,0.51,4.7,0.499,3.5,58.49,3
product,PRD-08,Ergonomic Mesh Office Chair,Furniture,8900.0,8890.0,12480.0,1.404,60,33,0.55,0.45,21,0,Festive Sale,1.4,Festival,1.4,Prime Member,0.67,7.3,0.644,6.5,84.63,8
product,PRD-01,Ergonomic Mesh Office Chair,Furniture,8900.0,8500.0,8750.0,1.029,60,35,0.583,0.417,8,0,Regular,1.0,Normal Day,1.0,Prime Member,0.64,9.3,0.479,2.5,56.34,2
product,PRD-02,Premium Running Shoes,Apparel,3900.0,3760.0,3930.0,1.045,110,88,0.8,0.2,39,0,Regular,1.0,Normal Day,1.0,Prime Member,0.65,4.5,0.435,3.5,48.85,4
product,PRD-03,Ultra HD 4K Monitor 27-inch,Electronics,18500.0,18080.0,27540.0,1.523,45,41,0.911,0.089,4,0,Festive Sale,1.4,Major Event,1.5,Impulse Buyer,0.4,2.8,0.605,5.5,75.57,6
product,PRD-04,Smart Fitness Tracker Band,Wearables,2800.0,2820.0,3000.0,1.064,200,167,0.835,0.165,10,0,Summer Off-peak,0.85,Normal Day,1.0,Bargain Hunter,1.59,2.1,0.346,6.5,41.76,4
product,PRD-05,Premium Running Shoes,Apparel,3900.0,3910.0,4820.0,1.233,110,87,0.791,0.209,43,1,Festive Sale,1.4,Festival,1.4,Bargain Hunter,1.55,1.1,0.514,5.5,69.91,6
product,PRD-06,Ergonomic Mesh Office Chair,Furniture,8900.0,9080.0,13140.0,1.447,60,22,0.367,0.633,38,0,Festive Sale,1.4,Festival,1.4,Prime Member,0.83,1.5,0.625,3.5,82.64,5
product,PRD-07,Ultra HD 4K Monitor 27-inch,Electronics,18500.0,18660.0,26690.0,1.43,45,8,0.178,0.822,40,0,Festive Sale,1.4,Major Event,1.5,Bargain Hunter,1.65,1.3,0.623,13.5,89.25,8
product,PRD-08,Smart Fitness Tracker Band,Wearables,2800.0,2870.0,2850.0,0.993,200,44,0.22,0.78,21,0,Regular,1.0,Normal Day,1.0,Bargain Hunter,1.58,0.3,0.419,6.5,54.08,4
product,PRD-01,Smart Fitness Tracker Band,Wearables,2800.0,2840.0,3380.0,1.19,200,174,0.87,0.13,14,1,Summer Off-peak,0.85,Festival,1.4,Bargain Hunter,1.56,1.3,0.513,9.5,69.91,10
product,PRD-02,Hydro Stainless Thermal Flask,Home & Kitchen,1100.0,1120.0,1670.0,1.491,250,170,0.68,0.32,12,0,Year End,1.3,Festival,1.4,Prime Member,0.69,3.1,0.589,4.5,75.37,7
product,PRD-03,Ergonomic Mesh Office Chair,Furniture,8900.0,9210.0,12650.0,1.374,60,39,0.65,0.35,33,1,Regular,1.0,Festival,1.4,Prime Member,0.76,2.8,0.596,4.5,77.19,6
product,PRD-04,Smart Fitness Tracker Band,Wearables,2800.0,2820.0,3700.0,1.312,200,117,0.585,0.415,41,1,Festive Sale,1.4,Flash Deal,1.35,Bargain Hunter,1.6,0.3,0.566,7.5,79.28,12
product,PRD-05,Ultra HD 4K Monitor 27-inch,Electronics,18500.0,18970.0,20730.0,1.093,45,19,0.422,0.578,39,0,Summer Off-peak,0.85,Normal Day,1.0,Prime Member,0.72,4.9,0.481,3.5,57.26,3
product,PRD-06,Smart Fitness Tracker Band,Wearables,2800.0,2820.0,3180.0,1.128,200,106,0.53,0.47,22,1,Regular,1.0,Flash Deal,1.35,Impulse Buyer,0.45,1.4,0.563,4.5,68.86,7
product,PRD-07,Organic Fairtrade Coffee 1kg,Grocery,1200.0,1160.0,1510.0,1.302,300,99,0.33,0.67,25,1,Summer Off-peak,0.85,Flash Deal,1.35,Prime Member,0.67,3.8,0.592,4.5,75.81,6
product,PRD-08,Premium Running Shoes,Apparel,3900.0,3870.0,4080.0,1.054,110,92,0.836,0.164,36,0,Regular,1.0,Weekend,1.1,Prime Member,0.69,5.5,0.404,2.5,43.94,1
product,PRD-01,Smart Fitness Tracker Band,Wearables,2800.0,2520.0,2910.0,1.155,200,156,0.78,0.22,16,0,Regular,1.0,Normal Day,1.0,Impulse Buyer,0.3,1.6,0.413,3.5,42.08,3
product,PRD-02,Ultra HD 4K Monitor 27-inch,Electronics,18500.0,19000.0,24470.0,1.288,45,24,0.533,0.467,32,1,Year End,1.3,Flash Deal,1.35,Bargain Hunter,1.59,0.1,0.567,7.5,79.26,10
product,PRD-03,Premium Running Shoes,Apparel,3900.0,3830.0,5180.0,1.352,110,68,0.618,0.382,24,1,Year End,1.3,Flash Deal,1.35,Bargain Hunter,1.58,0.7,0.512,6.5,69.88,2
product,PRD-04,Organic Fairtrade Coffee 1kg,Grocery,1200.0,1110.0,1260.0,1.135,300,254,0.847,0.153,1,0,Regular,1.0,Weekend,1.1,Loyal Customer,0.53,2.5,0.414,1.5,44.32,0
product,PRD-05,Hydro Stainless Thermal Flask,Home & Kitchen,1100.0,1110.0,1210.0,1.09,250,171,0.684,0.316,28,0,Regular,1.0,Weekend,1.1,Impulse Buyer,0.37,0.1,0.432,3.5,45.91,5
product,PRD-06,Premium Running Shoes,Apparel,3900.0,4010.0,4490.0,1.12,110,57,0.518,0.482,11,1,Festive Sale,1.4,Flash Deal,1.35,Prime Member,0.7,12.5,0.698,6.5,94.01,6
product,PRD-07,Premium Running Shoes,Apparel,3900.0,3950.0,5690.0,1.441,110,91,0.827,0.173,24,0,Festive Sale,1.4,Major Event,1.5,Impulse Buyer,0.34,0.3,0.641,7.5,81.27,7
product,PRD-08,Hydro Stainless Thermal Flask,Home & Kitchen,1100.0,1110.0,1100.0,0.991,250,53,0.212,0.788,43,0,Regular,1.0,Normal Day,1.0,Loyal Customer,0.42,2.5,0.448,4.5,49.1,2
product,PRD-01,Smart Fitness Tracker Band,Wearables,2800.0,2930.0,4110.0,1.403,200,167,0.835,0.165,10,0,Festive Sale,1.4,Major Event,1.5,Impulse Buyer,0.45,0.6,0.625,5.5,79.54,9
product,PRD-02,Hydro Stainless Thermal Flask,Home & Kitchen,1100.0,1150.0,1260.0,1.096,250,87,0.348,0.652,26,0,Regular,1.0,Weekend,1.1,Loyal Customer,0.52,1.8,0.467,2.5,53.15,1
product,PRD-03,Ergonomic Mesh Office Chair,Furniture,8900.0,8760.0,12450.0,1.421,60,45,0.75,0.25,43,0,Year End,1.3,Major Event,1.5,Bargain Hunter,1.61,3.1,0.592,8.5,83.71,7
product,PRD-04,Hydro Stainless Thermal Flask,Home & Kitchen,1100.0,1170.0,1170.0,1.0,250,78,0.312,0.688,12,0,Regular,1.0,Normal Day,1.0,Bargain Hunter,1.67,0.3,0.325,2.5,38.86,3
product,PRD-05,Hydro Stainless Thermal Flask,Home & Kitchen,1100.0,1130.0,1410.0,1.248,250,85,0.34,0.66,38,1,Summer Off-peak,0.85,Flash Deal,1.35,Prime Member,0.74,0.8,0.556,8.5,70.18,6
product,PRD-06,Noise-Cancelling Headphones Pro,Electronics,4500.0,4320.0,5450.0,1.262,150,100,0.667,0.333,28,1,Regular,1.0,Flash Deal,1.35,Prime Member,0.73,9.2,0.69,8.5,92.87,11
product,PRD-07,Ultra HD 4K Monitor 27-inch,Electronics,18500.0,17180.0,18870.0,1.098,45,36,0.8,0.2,25,0,Regular,1.0,Normal Day,1.0,Impulse Buyer,0.5,0.3,0.436,4.5,47.85,6
product,PRD-08,Organic Fairtrade Coffee 1kg,Grocery,1200.0,1210.0,1200.0,0.992,300,40,0.133,0.867,44,0,Summer Off-peak,0.85,Normal Day,1.0,Bargain Hunter,1.57,2.4,0.335,1.5,39.64,1
product,PRD-01,Organic Fairtrade Coffee 1kg,Grocery,1200.0,1220.0,1180.0,0.967,300,190,0.633,0.367,25,0,Regular,1.0,Normal Day,1.0,Bargain Hunter,1.56,1.7,0.329,1.5,38.63,3
product,PRD-02,Pro Gaming Mechanical Keyboard,Gaming,5200.0,5310.0,8140.0,1.533,80,49,0.613,0.387,37,0,Festive Sale,1.4,Festival,1.4,Prime Member,0.63,7.0,0.653,6.5,85.82,10
product,PRD-03,Ultra HD 4K Monitor 27-inch,Electronics,18500.0,18420.0,27940.0,1.517,45,43,0.956,0.044,42,0,Year End,1.3,Major Event,1.5,Impulse Buyer,0.41,0.6,0.566,5.5,69.11,7
product,PRD-04,Smart Fitness Tracker Band,Wearables,2800.0,3010.0,2940.0,0.977,200,132,0.66,0.34,2,0,Summer Off-peak,0.85,Normal Day,1.0,Bargain Hunter,1.61,0.4,0.38,6.5,47.64,6
product,PRD-05,Pro Gaming Mechanical Keyboard,Gaming,5200.0,5300.0,5480.0,1.034,80,28,0.35,0.65,1,0,Summer Off-peak,0.85,Normal Day,1.0,Loyal Customer,0.49,5.3,0.501,6.5,58.77,7
product,PRD-06,Hydro Stainless Thermal Flask,Home & Kitchen,1100.0,1090.0,1620.0,1.486,250,54,0.216,0.784,16,0,Year End,1.3,Festival,1.4,Bargain Hunter,1.64,3.3,0.517,2.5,71.17,1
product,PRD-07,Noise-Cancelling Headphones Pro,Electronics,4500.0,4500.0,4440.0,0.987,150,37,0.247,0.753,23,0,Regular,1.0,Normal Day,1.0,Loyal Customer,0.47,4.2,0.475,4.5,54.06,3
product,PRD-08,Pro Gaming Mechanical Keyboard,Gaming,5200.0,5140.0,5620.0,1.093,80,65,0.812,0.188,11,0,Regular,1.0,Normal Day,1.0,Prime Member,0.72,6.5,0.427,3.5,48.1,3
product,PRD-01,Pro Gaming Mechanical Keyboard,Gaming,5200.0,5120.0,6260.0,1.223,80,23,0.287,0.713,14,1,Festive Sale,1.4,Flash Deal,1.35,Prime Member,0.75,9.3,0.616,2.5,80.44,1
product,PRD-02,Smart Fitness Tracker Band,Wearables,2800.0,2770.0,3080.0,1.112,200,91,0.455,0.545,37,0,Regular,1.0,Weekend,1.1,Bargain Hunter,1.56,1.9,0.388,1.5,48.66,2
product,PRD-03,Organic Fairtrade Coffee 1kg,Grocery,1200.0,1210.0,1290.0,1.066,300,124,0.413,0.587,44,0,Summer Off-peak,0.85,Normal Day,1.0,Prime Member,0.66,5.2,0.428,1.5,47.82,1
product,PRD-04,Noise-Cancelling Headphones Pro,Electronics,4500.0,4230.0,4730.0,1.118,150,74,0.493,0.507,14,0,Regular,1.0,Normal Day,1.0,Bargain Hunter,1.55,2.3,0.383,3.5,47.65,2
product,PRD-05,Pro Gaming Mechanical Keyboard,Gaming,5200.0,5380.0,5160.0,0.959,80,27,0.338,0.662,35,0,Regular,1.0,Normal Day,1.0,Bargain Hunter,1.56,2.6,0.356,2.5,43.14,0
product,PRD-06,Smart Fitness Tracker Band,Wearables,2800.0,2830.0,3670.0,1.297,200,115,0.575,0.425,39,1,Regular,1.0,Festival,1.4,Bargain Hunter,1.6,0.4,0.495,8.5,67.12,10
product,PRD-07,Premium Running Shoes,Apparel,3900.0,3820.0,4780.0,1.251,110,28,0.255,0.745,12,1,Festive Sale,1.4,Festival,1.4,Bargain Hunter,1.58,3.0,0.577,6.5,80.97,5
product,PRD-08,Pro Gaming Mechanical Keyboard,Gaming,5200.0,5080.0,6770.0,1.333,80,41,0.512,0.488,43,0,Year End,1.3,Festival,1.4,Bargain Hunter,1.59,1.3,0.548,7.5,76.12,8
product,PRD-01,Ultra HD 4K Monitor 27-inch,Electronics,18500.0,18870.0,20390.0,1.081,45,28,0.622,0.378,25,0,Regular,1.0,Weekend,1.1,Loyal Customer,0.54,2.6,0.459,0.5,52.04,0
product,PRD-02,Pro Gaming Mechanical Keyboard,Gaming,5200.0,5230.0,6510.0,1.245,80,64,0.8,0.2,21,1,Summer Off-peak,0.85,Flash Deal,1.35,Bargain Hunter,1.67,2.5,0.437,9.5,57.83,8
product,PRD-03,Organic Fairtrade Coffee 1kg,Grocery,1200.0,1180.0,1890.0,1.602,300,176,0.587,0.413,25,0,Festive Sale,1.4,Major Event,1.5,Impulse Buyer,0.41,0.8,0.669,3.5,86.62,4
product,PRD-04,Noise-Cancelling Headphones Pro,Electronics,4500.0,4510.0,4580.0,1.016,150,114,0.76,0.24,28,0,Regular,1.0,Normal Day,1.0,Prime Member,0.72,3.3,0.433,0.5,49.12,0
product,PRD-05,Smart Fitness Tracker Band,Wearables,2800.0,2830.0,3800.0,1.343,200,44,0.22,0.78,26,1,Regular,1.0,Festival,1.4,Loyal Customer,0.47,3.7,0.667,5.5,86.72,6
product,PRD-06,Ultra HD 4K Monitor 27-inch,Electronics,18500.0,18770.0,22890.0,1.219,45,33,0.733,0.267,23,1,Regular,1.0,Flash Deal,1.35,Bargain Hunter,1.64,0.3,0.445,5.5,59.05,4
product,PRD-07,Ergonomic Mesh Office Chair,Furniture,8900.0,8760.0,13990.0,1.597,60,13,0.217,0.783,7,0,Year End,1.3,Major Event,1.5,Impulse Buyer,0.42,1.6,0.702,11.5,92.33,12
product,PRD-08,Pro Gaming Mechanical Keyboard,Gaming,5200.0,5160.0,6550.0,1.269,80,57,0.713,0.287,20,1,Festive Sale,1.4,Flash Deal,1.35,Loyal Customer,0.43,5.5,0.614,4.5,77.47,8
product,PRD-01,Organic Fairtrade Coffee 1kg,Grocery,1200.0,1160.0,1460.0,1.259,300,67,0.223,0.777,17,1,Regular,1.0,Flash Deal,1.35,Prime Member,0.7,11.8,0.603,5.5,77.82,8
product,PRD-02,Premium Running Shoes,Apparel,3900.0,3870.0,5360.0,1.385,110,63,0.573,0.427,19,1,Summer Off-peak,0.85,Festival,1.4,Bargain Hunter,1.48,2.0,0.524,9.5,71.12,9
product,PRD-03,Ultra HD 4K Monitor 27-inch,Electronics,18500.0,18400.0,21150.0,1.149,45,23,0.511,0.489,40,0,Summer Off-peak,0.85,Normal Day,1.0,Loyal Customer,0.44,4.5,0.453,1.5,50.23,2
product,PRD-04,Noise-Cancelling Headphones Pro,Electronics,4500.0,4490.0,5780.0,1.287,150,97,0.647,0.353,33,1,Regular,1.0,Festival,1.4,Loyal Customer,0.47,1.0,0.601,7.5,75.51,9
product,PRD-05,Smart Fitness Tracker Band,Wearables,2800.0,2780.0,4140.0,1.489,200,21,0.105,0.895,19,0,Year End,1.3,Major Event,1.5,Impulse Buyer,0.36,1.0,0.66,4.5,84.6,6
product,PRD-06,Organic Fairtrade Coffee 1kg,Grocery,1200.0,1250.0,1190.0,0.952,300,89,0.297,0.703,8,0,Regular,1.0,Normal Day,1.0,Prime Member,0.71,2.8,0.46,2.5,53.66,2
product,PRD-07,Premium Running Shoes,Apparel,3900.0,3740.0,3900.0,1.043,110,89,0.809,0.191,21,0,Regular,1.0,Weekend,1.1,Bargain Hunter,1.51,1.2,0.372,1.5,45.41,0
product,PRD-08,Pro Gaming Mechanical Keyboard,Gaming,5200.0,5080.0,5580.0,1.098,80,51,0.637,0.363,2,0,Summer Off-peak,0.85,Normal Day,1.0,Impulse Buyer,0.33,3.1,0.433,4.5,45.83,5
product,PRD-01,Hydro Stainless Thermal Flask,Home & Kitchen,1100.0,1090.0,1070.0,0.982,250,213,0.852,0.148,25,0,Regular,1.0,Normal Day,1.0,Loyal Customer,0.5,16.5,0.507,4.5,59.85,3
product,PRD-02,Noise-Cancelling Headphones Pro,Electronics,4500.0,4590.0,4400.0,0.959,150,105,0.7,0.3,26,0,Regular,1.0,Normal Day,1.0,Bargain Hunter,1.6,0.8,0.322,5.5,37.71,2
product,PRD-03,Pro Gaming Mechanical Keyboard,Gaming,5200.0,5150.0,7570.0,1.47,80,71,0.887,0.113,3,0,Festive Sale,1.4,Festival,1.4,Impulse Buyer,0.3,0.5,0.629,8.5,78.91,11
product,PRD-04,Ergonomic Mesh Office Chair,Furniture,8900.0,9180.0,9890.0,1.077,60,51,0.85,0.15,9,0,Summer Off-peak,0.85,Normal Day,1.0,Prime Member,0.72,4.0,0.409,3.5,45.05,1
product,PRD-05,Ergonomic Mesh Office Chair,Furniture,8900.0,9120.0,10430.0,1.144,60,30,0.5,0.5,18,1,Regular,1.0,Flash Deal,1.35,Loyal Customer,0.43,1.6,0.588,6.5,72.98,7
product,PRD-06,Hydro Stainless Thermal Flask,Home & Kitchen,1100.0,1100.0,1130.0,1.027,250,69,0.276,0.724,20,0,Regular,1.0,Weekend,1.1,Impulse Buyer,0.32,0.8,0.43,2.5,45.22,3
product,PRD-07,Organic Fairtrade Coffee 1kg,Grocery,1200.0,1160.0,1330.0,1.147,300,188,0.627,0.373,43,0,Summer Off-peak,0.85,Normal Day,1.0,Bargain Hunter,1.62,0.5,0.332,5.5,39.62,2
product,PRD-08,Organic Fairtrade Coffee 1kg,Grocery,1200.0,1220.0,1360.0,1.115,300,203,0.677,0.323,30,0,Summer Off-peak,0.85,Weekend,1.1,Impulse Buyer,0.33,5.4,0.509,5.5,58.68,6
product,PRD-01,Hydro Stainless Thermal Flask,Home & Kitchen,1100.0,1050.0,1160.0,1.105,250,244,0.976,0.024,11,0,Regular,1.0,Normal Day,1.0,Prime Member,0.68,5.0,0.452,5.5,52.1,3
product,PRD-02,Noise-Cancelling Headphones Pro,Electronics,4500.0,4450.0,5940.0,1.335,150,148,0.987,0.013,23,1,Summer Off-peak,0.85,Flash Deal,1.35,Prime Member,0.69,13.9,0.549,5.5,68.63,6
product,PRD-03,Premium Running Shoes,Apparel,3900.0,3920.0,4030.0,1.028,110,44,0.4,0.6,24,0,Regular,1.0,Normal Day,1.0,Loyal Customer,0.52,9.1,0.516,4.5,61.53,8
product,PRD-04,Ultra HD 4K Monitor 27-inch,Electronics,18500.0,18940.0,17720.0,0.936,45,26,0.578,0.422,37,0,Summer Off-peak,0.85,Normal Day,1.0,Prime Member,0.73,4.4,0.405,3.5,44.37,2
product,PRD-05,Pro Gaming Mechanical Keyboard,Gaming,5200.0,5170.0,7680.0,1.485,80,37,0.463,0.537,40,0,Year End,1.3,Festival,1.4,Impulse Buyer,0.45,0.7,0.579,3.5,71.64,4
product,PRD-06,Pro Gaming Mechanical Keyboard,Gaming,5200.0,4890.0,6710.0,1.372,80,52,0.65,0.35,35,0,Year End,1.3,Festival,1.4,Bargain Hunter,1.6,2.3,0.519,7.5,71.28,12
product,PRD-07,Ultra HD 4K Monitor 27-inch,Electronics,18500.0,18480.0,19600.0,1.061,45,28,0.622,0.378,17,0,Regular,1.0,Normal Day,1.0,Impulse Buyer,0.38,1.2,0.42,1.5,44.05,1
product,PRD-08,Hydro Stainless Thermal Flask,Home & Kitchen,1100.0,1130.0,1190.0,1.053,250,128,0.512,0.488,28,0,Regular,1.0,Normal Day,1.0,Loyal Customer,0.49,4.7,0.518,5.5,61.63,6
product,PRD-01,Premium Running Shoes,Apparel,3900.0,3950.0,3760.0,0.952,110,79,0.718,0.282,34,0,Regular,1.0,Normal Day,1.0,Prime Member,0.61,1.8,0.465,8.5,53.62,6
product,PRD-02,Smart Fitness Tracker Band,Wearables,2800.0,2770.0,2800.0,1.011,200,82,0.41,0.59,13,0,Regular,1.0,Normal Day,1.0,Loyal Customer,0.44,5.6,0.487,6.5,55.94,7
product,PRD-03,Organic Fairtrade Coffee 1kg,Grocery,1200.0,1160.0,1880.0,1.621,300,77,0.257,0.743,6,0,Festive Sale,1.4,Major Event,1.5,Impulse Buyer,0.42,2.2,0.637,3.5,81.21,3
product,PRD-04,Pro Gaming Mechanical Keyboard,Gaming,5200.0,5140.0,6730.0,1.309,80,21,0.263,0.738,37,0,Festive Sale,1.4,Festival,1.4,Prime Member,0.63,2.8,0.525,2.5,63.93,3
product,PRD-05,Pro Gaming Mechanical Keyboard,Gaming,5200.0,4940.0,5070.0,1.026,80,37,0.463,0.537,25,0,Regular,1.0,Normal Day,1.0,Bargain Hunter,1.56,2.2,0.386,5.5,48.21,5
product,PRD-06,Noise-Cancelling Headphones Pro,Electronics,4500.0,4780.0,6860.0,1.435,150,43,0.287,0.713,15,0,Year End,1.3,Major Event,1.5,Impulse Buyer,0.37,0.9,0.61,4.5,76.19,4
product,PRD-07,Organic Fairtrade Coffee 1kg,Grocery,1200.0,1210.0,1760.0,1.455,300,239,0.797,0.203,34,0,Festive Sale,1.4,Festival,1.4,Bargain Hunter,1.61,0.3,0.484,4.5,65.35,3
product,PRD-08,Premium Running Shoes,Apparel,3900.0,3870.0,5990.0,1.548,110,36,0.327,0.673,8,0,Year End,1.3,Festival,1.4,Impulse Buyer,0.44,1.2,0.693,7.5,90.96,9
product,PRD-01,Hydro Stainless Thermal Flask,Home & Kitchen,1100.0,1110.0,1120.0,1.009,250,206,0.824,0.176,36,0,Regular,1.0,Normal Day,1.0,Prime Member,0.69,11.5,0.415,3.5,45.77,2
product,PRD-02,Ergonomic Mesh Office Chair,Furniture,8900.0,8470.0,13000.0,1.535,60,14,0.233,0.767,17,1,Regular,1.0,Festival,1.4,Bargain Hunter,1.6,0.5,0.558,7.5,77.8,11
product,PRD-03,Ergonomic Mesh Office Chair,Furniture,8900.0,9360.0,11250.0,1.202,60,34,0.567,0.433,4,1,Regular,1.0,Flash Deal,1.35,Prime Member,0.83,2.1,0.581,6.5,75.21,8
product,PRD-04,Ultra HD 4K Monitor 27-inch,Electronics,18500.0,18480.0,25200.0,1.364,45,23,0.511,0.489,17,1,Regular,1.0,Flash Deal,1.35,Prime Member,0.7,4.9,0.603,6.5,77.82,6
product,PRD-05,Noise-Cancelling Headphones Pro,Electronics,4500.0,4770.0,5380.0,1.128,150,88,0.587,0.413,34,0,Regular,1.0,Weekend,1.1,Impulse Buyer,0.33,0.8,0.487,5.5,54.97,6
product,PRD-06,Ergonomic Mesh Office Chair,Furniture,8900.0,8820.0,11550.0,1.31,60,38,0.633,0.367,18,0,Festive Sale,1.4,Festival,1.4,Prime Member,0.81,4.5,0.559,4.5,71.39,7
product,PRD-07,Noise-Cancelling Headphones Pro,Electronics,4500.0,4300.0,6020.0,1.4,150,117,0.78,0.22,7,1,Festive Sale,1.4,Flash Deal,1.35,Prime Member,0.62,10.2,0.654,4.5,85.79,7
product,PRD-08,Premium Running Shoes,Apparel,3900.0,3830.0,5860.0,1.53,110,40,0.364,0.636,30,0,Year End,1.3,Festival,1.4,Loyal Customer,0.52,5.5,0.701,7.5,92.93,9
product,PRD-01,Ultra HD 4K Monitor 27-inch,Electronics,18500.0,18720.0,24050.0,1.285,45,40,0.889,0.111,41,1,Summer Off-peak,0.85,Flash Deal,1.35,Bargain Hunter,1.62,0.9,0.438,4.5,57.61,4
product,PRD-02,Noise-Cancelling Headphones Pro,Electronics,4500.0,4780.0,6280.0,1.314,150,108,0.72,0.28,27,0,Festive Sale,1.4,Festival,1.4,Impulse Buyer,0.33,1.7,0.609,3.5,75.69,4
product,PRD-03,Pro Gaming Mechanical Keyboard,Gaming,5200.0,5060.0,7630.0,1.508,80,56,0.7,0.3,6,0,Year End,1.3,Festival,1.4,Bargain Hunter,1.54,1.0,0.515,3.5,69.96,5
product,PRD-04,Organic Fairtrade Coffee 1kg,Grocery,1200.0,1210.0,1280.0,1.058,300,218,0.727,0.273,27,0,Summer Off-peak,0.85,Normal Day,1.0,Prime Member,0.65,10.2,0.455,2.5,52.35,1
product,PRD-05,Pro Gaming Mechanical Keyboard,Gaming,5200.0,5500.0,6750.0,1.227,80,73,0.912,0.088,41,1,Festive Sale,1.4,Flash Deal,1.35,Prime Member,0.66,3.8,0.619,6.5,80.31,8
product,PRD-06,Premium Running Shoes,Apparel,3900.0,3990.0,5830.0,1.461,110,37,0.336,0.664,14,0,Festive Sale,1.4,Major Event,1.5,Bargain Hunter,1.6,2.2,0.535,5.5,74.03,5
product,PRD-07,Smart Fitness Tracker Band,Wearables,2800.0,2850.0,4680.0,1.642,200,22,0.11,0.89,24,0,Year End,1.3,Major Event,1.5,Bargain Hunter,1.59,1.0,0.596,6.5,84.27,8
product,PRD-08,Noise-Cancelling Headphones Pro,Electronics,4500.0,4540.0,6400.0,1.41,150,57,0.38,0.62,11,0,Festive Sale,1.4,Festival,1.4,Impulse Buyer,0.34,0.9,0.628,5.5,78.97,7
product,PRD-01,Noise-Cancelling Headphones Pro,Electronics,4500.0,4470.0,6620.0,1.481,150,56,0.373,0.627,33,0,Year End,1.3,Festival,1.4,Impulse Buyer,0.37,3.2,0.632,7.5,80.04,12
product,PRD-02,Smart Fitness Tracker Band,Wearables,2800.0,2940.0,3060.0,1.041,200,178,0.89,0.11,33,0,Regular,1.0,Weekend,1.1,Bargain Hunter,1.66,0.8,0.347,3.5,42.5,2
product,PRD-03,Hydro Stainless Thermal Flask,Home & Kitchen,1100.0,1150.0,1670.0,1.452,250,63,0.252,0.748,30,0,Year End,1.3,Major Event,1.5,Prime Member,0.67,6.1,0.669,10.5,88.77,14
product,PRD-04,Noise-Cancelling Headphones Pro,Electronics,4500.0,4450.0,4720.0,1.061,150,97,0.647,0.353,42,0,Regular,1.0,Normal Day,1.0,Prime Member,0.78,11.8,0.464,4.5,54.93,5
product,PRD-05,Ergonomic Mesh Office Chair,Furniture,8900.0,8990.0,9330.0,1.038,60,32,0.533,0.467,16,0,Regular,1.0,Normal Day,1.0,Loyal Customer,0.5,9.1,0.456,2.5,51.11,0
product,PRD-06,Premium Running Shoes,Apparel,3900.0,3740.0,6190.0,1.655,110,74,0.673,0.327,40,0,Festive Sale,1.4,Major Event,1.5,Loyal Customer,0.55,12.1,0.738,7.5,99.56,10
product,PRD-07,Organic Fairtrade Coffee 1kg,Grocery,1200.0,1190.0,1210.0,1.017,300,67,0.223,0.777,44,0,Summer Off-peak,0.85,Normal Day,1.0,Impulse Buyer,0.38,0.5,0.455,3.5,49.94,1
product,PRD-08,Pro Gaming Mechanical Keyboard,Gaming,5200.0,5140.0,5510.0,1.072,80,48,0.6,0.4,22,0,Summer Off-peak,0.85,Weekend,1.1,Prime Member,0.67,9.2,0.454,5.5,52.22,6
product,PRD-01,Premium Running Shoes,Apparel,3900.0,3770.0,5320.0,1.411,110,58,0.527,0.473,6,1,Regular,1.0,Festival,1.4,Loyal Customer,0.5,5.6,0.655,7.5,85.08,11
product,PRD-02,Smart Fitness Tracker Band,Wearables,2800.0,2880.0,2890.0,1.003,200,149,0.745,0.255,7,0,Summer Off-peak,0.85,Normal Day,1.0,Impulse Buyer,0.35,0.0,0.46,1.5,50.61,1
product,PRD-03,Hydro Stainless Thermal Flask,Home & Kitchen,1100.0,1070.0,1470.0,1.374,250,115,0.46,0.54,33,1,Year End,1.3,Festival,1.4,Impulse Buyer,0.35,0.2,0.65,4.5,82.85,7
product,PRD-04,Ergonomic Mesh Office Chair,Furniture,8900.0,9000.0,9090.0,1.01,60,50,0.833,0.167,17,0,Summer Off-peak,0.85,Normal Day,1.0,Prime Member,0.66,7.3,0.393,6.5,41.79,7
product,PRD-05,Hydro Stainless Thermal Flask,Home & Kitchen,1100.0,1090.0,1480.0,1.358,250,178,0.712,0.288,9,1,Year End,1.3,Festival,1.4,Prime Member,0.72,8.9,0.648,8.5,85.63,13
product,PRD-06,Smart Fitness Tracker Band,Wearables,2800.0,2780.0,2730.0,0.982,200,123,0.615,0.385,35,0,Regular,1.0,Normal Day,1.0,Impulse Buyer,0.41,0.5,0.435,4.5,46.86,3
product,PRD-07,Ergonomic Mesh Office Chair,Furniture,8900.0,8500.0,11530.0,1.356,60,25,0.417,0.583,33,1,Festive Sale,1.4,Festival,1.4,Loyal Customer,0.57,6.0,0.657,3.5,86.01,4
product,PRD-08,Hydro Stainless Thermal Flask,Home & Kitchen,1100.0,1110.0,1330.0,1.198,250,184,0.736,0.264,20,1,Festive Sale,1.4,Flash Deal,1.35,Prime Member,0.66,8.8,0.653,5.5,86.0,7
product,PRD-01,Ultra HD 4K Monitor 27-inch,Electronics,18500.0,18430.0,17540.0,0.952,45,13,0.289,0.711,20,0,Regular,1.0,Normal Day,1.0,Prime Member,0.71,8.9,0.41,1.5,45.2,1
product,PRD-02,Premium Running Shoes,Apparel,3900.0,4070.0,4810.0,1.182,110,60,0.545,0.455,44,1,Year End,1.3,Flash Deal,1.35,Prime Member,0.69,1.5,0.602,7.5,77.53,11
product,PRD-03,Ultra HD 4K Monitor 27-inch,Electronics,18500.0,18290.0,19530.0,1.068,45,25,0.556,0.444,19,0,Regular,1.0,Normal Day,1.0,Loyal Customer,0.43,2.1,0.49,3.5,56.28,6
product,PRD-04,Premium Running Shoes,Apparel,3900.0,3950.0,6080.0,1.539,110,88,0.8,0.2,12,0,Festive Sale,1.4,Festival,1.4,Impulse Buyer,0.38,0.5,0.55,4.5,66.07,2
product,PRD-05,Hydro Stainless Thermal Flask,Home & Kitchen,1100.0,1100.0,1230.0,1.118,250,70,0.28,0.72,3,0,Summer Off-peak,0.85,Normal Day,1.0,Bargain Hunter,1.62,0.2,0.35,2.5,42.6,1
product,PRD-06,Noise-Cancelling Headphones Pro,Electronics,4500.0,4590.0,5990.0,1.305,150,83,0.553,0.447,40,1,Year End,1.3,Flash Deal,1.35,Loyal Customer,0.47,7.6,0.693,8.5,91.25,15
product,PRD-07,Hydro Stainless Thermal Flask,Home & Kitchen,1100.0,1110.0,1070.0,0.964,250,132,0.528,0.472,37,0,Regular,1.0,Weekend,1.1,Loyal Customer,0.48,6.8,0.45,2.5,49.98,1
product,PRD-08,Smart Fitness Tracker Band,Wearables,2800.0,2920.0,4420.0,1.514,200,126,0.63,0.37,17,0,Festive Sale,1.4,Major Event,1.5,Loyal Customer,0.58,5.3,0.635,5.5,82.26,6
product,PRD-01,Ergonomic Mesh Office Chair,Furniture,8900.0,8830.0,12490.0,1.414,60,49,0.817,0.183,23,1,Festive Sale,1.4,Festival,1.4,Impulse Buyer,0.37,0.3,0.677,7.5,87.7,13
product,PRD-02,Premium Running Shoes,Apparel,3900.0,3870.0,4270.0,1.103,110,84,0.764,0.236,28,0,Regular,1.0,Weekend,1.1,Bargain Hunter,1.53,1.6,0.412,5.5,52.53,4
product,PRD-03,Organic Fairtrade Coffee 1kg,Grocery,1200.0,1090.0,1910.0,1.752,300,45,0.15,0.85,12,0,Festive Sale,1.4,Major Event,1.5,Impulse Buyer,0.39,2.9,0.724,6.5,95.81,10
product,PRD-04,Hydro Stainless Thermal Flask,Home & Kitchen,1100.0,1100.0,1270.0,1.155,250,133,0.532,0.468,2,0,Summer Off-peak,0.85,Weekend,1.1,Loyal Customer,0.44,2.4,0.466,2.5,52.43,3
product,PRD-05,Pro Gaming Mechanical Keyboard,Gaming,5200.0,5070.0,7120.0,1.404,80,44,0.55,0.45,5,0,Year End,1.3,Major Event,1.5,Bargain Hunter,1.62,0.6,0.564,8.5,79.04,11
product,PRD-06,Smart Fitness Tracker Band,Wearables,2800.0,2980.0,3160.0,1.06,200,56,0.28,0.72,19,0,Summer Off-peak,0.85,Normal Day,1.0,Impulse Buyer,0.47,0.2,0.416,4.5,44.12,6
product,PRD-07,Ergonomic Mesh Office Chair,Furniture,8900.0,9260.0,8690.0,0.938,60,52,0.867,0.133,6,0,Regular,1.0,Normal Day,1.0,Impulse Buyer,0.41,1.7,0.437,4.5,47.14,5
product,PRD-08,Smart Fitness Tracker Band,Wearables,2800.0,2830.0,3670.0,1.297,200,135,0.675,0.325,7,1,Festive Sale,1.4,Festival,1.4,Prime Member,0.64,4.1,0.627,6.5,81.4,10
product,PRD-01,Ergonomic Mesh Office Chair,Furniture,8900.0,9190.0,13920.0,1.515,60,39,0.65,0.35,24,0,Festive Sale,1.4,Major Event,1.5,Loyal Customer,0.5,8.7,0.712,6.5,94.73,10
product,PRD-02,Organic Fairtrade Coffee 1kg,Grocery,1200.0,1210.0,1190.0,0.983,300,119,0.397,0.603,36,0,Regular,1.0,Normal Day,1.0,Bargain Hunter,1.6,0.5,0.38,4.5,47.63,5
product,PRD-03,Organic Fairtrade Coffee 1kg,Grocery,1200.0,1200.0,1800.0,1.5,300,226,0.753,0.247,25,0,Festive Sale,1.4,Festival,1.4,Prime Member,0.65,3.6,0.659,7.5,86.96,8
product,PRD-04,Pro Gaming Mechanical Keyboard,Gaming,5200.0,5000.0,5160.0,1.032,80,33,0.412,0.588,27,0,Regular,1.0,Normal Day,1.0,Prime Member,0.6,6.4,0.508,7.5,60.78,7
product,PRD-05,Ergonomic Mesh Office Chair,Furniture,8900.0,8810.0,14810.0,1.681,60,11,0.183,0.817,20,0,Festive Sale,1.4,Major Event,1.5,Loyal Customer,0.56,7.5,0.716,7.5,95.86,11
product,PRD-06,Organic Fairtrade Coffee 1kg,Grocery,1200.0,1250.0,1210.0,0.968,300,95,0.317,0.683,44,0,Summer Off-peak,0.85,Normal Day,1.0,Impulse Buyer,0.45,1.3,0.414,4.5,43.64,5
product,PRD-07,Organic Fairtrade Coffee 1kg,Grocery,1200.0,1180.0,1400.0,1.186,300,181,0.603,0.397,40,0,Regular,1.0,Weekend,1.1,Impulse Buyer,0.34,0.2,0.441,5.5,47.19,2
product,PRD-08,Ultra HD 4K Monitor 27-inch,Electronics,18500.0,18470.0,29610.0,1.603,45,30,0.667,0.333,5,0,Festive Sale,1.4,Major Event,1.5,Impulse Buyer,0.32,1.9,0.644,6.5,81.62,8
product,PRD-01,Premium Running Shoes,Apparel,3900.0,4070.0,4360.0,1.071,110,49,0.445,0.555,34,0,Regular,1.0,Weekend,1.1,Prime Member,0.72,4.5,0.478,3.5,56.72,1
product,PRD-02,Ultra HD 4K Monitor 27-inch,Electronics,18500.0,18340.0,25260.0,1.377,45,32,0.711,0.289,22,1,Summer Off-peak,0.85,Festival,1.4,Bargain Hunter,1.59,0.0,0.515,8.5,70.45,8
product,PRD-03,Smart Fitness Tracker Band,Wearables,2800.0,2760.0,4420.0,1.601,200,189,0.945,0.055,26,0,Festive Sale,1.4,Festival,1.4,Bargain Hunter,1.62,0.5,0.554,9.5,77.31,10
product,PRD-04,Smart Fitness Tracker Band,Wearables,2800.0,2760.0,3410.0,1.236,200,67,0.335,0.665,43,1,Summer Off-peak,0.85,Flash Deal,1.35,Prime Member,0.73,1.9,0.601,10.5,77.7,12
product,PRD-05,Ultra HD 4K Monitor 27-inch,Electronics,18500.0,18940.0,23960.0,1.265,45,18,0.4,0.6,31,1,Summer Off-peak,0.85,Flash Deal,1.35,Impulse Buyer,0.38,2.3,0.636,8.5,80.67,8
product,PRD-06,Hydro Stainless Thermal Flask,Home & Kitchen,1100.0,1170.0,1710.0,1.462,250,121,0.484,0.516,43,0,Festive Sale,1.4,Major Event,1.5,Loyal Customer,0.45,5.4,0.706,9.5,93.16,14
product,PRD-07,Smart Fitness Tracker Band,Wearables,2800.0,2820.0,3920.0,1.39,200,136,0.68,0.32,34,0,Festive Sale,1.4,Festival,1.4,Prime Member,0.67,3.8,0.646,9.5,84.92,9
product,PRD-08,Pro Gaming Mechanical Keyboard,Gaming,5200.0,5440.0,4790.0,0.881,80,40,0.5,0.5,23,0,Summer Off-peak,0.85,Normal Day,1.0,Bargain Hunter,1.63,1.0,0.291,4.5,32.64,3
product,PRD-01,Smart Fitness Tracker Band,Wearables,2800.0,2900.0,2860.0,0.986,200,82,0.41,0.59,25,0,Regular,1.0,Normal Day,1.0,Prime Member,0.75,8.0,0.458,3.5,53.64,2
product,PRD-02,Smart Fitness Tracker Band,Wearables,2800.0,2850.0,3880.0,1.361,200,172,0.86,0.14,20,0,Festive Sale,1.4,Festival,1.4,Prime Member,0.64,3.3,0.595,9.5,76.07,14
product,PRD-03,Ultra HD 4K Monitor 27-inch,Electronics,18500.0,18150.0,27410.0,1.51,45,27,0.6,0.4,19,0,Festive Sale,1.4,Major Event,1.5,Prime Member,0.73,2.1,0.621,5.5,81.13,7
product,PRD-04,Premium Running Shoes,Apparel,3900.0,3740.0,5330.0,1.425,110,94,0.855,0.145,9,1,Festive Sale,1.4,Festival,1.4,Bargain Hunter,1.6,0.5,0.576,7.5,80.89,4
product,PRD-05,Ultra HD 4K Monitor 27-inch,Electronics,18500.0,19570.0,26190.0,1.338,45,30,0.667,0.333,11,1,Regular,1.0,Flash Deal,1.35,Prime Member,0.7,1.9,0.59,5.5,75.68,10
product,PRD-06,Organic Fairtrade Coffee 1kg,Grocery,1200.0,1200.0,1610.0,1.342,300,188,0.627,0.373,8,1,Regular,1.0,Festival,1.4,Loyal Customer,0.53,3.8,0.579,5.5,72.27,4
product,PRD-07,Smart Fitness Tracker Band,Wearables,2800.0,2860.0,3130.0,1.094,200,148,0.74,0.26,7,0,Regular,1.0,Weekend,1.1,Bargain Hunter,1.59,1.3,0.337,0.5,40.13,0
product,PRD-08,Organic Fairtrade Coffee 1kg,Grocery,1200.0,1230.0,1480.0,1.203,300,96,0.32,0.68,8,1,Regular,1.0,Flash Deal,1.35,Bargain Hunter,1.56,4.8,0.53,5.5,72.84,4
product,PRD-01,Organic Fairtrade Coffee 1kg,Grocery,1200.0,1250.0,1800.0,1.44,300,95,0.317,0.683,22,0,Festive Sale,1.4,Major Event,1.5,Impulse Buyer,0.31,0.4,0.683,7.5,88.23,8
product,PRD-02,Ergonomic Mesh Office Chair,Furniture,8900.0,9260.0,11880.0,1.283,60,43,0.717,0.283,24,1,Summer Off-peak,0.85,Festival,1.4,Bargain Hunter,1.64,2.3,0.472,4.5,63.65,5
product,PRD-03,Pro Gaming Mechanical Keyboard,Gaming,5200.0,4960.0,7450.0,1.502,80,33,0.412,0.588,2,0,Festive Sale,1.4,Festival,1.4,Bargain Hunter,1.64,0.8,0.507,3.5,69.6,5
product,PRD-04,Noise-Cancelling Headphones Pro,Electronics,4500.0,4590.0,6580.0,1.434,150,122,0.813,0.187,27,0,Year End,1.3,Major Event,1.5,Prime Member,0.75,6.9,0.611,10.5,79.71,14
product,PRD-05,Noise-Cancelling Headphones Pro,Electronics,4500.0,4630.0,4310.0,0.931,150,72,0.48,0.52,1,0,Regular,1.0,Normal Day,1.0,Prime Member,0.71,3.4,0.439,1.5,50.0,0
product,PRD-06,Pro Gaming Mechanical Keyboard,Gaming,5200.0,5250.0,7790.0,1.484,80,66,0.825,0.175,39,0,Festive Sale,1.4,Major Event,1.5,Prime Member,0.77,10.8,0.68,7.5,91.56,11
product,PRD-07,Ergonomic Mesh Office Chair,Furniture,8900.0,8680.0,8780.0,1.012,60,25,0.417,0.583,32,0,Regular,1.0,Normal Day,1.0,Bargain Hunter,1.6,1.1,0.289,2.5,32.13,0
product,PRD-08,Ergonomic Mesh Office Chair,Furniture,8900.0,9270.0,9790.0,1.056,60,47,0.783,0.217,17,0,Regular,1.0,Normal Day,1.0,Bargain Hunter,1.6,1.4,0.328,2.5,38.75,0
product,PRD-01,Ergonomic Mesh Office Chair,Furniture,8900.0,9070.0,8440.0,0.931,60,25,0.417,0.583,25,0,Regular,1.0,Normal Day,1.0,Bargain Hunter,1.66,0.7,0.376,5.5,47.36,3
product,PRD-02,Smart Fitness Tracker Band,Wearables,2800.0,3000.0,3630.0,1.21,200,112,0.56,0.44,17,1,Regular,1.0,Flash Deal,1.35,Bargain Hunter,1.56,1.1,0.494,5.5,66.72,6
product,PRD-03,Noise-Cancelling Headphones Pro,Electronics,4500.0,4390.0,5710.0,1.301,150,79,0.527,0.473,33,1,Festive Sale,1.4,Flash Deal,1.35,Bargain Hunter,1.48,1.4,0.589,10.5,82.09,15
product,PRD-04,Ergonomic Mesh Office Chair,Furniture,8900.0,9160.0,9190.0,1.003,60,10,0.167,0.833,6,0,Regular,1.0,Normal Day,1.0,Impulse Buyer,0.39,1.2,0.586,6.5,72.31,7
product,PRD-05,Noise-Cancelling Headphones Pro,Electronics,4500.0,4650.0,6640.0,1.428,150,112,0.747,0.253,20,0,Festive Sale,1.4,Major Event,1.5,Bargain Hunter,1.6,0.3,0.487,3.5,65.83,2
product,PRD-06,Noise-Cancelling Headphones Pro,Electronics,4500.0,4680.0,6650.0,1.421,150,36,0.24,0.76,14,0,Year End,1.3,Major Event,1.5,Impulse Buyer,0.41,0.5,0.68,4.5,88.45,5
product,PRD-07,Ergonomic Mesh Office Chair,Furniture,8900.0,8910.0,9090.0,1.02,60,40,0.667,0.333,41,0,Regular,1.0,Normal Day,1.0,Impulse Buyer,0.42,2.0,0.469,4.5,52.63,4
product,PRD-08,Pro Gaming Mechanical Keyboard,Gaming,5200.0,4960.0,5260.0,1.06,80,52,0.65,0.35,41,0,Regular,1.0,Normal Day,1.0,Loyal Customer,0.51,5.7,0.479,3.5,55.24,4
product,PRD-01,Noise-Cancelling Headphones Pro,Electronics,4500.0,4600.0,5200.0,1.13,150,107,0.713,0.287,28,0,Regular,1.0,Weekend,1.1,Prime Member,0.62,2.7,0.483,3.5,56.84,3
product,PRD-02,Premium Running Shoes,Apparel,3900.0,3790.0,4920.0,1.298,110,92,0.836,0.164,27,1,Regular,1.0,Flash Deal,1.35,Impulse Buyer,0.45,0.2,0.572,6.5,70.52,7
product,PRD-03,Pro Gaming Mechanical Keyboard,Gaming,5200.0,5210.0,7560.0,1.451,80,54,0.675,0.325,13,0,Year End,1.3,Festival,1.4,Bargain Hunter,1.69,0.3,0.499,8.5,68.58,11
product,PRD-04,Smart Fitness Tracker Band,Wearables,2800.0,2730.0,2860.0,1.048,200,159,0.795,0.205,35,0,Summer Off-peak,0.85,Normal Day,1.0,Bargain Hunter,1.54,1.3,0.309,1.5,35.0,2
product,PRD-05,Premium Running Shoes,Apparel,3900.0,3950.0,4900.0,1.241,110,93,0.845,0.155,7,1,Regular,1.0,Flash Deal,1.35,Bargain Hunter,1.67,0.7,0.461,5.5,62.04,3
product,PRD-06,Noise-Cancelling Headphones Pro,Electronics,4500.0,4730.0,4800.0,1.015,150,33,0.22,0.78,7,0,Regular,1.0,Normal Day,1.0,Impulse Buyer,0.39,0.3,0.5,2.5,57.8,4
product,PRD-07,Ergonomic Mesh Office Chair,Furniture,8900.0,8980.0,11750.0,1.308,60,19,0.317,0.683,29,1,Year End,1.3,Flash Deal,1.35,Bargain Hunter,1.71,0.5,0.63,14.5,91.06,18
product,PRD-08,Organic Fairtrade Coffee 1kg,Grocery,1200.0,1220.0,1440.0,1.18,300,195,0.65,0.35,19,1,Regular,1.0,Flash Deal,1.35,Loyal Customer,0.54,7.3,0.63,8.5,81.1,12
product,PRD-01,Ergonomic Mesh Office Chair,Furniture,8900.0,9160.0,9360.0,1.022,60,34,0.567,0.433,37,0,Regular,1.0,Normal Day,1.0,Bargain Hunter,1.68,0.4,0.32,4.5,38.13,3
product,PRD-02,Ergonomic Mesh Office Chair,Furniture,8900.0,9110.0,10310.0,1.132,60,50,0.833,0.167,25,0,Regular,1.0,Weekend,1.1,Impulse Buyer,0.41,1.7,0.424,1.5,44.9,2
product,PRD-03,Pro Gaming Mechanical Keyboard,Gaming,5200.0,5030.0,4940.0,0.982,80,70,0.875,0.125,9,0,Regular,1.0,Normal Day,1.0,Impulse Buyer,0.4,1.2,0.37,1.5,35.78,0
product,PRD-04,Noise-Cancelling Headphones Pro,Electronics,4500.0,4760.0,5100.0,1.071,150,67,0.447,0.553,32,0,Regular,1.0,Weekend,1.1,Impulse Buyer,0.44,0.4,0.471,2.5,53.29,3
product,PRD-05,Hydro Stainless Thermal Flask,Home & Kitchen,1100.0,1100.0,1630.0,1.482,250,139,0.556,0.444,37,0,Festive Sale,1.4,Festival,1.4,Prime Member,0.71,3.2,0.639,6.5,84.12,11
product,PRD-06,Ergonomic Mesh Office Chair,Furniture,8900.0,8850.0,8570.0,0.968,60,15,0.25,0.75,8,0,Regular,1.0,Normal Day,1.0,Loyal Customer,0.52,5.7,0.472,2.5,54.02,2
product,PRD-07,Organic Fairtrade Coffee 1kg,Grocery,1200.0,1190.0,1180.0,0.992,300,208,0.693,0.307,29,0,Regular,1.0,Normal Day,1.0,Prime Member,0.66,13.0,0.471,2.5,55.15,2
product,PRD-08,Pro Gaming Mechanical Keyboard,Gaming,5200.0,5140.0,6380.0,1.241,80,22,0.275,0.725,31,1,Summer Off-peak,0.85,Flash Deal,1.35,Prime Member,0.67,0.9,0.595,9.5,76.22,15
product,PRD-01,Ultra HD 4K Monitor 27-inch,Electronics,18500.0,18610.0,23600.0,1.268,45,21,0.467,0.533,15,1,Year End,1.3,Festival,1.4,Loyal Customer,0.59,3.4,0.649,8.5,84.7,11
product,PRD-02,Smart Fitness Tracker Band,Wearables,2800.0,2910.0,3920.0,1.347,200,165,0.825,0.175,17,0,Festive Sale,1.4,Major Event,1.5,Impulse Buyer,0.41,0.4,0.62,6.5,78.22,8
product,PRD-03,Premium Running Shoes,Apparel,3900.0,3860.0,5960.0,1.544,110,59,0.536,0.464,14,0,Festive Sale,1.4,Major Event,1.5,Prime Member,0.7,1.2,0.654,7.5,86.6,9
product,PRD-04,Ultra HD 4K Monitor 27-inch,Electronics,18500.0,17900.0,25050.0,1.399,45,10,0.222,0.778,10,1,Festive Sale,1.4,Flash Deal,1.35,Impulse Buyer,0.32,0.9,0.686,7.5,88.79,10
product,PRD-05,Hydro Stainless Thermal Flask,Home & Kitchen,1100.0,1070.0,1020.0,0.953,250,179,0.716,0.284,35,0,Regular,1.0,Normal Day,1.0,Bargain Hunter,1.64,2.0,0.313,4.5,36.62,3
product,PRD-06,Ultra HD 4K Monitor 27-inch,Electronics,18500.0,19450.0,18610.0,0.957,45,20,0.444,0.556,17,0,Regular,1.0,Normal Day,1.0,Impulse Buyer,0.38,3.8,0.483,4.5,54.8,4
product,PRD-07,Premium Running Shoes,Apparel,3900.0,3920.0,5140.0,1.311,110,57,0.518,0.482,30,1,Regular,1.0,Flash Deal,1.35,Prime Member,0.7,4.9,0.604,10.5,77.99,11
product,PRD-08,Hydro Stainless Thermal Flask,Home & Kitchen,1100.0,1090.0,1530.0,1.404,250,156,0.624,0.376,30,1,Regular,1.0,Festival,1.4,Bargain Hunter,1.7,0.9,0.545,8.5,76.42,7
product,PRD-01,Pro Gaming Mechanical Keyboard,Gaming,5200.0,5360.0,7050.0,1.315,80,37,0.463,0.537,37,1,Regular,1.0,Flash Deal,1.35,Bargain Hunter,1.57,0.1,0.543,7.5,75.02,9
product,PRD-02,Pro Gaming Mechanical Keyboard,Gaming,5200.0,5460.0,6840.0,1.253,80,42,0.525,0.475,23,1,Festive Sale,1.4,Festival,1.4,Impulse Buyer,0.37,0.3,0.693,4.5,90.44,6
product,PRD-03,Noise-Cancelling Headphones Pro,Electronics,4500.0,4760.0,5350.0,1.124,150,103,0.687,0.313,7,0,Regular,1.0,Weekend,1.1,Bargain Hunter,1.65,3.5,0.437,5.5,57.78,2
product,PRD-04,Ultra HD 4K Monitor 27-inch,Electronics,18500.0,17920.0,25900.0,1.445,45,33,0.733,0.267,11,1,Festive Sale,1.4,Flash Deal,1.35,Prime Member,0.76,3.5,0.65,5.5,86.33,5
product,PRD-05,Pro Gaming Mechanical Keyboard,Gaming,5200.0,5140.0,7290.0,1.418,80,35,0.438,0.562,39,0,Year End,1.3,Festival,1.4,Bargain Hunter,1.64,0.4,0.517,5.5,71.31,7
product,PRD-06,Organic Fairtrade Coffee 1kg,Grocery,1200.0,1150.0,1760.0,1.53,300,254,0.847,0.153,10,0,Festive Sale,1.4,Festival,1.4,Loyal Customer,0.49,3.0,0.582,4.5,72.43,6
product,PRD-07,Premium Running Shoes,Apparel,3900.0,3980.0,5160.0,1.296,110,77,0.7,0.3,19,1,Regular,1.0,Festival,1.4,Loyal Customer,0.53,1.2,0.623,9.5,79.77,10
product,PRD-08,Premium Running Shoes,Apparel,3900.0,3780.0,3900.0,1.032,110,71,0.645,0.355,26,0,Regular,1.0,Normal Day,1.0,Bargain Hunter,1.64,0.5,0.378,4.5,47.63,4
product,PRD-01,Ultra HD 4K Monitor 27-inch,Electronics,18500.0,18480.0,17550.0,0.95,45,25,0.556,0.444,15,0,Regular,1.0,Normal Day,1.0,Loyal Customer,0.48,5.0,0.457,3.5,51.18,2
product,PRD-02,Hydro Stainless Thermal Flask,Home & Kitchen,1100.0,1110.0,1170.0,1.054,250,182,0.728,0.272,2,0,Summer Off-peak,0.85,Weekend,1.1,Bargain Hunter,1.6,0.1,0.288,0.5,32.01,0
product,PRD-03,Organic Fairtrade Coffee 1kg,Grocery,1200.0,1180.0,1580.0,1.339,300,241,0.803,0.197,3,0,Festive Sale,1.4,Festival,1.4,Bargain Hunter,1.51,1.1,0.485,4.5,64.67,4
product,PRD-04,Ultra HD 4K Monitor 27-inch,Electronics,18500.0,18110.0,23560.0,1.301,45,24,0.533,0.467,40,1,Summer Off-peak,0.85,Flash Deal,1.35,Bargain Hunter,1.69,4.9,0.472,6.5,64.04,10
product,PRD-05,Organic Fairtrade Coffee 1kg,Grocery,1200.0,1310.0,1250.0,0.954,300,262,0.873,0.127,10,0,Regular,1.0,Normal Day,1.0,Prime Member,0.73,3.0,0.422,4.5,47.31,3
product,PRD-06,Organic Fairtrade Coffee 1kg,Grocery,1200.0,1160.0,1230.0,1.06,300,152,0.507,0.493,41,0,Regular,1.0,Normal Day,1.0,Bargain Hunter,1.57,3.7,0.42,3.5,54.13,3
product,PRD-07,Ergonomic Mesh Office Chair,Furniture,8900.0,8950.0,9450.0,1.056,60,12,0.2,0.8,36,0,Regular,1.0,Normal Day,1.0,Impulse Buyer,0.41,3.6,0.445,2.5,48.5,3
product,PRD-08,Pro Gaming Mechanical Keyboard,Gaming,5200.0,4980.0,7190.0,1.444,80,70,0.875,0.125,40,1,Summer Off-peak,0.85,Festival,1.4,Bargain Hunter,1.57,1.7,0.487,6.5,65.5,6
product,PRD-01,Hydro Stainless Thermal Flask,Home & Kitchen,1100.0,1120.0,1390.0,1.241,250,124,0.496,0.504,41,0,Year End,1.3,Festival,1.4,Impulse Buyer,0.38,0.2,0.593,6.5,73.51,8
product,PRD-02,Hydro Stainless Thermal Flask,Home & Kitchen,1100.0,1070.0,1210.0,1.131,250,160,0.64,0.36,29,0,Regular,1.0,Normal Day,1.0,Prime Member,0.71,2.9,0.427,2.5,48.06,1
product,PRD-03,Ultra HD 4K Monitor 27-inch,Electronics,18500.0,17540.0,24570.0,1.401,45,25,0.556,0.444,44,1,Regular,1.0,Flash Deal,1.35,Bargain Hunter,1.67,2.1,0.558,5.5,78.51,6
product,PRD-04,Premium Running Shoes,Apparel,3900.0,3860.0,5550.0,1.438,110,91,0.827,0.173,22,0,Festive Sale,1.4,Festival,1.4,Prime Member,0.73,1.9,0.617,6.5,80.43,5
product,PRD-05,Premium Running Shoes,Apparel,3900.0,4090.0,5200.0,1.271,110,18,0.164,0.836,11,1,Regular,1.0,Festival,1.4,Impulse Buyer,0.36,0.9,0.621,9.5,78.07,7
product,PRD-06,Hydro Stainless Thermal Flask,Home & Kitchen,1100.0,1110.0,1650.0,1.486,250,177,0.708,0.292,9,0,Festive Sale,1.4,Festival,1.4,Prime Member,0.67,4.7,0.563,4.5,70.8,3
product,PRD-07,Ultra HD 4K Monitor 27-inch,Electronics,18500.0,18100.0,20060.0,1.108,45,21,0.467,0.533,11,0,Regular,1.0,Normal Day,1.0,Impulse Buyer,0.45,0.6,0.476,3.5,54.08,1
product,PRD-08,Organic Fairtrade Coffee 1kg,Grocery,1200.0,1200.0,1260.0,1.05,300,130,0.433,0.567,29,0,Regular,1.0,Normal Day,1.0,Bargain Hunter,1.59,0.7,0.381,2.5,47.75,3
product,PRD-01,Hydro Stainless Thermal Flask,Home & Kitchen,1100.0,1160.0,1750.0,1.509,250,166,0.664,0.336,27,0,Festive Sale,1.4,Major Event,1.5,Loyal Customer,0.41,7.8,0.65,5.5,83.43,7
product,PRD-02,Organic Fairtrade Coffee 1kg,Grocery,1200.0,1160.0,1240.0,1.069,300,196,0.653,0.347,24,0,Regular,1.0,Normal Day,1.0,Loyal Customer,0.59,2.6,0.482,5.5,56.37,6
product,PRD-03,Smart Fitness Tracker Band,Wearables,2800.0,2810.0,3000.0,1.068,200,106,0.53,0.47,12,0,Regular,1.0,Normal Day,1.0,Loyal Customer,0.47,5.9,0.448,0.5,49.57,0
product,PRD-04,Organic Fairtrade Coffee 1kg,Grocery,1200.0,1230.0,1570.0,1.276,300,161,0.537,0.463,8,1,Festive Sale,1.4,Festival,1.4,Prime Member,0.64,8.8,0.643,6.5,84.19,11
product,PRD-05,Smart Fitness Tracker Band,Wearables,2800.0,2960.0,3500.0,1.182,200,85,0.425,0.575,44,0,Regular,1.0,Weekend,1.1,Prime Member,0.7,9.9,0.505,2.5,61.25,3
product,PRD-06,Ergonomic Mesh Office Chair,Furniture,8900.0,8930.0,8470.0,0.948,60,17,0.283,0.717,24,0,Regular,1.0,Normal Day,1.0,Impulse Buyer,0.48,0.8,0.418,0.5,44.58,0
product,PRD-07,Ultra HD 4K Monitor 27-inch,Electronics,18500.0,18700.0,20970.0,1.121,45,23,0.511,0.489,39,0,Regular,1.0,Weekend,1.1,Bargain Hunter,1.54,0.6,0.358,4.5,43.41,2
product,PRD-08,Ergonomic Mesh Office Chair,Furniture,8900.0,8820.0,9860.0,1.118,60,38,0.633,0.367,41,0,Regular,1.0,Weekend,1.1,Impulse Buyer,0.42,0.4,0.424,2.5,45.05,2
product,PRD-01,Pro Gaming Mechanical Keyboard,Gaming,5200.0,5350.0,5270.0,0.985,80,58,0.725,0.275,20,0,Regular,1.0,Normal Day,1.0,Bargain Hunter,1.67,1.2,0.304,4.5,35.21,3
product,PRD-02,Premium Running Shoes,Apparel,3900.0,3830.0,4990.0,1.303,110,42,0.382,0.618,31,1,Regular,1.0,Flash Deal,1.35,Bargain Hunter,1.59,0.4,0.548,10.5,76.04,10
product,PRD-03,Pro Gaming Mechanical Keyboard,Gaming,5200.0,5350.0,7510.0,1.404,80,49,0.613,0.387,40,0,Year End,1.3,Festival,1.4,Prime Member,0.73,5.1,0.596,8.5,76.93,12
product,PRD-04,Pro Gaming Mechanical Keyboard,Gaming,5200.0,5160.0,7170.0,1.39,80,47,0.588,0.412,26,0,Festive Sale,1.4,Festival,1.4,Bargain Hunter,1.7,0.0,0.549,4.5,77.11,7
product,PRD-05,Organic Fairtrade Coffee 1kg,Grocery,1200.0,1150.0,1370.0,1.191,300,159,0.53,0.47,8,0,Regular,1.0,Weekend,1.1,Prime Member,0.76,7.9,0.474,1.5,56.36,3
product,PRD-06,Ergonomic Mesh Office Chair,Furniture,8900.0,9010.0,14470.0,1.606,60,42,0.7,0.3,13,0,Festive Sale,1.4,Major Event,1.5,Impulse Buyer,0.35,1.3,0.673,6.5,86.81,8
product,PRD-07,Noise-Cancelling Headphones Pro,Electronics,4500.0,4710.0,4380.0,0.93,150,119,0.793,0.207,6,0,Summer Off-peak,0.85,Normal Day,1.0,Impulse Buyer,0.43,1.6,0.391,3.5,39.56,3
product,PRD-08,Hydro Stainless Thermal Flask,Home & Kitchen,1100.0,1070.0,1720.0,1.607,250,206,0.824,0.176,33,0,Year End,1.3,Major Event,1.5,Bargain Hunter,1.61,0.1,0.575,7.5,80.82,7
product,PRD-01,Organic Fairtrade Coffee 1kg,Grocery,1200.0,1230.0,1340.0,1.089,300,207,0.69,0.31,11,0,Regular,1.0,Weekend,1.1,Loyal Customer,0.58,4.7,0.431,4.5,47.52,4
product,PRD-02,Noise-Cancelling Headphones Pro,Electronics,4500.0,4470.0,4810.0,1.076,150,92,0.613,0.387,30,0,Regular,1.0,Normal Day,1.0,Bargain Hunter,1.56,0.5,0.394,3.5,49.62,3
product,PRD-03,Pro Gaming Mechanical Keyboard,Gaming,5200.0,5450.0,6960.0,1.277,80,52,0.65,0.35,11,0,Festive Sale,1.4,Festival,1.4,Loyal Customer,0.57,5.9,0.664,9.5,87.14,11
product,PRD-04,Hydro Stainless Thermal Flask,Home & Kitchen,1100.0,1070.0,1170.0,1.093,250,210,0.84,0.16,6,0,Regular,1.0,Normal Day,1.0,Bargain Hunter,1.61,1.5,0.357,3.5,43.78,4
product,PRD-05,Smart Fitness Tracker Band,Wearables,2800.0,2980.0,3370.0,1.131,200,178,0.89,0.11,27,1,Regular,1.0,Flash Deal,1.35,Impulse Buyer,0.4,1.3,0.561,6.5,68.23,6
product,PRD-06,Smart Fitness Tracker Band,Wearables,2800.0,2730.0,3200.0,1.172,200,72,0.36,0.64,25,0,Summer Off-peak,0.85,Normal Day,1.0,Prime Member,0.77,9.2,0.497,3.5,60.43,4
product,PRD-07,Pro Gaming Mechanical Keyboard,Gaming,5200.0,5130.0,5140.0,1.002,80,47,0.588,0.412,10,0,Summer Off-peak,0.85,Normal Day,1.0,Prime Member,0.67,4.3,0.402,1.5,43.45,2
product,PRD-08,Ergonomic Mesh Office Chair,Furniture,8900.0,9380.0,9090.0,0.969,60,28,0.467,0.533,20,0,Regular,1.0,Normal Day,1.0,Bargain Hunter,1.65,2.8,0.306,1.5,35.51,0
product,PRD-01,Ergonomic Mesh Office Chair,Furniture,8900.0,8990.0,13670.0,1.521,60,34,0.567,0.433,21,0,Festive Sale,1.4,Major Event,1.5,Bargain Hunter,1.68,0.9,0.566,8.5,79.9,5
product,PRD-02,Smart Fitness Tracker Band,Wearables,2800.0,2790.0,3010.0,1.079,200,112,0.56,0.44,37,0,Regular,1.0,Weekend,1.1,Prime Member,0.76,3.0,0.415,1.5,46.46,3
product,PRD-03,Ergonomic Mesh Office Chair,Furniture,8900.0,8390.0,10830.0,1.291,60,21,0.35,0.65,6,0,Summer Off-peak,0.85,Weekend,1.1,Prime Member,0.67,3.5,0.486,3.5,57.68,1
product,PRD-04,Hydro Stainless Thermal Flask,Home & Kitchen,1100.0,1060.0,1490.0,1.406,250,74,0.296,0.704,33,0,Festive Sale,1.4,Festival,1.4,Loyal Customer,0.5,8.4,0.738,11.5,99.06,17
product,PRD-05,Pro Gaming Mechanical Keyboard,Gaming,5200.0,5390.0,5820.0,1.08,80,38,0.475,0.525,17,0,Summer Off-peak,0.85,Normal Day,1.0,Prime Member,0.66,1.1,0.459,3.5,53.04,4
product,PRD-06,Smart Fitness Tracker Band,Wearables,2800.0,2710.0,4400.0,1.624,200,113,0.565,0.435,25,0,Festive Sale,1.4,Major Event,1.5,Bargain Hunter,1.54,0.8,0.655,9.5,93.78,12
product,PRD-07,Noise-Cancelling Headphones Pro,Electronics,4500.0,4280.0,4520.0,1.056,150,140,0.933,0.067,38,0,Regular,1.0,Normal Day,1.0,Prime Member,0.69,6.0,0.384,3.5,40.5,3
product,PRD-08,Ergonomic Mesh Office Chair,Furniture,8900.0,8530.0,9880.0,1.158,60,37,0.617,0.383,5,0,Regular,1.0,Weekend,1.1,Prime Member,0.71,5.4,0.471,2.5,55.47,2
product,PRD-01,Noise-Cancelling Headphones Pro,Electronics,4500.0,4370.0,5450.0,1.247,150,125,0.833,0.167,27,1,Festive Sale,1.4,Flash Deal,1.35,Bargain Hunter,1.63,0.2,0.527,4.5,72.83,4
product,PRD-02,Hydro Stainless Thermal Flask,Home & Kitchen,1100.0,1130.0,1460.0,1.292,250,151,0.604,0.396,2,1,Year End,1.3,Festival,1.4,Impulse Buyer,0.43,0.7,0.733,10.5,97.71,12
product,PRD-03,Noise-Cancelling Headphones Pro,Electronics,4500.0,4410.0,6220.0,1.41,150,69,0.46,0.54,24,1,Regular,1.0,Flash Deal,1.35,Prime Member,0.74,6.0,0.645,12.5,85.31,21
product,PRD-04,Smart Fitness Tracker Band,Wearables,2800.0,2810.0,3800.0,1.352,200,129,0.645,0.355,2,1,Regular,1.0,Festival,1.4,Bargain Hunter,1.71,1.1,0.566,8.5,80.18,8
product,PRD-05,Ultra HD 4K Monitor 27-inch,Electronics,18500.0,18300.0,22130.0,1.209,45,34,0.756,0.244,22,0,Regular,1.0,Weekend,1.1,Prime Member,0.64,1.9,0.457,2.5,52.6,4
product,PRD-06,Ergonomic Mesh Office Chair,Furniture,8900.0,9180.0,11530.0,1.256,60,23,0.383,0.617,38,1,Regular,1.0,Festival,1.4,Prime Member,0.7,3.4,0.644,7.5,84.78,12
product,PRD-07,Hydro Stainless Thermal Flask,Home & Kitchen,1100.0,1080.0,1830.0,1.694,250,225,0.9,0.1,27,0,Festive Sale,1.4,Major Event,1.5,Prime Member,0.7,3.2,0.65,12.5,85.92,15
product,PRD-08,Pro Gaming Mechanical Keyboard,Gaming,5200.0,5280.0,5050.0,0.956,80,29,0.362,0.637,22,0,Regular,1.0,Normal Day,1.0,Bargain Hunter,1.54,0.2,0.375,4.5,46.31,0
product,PRD-01,Ultra HD 4K Monitor 27-inch,Electronics,18500.0,17770.0,26150.0,1.472,45,31,0.689,0.311,25,1,Festive Sale,1.4,Flash Deal,1.35,Bargain Hunter,1.51,0.6,0.587,8.5,82.1,9
product,PRD-02,Organic Fairtrade Coffee 1kg,Grocery,1200.0,1260.0,1230.0,0.976,300,279,0.93,0.07,31,0,Regular,1.0,Normal Day,1.0,Prime Member,0.72,3.8,0.415,4.5,46.13,2
product,PRD-03,Ultra HD 4K Monitor 27-inch,Electronics,18500.0,19160.0,24940.0,1.302,45,21,0.467,0.533,39,0,Year End,1.3,Festival,1.4,Impulse Buyer,0.33,0.2,0.627,7.5,78.73,10
product,PRD-04,Ultra HD 4K Monitor 27-inch,Electronics,18500.0,19500.0,25390.0,1.302,45,26,0.578,0.422,21,1,Regular,1.0,Festival,1.4,Prime Member,0.61,7.5,0.678,6.5,89.89,9
product,PRD-05,Ultra HD 4K Monitor 27-inch,Electronics,18500.0,18020.0,17650.0,0.979,45,24,0.533,0.467,1,0,Regular,1.0,Normal Day,1.0,Bargain Hunter,1.65,3.3,0.352,2.5,43.22,1
product,PRD-06,Ergonomic Mesh Office Chair,Furniture,8900.0,8930.0,9610.0,1.076,60,26,0.433,0.567,1,0,Summer Off-peak,0.85,Normal Day,1.0,Impulse Buyer,0.34,1.4,0.457,4.5,50.01,3
product,PRD-07,Ergonomic Mesh Office Chair,Furniture,8900.0,8240.0,11090.0,1.346,60,40,0.667,0.333,38,0,Regular,1.0,Weekend,1.1,Impulse Buyer,0.32,2.9,0.482,1.5,54.13,3
product,PRD-08,Pro Gaming Mechanical Keyboard,Gaming,5200.0,5110.0,5690.0,1.114,80,29,0.362,0.637,30,0,Regular,1.0,Normal Day,1.0,Prime Member,0.7,1.9,0.423,1.5,47.3,1
product,PRD-01,Organic Fairtrade Coffee 1kg,Grocery,1200.0,1180.0,1790.0,1.517,300,169,0.563,0.437,21,0,Year End,1.3,Major Event,1.5,Impulse Buyer,0.41,0.6,0.669,6.5,86.59,6
product,PRD-02,Smart Fitness Tracker Band,Wearables,2800.0,2940.0,3610.0,1.228,200,73,0.365,0.635,35,1,Regular,1.0,Flash Deal,1.35,Bargain Hunter,1.57,1.2,0.557,7.5,77.45,6
product,PRD-03,Ultra HD 4K Monitor 27-inch,Electronics,18500.0,18910.0,26030.0,1.377,45,12,0.267,0.733,5,1,Festive Sale,1.4,Festival,1.4,Prime Member,0.67,5.0,0.709,6.5,95.62,7
product,PRD-04,Organic Fairtrade Coffee 1kg,Grocery,1200.0,1210.0,1820.0,1.504,300,272,0.907,0.093,8,0,Year End,1.3,Festival,1.4,Prime Member,0.7,8.8,0.66,11.5,87.6,18
product,PRD-05,Noise-Cancelling Headphones Pro,Electronics,4500.0,4420.0,5660.0,1.281,150,74,0.493,0.507,23,1,Regular,1.0,Festival,1.4,Impulse Buyer,0.35,4.4,0.611,6.5,76.29,8
product,PRD-06,Premium Running Shoes,Apparel,3900.0,3680.0,3930.0,1.068,110,41,0.373,0.627,35,0,Summer Off-peak,0.85,Normal Day,1.0,Loyal Customer,0.59,3.2,0.497,1.5,58.98,2
product,PRD-07,Ultra HD 4K Monitor 27-inch,Electronics,18500.0,18790.0,17750.0,0.945,45,20,0.444,0.556,4,0,Summer Off-peak,0.85,Normal Day,1.0,Loyal Customer,0.45,5.0,0.404,2.5,41.89,1
product,PRD-08,Smart Fitness Tracker Band,Wearables,2800.0,2790.0,2960.0,1.061,200,107,0.535,0.465,36,0,Regular,1.0,Normal Day,1.0,Prime Member,0.7,6.9,0.421,1.5,46.85,1
product,PRD-01,Noise-Cancelling Headphones Pro,Electronics,4500.0,4350.0,4330.0,0.995,150,104,0.693,0.307,3,0,Regular,1.0,Normal Day,1.0,Impulse Buyer,0.34,0.3,0.463,4.5,50.94,6
product,PRD-02,Premium Running Shoes,Apparel,3900.0,3940.0,5110.0,1.297,110,55,0.5,0.5,34,1,Festive Sale,1.4,Flash Deal,1.35,Impulse Buyer,0.47,0.7,0.663,4.5,86.11,8
product,PRD-03,Noise-Cancelling Headphones Pro,Electronics,4500.0,4410.0,6480.0,1.469,150,63,0.42,0.58,3,0,Year End,1.3,Festival,1.4,Bargain Hunter,1.57,4.5,0.531,3.5,72.93,4
product,PRD-04,Organic Fairtrade Coffee 1kg,Grocery,1200.0,1250.0,1580.0,1.264,300,92,0.307,0.693,22,1,Festive Sale,1.4,Flash Deal,1.35,Bargain Hunter,1.66,0.2,0.515,3.5,70.98,3
product,PRD-05,Ultra HD 4K Monitor 27-inch,Electronics,18500.0,18050.0,24770.0,1.372,45,33,0.733,0.267,13,1,Regular,1.0,Festival,1.4,Bargain Hunter,1.66,1.4,0.518,5.5,71.55,8
product,PRD-06,Pro Gaming Mechanical Keyboard,Gaming,5200.0,5280.0,5540.0,1.049,80,42,0.525,0.475,31,0,Summer Off-peak,0.85,Weekend,1.1,Prime Member,0.68,3.1,0.458,4.5,53.05,8
product,PRD-07,Premium Running Shoes,Apparel,3900.0,4100.0,3860.0,0.941,110,98,0.891,0.109,35,0,Regular,1.0,Normal Day,1.0,Prime Member,0.65,2.5,0.413,3.5,45.14,4
product,PRD-08,Hydro Stainless Thermal Flask,Home & Kitchen,1100.0,1110.0,1540.0,1.387,250,127,0.508,0.492,17,0,Year End,1.3,Festival,1.4,Bargain Hunter,1.53,2.2,0.566,10.5,78.56,10
product,PRD-01,Ultra HD 4K Monitor 27-inch,Electronics,18500.0,18780.0,24940.0,1.328,45,20,0.444,0.556,19,1,Regular,1.0,Flash Deal,1.35,Prime Member,0.7,5.7,0.643,7.5,84.68,8
product,PRD-02,Ergonomic Mesh Office Chair,Furniture,8900.0,8790.0,8980.0,1.022,60,36,0.6,0.4,17,0,Regular,1.0,Normal Day,1.0,Impulse Buyer,0.38,0.2,0.428,3.5,45.42,2
product,PRD-03,Ergonomic Mesh Office Chair,Furniture,8900.0,8230.0,9530.0,1.158,60,22,0.367,0.633,27,0,Regular,1.0,Normal Day,1.0,Bargain Hunter,1.58,2.0,0.372,1.5,46.11,1
product,PRD-04,Hydro Stainless Thermal Flask,Home & Kitchen,1100.0,1090.0,1640.0,1.505,250,137,0.548,0.452,26,0,Year End,1.3,Major Event,1.5,Prime Member,0.68,2.7,0.704,9.5,94.79,13
product,PRD-05,Hydro Stainless Thermal Flask,Home & Kitchen,1100.0,1110.0,1600.0,1.441,250,231,0.924,0.076,29,0,Year End,1.3,Festival,1.4,Impulse Buyer,0.4,0.8,0.554,5.5,67.02,9
product,PRD-06,Ultra HD 4K Monitor 27-inch,Electronics,18500.0,18660.0,18380.0,0.985,45,22,0.489,0.511,22,0,Regular,1.0,Normal Day,1.0,Prime Member,0.67,3.8,0.474,3.5,55.7,2
product,PRD-07,Organic Fairtrade Coffee 1kg,Grocery,1200.0,1140.0,1200.0,1.053,300,134,0.447,0.553,17,0,Summer Off-peak,0.85,Normal Day,1.0,Bargain Hunter,1.65,1.1,0.328,4.5,39.21,4
product,PRD-08,Pro Gaming Mechanical Keyboard,Gaming,5200.0,5340.0,5140.0,0.963,80,63,0.787,0.213,35,0,Regular,1.0,Normal Day,1.0,Bargain Hunter,1.6,0.8,0.339,4.5,40.56,3
product,PRD-01,Smart Fitness Tracker Band,Wearables,2800.0,2780.0,3360.0,1.209,200,154,0.77,0.23,13,0,Regular,1.0,Weekend,1.1,Prime Member,0.7,4.4,0.461,0.5,53.65,1
product,PRD-02,Pro Gaming Mechanical Keyboard,Gaming,5200.0,5070.0,7120.0,1.404,80,46,0.575,0.425,3,0,Festive Sale,1.4,Festival,1.4,Prime Member,0.61,1.3,0.594,6.5,75.52,7
product,PRD-03,Noise-Cancelling Headphones Pro,Electronics,4500.0,4480.0,6190.0,1.382,150,106,0.707,0.293,7,0,Festive Sale,1.4,Festival,1.4,Loyal Customer,0.51,2.0,0.599,9.5,75.59,15
product,PRD-04,Organic Fairtrade Coffee 1kg,Grocery,1200.0,1200.0,1630.0,1.358,300,176,0.587,0.413,4,0,Festive Sale,1.4,Festival,1.4,Loyal Customer,0.45,3.2,0.678,9.5,88.5,13
product,PRD-05,Smart Fitness Tracker Band,Wearables,2800.0,2870.0,3050.0,1.063,200,55,0.275,0.725,44,0,Regular,1.0,Weekend,1.1,Impulse Buyer,0.39,0.9,0.496,6.5,57.03,9
product,PRD-06,Pro Gaming Mechanical Keyboard,Gaming,5200.0,5080.0,7560.0,1.488,80,59,0.738,0.262,16,0,Festive Sale,1.4,Major Event,1.5,Bargain Hunter,1.63,1.0,0.561,6.5,78.62,6
product,PRD-07,Premium Running Shoes,Apparel,3900.0,3850.0,5210.0,1.353,110,65,0.591,0.409,13,1,Regular,1.0,Flash Deal,1.35,Bargain Hunter,1.59,4.4,0.541,5.5,74.92,8
product,PRD-08,Pro Gaming Mechanical Keyboard,Gaming,5200.0,5120.0,6840.0,1.336,80,50,0.625,0.375,27,1,Summer Off-peak,0.85,Festival,1.4,Prime Member,0.75,5.6,0.554,4.5,69.95,5
product,PRD-01,Premium Running Shoes,Apparel,3900.0,4050.0,5510.0,1.36,110,47,0.427,0.573,29,0,Festive Sale,1.4,Festival,1.4,Prime Member,0.73,2.8,0.633,9.5,83.24,9
product,PRD-02,Pro Gaming Mechanical Keyboard,Gaming,5200.0,4980.0,6550.0,1.315,80,72,0.9,0.1,21,1,Festive Sale,1.4,Flash Deal,1.35,Bargain Hunter,1.6,0.5,0.507,6.5,69.11,7
product,PRD-03,Ergonomic Mesh Office Chair,Furniture,8900.0,8630.0,11490.0,1.331,60,44,0.733,0.267,40,1,Regular,1.0,Flash Deal,1.35,Prime Member,0.66,7.2,0.619,9.5,80.22,17
product,PRD-04,Pro Gaming Mechanical Keyboard,Gaming,5200.0,5350.0,6280.0,1.174,80,59,0.738,0.262,10,1,Festive Sale,1.4,Festival,1.4,Prime Member,0.74,1.5,0.578,5.5,73.95,4
product,PRD-05,Smart Fitness Tracker Band,Wearables,2800.0,2770.0,3490.0,1.26,200,81,0.405,0.595,37,0,Year End,1.3,Festival,1.4,Impulse Buyer,0.34,0.0,0.634,5.5,80.01,7
product,PRD-06,Pro Gaming Mechanical Keyboard,Gaming,5200.0,5640.0,7760.0,1.376,80,42,0.525,0.475,19,0,Festive Sale,1.4,Major Event,1.5,Loyal Customer,0.54,4.3,0.71,11.5,94.76,19
product,PRD-07,Organic Fairtrade Coffee 1kg,Grocery,1200.0,1200.0,1370.0,1.142,300,95,0.317,0.683,17,0,Regular,1.0,Weekend,1.1,Bargain Hunter,1.63,0.4,0.414,6.5,53.63,3
product,PRD-08,Noise-Cancelling Headphones Pro,Electronics,4500.0,4430.0,4790.0,1.081,150,129,0.86,0.14,42,0,Regular,1.0,Normal Day,1.0,Bargain Hunter,1.64,3.5,0.315,1.5,36.95,2
product,PRD-01,Organic Fairtrade Coffee 1kg,Grocery,1200.0,1230.0,1550.0,1.26,300,206,0.687,0.313,32,0,Festive Sale,1.4,Festival,1.4,Loyal Customer,0.54,4.4,0.659,6.5,86.06,7
product,PRD-02,Organic Fairtrade Coffee 1kg,Grocery,1200.0,1200.0,1250.0,1.042,300,84,0.28,0.72,29,0,Regular,1.0,Weekend,1.1,Loyal Customer,0.48,3.0,0.479,3.5,54.93,2
product,PRD-03,Organic Fairtrade Coffee 1kg,Grocery,1200.0,1180.0,1740.0,1.475,300,70,0.233,0.767,29,0,Festive Sale,1.4,Festival,1.4,Prime Member,0.66,13.4,0.735,8.5,100.0,14
product,PRD-04,Noise-Cancelling Headphones Pro,Electronics,4500.0,4290.0,4450.0,1.037,150,106,0.707,0.293,13,0,Regular,1.0,Normal Day,1.0,Bargain Hunter,1.64,0.1,0.308,1.5,35.74,2
product,PRD-05,Smart Fitness Tracker Band,Wearables,2800.0,2970.0,2860.0,0.963,200,144,0.72,0.28,13,0,Regular,1.0,Normal Day,1.0,Impulse Buyer,0.39,0.4,0.424,3.5,44.84,2
product,PRD-06,Ergonomic Mesh Office Chair,Furniture,8900.0,8740.0,13840.0,1.584,60,51,0.85,0.15,8,0,Year End,1.3,Festival,1.4,Loyal Customer,0.51,5.3,0.623,8.5,79.69,10
product,PRD-07,Ergonomic Mesh Office Chair,Furniture,8900.0,8560.0,8540.0,0.998,60,49,0.817,0.183,25,0,Regular,1.0,Normal Day,1.0,Prime Member,0.72,4.4,0.41,5.5,45.24,2
product,PRD-08,Noise-Cancelling Headphones Pro,Electronics,4500.0,4700.0,4640.0,0.987,150,130,0.867,0.133,14,0,Regular,1.0,Normal Day,1.0,Impulse Buyer,0.39,1.0,0.374,1.5,36.23,0
product,PRD-01,Ultra HD 4K Monitor 27-inch,Electronics,18500.0,18680.0,21890.0,1.172,45,28,0.622,0.378,20,0,Regular,1.0,Weekend,1.1,Loyal Customer,0.49,1.1,0.437,4.5,47.87,1
product,PRD-02,Smart Fitness Tracker Band,Wearables,2800.0,2880.0,3220.0,1.118,200,98,0.49,0.51,9,0,Regular,1.0,Weekend,1.1,Bargain Hunter,1.61,1.6,0.395,1.5,50.19,2
product,PRD-03,Organic Fairtrade Coffee 1kg,Grocery,1200.0,1290.0,1570.0,1.217,300,146,0.487,0.513,8,1,Regular,1.0,Flash Deal,1.35,Bargain Hunter,1.62,1.4,0.455,7.5,60.58,4
product,PRD-04,Pro Gaming Mechanical Keyboard,Gaming,5200.0,5350.0,5920.0,1.107,80,58,0.725,0.275,11,0,Regular,1.0,Weekend,1.1,Prime Member,0.72,2.5,0.434,2.5,49.26,2
product,PRD-05,Organic Fairtrade Coffee 1kg,Grocery,1200.0,1170.0,1260.0,1.077,300,183,0.61,0.39,35,0,Regular,1.0,Normal Day,1.0,Impulse Buyer,0.4,2.1,0.428,3.5,45.57,2
product,PRD-06,Organic Fairtrade Coffee 1kg,Grocery,1200.0,1260.0,1190.0,0.944,300,44,0.147,0.853,28,0,Regular,1.0,Normal Day,1.0,Prime Member,0.8,4.8,0.444,2.5,51.63,5
product,PRD-07,Hydro Stainless Thermal Flask,Home & Kitchen,1100.0,1160.0,1280.0,1.103,250,27,0.108,0.892,14,0,Regular,1.0,Weekend,1.1,Prime Member,0.69,3.2,0.409,1.5,44.78,0
product,PRD-08,Hydro Stainless Thermal Flask,Home & Kitchen,1100.0,1090.0,1120.0,1.028,250,44,0.176,0.824,4,0,Regular,1.0,Normal Day,1.0,Prime Member,0.68,10.5,0.48,3.5,56.75,5
product,PRD-01,Ultra HD 4K Monitor 27-inch,Electronics,18500.0,18410.0,25670.0,1.394,45,9,0.2,0.8,6,0,Festive Sale,1.4,Major Event,1.5,Bargain Hunter,1.66,0.2,0.565,1.5,79.53,2
product,PRD-02,Ultra HD 4K Monitor 27-inch,Electronics,18500.0,18210.0,26020.0,1.429,45,25,0.556,0.444,6,0,Festive Sale,1.4,Major Event,1.5,Loyal Customer,0.6,1.8,0.659,5.5,86.49,8
product,PRD-03,Hydro Stainless Thermal Flask,Home & Kitchen,1100.0,1110.0,1440.0,1.297,250,52,0.208,0.792,36,1,Festive Sale,1.4,Flash Deal,1.35,Bargain Hunter,1.52,0.2,0.567,4.5,78.67,7
product,PRD-04,Ultra HD 4K Monitor 27-inch,Electronics,18500.0,18820.0,23280.0,1.237,45,11,0.244,0.756,30,1,Regular,1.0,Festival,1.4,Loyal Customer,0.45,5.2,0.696,7.5,91.59,11
product,PRD-05,Smart Fitness Tracker Band,Wearables,2800.0,2710.0,2980.0,1.1,200,108,0.54,0.46,41,0,Regular,1.0,Weekend,1.1,Bargain Hunter,1.62,3.7,0.377,4.5,47.25,1
product,PRD-06,Ergonomic Mesh Office Chair,Furniture,8900.0,8500.0,9980.0,1.174,60,52,0.867,0.133,31,0,Regular,1.0,Normal Day,1.0,Bargain Hunter,1.56,1.4,0.343,3.5,40.96,3
product,PRD-07,Ultra HD 4K Monitor 27-inch,Electronics,18500.0,18740.0,18510.0,0.988,45,29,0.644,0.356,6,0,Summer Off-peak,0.85,Normal Day,1.0,Bargain Hunter,1.51,0.2,0.32,3.5,36.71,3
product,PRD-08,Premium Running Shoes,Apparel,3900.0,3730.0,3550.0,0.952,110,79,0.718,0.282,3,0,Regular,1.0,Normal Day,1.0,Prime Member,0.73,6.4,0.447,3.5,51.62,1
product,PRD-01,Pro Gaming Mechanical Keyboard,Gaming,5200.0,5280.0,6880.0,1.303,80,38,0.475,0.525,5,1,Summer Off-peak,0.85,Festival,1.4,Loyal Customer,0.48,4.3,0.675,10.5,88.26,11
product,PRD-02,Ultra HD 4K Monitor 27-inch,Electronics,18500.0,18920.0,29300.0,1.549,45,14,0.311,0.689,25,0,Year End,1.3,Major Event,1.5,Prime Member,0.76,5.8,0.649,4.5,86.14,5
product,PRD-03,Premium Running Shoes,Apparel,3900.0,4080.0,4990.0,1.223,110,89,0.809,0.191,9,1,Year End,1.3,Festival,1.4,Impulse Buyer,0.32,2.3,0.605,6.5,74.96,6
product,PRD-04,Noise-Cancelling Headphones Pro,Electronics,4500.0,4270.0,4530.0,1.061,150,49,0.327,0.673,32,0,Summer Off-peak,0.85,Normal Day,1.0,Bargain Hunter,1.66,1.6,0.361,3.5,44.85,3
product,PRD-05,Ergonomic Mesh Office Chair,Furniture,8900.0,9490.0,13500.0,1.423,60,36,0.6,0.4,19,0,Festive Sale,1.4,Festival,1.4,Impulse Buyer,0.39,2.4,0.59,7.5,73.06,9
product,PRD-06,Ultra HD 4K Monitor 27-inch,Electronics,18500.0,18580.0,18820.0,1.013,45,23,0.511,0.489,40,0,Summer Off-peak,0.85,Normal Day,1.0,Impulse Buyer,0.41,1.6,0.463,5.5,51.65,6
product,PRD-07,Ergonomic Mesh Office Chair,Furniture,8900.0,8750.0,14320.0,1.637,60,36,0.6,0.4,6,0,Festive Sale,1.4,Major Event,1.5,Impulse Buyer,0.24,0.2,0.675,5.5,86.26,9
product,PRD-08,Noise-Cancelling Headphones Pro,Electronics,4500.0,4650.0,7360.0,1.583,150,26,0.173,0.827,9,0,Year End,1.3,Major Event,1.5,Impulse Buyer,0.43,1.2,0.675,5.5,87.87,8
product,PRD-01,Pro Gaming Mechanical Keyboard,Gaming,5200.0,5090.0,6310.0,1.24,80,55,0.688,0.312,21,1,Regular,1.0,Flash Deal,1.35,Prime Member,0.72,3.0,0.546,4.5,68.41,6
product,PRD-02,Premium Running Shoes,Apparel,3900.0,3860.0,5280.0,1.368,110,18,0.164,0.836,33,1,Regular,1.0,Festival,1.4,Prime Member,0.65,4.3,0.657,7.5,86.59,9
product,PRD-03,Premium Running Shoes,Apparel,3900.0,3870.0,3850.0,0.995,110,77,0.7,0.3,6,0,Summer Off-peak,0.85,Normal Day,1.0,Bargain Hunter,1.59,1.4,0.319,5.5,37.11,3
product,PRD-04,Smart Fitness Tracker Band,Wearables,2800.0,2770.0,3540.0,1.278,200,123,0.615,0.385,13,1,Regular,1.0,Flash Deal,1.35,Impulse Buyer,0.41,0.3,0.594,4.5,73.84,5
product,PRD-05,Organic Fairtrade Coffee 1kg,Grocery,1200.0,1220.0,1390.0,1.139,300,223,0.743,0.257,43,0,Regular,1.0,Weekend,1.1,Loyal Customer,0.47,3.0,0.453,2.5,50.41,1
product,PRD-06,Organic Fairtrade Coffee 1kg,Grocery,1200.0,1200.0,1230.0,1.025,300,221,0.737,0.263,17,0,Regular,1.0,Normal Day,1.0,Bargain Hunter,1.61,2.5,0.313,4.5,36.36,3
product,PRD-07,Premium Running Shoes,Apparel,3900.0,4000.0,5800.0,1.45,110,65,0.591,0.409,23,0,Festive Sale,1.4,Major Event,1.5,Loyal Customer,0.51,2.0,0.68,8.5,89.4,10
product,PRD-08,Organic Fairtrade Coffee 1kg,Grocery,1200.0,1220.0,1420.0,1.164,300,111,0.37,0.63,32,0,Regular,1.0,Weekend,1.1,Loyal Customer,0.47,2.5,0.555,8.5,67.81,10
product,PRD-01,Ultra HD 4K Monitor 27-inch,Electronics,18500.0,18950.0,23630.0,1.247,45,31,0.689,0.311,24,1,Regular,1.0,Flash Deal,1.35,Prime Member,0.73,5.8,0.62,6.5,80.95,8
product,PRD-02,Pro Gaming Mechanical Keyboard,Gaming,5200.0,5490.0,5170.0,0.942,80,42,0.525,0.475,13,0,Summer Off-peak,0.85,Normal Day,1.0,Prime Member,0.7,8.9,0.42,1.5,46.82,2
product,PRD-03,Hydro Stainless Thermal Flask,Home & Kitchen,1100.0,1120.0,1170.0,1.045,250,132,0.528,0.472,34,0,Regular,1.0,Normal Day,1.0,Bargain Hunter,1.54,0.4,0.364,2.5,44.35,2
product,PRD-04,Organic Fairtrade Coffee 1kg,Grocery,1200.0,1230.0,1600.0,1.301,300,174,0.58,0.42,16,0,Festive Sale,1.4,Festival,1.4,Loyal Customer,0.46,4.5,0.643,7.5,82.61,6
product,PRD-05,Ergonomic Mesh Office Chair,Furniture,8900.0,9470.0,8970.0,0.947,60,28,0.467,0.533,41,0,Regular,1.0,Normal Day,1.0,Loyal Customer,0.51,6.8,0.446,4.5,49.55,4
product,PRD-06,Smart Fitness Tracker Band,Wearables,2800.0,2750.0,2920.0,1.062,200,106,0.53,0.47,17,0,Regular,1.0,Weekend,1.1,Prime Member,0.72,6.4,0.455,3.5,52.91,4
product,PRD-07,Smart Fitness Tracker Band,Wearables,2800.0,2830.0,2920.0,1.032,200,105,0.525,0.475,1,0,Summer Off-peak,0.85,Normal Day,1.0,Loyal Customer,0.53,7.8,0.48,0.5,55.49,1
product,PRD-08,Ergonomic Mesh Office Chair,Furniture,8900.0,9350.0,12260.0,1.311,60,40,0.667,0.333,24,1,Festive Sale,1.4,Festival,1.4,Prime Member,0.77,7.9,0.676,8.5,90.84,11
product,PRD-01,Premium Running Shoes,Apparel,3900.0,3770.0,4370.0,1.159,110,50,0.455,0.545,26,0,Regular,1.0,Weekend,1.1,Bargain Hunter,1.61,0.5,0.379,2.5,47.5,3
product,PRD-02,Pro Gaming Mechanical Keyboard,Gaming,5200.0,5300.0,7900.0,1.491,80,57,0.713,0.287,35,0,Festive Sale,1.4,Festival,1.4,Bargain Hunter,1.64,3.5,0.569,6.5,80.12,6
product,PRD-03,Smart Fitness Tracker Band,Wearables,2800.0,2800.0,3530.0,1.261,200,162,0.81,0.19,5,1,Year End,1.3,Flash Deal,1.35,Bargain Hunter,1.64,1.1,0.492,5.5,66.91,3
product,PRD-04,Premium Running Shoes,Apparel,3900.0,3800.0,4470.0,1.176,110,23,0.209,0.791,43,0,Regular,1.0,Weekend,1.1,Loyal Customer,0.55,6.9,0.54,5.5,65.91,8
product,PRD-05,Hydro Stainless Thermal Flask,Home & Kitchen,1100.0,1040.0,1450.0,1.394,250,180,0.72,0.28,35,1,Regular,1.0,Festival,1.4,Impulse Buyer,0.46,0.4,0.623,8.5,79.18,10
product,PRD-06,Ultra HD 4K Monitor 27-inch,Electronics,18500.0,18890.0,25630.0,1.357,45,28,0.622,0.378,33,0,Festive Sale,1.4,Major Event,1.5,Bargain Hunter,1.5,1.6,0.56,5.5,77.43,7
product,PRD-07,Organic Fairtrade Coffee 1kg,Grocery,1200.0,1190.0,1770.0,1.487,300,54,0.18,0.82,4,0,Year End,1.3,Festival,1.4,Loyal Customer,0.57,6.1,0.63,4.5,81.35,4
product,PRD-08,Premium Running Shoes,Apparel,3900.0,3880.0,5320.0,1.371,110,52,0.473,0.527,25,0,Festive Sale,1.4,Festival,1.4,Prime Member,0.75,3.3,0.606,6.5,78.76,4
product,PRD-01,Organic Fairtrade Coffee 1kg,Grocery,1200.0,1200.0,1590.0,1.325,300,58,0.193,0.807,32,1,Summer Off-peak,0.85,Festival,1.4,Bargain Hunter,1.6,1.2,0.577,4.5,81.1,5
product,PRD-02,Organic Fairtrade Coffee 1kg,Grocery,1200.0,1270.0,1970.0,1.551,300,190,0.633,0.367,8,0,Year End,1.3,Major Event,1.5,Prime Member,0.74,7.5,0.67,8.5,89.65,13
product,PRD-03,Noise-Cancelling Headphones Pro,Electronics,4500.0,4430.0,6890.0,1.555,150,45,0.3,0.7,5,0,Year End,1.3,Major Event,1.5,Bargain Hunter,1.53,0.5,0.574,11.5,80.03,15
product,PRD-04,Hydro Stainless Thermal Flask,Home & Kitchen,1100.0,1150.0,1150.0,1.0,250,86,0.344,0.656,1,0,Regular,1.0,Normal Day,1.0,Prime Member,0.65,1.3,0.431,2.5,48.17,1
product,PRD-05,Organic Fairtrade Coffee 1kg,Grocery,1200.0,1200.0,1350.0,1.125,300,201,0.67,0.33,18,0,Regular,1.0,Weekend,1.1,Bargain Hunter,1.53,0.7,0.383,1.5,47.5,2
product,PRD-06,Smart Fitness Tracker Band,Wearables,2800.0,2800.0,3910.0,1.396,200,70,0.35,0.65,8,1,Year End,1.3,Flash Deal,1.35,Bargain Hunter,1.57,6.9,0.623,7.5,88.57,9
product,PRD-07,Ultra HD 4K Monitor 27-inch,Electronics,18500.0,18050.0,28850.0,1.598,45,23,0.511,0.489,18,0,Festive Sale,1.4,Major Event,1.5,Bargain Hunter,1.61,0.9,0.584,8.5,82.38,10
product,PRD-08,Smart Fitness Tracker Band,Wearables,2800.0,2770.0,4070.0,1.469,200,131,0.655,0.345,13,0,Year End,1.3,Major Event,1.5,Bargain Hunter,1.56,0.6,0.599,7.5,84.47,11
product,PRD-01,Premium Running Shoes,Apparel,3900.0,3800.0,5520.0,1.453,110,68,0.618,0.382,5,0,Festive Sale,1.4,Festival,1.4,Bargain Hunter,1.72,0.5,0.531,7.5,74.25,8
product,PRD-02,Premium Running Shoes,Apparel,3900.0,3920.0,3930.0,1.003,110,88,0.8,0.2,19,0,Regular,1.0,Normal Day,1.0,Prime Member,0.65,8.1,0.459,3.5,52.92,4
product,PRD-03,Ergonomic Mesh Office Chair,Furniture,8900.0,8870.0,8960.0,1.01,60,45,0.75,0.25,39,0,Regular,1.0,Normal Day,1.0,Prime Member,0.64,4.6,0.435,1.5,48.82,1
product,PRD-04,Organic Fairtrade Coffee 1kg,Grocery,1200.0,1190.0,1860.0,1.563,300,219,0.73,0.27,29,0,Festive Sale,1.4,Major Event,1.5,Prime Member,0.63,3.4,0.645,8.5,84.35,10
product,PRD-05,Noise-Cancelling Headphones Pro,Electronics,4500.0,4570.0,4730.0,1.035,150,117,0.78,0.22,17,0,Summer Off-peak,0.85,Weekend,1.1,Impulse Buyer,0.39,1.3,0.46,3.5,50.92,2
product,PRD-06,Pro Gaming Mechanical Keyboard,Gaming,5200.0,5570.0,7090.0,1.273,80,36,0.45,0.55,14,0,Year End,1.3,Festival,1.4,Bargain Hunter,1.59,0.9,0.499,5.5,67.73,6
product,PRD-07,Noise-Cancelling Headphones Pro,Electronics,4500.0,4440.0,4970.0,1.119,150,50,0.333,0.667,34,0,Regular,1.0,Normal Day,1.0,Bargain Hunter,1.58,1.2,0.34,2.5,40.56,1
product,PRD-08,Premium Running Shoes,Apparel,3900.0,3930.0,5100.0,1.298,110,63,0.573,0.427,36,1,Regular,1.0,Flash Deal,1.35,Prime Member,0.64,3.8,0.67,11.5,88.72,15
product,PRD-01,Premium Running Shoes,Apparel,3900.0,3840.0,5970.0,1.555,110,44,0.4,0.6,31,0,Festive Sale,1.4,Major Event,1.5,Bargain Hunter,1.6,0.9,0.561,7.5,78.33,9
product,PRD-02,Ultra HD 4K Monitor 27-inch,Electronics,18500.0,18160.0,26330.0,1.45,45,37,0.822,0.178,30,0,Festive Sale,1.4,Festival,1.4,Impulse Buyer,0.37,2.2,0.675,10.5,87.35,16
product,PRD-03,Noise-Cancelling Headphones Pro,Electronics,4500.0,4470.0,4660.0,1.043,150,112,0.747,0.253,29,0,Regular,1.0,Normal Day,1.0,Bargain Hunter,1.59,0.4,0.317,3.5,36.79,2
product,PRD-04,Ergonomic Mesh Office Chair,Furniture,8900.0,8690.0,11710.0,1.348,60,25,0.417,0.583,23,0,Year End,1.3,Festival,1.4,Prime Member,0.77,6.2,0.583,8.5,75.05,9
product,PRD-05,Smart Fitness Tracker Band,Wearables,2800.0,2970.0,4330.0,1.458,200,97,0.485,0.515,36,0,Festive Sale,1.4,Major Event,1.5,Loyal Customer,0.49,3.1,0.68,7.5,89.1,11
product,PRD-06,Pro Gaming Mechanical Keyboard,Gaming,5200.0,4750.0,5660.0,1.192,80,23,0.287,0.713,22,0,Regular,1.0,Normal Day,1.0,Prime Member,0.7,5.8,0.508,3.5,61.73,5
product,PRD-07,Hydro Stainless Thermal Flask,Home & Kitchen,1100.0,1020.0,1100.0,1.078,250,37,0.148,0.852,10,0,Regular,1.0,Normal Day,1.0,Loyal Customer,0.53,2.2,0.475,6.5,54.58,6
product,PRD-08,Smart Fitness Tracker Band,Wearables,2800.0,2910.0,2860.0,0.983,200,31,0.155,0.845,7,0,Regular,1.0,Normal Day,1.0,Loyal Customer,0.49,3.7,0.491,6.5,56.98,7
product,PRD-01,Ultra HD 4K Monitor 27-inch,Electronics,18500.0,18590.0,19760.0,1.063,45,40,0.889,0.111,27,0,Regular,1.0,Normal Day,1.0,Impulse Buyer,0.39,2.1,0.427,4.5,45.39,3
product,PRD-02,Organic Fairtrade Coffee 1kg,Grocery,1200.0,1300.0,1760.0,1.354,300,185,0.617,0.383,27,0,Festive Sale,1.4,Festival,1.4,Impulse Buyer,0.43,1.1,0.652,5.5,83.82,8
product,PRD-03,Ultra HD 4K Monitor 27-inch,Electronics,18500.0,17990.0,25890.0,1.439,45,22,0.489,0.511,10,0,Festive Sale,1.4,Festival,1.4,Bargain Hunter,1.59,0.6,0.625,11.5,89.2,12
product,PRD-04,Premium Running Shoes,Apparel,3900.0,3990.0,5600.0,1.404,110,52,0.473,0.527,22,1,Regular,1.0,Flash Deal,1.35,Impulse Buyer,0.36,1.2,0.59,4.5,72.79,5
product,PRD-05,Ergonomic Mesh Office Chair,Furniture,8900.0,8520.0,9630.0,1.13,60,17,0.283,0.717,36,0,Regular,1.0,Weekend,1.1,Bargain Hunter,1.58,1.8,0.397,2.5,50.36,2
product,PRD-06,Premium Running Shoes,Apparel,3900.0,4060.0,5340.0,1.315,110,80,0.727,0.273,32,1,Regular,1.0,Flash Deal,1.35,Bargain Hunter,1.61,1.3,0.503,7.5,68.67,6
product,PRD-07,Premium Running Shoes,Apparel,3900.0,3990.0,4460.0,1.118,110,17,0.155,0.845,25,1,Year End,1.3,Flash Deal,1.35,Prime Member,0.73,11.7,0.637,3.5,83.96,5
product,PRD-08,Ultra HD 4K Monitor 27-inch,Electronics,18500.0,18880.0,28030.0,1.485,45,12,0.267,0.733,41,0,Festive Sale,1.4,Major Event,1.5,Prime Member,0.69,7.2,0.715,9.5,96.87,12
product,PRD-01,Premium Running Shoes,Apparel,3900.0,4020.0,3970.0,0.988,110,75,0.682,0.318,32,0,Regular,1.0,Normal Day,1.0,Prime Member,0.7,1.6,0.39,3.5,41.6,4
product,PRD-02,Organic Fairtrade Coffee 1kg,Grocery,1200.0,1180.0,1340.0,1.136,300,114,0.38,0.62,32,0,Regular,1.0,Weekend,1.1,Bargain Hunter,1.69,1.4,0.394,8.5,50.82,8
product,PRD-03,Hydro Stainless Thermal Flask,Home & Kitchen,1100.0,1040.0,1420.0,1.365,250,177,0.708,0.292,24,1,Regular,1.0,Flash Deal,1.35,Impulse Buyer,0.44,0.6,0.547,4.5,66.11,5
product,PRD-04,Premium Running Shoes,Apparel,3900.0,4040.0,6140.0,1.52,110,49,0.445,0.555,2,0,Festive Sale,1.4,Major Event,1.5,Impulse Buyer,0.37,2.5,0.702,8.5,91.95,12
product,PRD-05,Noise-Cancelling Headphones Pro,Electronics,4500.0,4460.0,6550.0,1.469,150,110,0.733,0.267,36,0,Festive Sale,1.4,Festival,1.4,Impulse Buyer,0.39,2.1,0.624,7.5,78.83,11
product,PRD-06,Smart Fitness Tracker Band,Wearables,2800.0,2830.0,3020.0,1.067,200,66,0.33,0.67,26,0,Regular,1.0,Normal Day,1.0,Impulse Buyer,0.34,0.1,0.47,2.5,52.27,2
product,PRD-07,Smart Fitness Tracker Band,Wearables,2800.0,2840.0,2910.0,1.025,200,51,0.255,0.745,40,0,Regular,1.0,Normal Day,1.0,Loyal Customer,0.49,5.5,0.504,5.5,59.26,5
product,PRD-08,Smart Fitness Tracker Band,Wearables,2800.0,2830.0,3330.0,1.177,200,187,0.935,0.065,4,0,Summer Off-peak,0.85,Weekend,1.1,Prime Member,0.66,6.8,0.42,2.5,46.38,2
product,PRD-01,Hydro Stainless Thermal Flask,Home & Kitchen,1100.0,1080.0,1090.0,1.009,250,95,0.38,0.62,35,0,Regular,1.0,Normal Day,1.0,Prime Member,0.72,1.4,0.421,2.5,47.04,2
product,PRD-02,Ultra HD 4K Monitor 27-inch,Electronics,18500.0,17780.0,18810.0,1.058,45,32,0.711,0.289,18,0,Summer Off-peak,0.85,Normal Day,1.0,Bargain Hunter,1.54,2.4,0.353,2.5,42.44,0
product,PRD-03,Premium Running Shoes,Apparel,3900.0,4010.0,4350.0,1.085,110,44,0.4,0.6,7,0,Regular,1.0,Weekend,1.1,Impulse Buyer,0.33,2.7,0.505,2.5,58.09,3
product,PRD-04,Hydro Stainless Thermal Flask,Home & Kitchen,1100.0,1080.0,1270.0,1.176,250,193,0.772,0.228,10,0,Regular,1.0,Weekend,1.1,Impulse Buyer,0.46,2.0,0.445,3.5,48.93,3
product,PRD-05,Noise-Cancelling Headphones Pro,Electronics,4500.0,4630.0,6990.0,1.51,150,18,0.12,0.88,12,0,Festive Sale,1.4,Festival,1.4,Prime Member,0.71,6.5,0.733,8.5,100.0,11
product,PRD-06,Pro Gaming Mechanical Keyboard,Gaming,5200.0,5020.0,5880.0,1.171,80,67,0.838,0.162,31,0,Regular,1.0,Weekend,1.1,Prime Member,0.66,1.3,0.406,0.5,44.02,1
product,PRD-07,Premium Running Shoes,Apparel,3900.0,4020.0,3800.0,0.945,110,44,0.4,0.6,10,0,Summer Off-peak,0.85,Normal Day,1.0,Prime Member,0.72,4.8,0.436,6.5,49.63,6
product,PRD-08,Ultra HD 4K Monitor 27-inch,Electronics,18500.0,19080.0,28740.0,1.506,45,30,0.667,0.333,23,0,Festive Sale,1.4,Major Event,1.5,Impulse Buyer,0.57,0.4,0.671,5.5,88.24,8
product,PRD-01,Premium Running Shoes,Apparel,3900.0,4160.0,5170.0,1.243,110,59,0.536,0.464,43,0,Festive Sale,1.4,Festival,1.4,Bargain Hunter,1.53,0.7,0.564,9.5,78.33,12
product,PRD-02,Smart Fitness Tracker Band,Wearables,2800.0,2960.0,3830.0,1.294,200,83,0.415,0.585,21,0,Year End,1.3,Festival,1.4,Loyal Customer,0.54,4.2,0.583,3.5,73.04,4
product,PRD-03,Noise-Cancelling Headphones Pro,Electronics,4500.0,4370.0,5110.0,1.169,150,87,0.58,0.42,3,0,Summer Off-peak,0.85,Weekend,1.1,Impulse Buyer,0.42,1.4,0.494,6.5,57.01,6
product,PRD-04,Hydro Stainless Thermal Flask,Home & Kitchen,1100.0,1120.0,1060.0,0.946,250,129,0.516,0.484,15,0,Regular,1.0,Normal Day,1.0,Bargain Hunter,1.6,0.8,0.337,2.5,40.33,1
product,PRD-05,Pro Gaming Mechanical Keyboard,Gaming,5200.0,5380.0,6830.0,1.27,80,67,0.838,0.162,9,1,Summer Off-peak,0.85,Festival,1.4,Bargain Hunter,1.58,1.9,0.475,3.5,63.66,4
product,PRD-06,Premium Running Shoes,Apparel,3900.0,3780.0,5030.0,1.331,110,64,0.582,0.418,33,1,Summer Off-peak,0.85,Flash Deal,1.35,Bargain Hunter,1.58,1.4,0.495,5.5,66.9,5
product,PRD-07,Premium Running Shoes,Apparel,3900.0,3760.0,5320.0,1.415,110,85,0.773,0.227,26,0,Festive Sale,1.4,Festival,1.4,Impulse Buyer,0.37,2.1,0.603,4.5,75.12,7
product,PRD-08,Organic Fairtrade Coffee 1kg,Grocery,1200.0,1250.0,1440.0,1.152,300,217,0.723,0.277,27,1,Summer Off-peak,0.85,Festival,1.4,Prime Member,0.72,4.9,0.607,6.5,78.64,8
product,PRD-01,Premium Running Shoes,Apparel,3900.0,3730.0,5240.0,1.405,110,102,0.927,0.073,38,1,Year End,1.3,Flash Deal,1.35,Impulse Buyer,0.4,0.8,0.636,7.5,80.85,7
product,PRD-02,Smart Fitness Tracker Band,Wearables,2800.0,2630.0,3970.0,1.51,200,139,0.695,0.305,27,0,Festive Sale,1.4,Major Event,1.5,Impulse Buyer,0.41,0.8,0.643,4.5,82.15,8
product,PRD-03,Ultra HD 4K Monitor 27-inch,Electronics,18500.0,19420.0,23620.0,1.216,45,16,0.356,0.644,14,1,Summer Off-peak,0.85,Flash Deal,1.35,Loyal Customer,0.57,8.8,0.648,9.5,84.47,12
product,PRD-04,Ultra HD 4K Monitor 27-inch,Electronics,18500.0,18060.0,21870.0,1.211,45,18,0.4,0.6,4,0,Regular,1.0,Weekend,1.1,Bargain Hunter,1.59,1.6,0.39,3.5,49.26,4
product,PRD-05,Ultra HD 4K Monitor 27-inch,Electronics,18500.0,18840.0,18380.0,0.976,45,13,0.289,0.711,32,0,Regular,1.0,Normal Day,1.0,Prime Member,0.69,4.9,0.484,1.5,57.51,0
product,PRD-06,Hydro Stainless Thermal Flask,Home & Kitchen,1100.0,1120.0,1580.0,1.411,250,114,0.456,0.544,11,0,Festive Sale,1.4,Festival,1.4,Prime Member,0.62,1.5,0.668,7.5,88.31,9
product,PRD-07,Ultra HD 4K Monitor 27-inch,Electronics,18500.0,19000.0,25650.0,1.35,45,17,0.378,0.622,30,1,Festive Sale,1.4,Flash Deal,1.35,Impulse Buyer,0.37,0.6,0.65,1.5,83.05,2
product,PRD-08,Ergonomic Mesh Office Chair,Furniture,8900.0,8600.0,11140.0,1.295,60,38,0.633,0.367,35,1,Summer Off-peak,0.85,Flash Deal,1.35,Loyal Customer,0.45,4.2,0.569,1.5,70.01,1
product,PRD-01,Ergonomic Mesh Office Chair,Furniture,8900.0,8750.0,12570.0,1.437,60,10,0.167,0.833,11,1,Regular,1.0,Flash Deal,1.35,Bargain Hunter,1.64,0.1,0.577,8.5,81.41,8
product,PRD-02,Premium Running Shoes,Apparel,3900.0,3950.0,4290.0,1.086,110,30,0.273,0.727,43,0,Summer Off-peak,0.85,Normal Day,1.0,Impulse Buyer,0.38,1.7,0.483,1.5,54.7,1
product,PRD-03,Smart Fitness Tracker Band,Wearables,2800.0,2830.0,3560.0,1.258,200,77,0.385,0.615,14,1,Regular,1.0,Flash Deal,1.35,Prime Member,0.68,2.7,0.583,9.5,74.36,7
product,PRD-04,Noise-Cancelling Headphones Pro,Electronics,4500.0,4540.0,4700.0,1.035,150,46,0.307,0.693,5,0,Regular,1.0,Normal Day,1.0,Prime Member,0.68,9.4,0.491,3.5,58.63,4
product,PRD-05,Smart Fitness Tracker Band,Wearables,2800.0,2700.0,3870.0,1.433,200,144,0.72,0.28,12,0,Year End,1.3,Major Event,1.5,Bargain Hunter,1.58,2.1,0.559,9.5,77.87,10
product,PRD-06,Organic Fairtrade Coffee 1kg,Grocery,1200.0,1200.0,1700.0,1.417,300,165,0.55,0.45,32,0,Festive Sale,1.4,Festival,1.4,Prime Member,0.71,1.2,0.532,3.5,65.89,5
product,PRD-07,Premium Running Shoes,Apparel,3900.0,3920.0,3880.0,0.99,110,65,0.591,0.409,41,0,Regular,1.0,Weekend,1.1,Bargain Hunter,1.63,1.1,0.387,3.5,48.96,1
product,PRD-08,Hydro Stainless Thermal Flask,Home & Kitchen,1100.0,1070.0,1370.0,1.28,250,79,0.316,0.684,6,1,Year End,1.3,Flash Deal,1.35,Prime Member,0.7,4.2,0.676,7.5,90.32,10
product,PRD-01,Hydro Stainless Thermal Flask,Home & Kitchen,1100.0,1080.0,1270.0,1.176,250,110,0.44,0.56,22,0,Regular,1.0,Normal Day,1.0,Bargain Hunter,1.62,3.8,0.352,2.5,43.08,2
product,PRD-02,Pro Gaming Mechanical Keyboard,Gaming,5200.0,5370.0,7670.0,1.428,80,57,0.713,0.287,7,0,Year End,1.3,Major Event,1.5,Bargain Hunter,1.63,1.3,0.488,4.5,66.24,4
product,PRD-03,Smart Fitness Tracker Band,Wearables,2800.0,2710.0,3680.0,1.358,200,21,0.105,0.895,19,1,Regular,1.0,Festival,1.4,Impulse Buyer,0.43,0.6,0.642,4.5,82.17,5
product,PRD-04,Organic Fairtrade Coffee 1kg,Grocery,1200.0,1150.0,1320.0,1.148,300,35,0.117,0.883,8,0,Regular,1.0,Weekend,1.1,Prime Member,0.73,10.2,0.613,9.5,79.84,16
product,PRD-05,Ergonomic Mesh Office Chair,Furniture,8900.0,8960.0,8720.0,0.973,60,29,0.483,0.517,16,0,Regular,1.0,Normal Day,1.0,Prime Member,0.64,3.1,0.495,3.5,58.92,5
product,PRD-06,Hydro Stainless Thermal Flask,Home & Kitchen,1100.0,1100.0,1420.0,1.291,250,188,0.752,0.248,28,1,Regular,1.0,Flash Deal,1.35,Prime Member,0.7,2.6,0.613,6.5,79.49,10
product,PRD-07,Organic Fairtrade Coffee 1kg,Grocery,1200.0,1180.0,1220.0,1.034,300,235,0.783,0.217,9,0,Regular,1.0,Normal Day,1.0,Impulse Buyer,0.32,0.8,0.438,1.5,46.54,2
product,PRD-08,Smart Fitness Tracker Band,Wearables,2800.0,2890.0,2720.0,0.941,200,144,0.72,0.28,20,0,Regular,1.0,Normal Day,1.0,Loyal Customer,0.5,8.4,0.424,2.5,45.77,3
product,PRD-01,Ultra HD 4K Monitor 27-inch,Electronics,18500.0,18740.0,20570.0,1.098,45,23,0.511,0.489,16,0,Regular,1.0,Normal Day,1.0,Prime Member,0.78,3.4,0.469,3.5,55.73,3
product,PRD-02,Organic Fairtrade Coffee 1kg,Grocery,1200.0,1260.0,1370.0,1.087,300,261,0.87,0.13,31,0,Regular,1.0,Weekend,1.1,Bargain Hunter,1.7,3.0,0.336,3.5,40.95,2
product,PRD-03,Ultra HD 4K Monitor 27-inch,Electronics,18500.0,18290.0,25850.0,1.413,45,33,0.733,0.267,16,0,Festive Sale,1.4,Festival,1.4,Prime Member,0.66,8.9,0.722,9.5,97.7,12
product,PRD-04,Ultra HD 4K Monitor 27-inch,Electronics,18500.0,18670.0,26380.0,1.413,45,25,0.556,0.444,18,0,Year End,1.3,Major Event,1.5,Bargain Hunter,1.58,1.1,0.581,6.5,81.61,4
product,PRD-05,Organic Fairtrade Coffee 1kg,Grocery,1200.0,1200.0,1760.0,1.467,300,133,0.443,0.557,28,0,Festive Sale,1.4,Major Event,1.5,Bargain Hunter,1.6,0.7,0.583,7.5,82.11,9
product,PRD-06,Hydro Stainless Thermal Flask,Home & Kitchen,1100.0,1130.0,1090.0,0.965,250,129,0.516,0.484,12,0,Regular,1.0,Weekend,1.1,Loyal Customer,0.48,4.4,0.436,3.5,47.61,4
product,PRD-07,Ultra HD 4K Monitor 27-inch,Electronics,18500.0,18840.0,22690.0,1.204,45,18,0.4,0.6,16,1,Regular,1.0,Flash Deal,1.35,Bargain Hunter,1.53,0.2,0.553,9.5,76.48,12
product,PRD-08,Organic Fairtrade Coffee 1kg,Grocery,1200.0,1190.0,1270.0,1.067,300,190,0.633,0.367,26,0,Summer Off-peak,0.85,Normal Day,1.0,Prime Member,0.72,7.4,0.441,4.5,50.55,4
product,PRD-01,Ergonomic Mesh Office Chair,Furniture,8900.0,9270.0,11660.0,1.258,60,30,0.5,0.5,24,1,Regular,1.0,Flash Deal,1.35,Prime Member,0.57,3.7,0.529,4.5,64.25,4
product,PRD-02,Organic Fairtrade Coffee 1kg,Grocery,1200.0,1250.0,1510.0,1.208,300,59,0.197,0.803,31,1,Summer Off-peak,0.85,Flash Deal,1.35,Bargain Hunter,1.58,1.5,0.512,9.5,69.8,12
product,PRD-03,Organic Fairtrade Coffee 1kg,Grocery,1200.0,1170.0,1920.0,1.641,300,34,0.113,0.887,34,0,Year End,1.3,Major Event,1.5,Prime Member,0.72,2.6,0.692,7.5,93.17,10
product,PRD-04,Hydro Stainless Thermal Flask,Home & Kitchen,1100.0,1110.0,1760.0,1.586,250,33,0.132,0.868,25,0,Festive Sale,1.4,Major Event,1.5,Prime Member,0.6,5.8,0.72,8.5,96.95,15
product,PRD-05,Smart Fitness Tracker Band,Wearables,2800.0,2740.0,2830.0,1.033,200,149,0.745,0.255,37,0,Regular,1.0,Normal Day,1.0,Loyal Customer,0.43,6.5,0.452,5.5,49.97,3
product,PRD-06,Pro Gaming Mechanical Keyboard,Gaming,5200.0,5070.0,5120.0,1.01,80,62,0.775,0.225,36,0,Regular,1.0,Normal Day,1.0,Bargain Hunter,1.63,1.6,0.348,4.5,42.35,3
product,PRD-07,Ultra HD 4K Monitor 27-inch,Electronics,18500.0,18800.0,20470.0,1.089,45,20,0.444,0.556,43,0,Regular,1.0,Weekend,1.1,Bargain Hunter,1.68,1.1,0.405,3.5,52.51,0
product,PRD-08,Hydro Stainless Thermal Flask,Home & Kitchen,1100.0,1090.0,1750.0,1.606,250,119,0.476,0.524,23,0,Festive Sale,1.4,Major Event,1.5,Prime Member,0.69,5.5,0.651,6.5,85.94,6
product,PRD-01,Noise-Cancelling Headphones Pro,Electronics,4500.0,4260.0,6330.0,1.486,150,62,0.413,0.587,12,1,Summer Off-peak,0.85,Festival,1.4,Bargain Hunter,1.49,1.7,0.544,1.5,74.52,3
product,PRD-02,Smart Fitness Tracker Band,Wearables,2800.0,2810.0,4480.0,1.594,200,99,0.495,0.505,38,0,Festive Sale,1.4,Major Event,1.5,Impulse Buyer,0.46,0.7,0.675,10.5,88.06,15
product,PRD-03,Premium Running Shoes,Apparel,3900.0,3820.0,4890.0,1.28,110,76,0.691,0.309,9,0,Festive Sale,1.4,Festival,1.4,Impulse Buyer,0.36,0.1,0.52,6.5,60.79,8
product,PRD-04,Pro Gaming Mechanical Keyboard,Gaming,5200.0,4900.0,5750.0,1.173,80,26,0.325,0.675,17,0,Regular,1.0,Weekend,1.1,Bargain Hunter,1.53,1.1,0.465,3.5,61.49,3
product,PRD-05,Smart Fitness Tracker Band,Wearables,2800.0,2740.0,3900.0,1.423,200,165,0.825,0.175,14,1,Festive Sale,1.4,Flash Deal,1.35,Bargain Hunter,1.56,1.7,0.581,8.5,81.37,10
product,PRD-06,Smart Fitness Tracker Band,Wearables,2800.0,2890.0,2680.0,0.927,200,191,0.955,0.045,32,0,Regular,1.0,Normal Day,1.0,Bargain Hunter,1.61,1.2,0.366,5.5,45.35,5
product,PRD-07,Noise-Cancelling Headphones Pro,Electronics,4500.0,4540.0,7290.0,1.606,150,79,0.527,0.473,17,0,Year End,1.3,Major Event,1.5,Impulse Buyer,0.55,0.8,0.636,7.5,82.15,9
product,PRD-08,Organic Fairtrade Coffee 1kg,Grocery,1200.0,1250.0,1190.0,0.952,300,235,0.783,0.217,8,0,Regular,1.0,Normal Day,1.0,Prime Member,0.7,4.7,0.404,4.5,44.01,2
product,PRD-01,Organic Fairtrade Coffee 1kg,Grocery,1200.0,1230.0,1230.0,1.0,300,193,0.643,0.357,26,0,Regular,1.0,Weekend,1.1,Loyal Customer,0.51,3.2,0.49,5.5,57.0,5
product,PRD-02,Smart Fitness Tracker Band,Wearables,2800.0,2800.0,2850.0,1.018,200,96,0.48,0.52,17,0,Regular,1.0,Normal Day,1.0,Prime Member,0.68,5.4,0.376,2.5,39.03,2
product,PRD-03,Pro Gaming Mechanical Keyboard,Gaming,5200.0,5270.0,5220.0,0.991,80,71,0.887,0.113,14,0,Regular,1.0,Normal Day,1.0,Prime Member,0.72,5.2,0.365,1.5,37.55,1
product,PRD-04,Noise-Cancelling Headphones Pro,Electronics,4500.0,4550.0,7030.0,1.545,150,34,0.227,0.773,11,0,Year End,1.3,Major Event,1.5,Bargain Hunter,1.57,0.1,0.565,5.5,78.87,5
product,PRD-05,Smart Fitness Tracker Band,Wearables,2800.0,2770.0,3900.0,1.408,200,112,0.56,0.44,17,1,Year End,1.3,Festival,1.4,Impulse Buyer,0.41,2.5,0.627,6.5,79.4,5
product,PRD-06,Organic Fairtrade Coffee 1kg,Grocery,1200.0,1220.0,1860.0,1.525,300,99,0.33,0.67,15,0,Year End,1.3,Festival,1.4,Impulse Buyer,0.41,0.3,0.608,5.5,76.33,6
product,PRD-07,Ergonomic Mesh Office Chair,Furniture,8900.0,9070.0,12530.0,1.381,60,47,0.783,0.217,39,1,Summer Off-peak,0.85,Festival,1.4,Impulse Buyer,0.36,2.4,0.638,9.5,80.94,14
product,PRD-08,Ergonomic Mesh Office Chair,Furniture,8900.0,8500.0,10040.0,1.181,60,21,0.35,0.65,40,0,Regular,1.0,Weekend,1.1,Impulse Buyer,0.32,0.7,0.528,5.5,61.93,6
product,PRD-01,Organic Fairtrade Coffee 1kg,Grocery,1200.0,1180.0,1370.0,1.161,300,136,0.453,0.547,44,0,Regular,1.0,Weekend,1.1,Prime Member,0.7,4.3,0.472,5.5,55.51,7
product,PRD-02,Smart Fitness Tracker Band,Wearables,2800.0,2790.0,3700.0,1.326,200,120,0.6,0.4,8,0,Year End,1.3,Festival,1.4,Impulse Buyer,0.29,1.1,0.594,5.5,72.77,5
product,PRD-03,Smart Fitness Tracker Band,Wearables,2800.0,2780.0,2770.0,0.996,200,122,0.61,0.39,5,0,Regular,1.0,Normal Day,1.0,Bargain Hunter,1.53,1.3,0.353,3.5,42.45,4
product,PRD-04,Ultra HD 4K Monitor 27-inch,Electronics,18500.0,17230.0,26150.0,1.518,45,26,0.578,0.422,28,0,Year End,1.3,Festival,1.4,Prime Member,0.6,1.0,0.592,8.5,75.17,7
product,PRD-05,Smart Fitness Tracker Band,Wearables,2800.0,2680.0,3090.0,1.153,200,132,0.66,0.34,23,0,Regular,1.0,Normal Day,1.0,Prime Member,0.63,7.1,0.492,3.5,58.33,1
product,PRD-06,Premium Running Shoes,Apparel,3900.0,3840.0,3990.0,1.039,110,57,0.518,0.482,2,0,Regular,1.0,Normal Day,1.0,Loyal Customer,0.61,5.9,0.456,1.5,52.16,0
product,PRD-07,Hydro Stainless Thermal Flask,Home & Kitchen,1100.0,1080.0,1200.0,1.111,250,127,0.508,0.492,23,0,Regular,1.0,Weekend,1.1,Prime Member,0.63,0.7,0.438,3.5,49.24,3
product,PRD-08,Smart Fitness Tracker Band,Wearables,2800.0,2740.0,3030.0,1.106,200,140,0.7,0.3,35,0,Regular,1.0,Weekend,1.1,Prime Member,0.7,8.7,0.485,3.5,57.76,4
product,PRD-01,Ultra HD 4K Monitor 27-inch,Electronics,18500.0,18620.0,17640.0,0.947,45,20,0.444,0.556,27,0,Regular,1.0,Normal Day,1.0,Impulse Buyer,0.36,0.1,0.365,1.5,34.5,1
product,PRD-02,Ergonomic Mesh Office Chair,Furniture,8900.0,8720.0,8930.0,1.024,60,31,0.517,0.483,2,0,Regular,1.0,Normal Day,1.0,Prime Member,0.66,2.9,0.459,6.5,53.08,7
product,PRD-03,Noise-Cancelling Headphones Pro,Electronics,4500.0,4430.0,4490.0,1.014,150,60,0.4,0.6,5,0,Summer Off-peak,0.85,Normal Day,1.0,Prime Member,0.71,0.8,0.369,3.5,38.21,2
product,PRD-04,Organic Fairtrade Coffee 1kg,Grocery,1200.0,1180.0,1900.0,1.61,300,154,0.513,0.487,41,0,Festive Sale,1.4,Major Event,1.5,Impulse Buyer,0.47,1.4,0.715,8.5,94.9,9
product,PRD-05,Organic Fairtrade Coffee 1kg,Grocery,1200.0,1220.0,1700.0,1.393,300,138,0.46,0.54,39,1,Regular,1.0,Festival,1.4,Bargain Hunter,1.62,0.2,0.543,6.5,75.47,5
product,PRD-06,Hydro Stainless Thermal Flask,Home & Kitchen,1100.0,1080.0,1460.0,1.352,250,107,0.428,0.572,5,1,Regular,1.0,Festival,1.4,Bargain Hunter,1.58,1.3,0.557,8.5,77.52,7
product,PRD-07,Pro Gaming Mechanical Keyboard,Gaming,5200.0,5230.0,6070.0,1.161,80,45,0.562,0.438,2,0,Regular,1.0,Weekend,1.1,Prime Member,0.74,12.4,0.515,2.5,63.29,3
product,PRD-08,Smart Fitness Tracker Band,Wearables,2800.0,2840.0,3180.0,1.12,200,20,0.1,0.9,1,0,Regular,1.0,Weekend,1.1,Prime Member,0.56,11.1,0.5,1.5,59.09,1
product,PRD-01,Ultra HD 4K Monitor 27-inch,Electronics,18500.0,17980.0,25230.0,1.403,45,15,0.333,0.667,24,0,Year End,1.3,Festival,1.4,Impulse Buyer,0.4,0.5,0.62,4.5,78.28,6
product,PRD-02,Premium Running Shoes,Apparel,3900.0,3900.0,4320.0,1.108,110,57,0.518,0.482,26,0,Regular,1.0,Normal Day,1.0,Prime Member,0.66,5.9,0.443,2.5,50.26,0
product,PRD-03,Noise-Cancelling Headphones Pro,Electronics,4500.0,4520.0,4690.0,1.038,150,80,0.533,0.467,24,0,Regular,1.0,Normal Day,1.0,Impulse Buyer,0.39,0.7,0.418,2.5,43.73,2
product,PRD-04,Smart Fitness Tracker Band,Wearables,2800.0,2760.0,2760.0,1.0,200,103,0.515,0.485,36,0,Regular,1.0,Normal Day,1.0,Impulse Buyer,0.43,1.0,0.449,7.5,49.44,9
product,PRD-05,Organic Fairtrade Coffee 1kg,Grocery,1200.0,1200.0,1550.0,1.292,300,171,0.57,0.43,8,1,Regular,1.0,Flash Deal,1.35,Impulse Buyer,0.44,1.8,0.528,2.5,62.85,4
product,PRD-06,Ergonomic Mesh Office Chair,Furniture,8900.0,8670.0,10130.0,1.168,60,39,0.65,0.35,28,0,Summer Off-peak,0.85,Weekend,1.1,Bargain Hunter,1.62,1.0,0.35,1.5,42.61,0
product,PRD-07,Organic Fairtrade Coffee 1kg,Grocery,1200.0,1200.0,1350.0,1.125,300,146,0.487,0.513,42,0,Summer Off-peak,0.85,Normal Day,1.0,Prime Member,0.66,3.4,0.462,6.5,53.57,6
product,PRD-08,Noise-Cancelling Headphones Pro,Electronics,4500.0,4380.0,5370.0,1.226,150,100,0.667,0.333,8,1,Regular,1.0,Flash Deal,1.35,Bargain Hunter,1.63,0.6,0.496,4.5,67.65,5
product,PRD-01,Ultra HD 4K Monitor 27-inch,Electronics,18500.0,19140.0,24220.0,1.265,45,25,0.556,0.444,22,0,Festive Sale,1.4,Festival,1.4,Prime Member,0.79,3.7,0.659,12.5,88.21,13
product,PRD-02,Hydro Stainless Thermal Flask,Home & Kitchen,1100.0,1100.0,1500.0,1.364,250,136,0.544,0.456,39,1,Year End,1.3,Festival,1.4,Impulse Buyer,0.39,0.2,0.597,3.5,74.26,3
product,PRD-03,Smart Fitness Tracker Band,Wearables,2800.0,2760.0,3900.0,1.413,200,41,0.205,0.795,37,1,Regular,1.0,Flash Deal,1.35,Impulse Buyer,0.34,2.4,0.724,8.5,95.31,13
product,PRD-04,Smart Fitness Tracker Band,Wearables,2800.0,2870.0,2860.0,0.997,200,125,0.625,0.375,9,0,Summer Off-peak,0.85,Normal Day,1.0,Prime Member,0.67,2.4,0.374,1.5,38.75,2
product,PRD-05,Noise-Cancelling Headphones Pro,Electronics,4500.0,4640.0,6770.0,1.459,150,111,0.74,0.26,16,0,Year End,1.3,Festival,1.4,Bargain Hunter,1.65,1.5,0.48,4.5,65.09,3
product,PRD-06,Noise-Cancelling Headphones Pro,Electronics,4500.0,4700.0,5360.0,1.14,150,137,0.913,0.087,26,0,Regular,1.0,Weekend,1.1,Impulse Buyer,0.35,0.2,0.447,3.5,48.42,1
product,PRD-07,Hydro Stainless Thermal Flask,Home & Kitchen,1100.0,1100.0,1230.0,1.118,250,118,0.472,0.528,16,0,Regular,1.0,Normal Day,1.0,Bargain Hunter,1.62,1.7,0.381,2.5,47.91,2
product,PRD-08,Organic Fairtrade Coffee 1kg,Grocery,1200.0,1220.0,1520.0,1.246,300,56,0.187,0.813,17,1,Regular,1.0,Festival,1.4,Prime Member,0.76,8.4,0.65,4.5,86.37,3
product,PRD-01,Ultra HD 4K Monitor 27-inch,Electronics,18500.0,18790.0,29190.0,1.553,45,17,0.378,0.622,7,0,Festive Sale,1.4,Major Event,1.5,Bargain Hunter,1.55,0.8,0.636,11.5,90.62,14
product,PRD-02,Noise-Cancelling Headphones Pro,Electronics,4500.0,4310.0,4770.0,1.107,150,20,0.133,0.867,8,0,Regular,1.0,Weekend,1.1,Loyal Customer,0.47,4.4,0.448,2.5,49.56,2
product,PRD-03,Premium Running Shoes,Apparel,3900.0,3800.0,4030.0,1.061,110,59,0.536,0.464,6,0,Summer Off-peak,0.85,Normal Day,1.0,Bargain Hunter,1.56,1.4,0.366,5.5,44.87,6
product,PRD-04,Ultra HD 4K Monitor 27-inch,Electronics,18500.0,18340.0,22840.0,1.245,45,11,0.244,0.756,38,1,Festive Sale,1.4,Flash Deal,1.35,Prime Member,0.8,4.7,0.655,8.5,87.53,10
product,PRD-05,Premium Running Shoes,Apparel,3900.0,4070.0,3960.0,0.973,110,73,0.664,0.336,7,0,Summer Off-peak,0.85,Weekend,1.1,Bargain Hunter,1.57,0.2,0.386,9.5,48.37,9
product,PRD-06,Hydro Stainless Thermal Flask,Home & Kitchen,1100.0,1130.0,1790.0,1.584,250,155,0.62,0.38,43,0,Festive Sale,1.4,Major Event,1.5,Prime Member,0.74,5.4,0.626,6.5,82.1,7
product,PRD-07,Organic Fairtrade Coffee 1kg,Grocery,1200.0,1190.0,1600.0,1.345,300,216,0.72,0.28,42,1,Summer Off-peak,0.85,Festival,1.4,Prime Member,0.68,3.3,0.598,5.5,76.88,6
product,PRD-08,Pro Gaming Mechanical Keyboard,Gaming,5200.0,5000.0,7060.0,1.412,80,10,0.125,0.875,8,1,Regular,1.0,Festival,1.4,Bargain Hunter,1.64,0.1,0.59,6.5,83.66,10
product,PRD-01,Ultra HD 4K Monitor 27-inch,Electronics,18500.0,18490.0,29140.0,1.576,45,26,0.578,0.422,25,0,Year End,1.3,Major Event,1.5,Bargain Hunter,1.67,1.0,0.587,8.5,83.38,12
product,PRD-02,Hydro Stainless Thermal Flask,Home & Kitchen,1100.0,1130.0,1050.0,0.929,250,20,0.08,0.92,13,0,Summer Off-peak,0.85,Normal Day,1.0,Prime Member,0.7,5.9,0.473,2.5,55.83,2
product,PRD-03,Premium Running Shoes,Apparel,3900.0,4050.0,5190.0,1.281,110,66,0.6,0.4,23,1,Regular,1.0,Festival,1.4,Prime Member,0.73,5.9,0.629,8.5,82.46,12
product,PRD-04,Ultra HD 4K Monitor 27-inch,Electronics,18500.0,18960.0,28730.0,1.515,45,24,0.533,0.467,43,0,Festive Sale,1.4,Major Event,1.5,Bargain Hunter,1.6,0.7,0.583,7.5,82.13,9
product,PRD-05,Organic Fairtrade Coffee 1kg,Grocery,1200.0,1210.0,1770.0,1.463,300,177,0.59,0.41,42,0,Year End,1.3,Major Event,1.5,Bargain Hunter,1.62,0.0,0.537,4.5,74.54,4
product,PRD-06,Premium Running Shoes,Apparel,3900.0,4010.0,3780.0,0.943,110,76,0.691,0.309,9,0,Summer Off-peak,0.85,Normal Day,1.0,Bargain Hunter,1.58,1.3,0.284,2.5,31.1,4
product,PRD-07,Organic Fairtrade Coffee 1kg,Grocery,1200.0,1170.0,1370.0,1.171,300,16,0.053,0.947,27,0,Regular,1.0,Weekend,1.1,Impulse Buyer,0.46,1.7,0.508,1.5,59.61,1
product,PRD-08,Pro Gaming Mechanical Keyboard,Gaming,5200.0,5180.0,5240.0,1.012,80,58,0.725,0.275,26,0,Regular,1.0,Normal Day,1.0,Impulse Buyer,0.38,0.4,0.437,4.5,46.86,6
product,PRD-01,Noise-Cancelling Headphones Pro,Electronics,4500.0,4440.0,4770.0,1.074,150,46,0.307,0.693,32,0,Summer Off-peak,0.85,Weekend,1.1,Bargain Hunter,1.55,0.0,0.379,2.5,46.95,4
product,PRD-02,Hydro Stainless Thermal Flask,Home & Kitchen,1100.0,1090.0,1130.0,1.037,250,120,0.48,0.52,6,0,Regular,1.0,Normal Day,1.0,Impulse Buyer,0.4,2.0,0.442,4.5,47.93,5
product,PRD-03,Ergonomic Mesh Office Chair,Furniture,8900.0,8900.0,9750.0,1.096,60,13,0.217,0.783,16,0,Regular,1.0,Normal Day,1.0,Bargain Hunter,1.63,1.4,0.385,1.5,48.76,1
product,PRD-04,Ultra HD 4K Monitor 27-inch,Electronics,18500.0,18040.0,20890.0,1.158,45,22,0.489,0.511,12,0,Regular,1.0,Normal Day,1.0,Bargain Hunter,1.61,1.1,0.386,3.5,48.63,2
product,PRD-05,Organic Fairtrade Coffee 1kg,Grocery,1200.0,1150.0,1330.0,1.157,300,185,0.617,0.383,17,0,Regular,1.0,Normal Day,1.0,Bargain Hunter,1.58,0.7,0.417,4.5,53.64,4
product,PRD-06,Ultra HD 4K Monitor 27-inch,Electronics,18500.0,18570.0,28650.0,1.543,45,22,0.489,0.511,22,0,Festive Sale,1.4,Major Event,1.5,Bargain Hunter,1.6,1.1,0.568,8.5,79.63,5
product,PRD-07,Premium Running Shoes,Apparel,3900.0,3820.0,3930.0,1.029,110,90,0.818,0.182,24,0,Summer Off-peak,0.85,Normal Day,1.0,Bargain Hunter,1.66,3.3,0.294,2.5,33.42,1
product,PRD-08,Organic Fairtrade Coffee 1kg,Grocery,1200.0,1200.0,1210.0,1.008,300,161,0.537,0.463,32,0,Regular,1.0,Normal Day,1.0,Bargain Hunter,1.62,1.9,0.4,5.5,51.22,2
product,PRD-01,Noise-Cancelling Headphones Pro,Electronics,4500.0,4590.0,4470.0,0.974,150,77,0.513,0.487,23,0,Regular,1.0,Normal Day,1.0,Bargain Hunter,1.61,0.0,0.338,4.5,40.54,4
product,PRD-02,Ergonomic Mesh Office Chair,Furniture,8900.0,8540.0,10360.0,1.213,60,34,0.567,0.433,13,0,Regular,1.0,Weekend,1.1,Prime Member,0.63,2.8,0.448,3.5,50.96,5
product,PRD-03,Ergonomic Mesh Office Chair,Furniture,8900.0,8480.0,8810.0,1.039,60,36,0.6,0.4,10,0,Regular,1.0,Normal Day,1.0,Loyal Customer,0.5,8.5,0.446,2.5,49.4,3
product,PRD-04,Hydro Stainless Thermal Flask,Home & Kitchen,1100.0,1120.0,1110.0,0.991,250,69,0.276,0.724,12,0,Summer Off-peak,0.85,Normal Day,1.0,Prime Member,0.68,3.1,0.422,3.5,46.84,4
product,PRD-05,Premium Running Shoes,Apparel,3900.0,4070.0,3810.0,0.936,110,68,0.618,0.382,9,0,Regular,1.0,Normal Day,1.0,Loyal Customer,0.44,5.9,0.481,5.5,54.83,8
product,PRD-06,Noise-Cancelling Headphones Pro,Electronics,4500.0,4450.0,7090.0,1.593,150,74,0.493,0.507,31,0,Year End,1.3,Major Event,1.5,Prime Member,0.73,3.1,0.71,10.5,96.37,16
product,PRD-07,Premium Running Shoes,Apparel,3900.0,4120.0,4040.0,0.981,110,85,0.773,0.227,24,0,Regular,1.0,Normal Day,1.0,Loyal Customer,0.47,8.1,0.46,2.5,51.66,2
product,PRD-08,Premium Running Shoes,Apparel,3900.0,3850.0,4230.0,1.099,110,63,0.573,0.427,3,0,Regular,1.0,Normal Day,1.0,Prime Member,0.72,10.6,0.473,1.5,55.99,2
product,PRD-01,Smart Fitness Tracker Band,Wearables,2800.0,2820.0,2810.0,0.996,200,140,0.7,0.3,2,0,Regular,1.0,Normal Day,1.0,Bargain Hunter,1.52,0.4,0.361,4.5,43.68,1
product,PRD-02,Ultra HD 4K Monitor 27-inch,Electronics,18500.0,18450.0,24500.0,1.328,45,27,0.6,0.4,28,1,Regular,1.0,Festival,1.4,Bargain Hunter,1.5,0.4,0.536,3.5,73.3,5
product,PRD-03,Pro Gaming Mechanical Keyboard,Gaming,5200.0,5170.0,6840.0,1.323,80,25,0.312,0.688,36,1,Regular,1.0,Flash Deal,1.35,Impulse Buyer,0.38,2.1,0.57,0.5,69.59,1
product,PRD-04,Ultra HD 4K Monitor 27-inch,Electronics,18500.0,16740.0,21630.0,1.292,45,31,0.689,0.311,42,1,Regular,1.0,Flash Deal,1.35,Loyal Customer,0.49,7.2,0.621,5.5,79.12,6
product,PRD-05,Organic Fairtrade Coffee 1kg,Grocery,1200.0,1180.0,1150.0,0.975,300,134,0.447,0.553,1,0,Summer Off-peak,0.85,Normal Day,1.0,Prime Member,0.62,7.5,0.441,6.5,49.69,10
product,PRD-06,Premium Running Shoes,Apparel,3900.0,3920.0,5730.0,1.462,110,42,0.382,0.618,1,0,Festive Sale,1.4,Festival,1.4,Bargain Hunter,1.66,0.1,0.519,4.5,71.81,4
product,PRD-07,Ergonomic Mesh Office Chair,Furniture,8900.0,8640.0,11010.0,1.274,60,24,0.4,0.6,16,1,Regular,1.0,Flash Deal,1.35,Prime Member,0.72,2.5,0.591,6.5,75.92,8
product,PRD-08,Pro Gaming Mechanical Keyboard,Gaming,5200.0,5090.0,5120.0,1.006,80,36,0.45,0.55,41,0,Regular,1.0,Normal Day,1.0,Bargain Hunter,1.62,1.1,0.379,4.5,47.66,2
product,PRD-01,Premium Running Shoes,Apparel,3900.0,3740.0,5430.0,1.452,110,29,0.264,0.736,10,1,Regular,1.0,Festival,1.4,Impulse Buyer,0.4,3.3,0.605,2.5,75.66,5
product,PRD-02,Organic Fairtrade Coffee 1kg,Grocery,1200.0,1190.0,1330.0,1.118,300,83,0.277,0.723,28,0,Regular,1.0,Weekend,1.1,Impulse Buyer,0.41,0.1,0.459,1.5,50.87,2
product,PRD-03,Hydro Stainless Thermal Flask,Home & Kitchen,1100.0,1090.0,1610.0,1.477,250,130,0.52,0.48,6,0,Festive Sale,1.4,Major Event,1.5,Bargain Hunter,1.64,4.2,0.573,6.5,80.76,4
product,PRD-04,Noise-Cancelling Headphones Pro,Electronics,4500.0,4610.0,5060.0,1.098,150,59,0.393,0.607,12,0,Summer Off-peak,0.85,Weekend,1.1,Impulse Buyer,0.48,0.9,0.421,4.5,45.08,5
product,PRD-05,Hydro Stainless Thermal Flask,Home & Kitchen,1100.0,1150.0,1360.0,1.183,250,72,0.288,0.712,17,1,Year End,1.3,Festival,1.4,Impulse Buyer,0.42,1.2,0.635,5.5,80.89,8
product,PRD-06,Smart Fitness Tracker Band,Wearables,2800.0,2920.0,3220.0,1.103,200,43,0.215,0.785,6,0,Regular,1.0,Weekend,1.1,Bargain Hunter,1.57,0.8,0.403,1.5,51.22,0
product,PRD-07,Pro Gaming Mechanical Keyboard,Gaming,5200.0,5420.0,8380.0,1.546,80,62,0.775,0.225,40,0,Festive Sale,1.4,Major Event,1.5,Prime Member,0.72,11.1,0.619,4.5,80.71,6
product,PRD-08,Hydro Stainless Thermal Flask,Home & Kitchen,1100.0,1130.0,1110.0,0.982,250,213,0.852,0.148,7,0,Summer Off-peak,0.85,Normal Day,1.0,Bargain Hunter,1.62,0.4,0.372,6.5,46.39,6
product,PRD-01,Noise-Cancelling Headphones Pro,Electronics,4500.0,4370.0,4890.0,1.119,150,86,0.573,0.427,7,0,Regular,1.0,Weekend,1.1,Impulse Buyer,0.35,0.8,0.401,0.5,40.47,1
product,PRD-02,Smart Fitness Tracker Band,Wearables,2800.0,2810.0,3060.0,1.089,200,110,0.55,0.45,21,0,Regular,1.0,Normal Day,1.0,Prime Member,0.72,5.5,0.43,3.5,48.54,0
product,PRD-03,Noise-Cancelling Headphones Pro,Electronics,4500.0,4540.0,6410.0,1.412,150,119,0.793,0.207,19,0,Year End,1.3,Festival,1.4,Loyal Customer,0.5,4.4,0.569,3.5,70.45,2
product,PRD-04,Organic Fairtrade Coffee 1kg,Grocery,1200.0,1200.0,1280.0,1.067,300,152,0.507,0.493,42,0,Regular,1.0,Normal Day,1.0,Bargain Hunter,1.64,2.3,0.394,4.5,50.3,5
product,PRD-05,Ultra HD 4K Monitor 27-inch,Electronics,18500.0,19560.0,23170.0,1.185,45,28,0.622,0.378,29,1,Regular,1.0,Festival,1.4,Bargain Hunter,1.57,1.4,0.508,5.5,69.09,7
product,PRD-06,Pro Gaming Mechanical Keyboard,Gaming,5200.0,5020.0,6710.0,1.337,80,45,0.562,0.438,7,1,Summer Off-peak,0.85,Flash Deal,1.35,Impulse Buyer,0.39,1.2,0.551,1.5,66.45,1
product,PRD-07,Pro Gaming Mechanical Keyboard,Gaming,5200.0,5310.0,5700.0,1.073,80,60,0.75,0.25,42,0,Summer Off-peak,0.85,Weekend,1.1,Impulse Buyer,0.49,1.3,0.469,4.5,53.27,5
product,PRD-08,Organic Fairtrade Coffee 1kg,Grocery,1200.0,1220.0,1420.0,1.164,300,205,0.683,0.317,31,1,Regular,1.0,Flash Deal,1.35,Loyal Customer,0.49,6.5,0.609,6.5,77.1,10
product,PRD-01,Noise-Cancelling Headphones Pro,Electronics,4500.0,4480.0,4920.0,1.098,150,101,0.673,0.327,37,0,Summer Off-peak,0.85,Normal Day,1.0,Impulse Buyer,0.39,1.7,0.429,4.5,45.73,7
product,PRD-02,Hydro Stainless Thermal Flask,Home & Kitchen,1100.0,1070.0,1720.0,1.607,250,70,0.28,0.72,27,0,Year End,1.3,Major Event,1.5,Prime Member,0.69,8.1,0.718,5.5,97.33,5
product,PRD-03,Noise-Cancelling Headphones Pro,Electronics,4500.0,4440.0,5400.0,1.216,150,76,0.507,0.493,3,0,Regular,1.0,Weekend,1.1,Impulse Buyer,0.3,0.4,0.471,4.5,52.05,4
product,PRD-04,Pro Gaming Mechanical Keyboard,Gaming,5200.0,5230.0,5630.0,1.076,80,18,0.225,0.775,33,0,Summer Off-peak,0.85,Normal Day,1.0,Prime Member,0.73,4.1,0.448,5.5,51.79,5
product,PRD-05,Premium Running Shoes,Apparel,3900.0,3940.0,3640.0,0.924,110,68,0.618,0.382,11,0,Regular,1.0,Normal Day,1.0,Bargain Hunter,1.68,1.4,0.335,4.5,40.58,3
product,PRD-06,Ultra HD 4K Monitor 27-inch,Electronics,18500.0,17860.0,24760.0,1.386,45,26,0.578,0.422,40,0,Year End,1.3,Major Event,1.5,Impulse Buyer,0.44,1.4,0.64,6.5,81.91,10
product,PRD-07,Noise-Cancelling Headphones Pro,Electronics,4500.0,4460.0,4620.0,1.036,150,101,0.673,0.327,11,0,Regular,1.0,Normal Day,1.0,Bargain Hunter,1.65,0.7,0.357,5.5,44.05,4
product,PRD-08,Ergonomic Mesh Office Chair,Furniture,8900.0,9440.0,10230.0,1.084,60,50,0.833,0.167,11,0,Regular,1.0,Weekend,1.1,Loyal Customer,0.54,3.7,0.415,4.5,44.55,5
product,PRD-01,Ergonomic Mesh Office Chair,Furniture,8900.0,9000.0,9850.0,1.094,60,39,0.65,0.35,7,0,Summer Off-peak,0.85,Weekend,1.1,Bargain Hunter,1.59,0.2,0.309,2.5,35.49,0
product,PRD-02,Hydro Stainless Thermal Flask,Home & Kitchen,1100.0,1090.0,1760.0,1.615,250,214,0.856,0.144,10,0,Festive Sale,1.4,Major Event,1.5,Loyal Customer,0.43,8.8,0.691,6.5,90.45,10
product,PRD-03,Pro Gaming Mechanical Keyboard,Gaming,5200.0,5480.0,8270.0,1.509,80,9,0.113,0.887,16,0,Year End,1.3,Major Event,1.5,Bargain Hunter,1.59,2.5,0.591,6.5,83.36,7
product,PRD-04,Organic Fairtrade Coffee 1kg,Grocery,1200.0,1140.0,1780.0,1.561,300,157,0.523,0.477,25,0,Festive Sale,1.4,Major Event,1.5,Impulse Buyer,0.37,0.7,0.706,10.5,92.56,16
product,PRD-05,Organic Fairtrade Coffee 1kg,Grocery,1200.0,1270.0,1290.0,1.016,300,123,0.41,0.59,19,0,Summer Off-peak,0.85,Normal Day,1.0,Prime Member,0.71,7.8,0.481,2.5,57.23,2
product,PRD-06,Pro Gaming Mechanical Keyboard,Gaming,5200.0,5210.0,6780.0,1.301,80,66,0.825,0.175,12,1,Summer Off-peak,0.85,Festival,1.4,Bargain Hunter,1.61,1.8,0.431,5.5,56.33,7
product,PRD-07,Ultra HD 4K Monitor 27-inch,Electronics,18500.0,18500.0,20550.0,1.111,45,15,0.333,0.667,8,0,Regular,1.0,Weekend,1.1,Prime Member,0.69,3.4,0.486,4.5,57.82,5
product,PRD-08,Smart Fitness Tracker Band,Wearables,2800.0,2790.0,2750.0,0.986,200,74,0.37,0.63,5,0,Summer Off-peak,0.85,Normal Day,1.0,Prime Member,0.72,4.0,0.423,3.5,47.47,2
product,PRD-01,Ultra HD 4K Monitor 27-inch,Electronics,18500.0,18110.0,24640.0,1.361,45,26,0.578,0.422,12,1,Regular,1.0,Festival,1.4,Impulse Buyer,0.42,2.3,0.61,8.5,76.7,9
product,PRD-02,Smart Fitness Tracker Band,Wearables,2800.0,2750.0,3830.0,1.393,200,133,0.665,0.335,23,0,Year End,1.3,Major Event,1.5,Loyal Customer,0.48,7.6,0.641,5.5,82.38,8
product,PRD-03,Pro Gaming Mechanical Keyboard,Gaming,5200.0,5330.0,5040.0,0.946,80,38,0.475,0.525,37,0,Regular,1.0,Normal Day,1.0,Loyal Customer,0.53,11.1,0.498,3.5,58.61,4
product,PRD-04,Premium Running Shoes,Apparel,3900.0,3830.0,3920.0,1.023,110,70,0.636,0.364,11,0,Regular,1.0,Normal Day,1.0,Prime Member,0.74,6.6,0.423,5.5,47.54,2
product,PRD-05,Ultra HD 4K Monitor 27-inch,Electronics,18500.0,19150.0,18620.0,0.972,45,15,0.333,0.667,1,0,Regular,1.0,Normal Day,1.0,Loyal Customer,0.51,5.6,0.472,3.5,53.89,2
product,PRD-06,Hydro Stainless Thermal Flask,Home & Kitchen,1100.0,1060.0,1160.0,1.094,250,147,0.588,0.412,2,0,Regular,1.0,Normal Day,1.0,Loyal Customer,0.41,6.4,0.426,1.5,45.37,3
product,PRD-07,Ultra HD 4K Monitor 27-inch,Electronics,18500.0,18530.0,26770.0,1.445,45,13,0.289,0.711,42,0,Festive Sale,1.4,Festival,1.4,Prime Member,0.77,1.1,0.638,9.5,84.36,13
product,PRD-08,Organic Fairtrade Coffee 1kg,Grocery,1200.0,1200.0,1700.0,1.417,300,210,0.7,0.3,4,0,Festive Sale,1.4,Festival,1.4,Impulse Buyer,0.33,0.1,0.595,6.5,73.35,7
product,PRD-01,Smart Fitness Tracker Band,Wearables,2800.0,2920.0,2800.0,0.959,200,101,0.505,0.495,15,0,Regular,1.0,Normal Day,1.0,Bargain Hunter,1.58,0.3,0.356,5.5,43.42,5
product,PRD-02,Noise-Cancelling Headphones Pro,Electronics,4500.0,4590.0,5920.0,1.29,150,80,0.533,0.467,9,1,Regular,1.0,Festival,1.4,Prime Member,0.65,5.6,0.584,2.5,74.23,4
product,PRD-03,Ergonomic Mesh Office Chair,Furniture,8900.0,9180.0,12640.0,1.377,60,44,0.733,0.267,6,0,Festive Sale,1.4,Festival,1.4,Bargain Hunter,1.53,2.1,0.527,3.5,72.04,2
product,PRD-04,Ergonomic Mesh Office Chair,Furniture,8900.0,9050.0,11210.0,1.239,60,21,0.35,0.65,42,1,Regular,1.0,Festival,1.4,Impulse Buyer,0.45,2.9,0.59,6.5,73.45,8
product,PRD-05,Noise-Cancelling Headphones Pro,Electronics,4500.0,4360.0,4540.0,1.041,150,50,0.333,0.667,4,0,Summer Off-peak,0.85,Normal Day,1.0,Bargain Hunter,1.66,0.9,0.42,2.5,54.97,3
product,PRD-06,Noise-Cancelling Headphones Pro,Electronics,4500.0,4550.0,4530.0,0.996,150,107,0.713,0.287,6,0,Regular,1.0,Normal Day,1.0,Impulse Buyer,0.39,0.1,0.491,6.5,56.13,6
product,PRD-07,Premium Running Shoes,Apparel,3900.0,3840.0,5100.0,1.328,110,90,0.818,0.182,27,1,Regular,1.0,Flash Deal,1.35,Bargain Hunter,1.63,0.7,0.535,6.5,74.23,9
product,PRD-08,Pro Gaming Mechanical Keyboard,Gaming,5200.0,5240.0,5550.0,1.059,80,48,0.6,0.4,34,0,Regular,1.0,Normal Day,1.0,Bargain Hunter,1.62,2.5,0.361,3.5,44.51,4
product,PRD-01,Hydro Stainless Thermal Flask,Home & Kitchen,1100.0,1060.0,1330.0,1.255,250,140,0.56,0.44,8,1,Year End,1.3,Festival,1.4,Impulse Buyer,0.38,0.5,0.652,5.5,83.54,7
product,PRD-02,Smart Fitness Tracker Band,Wearables,2800.0,2780.0,3620.0,1.302,200,69,0.345,0.655,44,0,Festive Sale,1.4,Festival,1.4,Prime Member,0.71,7.2,0.646,3.5,85.28,4
product,PRD-03,Premium Running Shoes,Apparel,3900.0,3970.0,4100.0,1.033,110,52,0.473,0.527,26,0,Regular,1.0,Normal Day,1.0,Bargain Hunter,1.56,0.3,0.345,0.5,41.3,0
product,PRD-04,Organic Fairtrade Coffee 1kg,Grocery,1200.0,1200.0,1340.0,1.117,300,146,0.487,0.513,28,1,Regular,1.0,Flash Deal,1.35,Loyal Customer,0.48,3.9,0.626,9.5,79.89,6
product,PRD-05,Ultra HD 4K Monitor 27-inch,Electronics,18500.0,18590.0,27260.0,1.466,45,33,0.733,0.267,18,0,Year End,1.3,Major Event,1.5,Bargain Hunter,1.56,1.0,0.467,2.5,62.11,2
product,PRD-06,Smart Fitness Tracker Band,Wearables,2800.0,2830.0,3180.0,1.124,200,109,0.545,0.455,11,1,Regular,1.0,Flash Deal,1.35,Prime Member,0.77,7.6,0.556,5.5,70.46,5
product,PRD-07,Hydro Stainless Thermal Flask,Home & Kitchen,1100.0,1050.0,1710.0,1.629,250,136,0.544,0.456,40,0,Year End,1.3,Major Event,1.5,Loyal Customer,0.55,9.1,0.671,3.5,88.22,6
product,PRD-08,Pro Gaming Mechanical Keyboard,Gaming,5200.0,5140.0,5460.0,1.062,80,39,0.487,0.512,3,0,Regular,1.0,Normal Day,1.0,Impulse Buyer,0.38,2.7,0.426,4.5,45.07,2
product,PRD-01,Smart Fitness Tracker Band,Wearables,2800.0,2780.0,3370.0,1.212,200,54,0.27,0.73,40,0,Regular,1.0,Weekend,1.1,Prime Member,0.75,3.2,0.522,3.5,64.51,5
product,PRD-02,Organic Fairtrade Coffee 1kg,Grocery,1200.0,1250.0,1730.0,1.384,300,77,0.257,0.743,18,0,Festive Sale,1.4,Festival,1.4,Prime Member,0.72,7.9,0.619,2.5,80.82,2
product,PRD-03,Smart Fitness Tracker Band,Wearables,2800.0,2750.0,3370.0,1.225,200,182,0.91,0.09,18,1,Regular,1.0,Festival,1.4,Loyal Customer,0.46,3.6,0.641,5.5,82.27,9
product,PRD-04,Pro Gaming Mechanical Keyboard,Gaming,5200.0,4990.0,5830.0,1.168,80,59,0.738,0.262,22,0,Regular,1.0,Weekend,1.1,Loyal Customer,0.47,7.2,0.498,6.5,58.0,10
product,PRD-05,Ergonomic Mesh Office Chair,Furniture,8900.0,9210.0,9910.0,1.076,60,29,0.483,0.517,10,0,Regular,1.0,Weekend,1.1,Bargain Hunter,1.57,0.0,0.358,1.5,43.62,3
product,PRD-06,Organic Fairtrade Coffee 1kg,Grocery,1200.0,1250.0,1550.0,1.24,300,189,0.63,0.37,6,1,Festive Sale,1.4,Festival,1.4,Loyal Customer,0.5,7.2,0.72,5.5,96.05,10
product,PRD-07,Ultra HD 4K Monitor 27-inch,Electronics,18500.0,18170.0,28400.0,1.563,45,33,0.733,0.267,39,0,Festive Sale,1.4,Festival,1.4,Bargain Hunter,1.64,0.0,0.525,5.5,72.67,6
product,PRD-08,Pro Gaming Mechanical Keyboard,Gaming,5200.0,5290.0,8010.0,1.514,80,51,0.637,0.363,32,0,Year End,1.3,Festival,1.4,Prime Member,0.69,14.2,0.663,7.5,87.95,9
product,PRD-01,Hydro Stainless Thermal Flask,Home & Kitchen,1100.0,1140.0,1110.0,0.974,250,167,0.668,0.332,11,0,Regular,1.0,Normal Day,1.0,Prime Member,0.71,8.2,0.445,0.5,51.1,1
product,PRD-02,Pro Gaming Mechanical Keyboard,Gaming,5200.0,5210.0,6860.0,1.317,80,35,0.438,0.562,6,1,Summer Off-peak,0.85,Flash Deal,1.35,Prime Member,0.58,5.0,0.657,10.5,86.06,14
product,PRD-03,Ergonomic Mesh Office Chair,Furniture,8900.0,9310.0,9590.0,1.03,60,49,0.817,0.183,40,0,Summer Off-peak,0.85,Normal Day,1.0,Prime Member,0.77,4.5,0.334,2.5,32.69,2
product,PRD-04,Hydro Stainless Thermal Flask,Home & Kitchen,1100.0,1100.0,1080.0,0.982,250,210,0.84,0.16,41,0,Regular,1.0,Normal Day,1.0,Bargain Hunter,1.55,1.1,0.305,4.5,34.35,2
product,PRD-05,Hydro Stainless Thermal Flask,Home & Kitchen,1100.0,1060.0,1170.0,1.104,250,64,0.256,0.744,33,0,Regular,1.0,Weekend,1.1,Prime Member,0.64,4.8,0.419,2.5,46.07,1
product,PRD-06,Hydro Stainless Thermal Flask,Home & Kitchen,1100.0,1110.0,1580.0,1.423,250,141,0.564,0.436,9,0,Year End,1.3,Major Event,1.5,Bargain Hunter,1.54,0.9,0.592,9.5,83.16,9
product,PRD-07,Ergonomic Mesh Office Chair,Furniture,8900.0,9090.0,11370.0,1.251,60,23,0.383,0.617,22,1,Year End,1.3,Festival,1.4,Loyal Customer,0.42,5.6,0.694,8.5,91.0,11
product,PRD-08,Premium Running Shoes,Apparel,3900.0,4020.0,4020.0,1.0,110,65,0.591,0.409,36,0,Summer Off-peak,0.85,Normal Day,1.0,Bargain Hunter,1.57,0.4,0.364,4.5,44.67,4
product,PRD-01,Smart Fitness Tracker Band,Wearables,2800.0,2820.0,2910.0,1.032,200,140,0.7,0.3,12,0,Regular,1.0,Normal Day,1.0,Bargain Hunter,1.63,0.1,0.309,1.5,35.8,2
product,PRD-02,Premium Running Shoes,Apparel,3900.0,3850.0,5560.0,1.444,110,105,0.955,0.045,42,0,Year End,1.3,Festival,1.4,Prime Member,0.76,8.1,0.618,5.5,80.91,7
product,PRD-03,Noise-Cancelling Headphones Pro,Electronics,4500.0,4440.0,6020.0,1.356,150,55,0.367,0.633,7,0,Year End,1.3,Festival,1.4,Impulse Buyer,0.38,0.7,0.617,0.5,77.49,0
product,PRD-04,Organic Fairtrade Coffee 1kg,Grocery,1200.0,1230.0,1820.0,1.48,300,195,0.65,0.35,10,0,Festive Sale,1.4,Festival,1.4,Prime Member,0.65,6.4,0.662,7.5,87.45,10
product,PRD-05,Organic Fairtrade Coffee 1kg,Grocery,1200.0,1210.0,1360.0,1.124,300,114,0.38,0.62,20,0,Summer Off-peak,0.85,Weekend,1.1,Loyal Customer,0.56,9.5,0.506,1.5,60.2,1
product,PRD-06,Ergonomic Mesh Office Chair,Furniture,8900.0,8790.0,10930.0,1.243,60,23,0.383,0.617,19,0,Regular,1.0,Weekend,1.1,Prime Member,0.6,2.6,0.483,3.5,56.53,3
product,PRD-07,Smart Fitness Tracker Band,Wearables,2800.0,2510.0,4310.0,1.717,200,72,0.36,0.64,33,0,Year End,1.3,Major Event,1.5,Prime Member,0.67,5.5,0.699,8.5,93.94,11
product,PRD-08,Hydro Stainless Thermal Flask,Home & Kitchen,1100.0,1130.0,1590.0,1.407,250,181,0.724,0.276,29,0,Year End,1.3,Festival,1.4,Impulse Buyer,0.38,0.5,0.572,4.5,69.84,4
product,PRD-01,Premium Running Shoes,Apparel,3900.0,3990.0,3980.0,0.997,110,22,0.2,0.8,5,0,Regular,1.0,Normal Day,1.0,Bargain Hunter,1.65,0.2,0.349,3.5,42.79,3
product,PRD-02,Smart Fitness Tracker Band,Wearables,2800.0,2700.0,3090.0,1.144,200,169,0.845,0.155,1,0,Regular,1.0,Weekend,1.1,Bargain Hunter,1.63,2.0,0.379,3.5,47.66,3
product,PRD-03,Premium Running Shoes,Apparel,3900.0,3720.0,5200.0,1.398,110,61,0.555,0.445,41,1,Summer Off-peak,0.85,Flash Deal,1.35,Bargain Hunter,1.56,1.6,0.529,4.5,72.65,7
product,PRD-04,Ultra HD 4K Monitor 27-inch,Electronics,18500.0,17730.0,23870.0,1.346,45,21,0.467,0.533,20,1,Festive Sale,1.4,Festival,1.4,Bargain Hunter,1.52,1.0,0.558,3.5,77.13,4
product,PRD-05,Premium Running Shoes,Apparel,3900.0,3860.0,5720.0,1.482,110,60,0.545,0.455,36,0,Year End,1.3,Festival,1.4,Prime Member,0.68,6.7,0.614,5.5,79.56,5
product,PRD-06,Ergonomic Mesh Office Chair,Furniture,8900.0,9190.0,11470.0,1.248,60,44,0.733,0.267,42,0,Year End,1.3,Festival,1.4,Impulse Buyer,0.45,2.0,0.564,6.5,69.17,11
product,PRD-07,Organic Fairtrade Coffee 1kg,Grocery,1200.0,1200.0,1280.0,1.067,300,246,0.82,0.18,13,0,Regular,1.0,Normal Day,1.0,Impulse Buyer,0.43,0.9,0.465,7.5,52.12,8
product,PRD-08,Smart Fitness Tracker Band,Wearables,2800.0,2910.0,3910.0,1.344,200,86,0.43,0.57,33,0,Festive Sale,1.4,Festival,1.4,Prime Member,0.69,2.5,0.662,9.5,87.79,13
product,PRD-01,Smart Fitness Tracker Band,Wearables,2800.0,2840.0,3830.0,1.349,200,149,0.745,0.255,10,1,Festive Sale,1.4,Flash Deal,1.35,Bargain Hunter,1.55,3.2,0.589,8.5,82.72,12
product,PRD-02,Pro Gaming Mechanical Keyboard,Gaming,5200.0,5280.0,6440.0,1.22,80,20,0.25,0.75,44,0,Festive Sale,1.4,Festival,1.4,Bargain Hunter,1.53,0.6,0.495,10.5,66.52,6
product,PRD-03,Pro Gaming Mechanical Keyboard,Gaming,5200.0,5240.0,5610.0,1.071,80,24,0.3,0.7,7,0,Regular,1.0,Normal Day,1.0,Bargain Hunter,1.57,1.8,0.423,4.5,54.71,4
product,PRD-04,Premium Running Shoes,Apparel,3900.0,3810.0,4990.0,1.31,110,68,0.618,0.382,33,1,Regular,1.0,Flash Deal,1.35,Bargain Hunter,1.53,2.0,0.526,7.5,71.87,7
product,PRD-05,Hydro Stainless Thermal Flask,Home & Kitchen,1100.0,1070.0,1570.0,1.467,250,192,0.768,0.232,12,0,Festive Sale,1.4,Major Event,1.5,Prime Member,0.81,7.1,0.584,2.5,75.57,1
product,PRD-06,Ergonomic Mesh Office Chair,Furniture,8900.0,9000.0,14550.0,1.617,60,42,0.7,0.3,24,0,Festive Sale,1.4,Major Event,1.5,Prime Member,0.67,2.3,0.636,4.5,83.19,5
product,PRD-07,Pro Gaming Mechanical Keyboard,Gaming,5200.0,5170.0,6600.0,1.277,80,15,0.188,0.812,35,1,Regular,1.0,Flash Deal,1.35,Bargain Hunter,1.57,0.0,0.546,1.5,75.51,3
product,PRD-08,Noise-Cancelling Headphones Pro,Electronics,4500.0,4510.0,6090.0,1.35,150,62,0.413,0.587,21,1,Regular,1.0,Flash Deal,1.35,Bargain Hunter,1.65,0.3,0.554,11.5,77.64,11
product,PRD-01,Organic Fairtrade Coffee 1kg,Grocery,1200.0,1210.0,1500.0,1.24,300,230,0.767,0.233,41,1,Festive Sale,1.4,Flash Deal,1.35,Bargain Hunter,1.59,0.1,0.54,7.5,74.72,7
product,PRD-02,Organic Fairtrade Coffee 1kg,Grocery,1200.0,1200.0,1180.0,0.983,300,61,0.203,0.797,22,0,Regular,1.0,Normal Day,1.0,Loyal Customer,0.48,3.8,0.442,1.5,48.57,1
product,PRD-03,Ergonomic Mesh Office Chair,Furniture,8900.0,9070.0,8420.0,0.928,60,37,0.617,0.383,17,0,Regular,1.0,Normal Day,1.0,Prime Member,0.68,3.1,0.404,1.5,43.79,2
product,PRD-04,Pro Gaming Mechanical Keyboard,Gaming,5200.0,5270.0,7230.0,1.372,80,68,0.85,0.15,37,0,Festive Sale,1.4,Festival,1.4,Bargain Hunter,1.5,0.6,0.415,1.5,52.66,1
product,PRD-05,Premium Running Shoes,Apparel,3900.0,3810.0,6010.0,1.577,110,94,0.855,0.145,38,0,Year End,1.3,Major Event,1.5,Bargain Hunter,1.49,1.6,0.566,6.5,78.26,11
product,PRD-06,Ergonomic Mesh Office Chair,Furniture,8900.0,8930.0,11980.0,1.342,60,38,0.633,0.367,19,0,Year End,1.3,Festival,1.4,Impulse Buyer,0.3,0.7,0.599,7.5,73.72,11
product,PRD-07,Noise-Cancelling Headphones Pro,Electronics,4500.0,4490.0,6330.0,1.41,150,95,0.633,0.367,6,1,Regular,1.0,Festival,1.4,Loyal Customer,0.53,5.6,0.641,7.5,82.95,11
product,PRD-08,Ergonomic Mesh Office Chair,Furniture,8900.0,9110.0,9470.0,1.04,60,42,0.7,0.3,2,0,Regular,1.0,Weekend,1.1,Prime Member,0.69,13.1,0.442,3.5,50.47,5
product,PRD-01,Ultra HD 4K Monitor 27-inch,Electronics,18500.0,18880.0,18260.0,0.967,45,36,0.8,0.2,44,0,Summer Off-peak,0.85,Normal Day,1.0,Bargain Hunter,1.58,4.0,0.345,6.5,41.54,4
product,PRD-02,Organic Fairtrade Coffee 1kg,Grocery,1200.0,1170.0,1480.0,1.265,300,183,0.61,0.39,11,1,Regular,1.0,Festival,1.4,Prime Member,0.67,3.3,0.583,7.5,74.27,12
product,PRD-03,Ultra HD 4K Monitor 27-inch,Electronics,18500.0,19350.0,19050.0,0.984,45,38,0.844,0.156,40,0,Regular,1.0,Normal Day,1.0,Prime Member,0.63,4.3,0.365,0.5,36.78,0
product,PRD-04,Ultra HD 4K Monitor 27-inch,Electronics,18500.0,19080.0,18280.0,0.958,45,38,0.844,0.156,40,0,Regular,1.0,Normal Day,1.0,Loyal Customer,0.46,1.3,0.45,5.5,49.79,5
product,PRD-05,Smart Fitness Tracker Band,Wearables,2800.0,2820.0,4290.0,1.521,200,172,0.86,0.14,26,0,Year End,1.3,Festival,1.4,Impulse Buyer,0.45,0.3,0.552,6.5,67.1,7
product,PRD-06,Hydro Stainless Thermal Flask,Home & Kitchen,1100.0,1140.0,1530.0,1.342,250,138,0.552,0.448,34,0,Year End,1.3,Festival,1.4,Loyal Customer,0.45,5.8,0.726,11.5,96.67,14
product,PRD-07,Smart Fitness Tracker Band,Wearables,2800.0,2770.0,3010.0,1.087,200,129,0.645,0.355,18,0,Regular,1.0,Weekend,1.1,Loyal Customer,0.51,4.7,0.454,3.5,50.99,3
product,PRD-08,Smart Fitness Tracker Band,Wearables,2800.0,2860.0,3560.0,1.245,200,156,0.78,0.22,13,1,Regular,1.0,Flash Deal,1.35,Loyal Customer,0.49,6.1,0.65,9.5,84.05,12
product,PRD-01,Pro Gaming Mechanical Keyboard,Gaming,5200.0,5520.0,7800.0,1.413,80,41,0.512,0.488,31,0,Festive Sale,1.4,Festival,1.4,Loyal Customer,0.47,1.6,0.596,4.5,74.66,5
product,PRD-02,Noise-Cancelling Headphones Pro,Electronics,4500.0,4560.0,7490.0,1.643,150,108,0.72,0.28,19,0,Year End,1.3,Major Event,1.5,Bargain Hunter,1.7,0.8,0.561,7.5,79.27,9
product,PRD-03,Pro Gaming Mechanical Keyboard,Gaming,5200.0,5080.0,7350.0,1.447,80,50,0.625,0.375,12,0,Festive Sale,1.4,Festival,1.4,Bargain Hunter,1.66,8.1,0.519,3.5,71.78,4
product,PRD-04,Noise-Cancelling Headphones Pro,Electronics,4500.0,4520.0,6940.0,1.535,150,47,0.313,0.687,41,0,Year End,1.3,Major Event,1.5,Impulse Buyer,0.5,1.0,0.633,4.5,81.34,5
product,PRD-05,Hydro Stainless Thermal Flask,Home & Kitchen,1100.0,1120.0,1330.0,1.188,250,207,0.828,0.172,27,1,Festive Sale,1.4,Festival,1.4,Bargain Hunter,1.56,0.2,0.543,7.5,74.9,10
product,PRD-06,Smart Fitness Tracker Band,Wearables,2800.0,2720.0,3020.0,1.11,200,148,0.74,0.26,24,0,Regular,1.0,Normal Day,1.0,Bargain Hunter,1.57,0.3,0.292,1.5,32.33,1
product,PRD-07,Ultra HD 4K Monitor 27-inch,Electronics,18500.0,18690.0,27320.0,1.462,45,20,0.444,0.556,28,0,Festive Sale,1.4,Festival,1.4,Impulse Buyer,0.39,1.7,0.623,2.5,78.55,1
product,PRD-08,Organic Fairtrade Coffee 1kg,Grocery,1200.0,1170.0,1260.0,1.077,300,79,0.263,0.737,18,0,Regular,1.0,Normal Day,1.0,Bargain Hunter,1.69,0.4,0.408,7.5,53.06,6
product,PRD-01,Noise-Cancelling Headphones Pro,Electronics,4500.0,4360.0,7630.0,1.75,150,46,0.307,0.693,25,0,Year End,1.3,Major Event,1.5,Impulse Buyer,0.45,4.2,0.712,8.5,94.33,14
product,PRD-02,Noise-Cancelling Headphones Pro,Electronics,4500.0,4650.0,6810.0,1.465,150,104,0.693,0.307,4,0,Festive Sale,1.4,Major Event,1.5,Loyal Customer,0.47,1.6,0.641,9.5,82.45,14
product,PRD-03,Noise-Cancelling Headphones Pro,Electronics,4500.0,4330.0,6710.0,1.55,150,106,0.707,0.293,8,0,Year End,1.3,Festival,1.4,Loyal Customer,0.57,5.5,0.708,15.5,94.62,22
product,PRD-04,Hydro Stainless Thermal Flask,Home & Kitchen,1100.0,1050.0,1670.0,1.59,250,148,0.592,0.408,2,0,Year End,1.3,Festival,1.4,Prime Member,0.64,3.7,0.68,12.5,90.48,19
product,PRD-05,Pro Gaming Mechanical Keyboard,Gaming,5200.0,5150.0,5140.0,0.998,80,18,0.225,0.775,18,0,Summer Off-peak,0.85,Normal Day,1.0,Loyal Customer,0.48,10.4,0.472,3.5,53.77,3
product,PRD-06,Ergonomic Mesh Office Chair,Furniture,8900.0,8680.0,12710.0,1.464,60,22,0.367,0.633,22,0,Festive Sale,1.4,Festival,1.4,Bargain Hunter,1.55,2.2,0.625,10.5,88.77,12
product,PRD-07,Smart Fitness Tracker Band,Wearables,2800.0,2880.0,3280.0,1.139,200,128,0.64,0.36,15,1,Festive Sale,1.4,Festival,1.4,Prime Member,0.73,14.9,0.658,3.5,87.47,3
product,PRD-08,Organic Fairtrade Coffee 1kg,Grocery,1200.0,1260.0,1740.0,1.381,300,236,0.787,0.213,6,0,Festive Sale,1.4,Major Event,1.5,Prime Member,0.68,5.3,0.661,10.5,87.47,16
product,PRD-01,Ergonomic Mesh Office Chair,Furniture,8900.0,8790.0,11400.0,1.297,60,32,0.533,0.467,22,1,Summer Off-peak,0.85,Festival,1.4,Prime Member,0.77,4.5,0.554,3.5,70.16,4
product,PRD-02,Pro Gaming Mechanical Keyboard,Gaming,5200.0,5050.0,7400.0,1.465,80,29,0.362,0.637,36,1,Regular,1.0,Festival,1.4,Prime Member,0.67,3.5,0.628,5.5,81.84,7
product,PRD-03,Noise-Cancelling Headphones Pro,Electronics,4500.0,4480.0,4450.0,0.993,150,57,0.38,0.62,18,0,Regular,1.0,Normal Day,1.0,Impulse Buyer,0.37,0.6,0.448,3.5,48.72,3
product,PRD-04,Pro Gaming Mechanical Keyboard,Gaming,5200.0,5490.0,5210.0,0.949,80,69,0.863,0.137,30,0,Regular,1.0,Normal Day,1.0,Bargain Hunter,1.54,0.1,0.326,0.5,37.85,0
product,PRD-05,Smart Fitness Tracker Band,Wearables,2800.0,2960.0,3690.0,1.247,200,138,0.69,0.31,29,1,Festive Sale,1.4,Flash Deal,1.35,Impulse Buyer,0.4,3.9,0.648,8.5,82.94,13
product,PRD-06,Hydro Stainless Thermal Flask,Home & Kitchen,1100.0,1110.0,1150.0,1.036,250,121,0.484,0.516,13,0,Summer Off-peak,0.85,Normal Day,1.0,Bargain Hunter,1.57,2.4,0.385,2.5,48.11,1
product,PRD-07,Pro Gaming Mechanical Keyboard,Gaming,5200.0,5270.0,5150.0,0.977,80,29,0.362,0.637,42,0,Regular,1.0,Normal Day,1.0,Impulse Buyer,0.44,1.5,0.428,0.5,45.96,1
product,PRD-08,Noise-Cancelling Headphones Pro,Electronics,4500.0,4580.0,5610.0,1.225,150,21,0.14,0.86,19,1,Festive Sale,1.4,Flash Deal,1.35,Prime Member,0.67,1.7,0.71,7.5,95.87,11
product,PRD-01,Organic Fairtrade Coffee 1kg,Grocery,1200.0,1200.0,1340.0,1.117,300,128,0.427,0.573,4,0,Regular,1.0,Weekend,1.1,Bargain Hunter,1.66,1.2,0.38,1.5,48.04,1
product,PRD-02,Noise-Cancelling Headphones Pro,Electronics,4500.0,4410.0,4350.0,0.986,150,112,0.747,0.253,28,0,Regular,1.0,Normal Day,1.0,Impulse Buyer,0.36,0.4,0.438,1.5,46.97,2
product,PRD-03,Noise-Cancelling Headphones Pro,Electronics,4500.0,4360.0,6390.0,1.466,150,67,0.447,0.553,39,1,Summer Off-peak,0.85,Flash Deal,1.35,Prime Member,0.76,8.2,0.585,3.5,75.31,4
product,PRD-04,Organic Fairtrade Coffee 1kg,Grocery,1200.0,1170.0,1470.0,1.256,300,263,0.877,0.123,7,1,Regular,1.0,Flash Deal,1.35,Bargain Hunter,1.55,1.9,0.495,7.5,66.69,10
product,PRD-05,Hydro Stainless Thermal Flask,Home & Kitchen,1100.0,1140.0,1510.0,1.325,250,108,0.432,0.568,5,1,Regular,1.0,Festival,1.4,Impulse Buyer,0.34,2.5,0.732,8.5,96.76,10
product,PRD-06,Hydro Stainless Thermal Flask,Home & Kitchen,1100.0,1070.0,1370.0,1.28,250,64,0.256,0.744,15,1,Regular,1.0,Flash Deal,1.35,Impulse Buyer,0.4,0.9,0.638,9.5,81.28,13
product,PRD-07,Noise-Cancelling Headphones Pro,Electronics,4500.0,4470.0,6550.0,1.465,150,38,0.253,0.747,24,0,Festive Sale,1.4,Festival,1.4,Loyal Customer,0.52,7.8,0.742,6.5,100.0,11
product,PRD-08,Noise-Cancelling Headphones Pro,Electronics,4500.0,4500.0,4630.0,1.029,150,30,0.2,0.8,13,0,Summer Off-peak,0.85,Normal Day,1.0,Prime Member,0.69,4.0,0.423,2.5,47.19,2
product,PRD-01,Ultra HD 4K Monitor 27-inch,Electronics,18500.0,17780.0,28080.0,1.579,45,28,0.622,0.378,33,0,Year End,1.3,Major Event,1.5,Bargain Hunter,1.57,0.5,0.506,3.5,68.75,7
product,PRD-02,Hydro Stainless Thermal Flask,Home & Kitchen,1100.0,1090.0,1560.0,1.431,250,133,0.532,0.468,23,0,Year End,1.3,Festival,1.4,Impulse Buyer,0.29,3.5,0.664,7.5,84.81,10
product,PRD-03,Pro Gaming Mechanical Keyboard,Gaming,5200.0,5030.0,5140.0,1.022,80,39,0.487,0.512,17,0,Regular,1.0,Normal Day,1.0,Bargain Hunter,1.62,1.2,0.379,6.5,47.63,4
product,PRD-04,Pro Gaming Mechanical Keyboard,Gaming,5200.0,5080.0,6970.0,1.372,80,58,0.725,0.275,18,1,Festive Sale,1.4,Flash Deal,1.35,Impulse Buyer,0.38,0.2,0.658,4.5,84.47,5
product,PRD-05,Ergonomic Mesh Office Chair,Furniture,8900.0,9310.0,10240.0,1.1,60,30,0.5,0.5,12,0,Summer Off-peak,0.85,Weekend,1.1,Loyal Customer,0.53,10.9,0.489,4.5,57.09,3
product,PRD-06,Organic Fairtrade Coffee 1kg,Grocery,1200.0,1200.0,1670.0,1.392,300,64,0.213,0.787,25,1,Summer Off-peak,0.85,Festival,1.4,Bargain Hunter,1.58,1.0,0.527,4.5,72.49,3
product,PRD-07,Noise-Cancelling Headphones Pro,Electronics,4500.0,4570.0,7110.0,1.556,150,39,0.26,0.74,19,0,Festive Sale,1.4,Major Event,1.5,Prime Member,0.67,4.9,0.649,4.5,85.5,3
product,PRD-08,Ergonomic Mesh Office Chair,Furniture,8900.0,9040.0,10790.0,1.194,60,19,0.317,0.683,33,1,Regular,1.0,Flash Deal,1.35,Bargain Hunter,1.64,0.4,0.519,7.5,71.56,6
product,PRD-01,Hydro Stainless Thermal Flask,Home & Kitchen,1100.0,1030.0,1430.0,1.388,250,78,0.312,0.688,29,1,Regular,1.0,Festival,1.4,Impulse Buyer,0.49,3.1,0.627,5.5,80.08,7
product,PRD-02,Noise-Cancelling Headphones Pro,Electronics,4500.0,4530.0,6490.0,1.433,150,96,0.64,0.36,26,0,Year End,1.3,Festival,1.4,Loyal Customer,0.5,3.2,0.628,8.5,80.33,12
product,PRD-03,Hydro Stainless Thermal Flask,Home & Kitchen,1100.0,1080.0,1500.0,1.389,250,213,0.852,0.148,18,0,Year End,1.3,Festival,1.4,Loyal Customer,0.48,5.8,0.515,4.5,61.01,5
product,PRD-04,Ergonomic Mesh Office Chair,Furniture,8900.0,9140.0,9390.0,1.027,60,27,0.45,0.55,14,0,Regular,1.0,Weekend,1.1,Bargain Hunter,1.6,1.2,0.399,5.5,50.83,6
product,PRD-05,Organic Fairtrade Coffee 1kg,Grocery,1200.0,1140.0,1450.0,1.272,300,73,0.243,0.757,36,0,Summer Off-peak,0.85,Weekend,1.1,Impulse Buyer,0.39,1.0,0.461,2.5,51.15,2
product,PRD-06,Ultra HD 4K Monitor 27-inch,Electronics,18500.0,18110.0,27970.0,1.544,45,27,0.6,0.4,28,0,Year End,1.3,Major Event,1.5,Loyal Customer,0.52,4.1,0.679,9.5,89.2,10
product,PRD-07,Organic Fairtrade Coffee 1kg,Grocery,1200.0,1230.0,1550.0,1.26,300,97,0.323,0.677,16,1,Regular,1.0,Flash Deal,1.35,Bargain Hunter,1.64,1.0,0.515,4.5,70.88,5
product,PRD-08,Premium Running Shoes,Apparel,3900.0,3890.0,4390.0,1.129,110,104,0.945,0.055,34,0,Regular,1.0,Weekend,1.1,Impulse Buyer,0.37,0.4,0.461,4.5,50.91,5
product,PRD-01,Pro Gaming Mechanical Keyboard,Gaming,5200.0,5180.0,7950.0,1.535,80,29,0.362,0.637,28,0,Year End,1.3,Major Event,1.5,Prime Member,0.6,1.9,0.707,11.5,94.71,20
product,PRD-02,Ergonomic Mesh Office Chair,Furniture,8900.0,9030.0,8400.0,0.93,60,40,0.667,0.333,31,0,Regular,1.0,Normal Day,1.0,Impulse Buyer,0.41,0.9,0.4,2.5,40.84,1
product,PRD-03,Organic Fairtrade Coffee 1kg,Grocery,1200.0,1220.0,1430.0,1.172,300,210,0.7,0.3,15,1,Summer Off-peak,0.85,Flash Deal,1.35,Prime Member,0.65,5.5,0.531,6.5,65.28,9
product,PRD-04,Organic Fairtrade Coffee 1kg,Grocery,1200.0,1190.0,1260.0,1.059,300,215,0.717,0.283,22,0,Regular,1.0,Normal Day,1.0,Loyal Customer,0.57,2.6,0.468,2.5,53.85,3
product,PRD-05,Hydro Stainless Thermal Flask,Home & Kitchen,1100.0,1070.0,1460.0,1.364,250,62,0.248,0.752,41,1,Regular,1.0,Flash Deal,1.35,Impulse Buyer,0.37,0.4,0.623,2.5,78.41,0
product,PRD-06,Ultra HD 4K Monitor 27-inch,Electronics,18500.0,18350.0,19800.0,1.079,45,14,0.311,0.689,35,0,Summer Off-peak,0.85,Weekend,1.1,Impulse Buyer,0.46,2.4,0.496,2.5,57.62,2
product,PRD-07,Organic Fairtrade Coffee 1kg,Grocery,1200.0,1210.0,1340.0,1.107,300,124,0.413,0.587,27,0,Regular,1.0,Weekend,1.1,Impulse Buyer,0.36,3.7,0.487,4.5,55.33,4
product,PRD-08,Premium Running Shoes,Apparel,3900.0,3900.0,5200.0,1.333,110,51,0.464,0.536,11,1,Regular,1.0,Flash Deal,1.35,Loyal Customer,0.51,5.1,0.638,5.5,82.26,6
product,PRD-01,Smart Fitness Tracker Band,Wearables,2800.0,2840.0,4290.0,1.511,200,58,0.29,0.71,32,0,Year End,1.3,Major Event,1.5,Bargain Hunter,1.59,2.8,0.542,0.5,74.99,1
product,PRD-02,Pro Gaming Mechanical Keyboard,Gaming,5200.0,5290.0,6740.0,1.274,80,63,0.787,0.213,7,1,Festive Sale,1.4,Flash Deal,1.35,Impulse Buyer,0.43,1.8,0.629,3.5,79.91,6
product,PRD-03,Organic Fairtrade Coffee 1kg,Grocery,1200.0,1170.0,1170.0,1.0,300,78,0.26,0.74,27,0,Summer Off-peak,0.85,Normal Day,1.0,Impulse Buyer,0.4,1.3,0.457,4.5,50.43,6
product,PRD-04,Premium Running Shoes,Apparel,3900.0,3770.0,6230.0,1.653,110,55,0.5,0.5,8,0,Year End,1.3,Major Event,1.5,Impulse Buyer,0.44,0.7,0.72,9.5,95.52,11
product,PRD-05,Smart Fitness Tracker Band,Wearables,2800.0,2810.0,3060.0,1.089,200,141,0.705,0.295,17,0,Regular,1.0,Weekend,1.1,Prime Member,0.71,9.4,0.45,2.5,51.95,3
product,PRD-06,Smart Fitness Tracker Band,Wearables,2800.0,2830.0,4340.0,1.534,200,162,0.81,0.19,1,0,Year End,1.3,Major Event,1.5,Loyal Customer,0.62,3.8,0.596,2.5,75.97,3
product,PRD-07,Hydro Stainless Thermal Flask,Home & Kitchen,1100.0,1110.0,1100.0,0.991,250,108,0.432,0.568,20,0,Summer Off-peak,0.85,Normal Day,1.0,Bargain Hunter,1.58,3.6,0.368,2.5,45.46,3
product,PRD-08,Ultra HD 4K Monitor 27-inch,Electronics,18500.0,18800.0,19850.0,1.056,45,10,0.222,0.778,9,0,Regular,1.0,Weekend,1.1,Impulse Buyer,0.38,0.5,0.472,3.5,52.91,4
product,PRD-01,Ergonomic Mesh Office Chair,Furniture,8900.0,8910.0,13180.0,1.479,60,50,0.833,0.167,41,0,Year End,1.3,Major Event,1.5,Impulse Buyer,0.45,1.7,0.662,8.5,85.69,11
product,PRD-02,Premium Running Shoes,Apparel,3900.0,4020.0,5590.0,1.391,110,45,0.409,0.591,36,0,Year End,1.3,Festival,1.4,Prime Member,0.65,2.9,0.698,11.5,93.63,17
product,PRD-03,Premium Running Shoes,Apparel,3900.0,3920.0,6590.0,1.681,110,38,0.345,0.655,4,0,Festive Sale,1.4,Major Event,1.5,Impulse Buyer,0.44,0.9,0.746,18.5,100.0,31
product,PRD-04,Smart Fitness Tracker Band,Wearables,2800.0,2670.0,2950.0,1.105,200,57,0.285,0.715,42,0,Regular,1.0,Normal Day,1.0,Prime Member,0.81,6.2,0.467,1.5,55.63,0
product,PRD-05,Premium Running Shoes,Apparel,3900.0,3880.0,3860.0,0.995,110,88,0.8,0.2,37,0,Regular,1.0,Normal Day,1.0,Impulse Buyer,0.38,3.8,0.456,1.5,50.23,1
product,PRD-06,Noise-Cancelling Headphones Pro,Electronics,4500.0,4300.0,4370.0,1.016,150,111,0.74,0.26,27,0,Regular,1.0,Normal Day,1.0,Impulse Buyer,0.46,1.5,0.393,1.5,40.14,1
product,PRD-07,Smart Fitness Tracker Band,Wearables,2800.0,2740.0,3410.0,1.245,200,104,0.52,0.48,37,0,Regular,1.0,Weekend,1.1,Prime Member,0.64,2.0,0.43,0.5,47.99,0
product,PRD-08,Noise-Cancelling Headphones Pro,Electronics,4500.0,4420.0,5500.0,1.244,150,63,0.42,0.58,32,1,Regular,1.0,Flash Deal,1.35,Impulse Buyer,0.4,0.2,0.659,6.5,84.89,10
product,PRD-01,Premium Running Shoes,Apparel,3900.0,3900.0,5510.0,1.413,110,62,0.564,0.436,39,0,Year End,1.3,Festival,1.4,Bargain Hunter,1.5,0.2,0.549,6.5,75.44,8
product,PRD-02,Smart Fitness Tracker Band,Wearables,2800.0,2820.0,4370.0,1.55,200,50,0.25,0.75,20,0,Festive Sale,1.4,Major Event,1.5,Prime Member,0.7,7.8,0.684,8.5,91.6,10
product,PRD-03,Ergonomic Mesh Office Chair,Furniture,8900.0,8950.0,8650.0,0.966,60,38,0.633,0.367,25,0,Summer Off-peak,0.85,Normal Day,1.0,Impulse Buyer,0.33,0.2,0.434,3.5,46.02,3
product,PRD-04,Hydro Stainless Thermal Flask,Home & Kitchen,1100.0,1070.0,1580.0,1.477,250,166,0.664,0.336,3,0,Festive Sale,1.4,Major Event,1.5,Prime Member,0.71,3.6,0.624,7.5,81.5,8
product,PRD-05,Ultra HD 4K Monitor 27-inch,Electronics,18500.0,18900.0,24390.0,1.29,45,39,0.867,0.133,2,1,Regular,1.0,Flash Deal,1.35,Prime Member,0.68,5.7,0.561,6.5,70.6,11
product,PRD-06,Ergonomic Mesh Office Chair,Furniture,8900.0,8770.0,10380.0,1.184,60,42,0.7,0.3,17,0,Regular,1.0,Weekend,1.1,Prime Member,0.71,7.0,0.422,1.5,47.09,1
product,PRD-07,Ultra HD 4K Monitor 27-inch,Electronics,18500.0,18470.0,20900.0,1.132,45,32,0.711,0.289,8,0,Regular,1.0,Weekend,1.1,Impulse Buyer,0.39,0.3,0.473,5.5,53.09,6
product,PRD-08,Organic Fairtrade Coffee 1kg,Grocery,1200.0,1210.0,1480.0,1.223,300,206,0.687,0.313,22,0,Regular,1.0,Weekend,1.1,Prime Member,0.72,4.8,0.476,2.5,56.42,3
product,PRD-01,Noise-Cancelling Headphones Pro,Electronics,4500.0,4320.0,6210.0,1.438,150,118,0.787,0.213,4,0,Festive Sale,1.4,Festival,1.4,Prime Member,0.72,1.2,0.634,8.5,83.31,14
product,PRD-02,Organic Fairtrade Coffee 1kg,Grocery,1200.0,1270.0,1120.0,0.882,300,55,0.183,0.817,8,0,Regular,1.0,Normal Day,1.0,Prime Member,0.69,4.6,0.482,2.5,57.16,4
product,PRD-03,Pro Gaming Mechanical Keyboard,Gaming,5200.0,5260.0,5750.0,1.093,80,63,0.787,0.213,25,0,Regular,1.0,Weekend,1.1,Bargain Hunter,1.55,2.9,0.369,3.5,45.32,3
product,PRD-04,Pro Gaming Mechanical Keyboard,Gaming,5200.0,4990.0,6670.0,1.337,80,26,0.325,0.675,41,1,Regular,1.0,Flash Deal,1.35,Loyal Customer,0.63,2.8,0.657,7.5,86.52,10
product,PRD-05,Noise-Cancelling Headphones Pro,Electronics,4500.0,4410.0,5600.0,1.27,150,95,0.633,0.367,15,1,Regular,1.0,Festival,1.4,Loyal Customer,0.52,3.7,0.573,6.5,71.25,11
product,PRD-06,Premium Running Shoes,Apparel,3900.0,3810.0,4330.0,1.136,110,37,0.336,0.664,22,0,Summer Off-peak,0.85,Weekend,1.1,Prime Member,0.78,3.3,0.449,2.5,52.31,4
product,PRD-07,Ultra HD 4K Monitor 27-inch,Electronics,18500.0,18960.0,19250.0,1.015,45,30,0.667,0.333,30,0,Regular,1.0,Weekend,1.1,Bargain Hunter,1.66,0.5,0.282,0.5,31.51,0
product,PRD-08,Noise-Cancelling Headphones Pro,Electronics,4500.0,4380.0,6840.0,1.562,150,101,0.673,0.327,15,0,Festive Sale,1.4,Major Event,1.5,Impulse Buyer,0.31,1.7,0.631,2.5,79.23,4
product,PRD-01,Ergonomic Mesh Office Chair,Furniture,8900.0,8760.0,14970.0,1.709,60,35,0.583,0.417,43,0,Festive Sale,1.4,Major Event,1.5,Prime Member,0.65,1.7,0.667,7.5,88.39,12
product,PRD-02,Noise-Cancelling Headphones Pro,Electronics,4500.0,4450.0,5410.0,1.216,150,76,0.507,0.493,25,1,Year End,1.3,Flash Deal,1.35,Loyal Customer,0.52,4.4,0.682,8.5,89.7,13
product,PRD-03,Organic Fairtrade Coffee 1kg,Grocery,1200.0,1200.0,1430.0,1.192,300,166,0.553,0.447,35,1,Regular,1.0,Flash Deal,1.35,Impulse Buyer,0.56,1.7,0.58,5.5,72.7,6
product,PRD-04,Organic Fairtrade Coffee 1kg,Grocery,1200.0,1170.0,1450.0,1.239,300,178,0.593,0.407,19,1,Regular,1.0,Flash Deal,1.35,Impulse Buyer,0.37,0.1,0.591,10.5,72.99,15
product,PRD-05,Organic Fairtrade Coffee 1kg,Grocery,1200.0,1170.0,1520.0,1.299,300,205,0.683,0.317,20,1,Regular,1.0,Flash Deal,1.35,Prime Member,0.69,7.0,0.641,9.5,84.27,13
product,PRD-06,Ergonomic Mesh Office Chair,Furniture,8900.0,9000.0,9170.0,1.019,60,10,0.167,0.833,32,0,Regular,1.0,Normal Day,1.0,Loyal Customer,0.5,7.5,0.505,3.5,59.55,2
product,PRD-07,Ultra HD 4K Monitor 27-inch,Electronics,18500.0,18350.0,25880.0,1.41,45,25,0.556,0.444,25,0,Year End,1.3,Major Event,1.5,Prime Member,0.79,0.8,0.6,4.5,78.12,7
product,PRD-08,Organic Fairtrade Coffee 1kg,Grocery,1200.0,1220.0,1390.0,1.139,300,104,0.347,0.653,7,0,Regular,1.0,Weekend,1.1,Bargain Hunter,1.56,0.1,0.365,3.5,44.75,2
product,PRD-01,Hydro Stainless Thermal Flask,Home & Kitchen,1100.0,1060.0,1570.0,1.481,250,153,0.612,0.388,41,0,Year End,1.3,Festival,1.4,Prime Member,0.68,10.7,0.578,3.5,73.46,3
product,PRD-02,Premium Running Shoes,Apparel,3900.0,4100.0,6180.0,1.507,110,84,0.764,0.236,44,0,Festive Sale,1.4,Major Event,1.5,Bargain Hunter,1.63,0.2,0.572,10.5,80.54,10
product,PRD-03,Ultra HD 4K Monitor 27-inch,Electronics,18500.0,18690.0,20620.0,1.103,45,28,0.622,0.378,2,0,Summer Off-peak,0.85,Normal Day,1.0,Bargain Hunter,1.54,1.8,0.373,5.5,45.96,3
product,PRD-04,Noise-Cancelling Headphones Pro,Electronics,4500.0,4640.0,7300.0,1.573,150,90,0.6,0.4,16,0,Festive Sale,1.4,Major Event,1.5,Prime Member,0.7,7.5,0.615,1.5,79.97,2
product,PRD-05,Noise-Cancelling Headphones Pro,Electronics,4500.0,4510.0,5130.0,1.137,150,108,0.72,0.28,32,0,Regular,1.0,Weekend,1.1,Bargain Hunter,1.65,0.5,0.332,1.5,39.94,2
product,PRD-06,Hydro Stainless Thermal Flask,Home & Kitchen,1100.0,1130.0,1100.0,0.973,250,139,0.556,0.444,14,0,Summer Off-peak,0.85,Normal Day,1.0,Prime Member,0.76,8.7,0.399,2.5,43.62,0
product,PRD-07,Hydro Stainless Thermal Flask,Home & Kitchen,1100.0,1140.0,1460.0,1.281,250,227,0.908,0.092,3,1,Regular,1.0,Flash Deal,1.35,Prime Member,0.66,4.6,0.617,11.5,79.95,13
product,PRD-08,Ergonomic Mesh Office Chair,Furniture,8900.0,9270.0,10680.0,1.152,60,42,0.7,0.3,14,0,Regular,1.0,Weekend,1.1,Impulse Buyer,0.39,1.0,0.5,4.5,57.73,4
product,PRD-01,Ergonomic Mesh Office Chair,Furniture,8900.0,8990.0,8830.0,0.982,60,26,0.433,0.567,10,0,Regular,1.0,Normal Day,1.0,Bargain Hunter,1.62,2.2,0.417,5.5,54.06,5
product,PRD-02,Organic Fairtrade Coffee 1kg,Grocery,1200.0,1240.0,1700.0,1.371,300,98,0.327,0.673,24,1,Festive Sale,1.4,Flash Deal,1.35,Prime Member,0.69,3.1,0.633,3.5,82.86,5
product,PRD-03,Ultra HD 4K Monitor 27-inch,Electronics,18500.0,19110.0,18810.0,0.984,45,34,0.756,0.244,33,0,Regular,1.0,Normal Day,1.0,Prime Member,0.76,5.1,0.411,4.5,45.7,3
product,PRD-04,Premium Running Shoes,Apparel,3900.0,3930.0,3870.0,0.985,110,66,0.6,0.4,29,0,Regular,1.0,Normal Day,1.0,Impulse Buyer,0.43,0.5,0.407,2.5,42.26,3
product,PRD-05,Pro Gaming Mechanical Keyboard,Gaming,5200.0,5430.0,5850.0,1.077,80,55,0.688,0.312,11,1,Regular,1.0,Festival,1.4,Prime Member,0.74,5.7,0.55,5.5,69.21,8
product,PRD-06,Smart Fitness Tracker Band,Wearables,2800.0,2700.0,4100.0,1.519,200,145,0.725,0.275,44,0,Year End,1.3,Major Event,1.5,Prime Member,0.69,1.7,0.651,7.5,86.0,9
product,PRD-07,Noise-Cancelling Headphones Pro,Electronics,4500.0,4490.0,5840.0,1.301,150,98,0.653,0.347,3,1,Regular,1.0,Festival,1.4,Bargain Hunter,1.56,1.6,0.493,5.5,66.47,4
product,PRD-08,Noise-Cancelling Headphones Pro,Electronics,4500.0,4350.0,6260.0,1.439,150,54,0.36,0.64,26,0,Year End,1.3,Festival,1.4,Impulse Buyer,0.35,0.7,0.661,7.5,84.68,10
product,PRD-01,Noise-Cancelling Headphones Pro,Electronics,4500.0,4620.0,4980.0,1.078,150,107,0.713,0.287,14,0,Regular,1.0,Weekend,1.1,Bargain Hunter,1.6,0.5,0.34,3.5,40.77,1
product,PRD-02,Ergonomic Mesh Office Chair,Furniture,8900.0,8560.0,12190.0,1.424,60,50,0.833,0.167,20,1,Summer Off-peak,0.85,Flash Deal,1.35,Prime Member,0.7,4.8,0.641,10.5,84.26,16
product,PRD-03,Pro Gaming Mechanical Keyboard,Gaming,5200.0,5390.0,4960.0,0.92,80,16,0.2,0.8,11,0,Regular,1.0,Normal Day,1.0,Impulse Buyer,0.51,0.0,0.436,3.5,47.78,1
product,PRD-04,Hydro Stainless Thermal Flask,Home & Kitchen,1100.0,1080.0,1250.0,1.157,250,131,0.524,0.476,41,0,Regular,1.0,Weekend,1.1,Bargain Hunter,1.56,2.2,0.379,1.5,47.07,2
product,PRD-05,Noise-Cancelling Headphones Pro,Electronics,4500.0,4790.0,6450.0,1.347,150,73,0.487,0.513,10,1,Festive Sale,1.4,Flash Deal,1.35,Prime Member,0.75,1.5,0.616,4.5,80.47,5
product,PRD-06,Premium Running Shoes,Apparel,3900.0,3930.0,4620.0,1.176,110,94,0.855,0.145,10,0,Regular,1.0,Weekend,1.1,Prime Member,0.76,1.9,0.427,6.5,48.41,9
product,PRD-07,Hydro Stainless Thermal Flask,Home & Kitchen,1100.0,1060.0,1880.0,1.774,250,36,0.144,0.856,14,0,Festive Sale,1.4,Major Event,1.5,Impulse Buyer,0.43,2.5,0.747,8.5,100.0,12
product,PRD-08,Hydro Stainless Thermal Flask,Home & Kitchen,1100.0,1140.0,1160.0,1.018,250,151,0.604,0.396,24,0,Regular,1.0,Normal Day,1.0,Loyal Customer,0.56,2.5,0.46,5.5,52.36,3
product,PRD-01,Ultra HD 4K Monitor 27-inch,Electronics,18500.0,18420.0,23290.0,1.264,45,15,0.333,0.667,28,1,Festive Sale,1.4,Flash Deal,1.35,Bargain Hunter,1.61,0.8,0.566,8.5,79.26,7
product,PRD-02,Smart Fitness Tracker Band,Wearables,2800.0,2790.0,3900.0,1.398,200,121,0.605,0.395,29,0,Year End,1.3,Festival,1.4,Impulse Buyer,0.33,0.7,0.631,3.5,79.51,4
product,PRD-03,Ergonomic Mesh Office Chair,Furniture,8900.0,8660.0,8510.0,0.983,60,22,0.367,0.633,43,0,Regular,1.0,Normal Day,1.0,Prime Member,0.79,5.8,0.464,5.5,55.07,5
product,PRD-04,Ultra HD 4K Monitor 27-inch,Electronics,18500.0,16960.0,27150.0,1.601,45,14,0.311,0.689,27,0,Festive Sale,1.4,Festival,1.4,Loyal Customer,0.49,7.9,0.638,2.5,82.02,3
product,PRD-05,Pro Gaming Mechanical Keyboard,Gaming,5200.0,5310.0,5940.0,1.119,80,36,0.45,0.55,21,0,Regular,1.0,Weekend,1.1,Impulse Buyer,0.38,1.0,0.526,7.5,62.04,8
product,PRD-06,Smart Fitness Tracker Band,Wearables,2800.0,2810.0,4100.0,1.459,200,92,0.46,0.54,5,0,Festive Sale,1.4,Major Event,1.5,Prime Member,0.75,0.6,0.642,8.5,84.84,12
product,PRD-07,Noise-Cancelling Headphones Pro,Electronics,4500.0,4400.0,4390.0,0.998,150,128,0.853,0.147,29,0,Regular,1.0,Normal Day,1.0,Impulse Buyer,0.4,0.2,0.465,4.5,51.86,6
product,PRD-08,Organic Fairtrade Coffee 1kg,Grocery,1200.0,1160.0,1200.0,1.034,300,218,0.727,0.273,30,0,Summer Off-peak,0.85,Normal Day,1.0,Prime Member,0.71,1.6,0.444,5.5,50.98,5
product,PRD-01,Smart Fitness Tracker Band,Wearables,2800.0,2760.0,2890.0,1.047,200,98,0.49,0.51,26,0,Regular,1.0,Normal Day,1.0,Prime Member,0.68,2.7,0.533,5.5,65.72,7
product,PRD-02,Smart Fitness Tracker Band,Wearables,2800.0,2750.0,3540.0,1.287,200,171,0.855,0.145,41,1,Regular,1.0,Flash Deal,1.35,Bargain Hunter,1.61,1.2,0.491,7.5,66.53,8
product,PRD-03,Premium Running Shoes,Apparel,3900.0,4020.0,3860.0,0.96,110,29,0.264,0.736,13,0,Regular,1.0,Normal Day,1.0,Prime Member,0.69,4.3,0.412,4.5,45.37,1
product,PRD-04,Pro Gaming Mechanical Keyboard,Gaming,5200.0,5210.0,8060.0,1.547,80,24,0.3,0.7,27,0,Year End,1.3,Major Event,1.5,Loyal Customer,0.48,3.8,0.713,8.5,94.61,10
product,PRD-05,Smart Fitness Tracker Band,Wearables,2800.0,2740.0,2830.0,1.033,200,158,0.79,0.21,43,0,Regular,1.0,Normal Day,1.0,Loyal Customer,0.43,1.8,0.479,3.5,54.47,2
product,PRD-06,Pro Gaming Mechanical Keyboard,Gaming,5200.0,5260.0,7800.0,1.483,80,59,0.738,0.262,30,0,Year End,1.3,Major Event,1.5,Bargain Hunter,1.54,2.2,0.523,4.5,71.38,5
product,PRD-07,Noise-Cancelling Headphones Pro,Electronics,4500.0,4530.0,6520.0,1.439,150,48,0.32,0.68,30,0,Year End,1.3,Festival,1.4,Prime Member,0.65,7.6,0.652,5.5,85.69,7
product,PRD-08,Smart Fitness Tracker Band,Wearables,2800.0,2830.0,2700.0,0.954,200,177,0.885,0.115,43,0,Summer Off-peak,0.85,Normal Day,1.0,Prime Member,0.67,5.4,0.409,4.5,44.62,5
product,PRD-01,Hydro Stainless Thermal Flask,Home & Kitchen,1100.0,1080.0,1200.0,1.111,250,34,0.136,0.864,27,0,Regular,1.0,Normal Day,1.0,Bargain Hunter,1.52,0.2,0.431,2.5,55.65,2
product,PRD-02,Premium Running Shoes,Apparel,3900.0,3850.0,3970.0,1.031,110,74,0.673,0.327,37,0,Regular,1.0,Normal Day,1.0,Loyal Customer,0.53,5.5,0.449,5.5,50.22,6
product,PRD-03,Ultra HD 4K Monitor 27-inch,Electronics,18500.0,19190.0,24720.0,1.288,45,10,0.222,0.778,37,1,Regular,1.0,Flash Deal,1.35,Bargain Hunter,1.69,0.4,0.571,7.5,80.89,10
product,PRD-04,Noise-Cancelling Headphones Pro,Electronics,4500.0,4200.0,5860.0,1.395,150,56,0.373,0.627,10,1,Regular,1.0,Flash Deal,1.35,Prime Member,0.73,9.6,0.615,3.5,80.12,2
product,PRD-05,Premium Running Shoes,Apparel,3900.0,3930.0,5370.0,1.366,110,25,0.227,0.773,5,1,Regular,1.0,Flash Deal,1.35,Impulse Buyer,0.37,0.9,0.68,8.5,88.19,12
product,PRD-06,Hydro Stainless Thermal Flask,Home & Kitchen,1100.0,1170.0,1230.0,1.051,250,104,0.416,0.584,43,0,Regular,1.0,Normal Day,1.0,Bargain Hunter,1.63,1.0,0.404,6.5,51.87,6
product,PRD-07,Premium Running Shoes,Apparel,3900.0,3790.0,3970.0,1.047,110,73,0.664,0.336,22,0,Summer Off-peak,0.85,Normal Day,1.0,Bargain Hunter,1.65,2.1,0.349,3.5,42.67,2
product,PRD-08,Ultra HD 4K Monitor 27-inch,Electronics,18500.0,17500.0,17340.0,0.991,45,23,0.511,0.489,38,0,Regular,1.0,Normal Day,1.0,Loyal Customer,0.44,2.0,0.421,1.5,44.69,1
product,PRD-01,Premium Running Shoes,Apparel,3900.0,3750.0,4070.0,1.085,110,89,0.809,0.191,26,0,Regular,1.0,Normal Day,1.0,Prime Member,0.71,1.8,0.403,4.5,43.88,3
product,PRD-02,Ergonomic Mesh Office Chair,Furniture,8900.0,8860.0,9200.0,1.038,60,15,0.25,0.75,7,0,Summer Off-peak,0.85,Normal Day,1.0,Bargain Hunter,1.56,1.8,0.397,3.5,50.19,3
product,PRD-03,Ultra HD 4K Monitor 27-inch,Electronics,18500.0,18380.0,20190.0,1.098,45,15,0.333,0.667,28,0,Regular,1.0,Normal Day,1.0,Bargain Hunter,1.66,1.4,0.391,5.5,49.97,3
product,PRD-04,Pro Gaming Mechanical Keyboard,Gaming,5200.0,5470.0,5240.0,0.958,80,46,0.575,0.425,41,0,Regular,1.0,Normal Day,1.0,Prime Member,0.68,1.1,0.433,5.5,48.79,3
product,PRD-05,Organic Fairtrade Coffee 1kg,Grocery,1200.0,1160.0,1370.0,1.181,300,168,0.56,0.44,5,0,Regular,1.0,Weekend,1.1,Prime Member,0.73,4.1,0.464,1.5,54.46,2
product,PRD-06,Hydro Stainless Thermal Flask,Home & Kitchen,1100.0,1080.0,1630.0,1.509,250,66,0.264,0.736,22,0,Festive Sale,1.4,Major Event,1.5,Loyal Customer,0.51,2.8,0.675,6.5,88.56,7
product,PRD-07,Noise-Cancelling Headphones Pro,Electronics,4500.0,4520.0,5580.0,1.235,150,61,0.407,0.593,24,1,Summer Off-peak,0.85,Flash Deal,1.35,Loyal Customer,0.62,2.8,0.643,8.5,83.98,9
product,PRD-08,Smart Fitness Tracker Band,Wearables,2800.0,2850.0,3720.0,1.305,200,106,0.53,0.47,28,1,Regular,1.0,Festival,1.4,Bargain Hunter,1.6,0.2,0.575,13.5,80.82,15
product,PRD-01,Smart Fitness Tracker Band,Wearables,2800.0,2730.0,3070.0,1.125,200,113,0.565,0.435,24,0,Regular,1.0,Weekend,1.1,Impulse Buyer,0.37,1.5,0.432,3.5,45.93,3
product,PRD-02,Ultra HD 4K Monitor 27-inch,Electronics,18500.0,19090.0,22850.0,1.197,45,37,0.822,0.178,28,0,Regular,1.0,Weekend,1.1,Bargain Hunter,1.62,0.5,0.367,1.5,45.51,3
product,PRD-03,Premium Running Shoes,Apparel,3900.0,4050.0,5380.0,1.328,110,54,0.491,0.509,8,1,Regular,1.0,Flash Deal,1.35,Impulse Buyer,0.36,0.0,0.608,9.5,75.89,11
product,PRD-04,Ultra HD 4K Monitor 27-inch,Electronics,18500.0,18070.0,27610.0,1.528,45,22,0.489,0.511,11,0,Festive Sale,1.4,Major Event,1.5,Prime Member,0.73,2.1,0.662,5.5,88.17,6
product,PRD-05,Premium Running Shoes,Apparel,3900.0,3690.0,5240.0,1.42,110,29,0.264,0.736,33,1,Regular,1.0,Flash Deal,1.35,Impulse Buyer,0.38,1.6,0.659,9.5,84.59,12
product,PRD-06,Ultra HD 4K Monitor 27-inch,Electronics,18500.0,18640.0,23460.0,1.259,45,24,0.533,0.467,42,1,Festive Sale,1.4,Flash Deal,1.35,Loyal Customer,0.56,7.9,0.687,10.5,90.87,18
product,PRD-07,Ergonomic Mesh Office Chair,Furniture,8900.0,8690.0,11070.0,1.274,60,41,0.683,0.317,10,1,Year End,1.3,Festival,1.4,Prime Member,0.69,5.7,0.561,6.5,70.69,8
product,PRD-08,Hydro Stainless Thermal Flask,Home & Kitchen,1100.0,1120.0,1400.0,1.25,250,112,0.448,0.552,44,1,Summer Off-peak,0.85,Flash Deal,1.35,Bargain Hunter,1.64,1.1,0.486,4.5,65.97,4
product,PRD-01,Smart Fitness Tracker Band,Wearables,2800.0,2950.0,3530.0,1.197,200,56,0.28,0.72,1,1,Regular,1.0,Flash Deal,1.35,Loyal Customer,0.43,14.6,0.669,6.5,86.81,10
product,PRD-02,Organic Fairtrade Coffee 1kg,Grocery,1200.0,1210.0,1380.0,1.14,300,233,0.777,0.223,41,1,Regular,1.0,Flash Deal,1.35,Bargain Hunter,1.56,1.1,0.476,5.5,63.63,6
product,PRD-03,Organic Fairtrade Coffee 1kg,Grocery,1200.0,1200.0,1790.0,1.492,300,157,0.523,0.477,36,0,Year End,1.3,Festival,1.4,Prime Member,0.77,1.3,0.616,6.5,80.68,8
product,PRD-04,Organic Fairtrade Coffee 1kg,Grocery,1200.0,1240.0,1140.0,0.919,300,118,0.393,0.607,37,0,Regular,1.0,Normal Day,1.0,Bargain Hunter,1.57,2.3,0.352,2.5,42.55,0
product,PRD-05,Noise-Cancelling Headphones Pro,Electronics,4500.0,4400.0,4250.0,0.966,150,104,0.693,0.307,7,0,Summer Off-peak,0.85,Normal Day,1.0,Prime Member,0.61,2.1,0.428,4.5,47.4,2
product,PRD-06,Smart Fitness Tracker Band,Wearables,2800.0,2880.0,2640.0,0.917,200,150,0.75,0.25,2,0,Regular,1.0,Normal Day,1.0,Impulse Buyer,0.37,1.9,0.415,3.5,43.13,4
product,PRD-07,Noise-Cancelling Headphones Pro,Electronics,4500.0,4380.0,6740.0,1.539,150,110,0.733,0.267,2,0,Year End,1.3,Festival,1.4,Bargain Hunter,1.57,0.9,0.494,5.5,66.66,7
product,PRD-08,Premium Running Shoes,Apparel,3900.0,3690.0,4170.0,1.13,110,74,0.673,0.327,5,0,Regular,1.0,Normal Day,1.0,Loyal Customer,0.55,4.0,0.443,5.5,49.41,5
product,PRD-01,Hydro Stainless Thermal Flask,Home & Kitchen,1100.0,1080.0,1680.0,1.556,250,127,0.508,0.492,6,0,Year End,1.3,Major Event,1.5,Bargain Hunter,1.61,0.7,0.559,7.5,78.07,8
product,PRD-02,Ergonomic Mesh Office Chair,Furniture,8900.0,8340.0,11650.0,1.397,60,31,0.517,0.483,3,1,Summer Off-peak,0.85,Flash Deal,1.35,Impulse Buyer,0.45,3.9,0.595,3.5,74.35,6
product,PRD-03,Noise-Cancelling Headphones Pro,Electronics,4500.0,4630.0,5550.0,1.199,150,112,0.747,0.253,40,0,Regular,1.0,Weekend,1.1,Bargain Hunter,1.65,2.2,0.352,3.5,43.21,3
product,PRD-04,Organic Fairtrade Coffee 1kg,Grocery,1200.0,1140.0,1110.0,0.974,300,161,0.537,0.463,44,0,Regular,1.0,Normal Day,1.0,Loyal Customer,0.53,1.3,0.386,2.5,39.57,2
product,PRD-05,Smart Fitness Tracker Band,Wearables,2800.0,2860.0,3800.0,1.329,200,148,0.74,0.26,42,1,Festive Sale,1.4,Festival,1.4,Impulse Buyer,0.39,2.4,0.618,6.5,77.78,6
product,PRD-06,Ultra HD 4K Monitor 27-inch,Electronics,18500.0,18380.0,18900.0,1.028,45,40,0.889,0.111,23,0,Regular,1.0,Normal Day,1.0,Prime Member,0.62,7.5,0.425,1.5,46.84,3
product,PRD-07,Ultra HD 4K Monitor 27-inch,Electronics,18500.0,17820.0,19810.0,1.112,45,21,0.467,0.533,36,0,Regular,1.0,Normal Day,1.0,Prime Member,0.7,11.2,0.472,4.5,55.54,4
product,PRD-08,Ergonomic Mesh Office Chair,Furniture,8900.0,9100.0,12470.0,1.37,60,15,0.25,0.75,6,0,Festive Sale,1.4,Festival,1.4,Bargain Hunter,1.64,0.7,0.558,8.5,78.17,9
product,PRD-01,Hydro Stainless Thermal Flask,Home & Kitchen,1100.0,1110.0,1710.0,1.541,250,34,0.136,0.864,11,0,Year End,1.3,Festival,1.4,Loyal Customer,0.52,3.1,0.644,6.5,83.31,8
product,PRD-02,Premium Running Shoes,Apparel,3900.0,3890.0,4780.0,1.229,110,60,0.545,0.455,30,1,Regular,1.0,Flash Deal,1.35,Impulse Buyer,0.3,1.8,0.667,9.5,85.37,13
product,PRD-03,Organic Fairtrade Coffee 1kg,Grocery,1200.0,1190.0,1250.0,1.05,300,224,0.747,0.253,44,0,Regular,1.0,Weekend,1.1,Impulse Buyer,0.52,2.2,0.461,4.5,52.2,3
product,PRD-04,Ergonomic Mesh Office Chair,Furniture,8900.0,8900.0,12640.0,1.42,60,24,0.4,0.6,3,0,Festive Sale,1.4,Festival,1.4,Bargain Hunter,1.62,0.9,0.497,6.5,67.69,8
product,PRD-05,Ultra HD 4K Monitor 27-inch,Electronics,18500.0,19360.0,26450.0,1.366,45,33,0.733,0.267,29,1,Year End,1.3,Festival,1.4,Bargain Hunter,1.58,0.8,0.579,5.5,81.26,4
product,PRD-06,Ergonomic Mesh Office Chair,Furniture,8900.0,8760.0,9020.0,1.03,60,38,0.633,0.367,6,0,Summer Off-peak,0.85,Normal Day,1.0,Impulse Buyer,0.38,0.6,0.425,4.5,44.89,4
product,PRD-07,Organic Fairtrade Coffee 1kg,Grocery,1200.0,1170.0,1460.0,1.248,300,194,0.647,0.353,33,0,Summer Off-peak,0.85,Weekend,1.1,Impulse Buyer,0.37,0.1,0.422,1.5,44.21,2
product,PRD-08,Pro Gaming Mechanical Keyboard,Gaming,5200.0,4920.0,5260.0,1.069,80,49,0.613,0.387,11,0,Regular,1.0,Normal Day,1.0,Bargain Hunter,1.55,0.9,0.384,7.5,47.89,5
product,PRD-01,Premium Running Shoes,Apparel,3900.0,3810.0,5900.0,1.549,110,48,0.436,0.564,30,0,Festive Sale,1.4,Major Event,1.5,Prime Member,0.71,7.1,0.685,8.5,91.82,10
product,PRD-02,Organic Fairtrade Coffee 1kg,Grocery,1200.0,1170.0,1700.0,1.453,300,143,0.477,0.523,42,1,Regular,1.0,Flash Deal,1.35,Prime Member,0.69,7.6,0.622,5.5,81.08,6
product,PRD-03,Hydro Stainless Thermal Flask,Home & Kitchen,1100.0,1080.0,1300.0,1.204,250,145,0.58,0.42,6,0,Regular,1.0,Weekend,1.1,Bargain Hunter,1.65,1.2,0.376,4.5,47.26,5
product,PRD-04,Ultra HD 4K Monitor 27-inch,Electronics,18500.0,18630.0,20000.0,1.074,45,30,0.667,0.333,3,0,Summer Off-peak,0.85,Weekend,1.1,Bargain Hunter,1.61,0.3,0.386,5.5,48.78,4
product,PRD-05,Organic Fairtrade Coffee 1kg,Grocery,1200.0,1260.0,1490.0,1.183,300,220,0.733,0.267,18,1,Regular,1.0,Flash Deal,1.35,Prime Member,0.73,6.2,0.492,4.5,59.21,4
product,PRD-06,Hydro Stainless Thermal Flask,Home & Kitchen,1100.0,1090.0,1130.0,1.037,250,115,0.46,0.54,21,0,Regular,1.0,Normal Day,1.0,Prime Member,0.77,3.0,0.431,3.5,49.16,3
product,PRD-07,Ultra HD 4K Monitor 27-inch,Electronics,18500.0,18720.0,22470.0,1.2,45,42,0.933,0.067,10,1,Regular,1.0,Flash Deal,1.35,Bargain Hunter,1.7,0.4,0.427,5.5,56.39,2
product,PRD-08,Premium Running Shoes,Apparel,3900.0,3910.0,3820.0,0.977,110,52,0.473,0.527,3,0,Regular,1.0,Normal Day,1.0,Prime Member,0.71,4.6,0.466,5.5,54.63,5
product,PRD-01,Ergonomic Mesh Office Chair,Furniture,8900.0,9430.0,13230.0,1.403,60,26,0.433,0.567,16,0,Year End,1.3,Festival,1.4,Bargain Hunter,1.66,0.7,0.495,3.5,67.66,4
product,PRD-02,Ergonomic Mesh Office Chair,Furniture,8900.0,9600.0,11400.0,1.188,60,47,0.783,0.217,4,1,Summer Off-peak,0.85,Festival,1.4,Impulse Buyer,0.48,0.3,0.636,10.5,81.57,16
product,PRD-03,Hydro Stainless Thermal Flask,Home & Kitchen,1100.0,1160.0,1420.0,1.224,250,175,0.7,0.3,5,1,Year End,1.3,Festival,1.4,Prime Member,0.73,2.7,0.621,9.5,81.24,13
product,PRD-04,Premium Running Shoes,Apparel,3900.0,3750.0,6010.0,1.603,110,38,0.345,0.655,13,0,Festive Sale,1.4,Major Event,1.5,Impulse Buyer,0.45,1.0,0.66,4.5,85.5,7
product,PRD-05,Ergonomic Mesh Office Chair,Furniture,8900.0,8860.0,9780.0,1.104,60,37,0.617,0.383,9,0,Regular,1.0,Weekend,1.1,Bargain Hunter,1.58,0.6,0.336,0.5,39.95,0
product,PRD-06,Ultra HD 4K Monitor 27-inch,Electronics,18500.0,18240.0,24490.0,1.343,45,14,0.311,0.689,39,0,Festive Sale,1.4,Festival,1.4,Impulse Buyer,0.32,0.5,0.643,4.5,81.44,3
product,PRD-07,Ultra HD 4K Monitor 27-inch,Electronics,18500.0,18680.0,28820.0,1.543,45,33,0.733,0.267,9,0,Festive Sale,1.4,Festival,1.4,Bargain Hunter,1.61,3.3,0.56,7.5,78.29,9
product,PRD-08,Pro Gaming Mechanical Keyboard,Gaming,5200.0,5120.0,5690.0,1.111,80,26,0.325,0.675,40,0,Summer Off-peak,0.85,Normal Day,1.0,Prime Member,0.68,3.5,0.449,4.5,51.55,3
product,PRD-01,Hydro Stainless Thermal Flask,Home & Kitchen,1100.0,1100.0,1050.0,0.955,250,87,0.348,0.652,23,0,Regular,1.0,Weekend,1.1,Prime Member,0.65,6.4,0.479,3.5,56.38,5
product,PRD-02,Ergonomic Mesh Office Chair,Furniture,8900.0,9340.0,9880.0,1.058,60,32,0.533,0.467,19,0,Regular,1.0,Weekend,1.1,Prime Member,0.68,11.7,0.486,5.5,57.73,6
product,PRD-03,Noise-Cancelling Headphones Pro,Electronics,4500.0,4360.0,5430.0,1.245,150,110,0.733,0.267,8,0,Regular,1.0,Weekend,1.1,Bargain Hunter,1.65,0.2,0.389,3.5,49.56,3
product,PRD-04,Smart Fitness Tracker Band,Wearables,2800.0,2910.0,3800.0,1.306,200,115,0.575,0.425,21,1,Festive Sale,1.4,Flash Deal,1.35,Loyal Customer,0.52,7.9,0.664,8.5,86.74,12
product,PRD-05,Organic Fairtrade Coffee 1kg,Grocery,1200.0,1160.0,1260.0,1.086,300,151,0.503,0.497,24,0,Summer Off-peak,0.85,Normal Day,1.0,Bargain Hunter,1.64,0.3,0.341,6.5,41.33,2
product,PRD-06,Ergonomic Mesh Office Chair,Furniture,8900.0,8340.0,11880.0,1.424,60,47,0.783,0.217,39,1,Festive Sale,1.4,Flash Deal,1.35,Bargain Hunter,1.62,0.3,0.485,4.5,65.58,4
product,PRD-07,Ergonomic Mesh Office Chair,Furniture,8900.0,8890.0,11820.0,1.33,60,44,0.733,0.267,3,1,Summer Off-peak,0.85,Festival,1.4,Bargain Hunter,1.54,0.9,0.557,7.5,77.11,6
product,PRD-08,Pro Gaming Mechanical Keyboard,Gaming,5200.0,5170.0,6630.0,1.282,80,52,0.65,0.35,11,1,Festive Sale,1.4,Flash Deal,1.35,Bargain Hunter,1.68,0.1,0.569,7.5,80.35,7
product,PRD-01,Premium Running Shoes,Apparel,3900.0,4000.0,3900.0,0.975,110,28,0.255,0.745,24,0,Summer Off-peak,0.85,Normal Day,1.0,Bargain Hunter,1.61,1.0,0.338,1.5,40.61,0
product,PRD-02,Pro Gaming Mechanical Keyboard,Gaming,5200.0,5160.0,4860.0,0.942,80,49,0.613,0.387,43,0,Summer Off-peak,0.85,Normal Day,1.0,Bargain Hunter,1.57,0.6,0.314,2.5,36.1,0
product,PRD-03,Noise-Cancelling Headphones Pro,Electronics,4500.0,4560.0,4550.0,0.998,150,126,0.84,0.16,20,0,Regular,1.0,Normal Day,1.0,Prime Member,0.73,1.7,0.402,2.5,44.01,2
product,PRD-04,Organic Fairtrade Coffee 1kg,Grocery,1200.0,1240.0,1200.0,0.968,300,211,0.703,0.297,28,0,Regular,1.0,Normal Day,1.0,Loyal Customer,0.52,5.5,0.407,0.5,43.05,0
product,PRD-05,Organic Fairtrade Coffee 1kg,Grocery,1200.0,1210.0,1800.0,1.488,300,72,0.24,0.76,2,0,Festive Sale,1.4,Festival,1.4,Impulse Buyer,0.42,0.2,0.639,6.5,81.63,7
product,PRD-06,Ultra HD 4K Monitor 27-inch,Electronics,18500.0,17370.0,23770.0,1.368,45,33,0.733,0.267,44,1,Regular,1.0,Flash Deal,1.35,Bargain Hunter,1.54,1.8,0.487,4.5,65.27,3
product,PRD-07,Organic Fairtrade Coffee 1kg,Grocery,1200.0,1230.0,1650.0,1.341,300,269,0.897,0.103,40,0,Festive Sale,1.4,Festival,1.4,Prime Member,0.74,4.5,0.56,6.5,70.81,7
product,PRD-08,Ultra HD 4K Monitor 27-inch,Electronics,18500.0,18450.0,26960.0,1.461,45,32,0.711,0.289,15,0,Year End,1.3,Festival,1.4,Loyal Customer,0.46,0.7,0.552,2.5,67.13,2
product,PRD-01,Organic Fairtrade Coffee 1kg,Grocery,1200.0,1210.0,1810.0,1.496,300,228,0.76,0.24,37,0,Festive Sale,1.4,Major Event,1.5,Impulse Buyer,0.44,1.1,0.638,6.5,81.52,5
product,PRD-02,Pro Gaming Mechanical Keyboard,Gaming,5200.0,5470.0,5690.0,1.04,80,66,0.825,0.175,40,0,Regular,1.0,Weekend,1.1,Prime Member,0.7,6.3,0.451,4.5,52.04,3
product,PRD-03,Ergonomic Mesh Office Chair,Furniture,8900.0,8460.0,9540.0,1.128,60,28,0.467,0.533,12,0,Regular,1.0,Normal Day,1.0,Prime Member,0.65,8.8,0.505,3.5,60.85,1
product,PRD-04,Ergonomic Mesh Office Chair,Furniture,8900.0,8920.0,9720.0,1.09,60,6,0.1,0.9,4,0,Regular,1.0,Weekend,1.1,Prime Member,0.61,6.6,0.486,2.5,57.18,1
product,PRD-05,Hydro Stainless Thermal Flask,Home & Kitchen,1100.0,1110.0,1110.0,1.0,250,175,0.7,0.3,23,0,Regular,1.0,Normal Day,1.0,Bargain Hunter,1.58,1.1,0.296,2.5,33.15,1
product,PRD-06,Premium Running Shoes,Apparel,3900.0,4090.0,5870.0,1.435,110,97,0.882,0.118,5,0,Year End,1.3,Festival,1.4,Impulse Buyer,0.29,0.9,0.554,7.5,66.03,7
product,PRD-07,Premium Running Shoes,Apparel,3900.0,3740.0,5920.0,1.583,110,87,0.791,0.209,8,0,Festive Sale,1.4,Major Event,1.5,Bargain Hunter,1.6,1.1,0.596,7.5,84.39,10
product,PRD-08,Noise-Cancelling Headphones Pro,Electronics,4500.0,4460.0,4020.0,0.901,150,53,0.353,0.647,17,0,Regular,1.0,Normal Day,1.0,Prime Member,0.73,2.9,0.414,2.5,46.03,1
product,PRD-01,Ultra HD 4K Monitor 27-inch,Electronics,18500.0,19010.0,18990.0,0.999,45,38,0.844,0.156,4,0,Regular,1.0,Normal Day,1.0,Loyal Customer,0.61,3.8,0.347,1.5,33.58,1
product,PRD-02,Smart Fitness Tracker Band,Wearables,2800.0,2810.0,4410.0,1.569,200,143,0.715,0.285,19,0,Year End,1.3,Major Event,1.5,Loyal Customer,0.5,4.9,0.66,5.5,85.78,6
product,PRD-03,Ultra HD 4K Monitor 27-inch,Electronics,18500.0,19070.0,23820.0,1.249,45,6,0.133,0.867,42,1,Regular,1.0,Festival,1.4,Bargain Hunter,1.6,0.8,0.526,5.5,72.47,6
product,PRD-04,Hydro Stainless Thermal Flask,Home & Kitchen,1100.0,1050.0,1110.0,1.057,250,177,0.708,0.292,10,0,Regular,1.0,Normal Day,1.0,Bargain Hunter,1.62,0.6,0.302,1.5,34.53,1
product,PRD-05,Ergonomic Mesh Office Chair,Furniture,8900.0,8950.0,10750.0,1.201,60,23,0.383,0.617,12,1,Festive Sale,1.4,Flash Deal,1.35,Bargain Hunter,1.58,0.4,0.546,4.5,75.57,4
product,PRD-06,Pro Gaming Mechanical Keyboard,Gaming,5200.0,5400.0,5470.0,1.013,80,70,0.875,0.125,21,0,Regular,1.0,Weekend,1.1,Bargain Hunter,1.63,1.5,0.338,3.5,40.75,2
product,PRD-07,Ergonomic Mesh Office Chair,Furniture,8900.0,8720.0,11390.0,1.306,60,31,0.517,0.483,26,1,Festive Sale,1.4,Flash Deal,1.35,Bargain Hunter,1.63,2.1,0.545,5.5,75.91,5
product,PRD-08,Organic Fairtrade Coffee 1kg,Grocery,1200.0,1200.0,1300.0,1.083,300,228,0.76,0.24,24,0,Regular,1.0,Weekend,1.1,Bargain Hunter,1.61,0.4,0.34,1.5,40.93,1
product,PRD-01,Premium Running Shoes,Apparel,3900.0,3910.0,4050.0,1.036,110,41,0.373,0.627,2,0,Regular,1.0,Normal Day,1.0,Impulse Buyer,0.42,0.6,0.472,2.5,53.2,2
product,PRD-02,Ergonomic Mesh Office Chair,Furniture,8900.0,9240.0,12180.0,1.318,60,41,0.683,0.317,22,0,Festive Sale,1.4,Festival,1.4,Loyal Customer,0.64,4.9,0.591,5.5,75.34,8
product,PRD-03,Pro Gaming Mechanical Keyboard,Gaming,5200.0,5020.0,6960.0,1.386,80,18,0.225,0.775,2,1,Regular,1.0,Flash Deal,1.35,Loyal Customer,0.58,2.9,0.654,7.5,85.47,11
product,PRD-04,Pro Gaming Mechanical Keyboard,Gaming,5200.0,5350.0,5680.0,1.062,80,69,0.863,0.137,11,0,Regular,1.0,Normal Day,1.0,Impulse Buyer,0.35,2.3,0.439,4.5,47.08,2
product,PRD-05,Smart Fitness Tracker Band,Wearables,2800.0,2790.0,2780.0,0.996,200,99,0.495,0.505,27,0,Regular,1.0,Normal Day,1.0,Bargain Hunter,1.54,1.5,0.414,4.5,52.95,4
product,PRD-06,Ergonomic Mesh Office Chair,Furniture,8900.0,8520.0,11160.0,1.31,60,40,0.667,0.333,11,1,Regular,1.0,Flash Deal,1.35,Bargain Hunter,1.59,1.1,0.523,7.5,71.91,6
product,PRD-07,Noise-Cancelling Headphones Pro,Electronics,4500.0,4620.0,6060.0,1.312,150,61,0.407,0.593,1,1,Festive Sale,1.4,Festival,1.4,Prime Member,0.76,7.4,0.647,7.5,85.82,12
product,PRD-08,Ultra HD 4K Monitor 27-inch,Electronics,18500.0,18820.0,26980.0,1.434,45,21,0.467,0.533,26,0,Year End,1.3,Major Event,1.5,Bargain Hunter,1.6,1.0,0.559,4.5,78.09,4
product,PRD-01,Noise-Cancelling Headphones Pro,Electronics,4500.0,4660.0,6570.0,1.41,150,56,0.373,0.627,25,0,Festive Sale,1.4,Major Event,1.5,Prime Member,0.69,3.8,0.692,11.5,92.98,16
product,PRD-02,Organic Fairtrade Coffee 1kg,Grocery,1200.0,1210.0,1880.0,1.554,300,151,0.503,0.497,27,0,Festive Sale,1.4,Major Event,1.5,Bargain Hunter,1.57,3.6,0.646,10.5,92.53,15
product,PRD-03,Premium Running Shoes,Apparel,3900.0,4000.0,3980.0,0.995,110,65,0.591,0.409,40,0,Summer Off-peak,0.85,Normal Day,1.0,Loyal Customer,0.53,2.1,0.457,6.5,51.67,6
product,PRD-04,Noise-Cancelling Headphones Pro,Electronics,4500.0,4520.0,5270.0,1.166,150,111,0.74,0.26,31,1,Year End,1.3,Flash Deal,1.35,Loyal Customer,0.51,1.6,0.606,4.5,76.74,5
product,PRD-05,Ergonomic Mesh Office Chair,Furniture,8900.0,9070.0,11400.0,1.257,60,14,0.233,0.767,16,1,Regular,1.0,Flash Deal,1.35,Prime Member,0.66,7.8,0.658,9.5,86.89,14
product,PRD-06,Organic Fairtrade Coffee 1kg,Grocery,1200.0,1280.0,1830.0,1.43,300,181,0.603,0.397,22,0,Year End,1.3,Festival,1.4,Prime Member,0.67,5.2,0.623,6.5,80.99,9
product,PRD-07,Ergonomic Mesh Office Chair,Furniture,8900.0,8980.0,9990.0,1.112,60,21,0.35,0.65,28,0,Regular,1.0,Normal Day,1.0,Loyal Customer,0.53,8.6,0.507,2.5,60.13,2
product,PRD-08,Ergonomic Mesh Office Chair,Furniture,8900.0,9180.0,10010.0,1.09,60,17,0.283,0.717,26,0,Regular,1.0,Weekend,1.1,Bargain Hunter,1.52,0.1,0.422,6.5,54.05,3
product,PRD-01,Ultra HD 4K Monitor 27-inch,Electronics,18500.0,17520.0,18440.0,1.053,45,14,0.311,0.689,13,0,Regular,1.0,Normal Day,1.0,Bargain Hunter,1.61,0.7,0.376,1.5,47.07,2
product,PRD-02,Smart Fitness Tracker Band,Wearables,2800.0,2620.0,2840.0,1.084,200,165,0.825,0.175,3,0,Regular,1.0,Normal Day,1.0,Bargain Hunter,1.63,4.3,0.351,3.5,42.86,3
product,PRD-03,Noise-Cancelling Headphones Pro,Electronics,4500.0,4430.0,6910.0,1.56,150,50,0.333,0.667,31,0,Year End,1.3,Major Event,1.5,Bargain Hunter,1.63,1.7,0.551,5.5,76.86,4
product,PRD-04,Ultra HD 4K Monitor 27-inch,Electronics,18500.0,18790.0,18710.0,0.996,45,27,0.6,0.4,36,0,Regular,1.0,Normal Day,1.0,Bargain Hunter,1.6,0.0,0.344,4.5,41.55,4
product,PRD-05,Organic Fairtrade Coffee 1kg,Grocery,1200.0,1220.0,1300.0,1.066,300,169,0.563,0.437,39,0,Regular,1.0,Normal Day,1.0,Bargain Hunter,1.6,1.2,0.376,4.5,46.94,4
product,PRD-06,Premium Running Shoes,Apparel,3900.0,3930.0,5560.0,1.415,110,52,0.473,0.527,1,0,Festive Sale,1.4,Major Event,1.5,Impulse Buyer,0.44,1.8,0.658,6.5,85.01,5
product,PRD-07,Premium Running Shoes,Apparel,3900.0,3930.0,4770.0,1.214,110,102,0.927,0.073,44,0,Regular,1.0,Weekend,1.1,Impulse Buyer,0.36,0.6,0.454,3.5,49.71,3
product,PRD-08,Ergonomic Mesh Office Chair,Furniture,8900.0,9010.0,13640.0,1.514,60,46,0.767,0.233,24,0,Festive Sale,1.4,Major Event,1.5,Loyal Customer,0.48,10.2,0.606,2.5,76.45,2
product,PRD-01,Hydro Stainless Thermal Flask,Home & Kitchen,1100.0,1090.0,1150.0,1.055,250,192,0.768,0.232,2,0,Regular,1.0,Normal Day,1.0,Prime Member,0.76,7.7,0.439,4.5,50.51,4
product,PRD-02,Premium Running Shoes,Apparel,3900.0,3670.0,6060.0,1.651,110,68,0.618,0.382,40,0,Festive Sale,1.4,Festival,1.4,Prime Member,0.71,4.0,0.634,3.5,83.21,5
product,PRD-03,Organic Fairtrade Coffee 1kg,Grocery,1200.0,1200.0,1290.0,1.075,300,241,0.803,0.197,27,0,Summer Off-peak,0.85,Normal Day,1.0,Impulse Buyer,0.36,1.9,0.418,0.5,43.57,1
product,PRD-04,Ultra HD 4K Monitor 27-inch,Electronics,18500.0,18090.0,27280.0,1.508,45,31,0.689,0.311,35,0,Year End,1.3,Festival,1.4,Prime Member,0.72,9.2,0.631,5.5,82.83,5
product,PRD-05,Premium Running Shoes,Apparel,3900.0,3960.0,5630.0,1.422,110,70,0.636,0.364,29,0,Year End,1.3,Major Event,1.5,Prime Member,0.75,7.4,0.604,4.5,78.38,5
product,PRD-06,Hydro Stainless Thermal Flask,Home & Kitchen,1100.0,1180.0,1080.0,0.915,250,189,0.756,0.244,40,0,Regular,1.0,Normal Day,1.0,Prime Member,0.83,2.1,0.333,3.5,33.04,4
product,PRD-07,Hydro Stainless Thermal Flask,Home & Kitchen,1100.0,1060.0,1410.0,1.33,250,174,0.696,0.304,10,1,Festive Sale,1.4,Festival,1.4,Bargain Hunter,1.59,1.0,0.547,4.5,75.95,5
product,PRD-08,Premium Running Shoes,Apparel,3900.0,3720.0,3710.0,0.997,110,64,0.582,0.418,27,0,Summer Off-peak,0.85,Normal Day,1.0,Impulse Buyer,0.34,0.6,0.467,4.5,51.72,3
product,PRD-01,Hydro Stainless Thermal Flask,Home & Kitchen,1100.0,1090.0,1370.0,1.257,250,158,0.632,0.368,7,1,Regular,1.0,Flash Deal,1.35,Bargain Hunter,1.62,2.2,0.485,6.5,65.58,6
product,PRD-02,Pro Gaming Mechanical Keyboard,Gaming,5200.0,5130.0,7360.0,1.435,80,29,0.362,0.637,22,0,Festive Sale,1.4,Festival,1.4,Prime Member,0.58,8.1,0.682,7.5,90.24,14
product,PRD-03,Premium Running Shoes,Apparel,3900.0,3760.0,5020.0,1.335,110,29,0.264,0.736,26,1,Summer Off-peak,0.85,Flash Deal,1.35,Bargain Hunter,1.59,2.0,0.508,4.5,69.36,4
product,PRD-04,Organic Fairtrade Coffee 1kg,Grocery,1200.0,1180.0,1690.0,1.432,300,43,0.143,0.857,2,1,Regular,1.0,Festival,1.4,Prime Member,0.69,6.0,0.636,6.5,83.37,7
product,PRD-05,Smart Fitness Tracker Band,Wearables,2800.0,2790.0,2890.0,1.036,200,180,0.9,0.1,13,0,Regular,1.0,Normal Day,1.0,Bargain Hunter,1.51,1.9,0.336,2.5,39.4,2
product,PRD-06,Hydro Stainless Thermal Flask,Home & Kitchen,1100.0,1110.0,1150.0,1.036,250,34,0.136,0.864,3,0,Regular,1.0,Normal Day,1.0,Bargain Hunter,1.61,1.5,0.457,3.5,60.71,2
product,PRD-07,Hydro Stainless Thermal Flask,Home & Kitchen,1100.0,1100.0,1150.0,1.045,250,181,0.724,0.276,31,0,Summer Off-peak,0.85,Normal Day,1.0,Impulse Buyer,0.38,0.6,0.412,5.5,42.61,2
product,PRD-08,Premium Running Shoes,Apparel,3900.0,3980.0,3910.0,0.982,110,78,0.709,0.291,13,0,Regular,1.0,Normal Day,1.0,Impulse Buyer,0.48,1.2,0.455,4.5,50.8,3
product,PRD-01,Hydro Stainless Thermal Flask,Home & Kitchen,1100.0,1140.0,1160.0,1.018,250,49,0.196,0.804,32,0,Summer Off-peak,0.85,Normal Day,1.0,Impulse Buyer,0.39,2.8,0.445,0.5,48.31,0
product,PRD-02,Premium Running Shoes,Apparel,3900.0,3870.0,4610.0,1.191,110,45,0.409,0.591,15,0,Regular,1.0,Weekend,1.1,Bargain Hunter,1.62,1.4,0.413,3.5,53.36,1
product,PRD-03,Smart Fitness Tracker Band,Wearables,2800.0,2800.0,2840.0,1.014,200,170,0.85,0.15,33,0,Regular,1.0,Normal Day,1.0,Prime Member,0.61,16.7,0.455,2.5,51.97,2
product,PRD-04,Premium Running Shoes,Apparel,3900.0,4020.0,5760.0,1.433,110,60,0.545,0.455,6,0,Year End,1.3,Festival,1.4,Prime Member,0.65,1.9,0.636,13.5,82.97,17
product,PRD-05,Ultra HD 4K Monitor 27-inch,Electronics,18500.0,18570.0,30100.0,1.621,45,11,0.244,0.756,23,0,Festive Sale,1.4,Major Event,1.5,Prime Member,0.59,10.7,0.739,6.5,100.0,11
product,PRD-06,Smart Fitness Tracker Band,Wearables,2800.0,2940.0,4510.0,1.534,200,107,0.535,0.465,10,0,Festive Sale,1.4,Major Event,1.5,Bargain Hunter,1.54,1.4,0.646,7.5,92.35,10
product,PRD-07,Ergonomic Mesh Office Chair,Furniture,8900.0,9070.0,11110.0,1.225,60,34,0.567,0.433,8,1,Festive Sale,1.4,Flash Deal,1.35,Loyal Customer,0.48,10.1,0.687,4.5,90.3,9
product,PRD-08,Ultra HD 4K Monitor 27-inch,Electronics,18500.0,18000.0,24640.0,1.369,45,33,0.733,0.267,2,1,Year End,1.3,Festival,1.4,Prime Member,0.6,5.0,0.666,6.5,87.67,10
product,PRD-01,Noise-Cancelling Headphones Pro,Electronics,4500.0,4620.0,4510.0,0.976,150,40,0.267,0.733,44,0,Summer Off-peak,0.85,Normal Day,1.0,Impulse Buyer,0.44,0.1,0.43,2.5,46.21,3
product,PRD-02,Smart Fitness Tracker Band,Wearables,2800.0,2780.0,3190.0,1.147,200,123,0.615,0.385,27,1,Regular,1.0,Festival,1.4,Bargain Hunter,1.68,0.6,0.464,5.5,62.54,8
product,PRD-03,Premium Running Shoes,Apparel,3900.0,4030.0,4070.0,1.01,110,42,0.382,0.618,13,0,Summer Off-peak,0.85,Normal Day,1.0,Impulse Buyer,0.4,0.6,0.473,7.5,53.28,7
product,PRD-04,Ergonomic Mesh Office Chair,Furniture,8900.0,8710.0,11060.0,1.27,60,11,0.183,0.817,28,1,Year End,1.3,Festival,1.4,Bargain Hunter,1.64,1.1,0.603,6.5,85.85,7
product,PRD-05,Smart Fitness Tracker Band,Wearables,2800.0,2840.0,3340.0,1.176,200,159,0.795,0.205,3,0,Regular,1.0,Weekend,1.1,Loyal Customer,0.52,1.6,0.426,3.5,46.22,5
product,PRD-06,Premium Running Shoes,Apparel,3900.0,3950.0,5470.0,1.385,110,72,0.655,0.345,26,1,Festive Sale,1.4,Flash Deal,1.35,Impulse Buyer,0.43,0.8,0.634,7.5,80.81,11
product,PRD-07,Organic Fairtrade Coffee 1kg,Grocery,1200.0,1170.0,1380.0,1.179,300,181,0.603,0.397,39,0,Regular,1.0,Weekend,1.1,Prime Member,0.74,7.2,0.464,2.5,54.65,3
product,PRD-08,Noise-Cancelling Headphones Pro,Electronics,4500.0,4400.0,6230.0,1.416,150,64,0.427,0.573,24,1,Summer Off-peak,0.85,Festival,1.4,Bargain Hunter,1.64,0.1,0.492,6.5,66.99,7
product,PRD-01,Hydro Stainless Thermal Flask,Home & Kitchen,1100.0,1050.0,1540.0,1.467,250,73,0.292,0.708,32,1,Summer Off-peak,0.85,Festival,1.4,Prime Member,0.64,4.2,0.606,6.5,77.88,8
product,PRD-02,Organic Fairtrade Coffee 1kg,Grocery,1200.0,1170.0,1470.0,1.256,300,106,0.353,0.647,37,1,Regular,1.0,Flash Deal,1.35,Prime Member,0.69,8.3,0.603,3.5,77.77,6
product,PRD-03,Premium Running Shoes,Apparel,3900.0,4100.0,4740.0,1.156,110,74,0.673,0.327,23,0,Regular,1.0,Weekend,1.1,Prime Member,0.73,8.2,0.44,1.5,50.4,0
product,PRD-04,Organic Fairtrade Coffee 1kg,Grocery,1200.0,1180.0,1160.0,0.983,300,128,0.427,0.573,27,0,Regular,1.0,Normal Day,1.0,Impulse Buyer,0.39,1.8,0.444,3.5,48.21,3
product,PRD-05,Hydro Stainless Thermal Flask,Home & Kitchen,1100.0,1110.0,1180.0,1.063,250,38,0.152,0.848,33,0,Regular,1.0,Weekend,1.1,Prime Member,0.65,5.7,0.462,2.5,53.48,2
product,PRD-06,Organic Fairtrade Coffee 1kg,Grocery,1200.0,1180.0,1380.0,1.169,300,99,0.33,0.67,12,0,Summer Off-peak,0.85,Weekend,1.1,Bargain Hunter,1.57,1.0,0.378,2.5,47.05,2
product,PRD-07,Smart Fitness Tracker Band,Wearables,2800.0,2860.0,3120.0,1.091,200,114,0.57,0.43,2,0,Regular,1.0,Weekend,1.1,Prime Member,0.64,5.7,0.485,0.5,57.27,0
product,PRD-08,Hydro Stainless Thermal Flask,Home & Kitchen,1100.0,1100.0,1090.0,0.991,250,163,0.652,0.348,31,0,Regular,1.0,Normal Day,1.0,Bargain Hunter,1.57,3.0,0.363,3.5,44.54,3
product,PRD-01,Noise-Cancelling Headphones Pro,Electronics,4500.0,4690.0,5900.0,1.258,150,123,0.82,0.18,27,1,Regular,1.0,Flash Deal,1.35,Prime Member,0.74,5.5,0.551,4.5,69.35,6
product,PRD-02,Premium Running Shoes,Apparel,3900.0,3920.0,4690.0,1.196,110,60,0.545,0.455,25,1,Regular,1.0,Flash Deal,1.35,Loyal Customer,0.37,4.6,0.596,5.5,73.8,8
product,PRD-03,Organic Fairtrade Coffee 1kg,Grocery,1200.0,1250.0,1240.0,0.992,300,76,0.253,0.747,44,0,Regular,1.0,Normal Day,1.0,Prime Member,0.75,2.4,0.453,2.5,52.82,1
product,PRD-04,Noise-Cancelling Headphones Pro,Electronics,4500.0,4420.0,6400.0,1.448,150,97,0.647,0.353,6,0,Festive Sale,1.4,Festival,1.4,Prime Member,0.73,2.2,0.567,5.5,72.05,2
product,PRD-05,Hydro Stainless Thermal Flask,Home & Kitchen,1100.0,1130.0,1210.0,1.071,250,233,0.932,0.068,32,0,Summer Off-peak,0.85,Weekend,1.1,Bargain Hunter,1.67,0.3,0.35,2.5,43.03,2
product,PRD-06,Pro Gaming Mechanical Keyboard,Gaming,5200.0,4800.0,5420.0,1.129,80,4,0.05,0.95,2,0,Regular,1.0,Normal Day,1.0,Loyal Customer,0.51,4.2,0.512,2.5,60.86,4
product,PRD-07,Ultra HD 4K Monitor 27-inch,Electronics,18500.0,18370.0,21580.0,1.175,45,13,0.289,0.711,11,0,Summer Off-peak,0.85,Weekend,1.1,Prime Member,0.62,3.6,0.457,4.5,52.28,7
product,PRD-08,Smart Fitness Tracker Band,Wearables,2800.0,2660.0,4080.0,1.534,200,89,0.445,0.555,35,0,Festive Sale,1.4,Festival,1.4,Bargain Hunter,1.61,3.3,0.576,10.5,81.08,10
product,PRD-01,Hydro Stainless Thermal Flask,Home & Kitchen,1100.0,1070.0,1660.0,1.551,250,201,0.804,0.196,3,0,Festive Sale,1.4,Major Event,1.5,Prime Member,0.76,6.9,0.611,3.5,79.79,3
product,PRD-02,Premium Running Shoes,Apparel,3900.0,3850.0,4010.0,1.042,110,89,0.809,0.191,22,0,Summer Off-peak,0.85,Normal Day,1.0,Loyal Customer,0.58,1.3,0.406,3.5,43.38,2
product,PRD-03,Noise-Cancelling Headphones Pro,Electronics,4500.0,4530.0,5630.0,1.243,150,135,0.9,0.1,15,1,Festive Sale,1.4,Flash Deal,1.35,Prime Member,0.66,21.9,0.616,5.5,79.81,7
product,PRD-04,Ultra HD 4K Monitor 27-inch,Electronics,18500.0,17790.0,27760.0,1.56,45,40,0.889,0.111,26,0,Festive Sale,1.4,Major Event,1.5,Prime Member,0.67,4.4,0.599,5.5,77.0,7
product,PRD-05,Ergonomic Mesh Office Chair,Furniture,8900.0,9180.0,9420.0,1.026,60,45,0.75,0.25,43,0,Regular,1.0,Normal Day,1.0,Bargain Hunter,1.62,0.7,0.308,2.5,35.45,3
product,PRD-06,Ergonomic Mesh Office Chair,Furniture,8900.0,9040.0,11530.0,1.275,60,51,0.85,0.15,11,1,Regular,1.0,Festival,1.4,Bargain Hunter,1.54,0.6,0.532,6.5,73.0,8
product,PRD-07,Premium Running Shoes,Apparel,3900.0,3940.0,4950.0,1.256,110,44,0.4,0.6,31,1,Year End,1.3,Flash Deal,1.35,Bargain Hunter,1.59,1.3,0.514,2.5,70.38,4
product,PRD-08,Premium Running Shoes,Apparel,3900.0,4060.0,5660.0,1.394,110,51,0.464,0.536,33,0,Festive Sale,1.4,Festival,1.4,Bargain Hunter,1.6,0.4,0.591,9.5,83.47,10
product,PRD-01,Pro Gaming Mechanical Keyboard,Gaming,5200.0,5280.0,7860.0,1.489,80,67,0.838,0.162,26,1,Year End,1.3,Festival,1.4,Bargain Hunter,1.58,0.9,0.62,8.5,88.17,12
product,PRD-02,Pro Gaming Mechanical Keyboard,Gaming,5200.0,5030.0,6910.0,1.374,80,27,0.338,0.662,39,1,Summer Off-peak,0.85,Festival,1.4,Loyal Customer,0.47,1.8,0.625,7.5,79.67,9
product,PRD-03,Organic Fairtrade Coffee 1kg,Grocery,1200.0,1210.0,1740.0,1.438,300,129,0.43,0.57,36,1,Regular,1.0,Flash Deal,1.35,Bargain Hunter,1.62,0.9,0.556,9.5,77.77,10
product,PRD-04,Pro Gaming Mechanical Keyboard,Gaming,5200.0,5410.0,7170.0,1.325,80,25,0.312,0.688,12,1,Summer Off-peak,0.85,Festival,1.4,Impulse Buyer,0.38,1.1,0.63,10.5,79.68,12
product,PRD-05,Ergonomic Mesh Office Chair,Furniture,8900.0,8970.0,13280.0,1.48,60,22,0.367,0.633,18,0,Festive Sale,1.4,Major Event,1.5,Impulse Buyer,0.45,1.8,0.656,4.5,84.8,8
product,PRD-06,Hydro Stainless Thermal Flask,Home & Kitchen,1100.0,1110.0,1200.0,1.081,250,75,0.3,0.7,23,0,Regular,1.0,Normal Day,1.0,Loyal Customer,0.55,9.5,0.598,6.5,75.8,8
product,PRD-07,Hydro Stainless Thermal Flask,Home & Kitchen,1100.0,1070.0,1890.0,1.766,250,198,0.792,0.208,21,0,Year End,1.3,Major Event,1.5,Impulse Buyer,0.36,0.8,0.67,4.5,86.39,7
product,PRD-08,Pro Gaming Mechanical Keyboard,Gaming,5200.0,5280.0,6220.0,1.178,80,44,0.55,0.45,32,1,Year End,1.3,Flash Deal,1.35,Prime Member,0.72,8.6,0.602,3.5,77.91,5
product,PRD-01,Organic Fairtrade Coffee 1kg,Grocery,1200.0,1260.0,1320.0,1.048,300,145,0.483,0.517,11,0,Summer Off-peak,0.85,Normal Day,1.0,Prime Member,0.69,1.8,0.42,4.5,46.62,1
product,PRD-02,Ultra HD 4K Monitor 27-inch,Electronics,18500.0,17300.0,22120.0,1.279,45,26,0.578,0.422,11,1,Regular,1.0,Flash Deal,1.35,Impulse Buyer,0.34,0.7,0.577,3.5,70.34,5
product,PRD-03,Ultra HD 4K Monitor 27-inch,Electronics,18500.0,18520.0,24060.0,1.299,45,10,0.222,0.778,15,1,Regular,1.0,Festival,1.4,Bargain Hunter,1.55,1.8,0.568,5.5,79.18,6
product,PRD-04,Organic Fairtrade Coffee 1kg,Grocery,1200.0,1210.0,1630.0,1.347,300,45,0.15,0.85,16,0,Festive Sale,1.4,Festival,1.4,Prime Member,0.73,10.7,0.731,7.5,99.93,12
product,PRD-05,Organic Fairtrade Coffee 1kg,Grocery,1200.0,1190.0,1560.0,1.311,300,114,0.38,0.62,37,1,Regular,1.0,Flash Deal,1.35,Bargain Hunter,1.54,0.6,0.559,6.5,77.45,10
product,PRD-06,Ultra HD 4K Monitor 27-inch,Electronics,18500.0,18390.0,20100.0,1.093,45,35,0.778,0.222,1,0,Regular,1.0,Weekend,1.1,Bargain Hunter,1.62,0.8,0.362,5.5,44.75,2
product,PRD-07,Pro Gaming Mechanical Keyboard,Gaming,5200.0,5290.0,5150.0,0.974,80,46,0.575,0.425,24,0,Regular,1.0,Normal Day,1.0,Prime Member,0.65,1.8,0.412,4.5,45.0,2
product,PRD-08,Pro Gaming Mechanical Keyboard,Gaming,5200.0,5130.0,5810.0,1.133,80,59,0.738,0.262,35,0,Regular,1.0,Weekend,1.1,Bargain Hunter,1.6,1.3,0.317,0.5,36.91,0
product,PRD-01,Pro Gaming Mechanical Keyboard,Gaming,5200.0,5050.0,5150.0,1.02,80,71,0.887,0.113,5,0,Summer Off-peak,0.85,Normal Day,1.0,Loyal Customer,0.53,3.8,0.426,3.5,46.34,2
product,PRD-02,Premium Running Shoes,Apparel,3900.0,3840.0,4190.0,1.091,110,58,0.527,0.473,15,0,Regular,1.0,Normal Day,1.0,Prime Member,0.75,5.2,0.489,4.5,58.88,6
product,PRD-03,Smart Fitness Tracker Band,Wearables,2800.0,2810.0,2810.0,1.0,200,159,0.795,0.205,40,0,Regular,1.0,Normal Day,1.0,Impulse Buyer,0.38,2.0,0.425,2.5,44.94,1
product,PRD-04,Pro Gaming Mechanical Keyboard,Gaming,5200.0,5070.0,6820.0,1.345,80,60,0.75,0.25,1,1,Festive Sale,1.4,Flash Deal,1.35,Impulse Buyer,0.44,0.2,0.586,5.5,72.69,9
product,PRD-05,Pro Gaming Mechanical Keyboard,Gaming,5200.0,5030.0,8020.0,1.594,80,40,0.5,0.5,27,0,Festive Sale,1.4,Major Event,1.5,Loyal Customer,0.51,2.4,0.727,9.5,97.29,15
product,PRD-06,Organic Fairtrade Coffee 1kg,Grocery,1200.0,1160.0,1630.0,1.405,300,135,0.45,0.55,14,1,Regular,1.0,Flash Deal,1.35,Bargain Hunter,1.58,0.1,0.577,6.5,81.0,6
product,PRD-07,Smart Fitness Tracker Band,Wearables,2800.0,2760.0,2810.0,1.018,200,113,0.565,0.435,15,0,Regular,1.0,Normal Day,1.0,Bargain Hunter,1.62,0.1,0.37,3.5,46.09,1
product,PRD-08,Organic Fairtrade Coffee 1kg,Grocery,1200.0,1170.0,1200.0,1.026,300,41,0.137,0.863,9,0,Regular,1.0,Normal Day,1.0,Prime Member,0.61,7.9,0.444,0.5,50.04,1
product,PRD-01,Organic Fairtrade Coffee 1kg,Grocery,1200.0,1180.0,1840.0,1.559,300,264,0.88,0.12,39,0,Festive Sale,1.4,Major Event,1.5,Bargain Hunter,1.56,0.5,0.527,3.5,72.33,7
product,PRD-02,Smart Fitness Tracker Band,Wearables,2800.0,2800.0,3680.0,1.314,200,115,0.575,0.425,14,1,Year End,1.3,Festival,1.4,Bargain Hunter,1.65,0.3,0.524,3.5,72.53,4
product,PRD-03,Hydro Stainless Thermal Flask,Home & Kitchen,1100.0,1110.0,1080.0,0.973,250,205,0.82,0.18,3,0,Regular,1.0,Normal Day,1.0,Prime Member,0.69,5.6,0.386,6.5,40.95,2
product,PRD-04,Premium Running Shoes,Apparel,3900.0,4110.0,6560.0,1.596,110,102,0.927,0.073,5,0,Festive Sale,1.4,Major Event,1.5,Impulse Buyer,0.39,0.1,0.65,10.5,83.22,12
product,PRD-05,Noise-Cancelling Headphones Pro,Electronics,4500.0,4450.0,4680.0,1.052,150,85,0.567,0.433,32,0,Regular,1.0,Normal Day,1.0,Impulse Buyer,0.45,0.9,0.408,1.5,42.54,3
product,PRD-06,Hydro Stainless Thermal Flask,Home & Kitchen,1100.0,1090.0,1580.0,1.45,250,35,0.14,0.86,13,0,Festive Sale,1.4,Festival,1.4,Loyal Customer,0.51,4.5,0.699,8.5,92.55,11
product,PRD-07,Premium Running Shoes,Apparel,3900.0,3930.0,6070.0,1.545,110,59,0.536,0.464,37,0,Year End,1.3,Major Event,1.5,Bargain Hunter,1.65,2.1,0.652,14.5,94.2,18
product,PRD-08,Hydro Stainless Thermal Flask,Home & Kitchen,1100.0,1110.0,1210.0,1.09,250,187,0.748,0.252,36,0,Regular,1.0,Normal Day,1.0,Prime Member,0.68,3.6,0.362,2.5,36.68,0
product,PRD-01,Ergonomic Mesh Office Chair,Furniture,8900.0,8660.0,8330.0,0.962,60,35,0.583,0.417,33,0,Regular,1.0,Normal Day,1.0,Loyal Customer,0.5,10.8,0.474,0.5,54.3,0
product,PRD-02,Premium Running Shoes,Apparel,3900.0,3730.0,4580.0,1.228,110,92,0.836,0.164,11,0,Regular,1.0,Weekend,1.1,Loyal Customer,0.55,2.0,0.45,3.5,50.62,2
product,PRD-03,Ergonomic Mesh Office Chair,Furniture,8900.0,8850.0,10540.0,1.191,60,30,0.5,0.5,23,0,Regular,1.0,Weekend,1.1,Loyal Customer,0.5,1.6,0.469,1.5,53.36,1
product,PRD-04,Premium Running Shoes,Apparel,3900.0,4040.0,4210.0,1.042,110,24,0.218,0.782,15,0,Regular,1.0,Weekend,1.1,Loyal Customer,0.41,4.9,0.53,6.5,62.99,9
product,PRD-05,Ergonomic Mesh Office Chair,Furniture,8900.0,8620.0,9870.0,1.145,60,42,0.7,0.3,5,0,Summer Off-peak,0.85,Normal Day,1.0,Bargain Hunter,1.63,0.9,0.326,3.5,38.63,1
product,PRD-06,Premium Running Shoes,Apparel,3900.0,3990.0,4010.0,1.005,110,54,0.491,0.509,16,0,Regular,1.0,Normal Day,1.0,Bargain Hunter,1.49,3.1,0.37,2.5,45.02,1
product,PRD-07,Premium Running Shoes,Apparel,3900.0,4050.0,4870.0,1.202,110,38,0.345,0.655,10,1,Regular,1.0,Flash Deal,1.35,Impulse Buyer,0.28,2.6,0.619,3.5,77.08,7
product,PRD-08,Organic Fairtrade Coffee 1kg,Grocery,1200.0,1190.0,1860.0,1.563,300,163,0.543,0.457,37,0,Festive Sale,1.4,Festival,1.4,Impulse Buyer,0.43,0.9,0.578,4.5,71.4,7
product,PRD-01,Ultra HD 4K Monitor 27-inch,Electronics,18500.0,18130.0,24500.0,1.351,45,22,0.489,0.511,1,1,Year End,1.3,Festival,1.4,Bargain Hunter,1.62,3.0,0.594,5.5,84.23,7
product,PRD-02,Smart Fitness Tracker Band,Wearables,2800.0,2840.0,2970.0,1.046,200,172,0.86,0.14,26,0,Regular,1.0,Normal Day,1.0,Prime Member,0.74,8.5,0.398,0.5,43.3,1
product,PRD-03,Ultra HD 4K Monitor 27-inch,Electronics,18500.0,18650.0,26720.0,1.433,45,22,0.489,0.511,1,0,Year End,1.3,Festival,1.4,Impulse Buyer,0.39,0.0,0.637,7.5,81.09,7
product,PRD-04,Hydro Stainless Thermal Flask,Home & Kitchen,1100.0,1090.0,1040.0,0.954,250,197,0.788,0.212,19,0,Regular,1.0,Normal Day,1.0,Prime Member,0.7,2.5,0.385,5.5,40.81,4
product,PRD-05,Organic Fairtrade Coffee 1kg,Grocery,1200.0,1180.0,1260.0,1.068,300,242,0.807,0.193,43,0,Regular,1.0,Normal Day,1.0,Prime Member,0.78,5.0,0.411,2.5,45.92,2
product,PRD-06,Noise-Cancelling Headphones Pro,Electronics,4500.0,4530.0,7070.0,1.561,150,61,0.407,0.593,9,0,Year End,1.3,Major Event,1.5,Impulse Buyer,0.37,3.1,0.674,5.5,87.06,6
product,PRD-07,Ergonomic Mesh Office Chair,Furniture,8900.0,8880.0,9070.0,1.021,60,26,0.433,0.567,18,0,Regular,1.0,Normal Day,1.0,Bargain Hunter,1.55,0.8,0.331,4.5,38.78,6
product,PRD-08,Ergonomic Mesh Office Chair,Furniture,8900.0,8730.0,11840.0,1.356,60,12,0.2,0.8,21,1,Festive Sale,1.4,Flash Deal,1.35,Prime Member,0.69,4.3,0.674,6.5,89.77,9
product,PRD-01,Ergonomic Mesh Office Chair,Furniture,8900.0,9350.0,12350.0,1.321,60,18,0.3,0.7,44,0,Festive Sale,1.4,Festival,1.4,Prime Member,0.86,1.3,0.611,7.5,80.5,9
product,PRD-02,Smart Fitness Tracker Band,Wearables,2800.0,2750.0,3040.0,1.105,200,103,0.515,0.485,44,0,Regular,1.0,Normal Day,1.0,Prime Member,0.71,9.0,0.448,3.5,51.62,3
product,PRD-03,Hydro Stainless Thermal Flask,Home & Kitchen,1100.0,1160.0,1740.0,1.5,250,229,0.916,0.084,11,0,Festive Sale,1.4,Major Event,1.5,Prime Member,0.81,4.5,0.647,9.5,86.3,12
product,PRD-04,Hydro Stainless Thermal Flask,Home & Kitchen,1100.0,1090.0,1100.0,1.009,250,199,0.796,0.204,13,0,Regular,1.0,Normal Day,1.0,Bargain Hunter,1.56,0.7,0.326,2.5,38.07,4
product,PRD-05,Ergonomic Mesh Office Chair,Furniture,8900.0,8550.0,12300.0,1.439,60,26,0.433,0.567,2,0,Festive Sale,1.4,Festival,1.4,Prime Member,0.74,15.2,0.679,4.5,91.09,8
product,PRD-06,Premium Running Shoes,Apparel,3900.0,3900.0,5520.0,1.415,110,87,0.791,0.209,2,0,Year End,1.3,Festival,1.4,Bargain Hunter,1.54,2.8,0.518,6.5,70.52,4
product,PRD-07,Organic Fairtrade Coffee 1kg,Grocery,1200.0,1220.0,1260.0,1.033,300,136,0.453,0.547,11,0,Regular,1.0,Weekend,1.1,Bargain Hunter,1.55,0.7,0.356,3.5,43.12,3
product,PRD-08,Ultra HD 4K Monitor 27-inch,Electronics,18500.0,18810.0,18660.0,0.992,45,12,0.267,0.733,20,0,Regular,1.0,Normal Day,1.0,Prime Member,0.64,8.0,0.447,1.5,50.79,2
product,PRD-01,Ergonomic Mesh Office Chair,Furniture,8900.0,9160.0,13570.0,1.481,60,41,0.683,0.317,10,0,Festive Sale,1.4,Major Event,1.5,Impulse Buyer,0.33,0.3,0.66,9.5,84.46,10
product,PRD-02,Hydro Stainless Thermal Flask,Home & Kitchen,1100.0,1110.0,1260.0,1.135,250,40,0.16,0.84,14,0,Regular,1.0,Weekend,1.1,Loyal Customer,0.43,3.9,0.496,1.5,57.38,0
product,PRD-03,Smart Fitness Tracker Band,Wearables,2800.0,2760.0,3340.0,1.21,200,101,0.505,0.495,10,0,Regular,1.0,Weekend,1.1,Prime Member,0.71,14.8,0.485,5.5,57.83,3
product,PRD-04,Noise-Cancelling Headphones Pro,Electronics,4500.0,4560.0,6020.0,1.32,150,97,0.647,0.353,3,1,Regular,1.0,Flash Deal,1.35,Prime Member,0.7,3.7,0.612,3.5,79.41,5
product,PRD-05,Hydro Stainless Thermal Flask,Home & Kitchen,1100.0,1100.0,1430.0,1.3,250,111,0.444,0.556,33,1,Summer Off-peak,0.85,Festival,1.4,Impulse Buyer,0.37,0.0,0.608,9.5,75.94,12
product,PRD-06,Ultra HD 4K Monitor 27-inch,Electronics,18500.0,18480.0,23040.0,1.247,45,38,0.844,0.156,13,1,Festive Sale,1.4,Flash Deal,1.35,Prime Member,0.68,1.7,0.623,8.5,81.01,7
product,PRD-07,Premium Running Shoes,Apparel,3900.0,4110.0,5110.0,1.243,110,58,0.527,0.473,11,1,Festive Sale,1.4,Flash Deal,1.35,Prime Member,0.65,6.7,0.589,3.5,75.07,7
product,PRD-08,Premium Running Shoes,Apparel,3900.0,4060.0,4550.0,1.121,110,45,0.409,0.591,30,0,Regular,1.0,Weekend,1.1,Loyal Customer,0.55,5.2,0.515,4.5,61.65,4
product,PRD-01,Hydro Stainless Thermal Flask,Home & Kitchen,1100.0,1110.0,1190.0,1.072,250,51,0.204,0.796,28,0,Regular,1.0,Normal Day,1.0,Prime Member,0.75,6.5,0.463,3.5,54.43,3
product,PRD-02,Ergonomic Mesh Office Chair,Furniture,8900.0,8870.0,13870.0,1.564,60,58,0.967,0.033,26,0,Festive Sale,1.4,Major Event,1.5,Loyal Customer,0.52,4.5,0.694,9.5,91.81,12
product,PRD-03,Smart Fitness Tracker Band,Wearables,2800.0,2800.0,2920.0,1.043,200,135,0.675,0.325,7,0,Regular,1.0,Weekend,1.1,Loyal Customer,0.52,6.8,0.469,2.5,53.47,3
product,PRD-04,Ultra HD 4K Monitor 27-inch,Electronics,18500.0,18440.0,24370.0,1.322,45,17,0.378,0.622,22,1,Festive Sale,1.4,Flash Deal,1.35,Impulse Buyer,0.39,0.2,0.633,5.5,80.27,10
product,PRD-05,Pro Gaming Mechanical Keyboard,Gaming,5200.0,4980.0,7320.0,1.47,80,71,0.887,0.113,22,0,Year End,1.3,Festival,1.4,Prime Member,0.61,4.2,0.651,9.5,85.27,11
product,PRD-06,Premium Running Shoes,Apparel,3900.0,3930.0,5600.0,1.425,110,48,0.436,0.564,15,0,Year End,1.3,Major Event,1.5,Bargain Hunter,1.6,1.8,0.572,10.5,80.31,8
product,PRD-07,Hydro Stainless Thermal Flask,Home & Kitchen,1100.0,1080.0,1620.0,1.5,250,156,0.624,0.376,20,0,Festive Sale,1.4,Festival,1.4,Prime Member,0.65,7.5,0.64,6.5,83.76,10
product,PRD-08,Pro Gaming Mechanical Keyboard,Gaming,5200.0,4890.0,7390.0,1.511,80,32,0.4,0.6,7,0,Festive Sale,1.4,Festival,1.4,Prime Member,0.68,6.1,0.662,9.5,87.65,14
product,PRD-01,Ultra HD 4K Monitor 27-inch,Electronics,18500.0,19370.0,20450.0,1.056,45,41,0.911,0.089,1,0,Regular,1.0,Weekend,1.1,Bargain Hunter,1.57,2.4,0.344,3.5,41.19,3
product,PRD-02,Premium Running Shoes,Apparel,3900.0,3860.0,6120.0,1.585,110,81,0.736,0.264,24,0,Year End,1.3,Festival,1.4,Bargain Hunter,1.59,1.6,0.514,3.5,70.29,5
product,PRD-03,Hydro Stainless Thermal Flask,Home & Kitchen,1100.0,1070.0,1130.0,1.056,250,160,0.64,0.36,16,0,Regular,1.0,Weekend,1.1,Bargain Hunter,1.54,0.7,0.379,5.5,46.97,3
product,PRD-04,Noise-Cancelling Headphones Pro,Electronics,4500.0,4620.0,4600.0,0.996,150,121,0.807,0.193,41,0,Regular,1.0,Normal Day,1.0,Bargain Hunter,1.58,3.5,0.32,3.5,37.18,3
product,PRD-05,Ultra HD 4K Monitor 27-inch,Electronics,18500.0,17750.0,25230.0,1.421,45,36,0.8,0.2,13,0,Festive Sale,1.4,Festival,1.4,Loyal Customer,0.54,1.4,0.611,4.5,77.87,5
product,PRD-06,Noise-Cancelling Headphones Pro,Electronics,4500.0,4230.0,4530.0,1.071,150,14,0.093,0.907,9,0,Regular,1.0,Normal Day,1.0,Impulse Buyer,0.37,1.8,0.47,3.5,52.45,4
product,PRD-07,Smart Fitness Tracker Band,Wearables,2800.0,2880.0,4140.0,1.438,200,122,0.61,0.39,27,0,Year End,1.3,Festival,1.4,Impulse Buyer,0.43,2.9,0.599,5.5,74.83,7
product,PRD-08,Noise-Cancelling Headphones Pro,Electronics,4500.0,4420.0,5050.0,1.143,150,64,0.427,0.573,32,0,Regular,1.0,Weekend,1.1,Prime Member,0.7,4.0,0.436,1.5,49.51,1
product,PRD-01,Organic Fairtrade Coffee 1kg,Grocery,1200.0,1200.0,1730.0,1.442,300,101,0.337,0.663,16,0,Festive Sale,1.4,Festival,1.4,Impulse Buyer,0.34,0.5,0.651,4.5,82.92,5
product,PRD-02,Ergonomic Mesh Office Chair,Furniture,8900.0,8570.0,8660.0,1.011,60,7,0.117,0.883,22,0,Regular,1.0,Normal Day,1.0,Bargain Hunter,1.63,0.6,0.401,1.5,51.37,1
product,PRD-03,Pro Gaming Mechanical Keyboard,Gaming,5200.0,5060.0,6080.0,1.202,80,58,0.725,0.275,4,0,Regular,1.0,Weekend,1.1,Bargain Hunter,1.61,0.5,0.401,5.5,51.27,4
product,PRD-04,Organic Fairtrade Coffee 1kg,Grocery,1200.0,1240.0,1230.0,0.992,300,235,0.783,0.217,19,0,Regular,1.0,Normal Day,1.0,Prime Member,0.65,3.4,0.432,4.5,48.29,3
product,PRD-05,Organic Fairtrade Coffee 1kg,Grocery,1200.0,1230.0,1260.0,1.024,300,85,0.283,0.717,8,0,Summer Off-peak,0.85,Weekend,1.1,Bargain Hunter,1.65,0.1,0.31,1.5,36.11,1
product,PRD-06,Pro Gaming Mechanical Keyboard,Gaming,5200.0,5280.0,5230.0,0.991,80,44,0.55,0.45,28,0,Regular,1.0,Normal Day,1.0,Impulse Buyer,0.39,1.2,0.416,2.5,43.43,3
product,PRD-07,Noise-Cancelling Headphones Pro,Electronics,4500.0,4480.0,4260.0,0.951,150,130,0.867,0.133,15,0,Regular,1.0,Normal Day,1.0,Impulse Buyer,0.37,0.3,0.45,4.5,49.11,4
product,PRD-08,Hydro Stainless Thermal Flask,Home & Kitchen,1100.0,1140.0,1150.0,1.009,250,199,0.796,0.204,17,0,Regular,1.0,Weekend,1.1,Prime Member,0.68,13.3,0.415,3.5,45.79,3
product,PRD-01,Organic Fairtrade Coffee 1kg,Grocery,1200.0,1250.0,1680.0,1.344,300,164,0.547,0.453,26,0,Festive Sale,1.4,Festival,1.4,Prime Member,0.86,8.9,0.605,7.5,79.56,8
product,PRD-02,Ergonomic Mesh Office Chair,Furniture,8900.0,8820.0,11700.0,1.327,60,12,0.2,0.8,18,1,Year End,1.3,Festival,1.4,Loyal Customer,0.5,1.9,0.645,2.5,83.22,4
product,PRD-03,Ergonomic Mesh Office Chair,Furniture,8900.0,8690.0,11810.0,1.359,60,31,0.517,0.483,3,1,Summer Off-peak,0.85,Festival,1.4,Loyal Customer,0.46,1.7,0.635,10.5,81.29,10
product,PRD-04,Noise-Cancelling Headphones Pro,Electronics,4500.0,4330.0,6940.0,1.603,150,50,0.333,0.667,14,0,Festive Sale,1.4,Major Event,1.5,Prime Member,0.76,2.2,0.694,8.5,93.84,11
product,PRD-05,Pro Gaming Mechanical Keyboard,Gaming,5200.0,5290.0,6700.0,1.267,80,72,0.9,0.1,33,1,Festive Sale,1.4,Flash Deal,1.35,Bargain Hunter,1.73,0.1,0.529,9.5,73.95,8
product,PRD-06,Noise-Cancelling Headphones Pro,Electronics,4500.0,4540.0,5860.0,1.291,150,60,0.4,0.6,21,1,Summer Off-peak,0.85,Flash Deal,1.35,Impulse Buyer,0.29,0.7,0.668,5.5,85.38,9
product,PRD-07,Pro Gaming Mechanical Keyboard,Gaming,5200.0,5480.0,6970.0,1.272,80,61,0.762,0.238,30,0,Festive Sale,1.4,Festival,1.4,Bargain Hunter,1.62,1.9,0.44,5.5,58.05,6
product,PRD-08,Smart Fitness Tracker Band,Wearables,2800.0,2770.0,2690.0,0.971,200,145,0.725,0.275,2,0,Summer Off-peak,0.85,Normal Day,1.0,Prime Member,0.76,1.4,0.381,0.5,40.69,0
product,PRD-01,Noise-Cancelling Headphones Pro,Electronics,4500.0,4780.0,6270.0,1.312,150,75,0.5,0.5,27,1,Regular,1.0,Festival,1.4,Loyal Customer,0.51,9.7,0.61,6.5,77.41,7
product,PRD-02,Pro Gaming Mechanical Keyboard,Gaming,5200.0,5270.0,8180.0,1.552,80,36,0.45,0.55,20,0,Festive Sale,1.4,Festival,1.4,Bargain Hunter,1.61,1.4,0.534,5.5,73.8,5
product,PRD-03,Noise-Cancelling Headphones Pro,Electronics,4500.0,4690.0,5150.0,1.098,150,22,0.147,0.853,39,0,Regular,1.0,Weekend,1.1,Bargain Hunter,1.51,3.9,0.368,2.5,44.83,3
product,PRD-04,Ultra HD 4K Monitor 27-inch,Electronics,18500.0,18270.0,19950.0,1.092,45,30,0.667,0.333,44,0,Regular,1.0,Weekend,1.1,Loyal Customer,0.56,10.6,0.445,0.5,49.77,0
product,PRD-05,Organic Fairtrade Coffee 1kg,Grocery,1200.0,1170.0,1260.0,1.077,300,192,0.64,0.36,25,0,Regular,1.0,Normal Day,1.0,Impulse Buyer,0.48,0.4,0.42,6.5,44.94,5
product,PRD-06,Premium Running Shoes,Apparel,3900.0,3990.0,4350.0,1.09,110,43,0.391,0.609,38,0,Summer Off-peak,0.85,Normal Day,1.0,Impulse Buyer,0.49,0.4,0.443,3.5,48.89,3
product,PRD-07,Premium Running Shoes,Apparel,3900.0,3750.0,3900.0,1.04,110,50,0.455,0.545,18,0,Regular,1.0,Normal Day,1.0,Prime Member,0.75,2.7,0.428,2.5,48.51,2
product,PRD-08,Organic Fairtrade Coffee 1kg,Grocery,1200.0,1240.0,1660.0,1.339,300,234,0.78,0.22,16,0,Festive Sale,1.4,Festival,1.4,Bargain Hunter,1.52,1.4,0.44,3.5,57.06,2
product,PRD-01,Ergonomic Mesh Office Chair,Furniture,8900.0,9220.0,9770.0,1.06,60,24,0.4,0.6,14,0,Regular,1.0,Weekend,1.1,Prime Member,0.71,8.2,0.489,4.5,58.61,3
product,PRD-02,Smart Fitness Tracker Band,Wearables,2800.0,2660.0,3510.0,1.32,200,172,0.86,0.14,19,1,Regular,1.0,Flash Deal,1.35,Prime Member,0.58,5.0,0.575,9.5,72.07,8
product,PRD-03,Ergonomic Mesh Office Chair,Furniture,8900.0,8630.0,8110.0,0.94,60,17,0.283,0.717,16,0,Summer Off-peak,0.85,Normal Day,1.0,Bargain Hunter,1.53,1.0,0.338,1.5,39.82,2
product,PRD-04,Ergonomic Mesh Office Chair,Furniture,8900.0,8890.0,10800.0,1.215,60,25,0.417,0.583,12,1,Regular,1.0,Flash Deal,1.35,Bargain Hunter,1.51,1.1,0.586,12.5,81.9,14
product,PRD-05,Smart Fitness Tracker Band,Wearables,2800.0,2850.0,2940.0,1.032,200,117,0.585,0.415,27,0,Regular,1.0,Normal Day,1.0,Bargain Hunter,1.55,1.5,0.313,1.5,35.86,0
product,PRD-06,Organic Fairtrade Coffee 1kg,Grocery,1200.0,1260.0,1360.0,1.079,300,137,0.457,0.543,44,0,Regular,1.0,Normal Day,1.0,Bargain Hunter,1.51,0.4,0.382,8.5,47.14,7
product,PRD-07,Organic Fairtrade Coffee 1kg,Grocery,1200.0,1180.0,1320.0,1.119,300,197,0.657,0.343,4,0,Regular,1.0,Normal Day,1.0,Bargain Hunter,1.58,2.6,0.302,2.5,34.23,2
product,PRD-08,Organic Fairtrade Coffee 1kg,Grocery,1200.0,1160.0,1550.0,1.336,300,147,0.49,0.51,10,1,Regular,1.0,Flash Deal,1.35,Impulse Buyer,0.44,3.6,0.609,5.5,76.75,5
product,PRD-01,Ultra HD 4K Monitor 27-inch,Electronics,18500.0,18460.0,19200.0,1.04,45,33,0.733,0.267,30,0,Regular,1.0,Normal Day,1.0,Prime Member,0.67,11.1,0.44,2.5,49.86,4
product,PRD-02,Hydro Stainless Thermal Flask,Home & Kitchen,1100.0,1040.0,1730.0,1.663,250,34,0.136,0.864,23,0,Year End,1.3,Major Event,1.5,Loyal Customer,0.46,5.7,0.694,9.5,91.33,16
product,PRD-03,Hydro Stainless Thermal Flask,Home & Kitchen,1100.0,1080.0,1290.0,1.194,250,210,0.84,0.16,35,0,Regular,1.0,Weekend,1.1,Impulse Buyer,0.37,1.4,0.476,3.5,53.42,2
product,PRD-04,Ultra HD 4K Monitor 27-inch,Electronics,18500.0,17710.0,26630.0,1.504,45,13,0.289,0.711,20,0,Festive Sale,1.4,Major Event,1.5,Bargain Hunter,1.62,0.4,0.644,10.5,92.73,10
product,PRD-05,Ergonomic Mesh Office Chair,Furniture,8900.0,8680.0,14140.0,1.629,60,33,0.55,0.45,4,0,Year End,1.3,Major Event,1.5,Bargain Hunter,1.58,0.8,0.552,6.5,76.64,7
product,PRD-06,Hydro Stainless Thermal Flask,Home & Kitchen,1100.0,1090.0,1160.0,1.064,250,144,0.576,0.424,7,0,Summer Off-peak,0.85,Weekend,1.1,Impulse Buyer,0.38,0.3,0.415,4.5,43.1,4
product,PRD-07,Organic Fairtrade Coffee 1kg,Grocery,1200.0,1170.0,1190.0,1.017,300,215,0.717,0.283,9,0,Regular,1.0,Normal Day,1.0,Prime Member,0.75,2.5,0.334,0.5,32.63,0
product,PRD-08,Smart Fitness Tracker Band,Wearables,2800.0,2730.0,3440.0,1.26,200,124,0.62,0.38,32,1,Year End,1.3,Flash Deal,1.35,Bargain Hunter,1.53,2.8,0.527,6.5,72.02,7
product,PRD-01,Hydro Stainless Thermal Flask,Home & Kitchen,1100.0,1110.0,1510.0,1.36,250,159,0.636,0.364,37,1,Summer Off-peak,0.85,Festival,1.4,Bargain Hunter,1.59,0.7,0.459,4.5,60.9,4
product,PRD-02,Premium Running Shoes,Apparel,3900.0,4040.0,5200.0,1.287,110,44,0.4,0.6,25,1,Year End,1.3,Festival,1.4,Prime Member,0.7,2.7,0.69,10.5,92.61,14
product,PRD-03,Organic Fairtrade Coffee 1kg,Grocery,1200.0,1180.0,1520.0,1.288,300,284,0.947,0.053,43,1,Year End,1.3,Festival,1.4,Prime Member,0.73,3.4,0.597,3.5,77.06,5
product,PRD-04,Noise-Cancelling Headphones Pro,Electronics,4500.0,4510.0,5220.0,1.157,150,79,0.527,0.473,3,0,Regular,1.0,Normal Day,1.0,Prime Member,0.7,4.6,0.431,3.5,48.55,4
product,PRD-05,Noise-Cancelling Headphones Pro,Electronics,4500.0,4420.0,7330.0,1.658,150,74,0.493,0.507,27,0,Festive Sale,1.4,Major Event,1.5,Loyal Customer,0.52,10.6,0.682,2.5,89.81,4
product,PRD-06,Organic Fairtrade Coffee 1kg,Grocery,1200.0,1180.0,1220.0,1.034,300,131,0.437,0.563,5,0,Regular,1.0,Normal Day,1.0,Bargain Hunter,1.67,1.4,0.352,6.5,43.47,4
product,PRD-07,Hydro Stainless Thermal Flask,Home & Kitchen,1100.0,1090.0,1450.0,1.33,250,233,0.932,0.068,6,1,Regular,1.0,Flash Deal,1.35,Impulse Buyer,0.47,1.4,0.566,7.5,69.62,8
product,PRD-08,Hydro Stainless Thermal Flask,Home & Kitchen,1100.0,1110.0,1620.0,1.459,250,116,0.464,0.536,33,0,Festive Sale,1.4,Major Event,1.5,Bargain Hunter,1.61,1.1,0.555,5.5,77.36,4
product,PRD-01,Ultra HD 4K Monitor 27-inch,Electronics,18500.0,19140.0,20650.0,1.079,45,28,0.622,0.378,37,0,Summer Off-peak,0.85,Weekend,1.1,Loyal Customer,0.5,2.9,0.481,3.5,55.35,3
product,PRD-02,Premium Running Shoes,Apparel,3900.0,3900.0,4470.0,1.146,110,58,0.527,0.473,20,0,Regular,1.0,Weekend,1.1,Bargain Hunter,1.6,1.6,0.438,5.5,57.42,5
product,PRD-03,Premium Running Shoes,Apparel,3900.0,3840.0,3790.0,0.987,110,96,0.873,0.127,38,0,Regular,1.0,Normal Day,1.0,Prime Member,0.72,2.5,0.431,4.5,48.73,7
product,PRD-04,Premium Running Shoes,Apparel,3900.0,3980.0,5380.0,1.352,110,97,0.882,0.118,13,1,Year End,1.3,Flash Deal,1.35,Loyal Customer,0.45,1.9,0.61,6.5,76.93,7
product,PRD-05,Ergonomic Mesh Office Chair,Furniture,8900.0,8630.0,10010.0,1.16,60,50,0.833,0.167,23,0,Regular,1.0,Weekend,1.1,Bargain Hunter,1.59,0.3,0.354,3.5,43.15,2
product,PRD-06,Pro Gaming Mechanical Keyboard,Gaming,5200.0,5200.0,8080.0,1.554,80,50,0.625,0.375,6,0,Festive Sale,1.4,Major Event,1.5,Loyal Customer,0.49,2.6,0.688,10.5,90.53,10
product,PRD-07,Ultra HD 4K Monitor 27-inch,Electronics,18500.0,19480.0,20240.0,1.039,45,29,0.644,0.356,11,0,Summer Off-peak,0.85,Normal Day,1.0,Bargain Hunter,1.49,0.9,0.349,3.5,41.37,3
product,PRD-08,Organic Fairtrade Coffee 1kg,Grocery,1200.0,1250.0,1700.0,1.36,300,218,0.727,0.273,18,0,Festive Sale,1.4,Festival,1.4,Bargain Hunter,1.65,0.5,0.528,5.5,73.19,7
product,PRD-01,Smart Fitness Tracker Band,Wearables,2800.0,2680.0,3690.0,1.377,200,147,0.735,0.265,44,1,Regular,1.0,Festival,1.4,Prime Member,0.63,4.3,0.627,7.5,81.41,12
product,PRD-02,Ergonomic Mesh Office Chair,Furniture,8900.0,9020.0,8180.0,0.907,60,50,0.833,0.167,43,0,Regular,1.0,Normal Day,1.0,Impulse Buyer,0.39,0.5,0.43,4.5,45.88,3
product,PRD-03,Organic Fairtrade Coffee 1kg,Grocery,1200.0,1230.0,1830.0,1.488,300,206,0.687,0.313,24,0,Festive Sale,1.4,Major Event,1.5,Prime Member,0.63,4.0,0.687,9.5,91.51,12
product,PRD-04,Pro Gaming Mechanical Keyboard,Gaming,5200.0,5120.0,6860.0,1.34,80,39,0.487,0.512,4,1,Year End,1.3,Festival,1.4,Bargain Hunter,1.61,0.8,0.574,8.5,80.58,9
product,PRD-05,Ultra HD 4K Monitor 27-inch,Electronics,18500.0,18830.0,19190.0,1.019,45,18,0.4,0.6,24,0,Regular,1.0,Weekend,1.1,Loyal Customer,0.45,6.4,0.532,5.5,63.6,5
product,PRD-06,Smart Fitness Tracker Band,Wearables,2800.0,2870.0,3750.0,1.307,200,53,0.265,0.735,7,1,Regular,1.0,Festival,1.4,Prime Member,0.61,7.6,0.665,8.5,87.61,14
product,PRD-07,Ergonomic Mesh Office Chair,Furniture,8900.0,9280.0,8990.0,0.969,60,37,0.617,0.383,35,0,Regular,1.0,Normal Day,1.0,Bargain Hunter,1.62,0.7,0.299,3.5,33.96,3
product,PRD-08,Pro Gaming Mechanical Keyboard,Gaming,5200.0,5410.0,8400.0,1.553,80,55,0.688,0.312,37,0,Festive Sale,1.4,Major Event,1.5,Bargain Hunter,1.62,1.6,0.528,4.5,73.0,4
product,PRD-01,Pro Gaming Mechanical Keyboard,Gaming,5200.0,5270.0,5430.0,1.03,80,50,0.625,0.375,2,0,Regular,1.0,Weekend,1.1,Impulse Buyer,0.47,0.4,0.44,4.5,48.18,3
product,PRD-02,Hydro Stainless Thermal Flask,Home & Kitchen,1100.0,1080.0,1630.0,1.509,250,85,0.34,0.66,35,0,Year End,1.3,Festival,1.4,Prime Member,0.65,5.5,0.669,5.5,88.66,7
product,PRD-03,Hydro Stainless Thermal Flask,Home & Kitchen,1100.0,1130.0,1200.0,1.062,250,245,0.98,0.02,29,0,Regular,1.0,Normal Day,1.0,Impulse Buyer,0.35,2.7,0.446,3.5,48.21,5
product,PRD-04,Hydro Stainless Thermal Flask,Home & Kitchen,1100.0,1100.0,1190.0,1.082,250,144,0.576,0.424,40,0,Regular,1.0,Normal Day,1.0,Bargain Hunter,1.56,0.2,0.378,2.5,46.91,1
product,PRD-05,Noise-Cancelling Headphones Pro,Electronics,4500.0,4710.0,5020.0,1.066,150,28,0.187,0.813,26,0,Regular,1.0,Weekend,1.1,Bargain Hunter,1.63,1.7,0.421,3.5,54.91,2
product,PRD-06,Pro Gaming Mechanical Keyboard,Gaming,5200.0,5360.0,6760.0,1.261,80,65,0.812,0.188,13,1,Year End,1.3,Flash Deal,1.35,Bargain Hunter,1.59,3.6,0.588,7.5,82.9,9
product,PRD-07,Noise-Cancelling Headphones Pro,Electronics,4500.0,4570.0,4330.0,0.947,150,113,0.753,0.247,41,0,Regular,1.0,Normal Day,1.0,Prime Member,0.75,10.2,0.435,2.5,49.72,0
product,PRD-08,Hydro Stainless Thermal Flask,Home & Kitchen,1100.0,1100.0,1120.0,1.018,250,122,0.488,0.512,26,0,Regular,1.0,Normal Day,1.0,Prime Member,0.71,6.7,0.497,3.5,59.97,2
product,PRD-01,Ultra HD 4K Monitor 27-inch,Electronics,18500.0,17220.0,27640.0,1.605,45,28,0.622,0.378,29,0,Year End,1.3,Festival,1.4,Impulse Buyer,0.35,0.9,0.65,8.5,82.85,12
product,PRD-02,Noise-Cancelling Headphones Pro,Electronics,4500.0,4310.0,4160.0,0.965,150,77,0.513,0.487,22,0,Regular,1.0,Normal Day,1.0,Bargain Hunter,1.54,1.2,0.345,1.5,41.18,1
product,PRD-03,Organic Fairtrade Coffee 1kg,Grocery,1200.0,1140.0,1660.0,1.456,300,222,0.74,0.26,14,0,Year End,1.3,Festival,1.4,Impulse Buyer,0.32,1.4,0.629,9.5,79.05,11
product,PRD-04,Pro Gaming Mechanical Keyboard,Gaming,5200.0,5330.0,4990.0,0.936,80,50,0.625,0.375,24,0,Summer Off-peak,0.85,Normal Day,1.0,Bargain Hunter,1.59,0.4,0.345,3.5,41.54,2
product,PRD-05,Smart Fitness Tracker Band,Wearables,2800.0,2790.0,3330.0,1.194,200,184,0.92,0.08,28,1,Regular,1.0,Flash Deal,1.35,Bargain Hunter,1.48,0.9,0.541,7.5,73.95,11
product,PRD-06,Ergonomic Mesh Office Chair,Furniture,8900.0,8960.0,9200.0,1.027,60,8,0.133,0.867,39,0,Summer Off-peak,0.85,Normal Day,1.0,Impulse Buyer,0.43,0.6,0.474,4.5,53.72,7
product,PRD-07,Smart Fitness Tracker Band,Wearables,2800.0,2800.0,3820.0,1.364,200,94,0.47,0.53,15,1,Regular,1.0,Flash Deal,1.35,Loyal Customer,0.58,1.9,0.604,5.5,77.07,8
product,PRD-08,Organic Fairtrade Coffee 1kg,Grocery,1200.0,1180.0,1620.0,1.373,300,269,0.897,0.103,43,1,Year End,1.3,Festival,1.4,Bargain Hunter,1.63,0.7,0.564,12.5,79.14,13
product,PRD-01,Hydro Stainless Thermal Flask,Home & Kitchen,1100.0,1080.0,1150.0,1.065,250,214,0.856,0.144,26,0,Regular,1.0,Normal Day,1.0,Impulse Buyer,0.43,1.1,0.481,5.5,54.88,3
product,PRD-02,Smart Fitness Tracker Band,Wearables,2800.0,2750.0,3830.0,1.393,200,185,0.925,0.075,2,0,Festive Sale,1.4,Festival,1.4,Bargain Hunter,1.55,1.3,0.48,10.5,64.25,11
product,PRD-03,Organic Fairtrade Coffee 1kg,Grocery,1200.0,1230.0,1830.0,1.488,300,134,0.447,0.553,38,0,Festive Sale,1.4,Major Event,1.5,Impulse Buyer,0.37,0.4,0.668,4.5,86.08,5
product,PRD-04,Hydro Stainless Thermal Flask,Home & Kitchen,1100.0,1140.0,1040.0,0.912,250,28,0.112,0.888,39,0,Regular,1.0,Normal Day,1.0,Bargain Hunter,1.56,2.3,0.409,5.5,52.12,5
product,PRD-05,Organic Fairtrade Coffee 1kg,Grocery,1200.0,1210.0,1440.0,1.19,300,192,0.64,0.36,36,1,Regular,1.0,Flash Deal,1.35,Prime Member,0.67,2.8,0.568,6.5,71.68,6
product,PRD-06,Smart Fitness Tracker Band,Wearables,2800.0,2680.0,3540.0,1.321,200,116,0.58,0.42,40,1,Regular,1.0,Flash Deal,1.35,Bargain Hunter,1.56,3.7,0.529,7.5,72.58,6
product,PRD-07,Premium Running Shoes,Apparel,3900.0,3790.0,4160.0,1.098,110,55,0.5,0.5,31,0,Regular,1.0,Normal Day,1.0,Loyal Customer,0.42,5.2,0.489,2.5,56.18,2
product,PRD-08,Ultra HD 4K Monitor 27-inch,Electronics,18500.0,19430.0,25750.0,1.325,45,26,0.578,0.422,35,0,Year End,1.3,Festival,1.4,Prime Member,0.66,1.6,0.604,5.5,77.63,7
product,PRD-01,Ultra HD 4K Monitor 27-inch,Electronics,18500.0,18950.0,25270.0,1.334,45,42,0.933,0.067,35,1,Regular,1.0,Flash Deal,1.35,Prime Member,0.7,1.1,0.553,7.5,69.37,10
product,PRD-02,Premium Running Shoes,Apparel,3900.0,4030.0,4260.0,1.057,110,49,0.445,0.555,12,0,Regular,1.0,Normal Day,1.0,Prime Member,0.72,2.6,0.486,6.5,58.15,7
product,PRD-03,Noise-Cancelling Headphones Pro,Electronics,4500.0,4560.0,6540.0,1.434,150,32,0.213,0.787,7,0,Year End,1.3,Festival,1.4,Impulse Buyer,0.4,0.1,0.652,5.5,83.72,8
product,PRD-04,Premium Running Shoes,Apparel,3900.0,3890.0,3680.0,0.946,110,66,0.6,0.4,16,0,Regular,1.0,Normal Day,1.0,Bargain Hunter,1.6,1.0,0.323,4.5,37.84,6
product,PRD-05,Organic Fairtrade Coffee 1kg,Grocery,1200.0,1110.0,1290.0,1.162,300,264,0.88,0.12,41,0,Regular,1.0,Weekend,1.1,Prime Member,0.66,1.9,0.389,3.5,41.08,2
product,PRD-06,Smart Fitness Tracker Band,Wearables,2800.0,2850.0,3400.0,1.193,200,57,0.285,0.715,24,1,Summer Off-peak,0.85,Flash Deal,1.35,Prime Member,0.64,7.0,0.633,10.5,82.52,14
product,PRD-07,Smart Fitness Tracker Band,Wearables,2800.0,2780.0,3960.0,1.424,200,114,0.57,0.43,33,1,Year End,1.3,Festival,1.4,Bargain Hunter,1.64,0.5,0.538,5.5,74.72,6
product,PRD-08,Hydro Stainless Thermal Flask,Home & Kitchen,1100.0,1070.0,1100.0,1.028,250,247,0.988,0.012,33,0,Regular,1.0,Normal Day,1.0,Prime Member,0.73,1.6,0.398,3.5,43.25,5
product,PRD-01,Hydro Stainless Thermal Flask,Home & Kitchen,1100.0,1050.0,1360.0,1.295,250,132,0.528,0.472,38,1,Festive Sale,1.4,Flash Deal,1.35,Bargain Hunter,1.54,1.0,0.523,3.5,71.44,3
product,PRD-02,Pro Gaming Mechanical Keyboard,Gaming,5200.0,5300.0,6970.0,1.315,80,41,0.512,0.488,42,1,Festive Sale,1.4,Festival,1.4,Impulse Buyer,0.35,1.2,0.728,9.5,96.11,14
product,PRD-03,Organic Fairtrade Coffee 1kg,Grocery,1200.0,1210.0,1320.0,1.091,300,203,0.677,0.323,43,0,Summer Off-peak,0.85,Normal Day,1.0,Impulse Buyer,0.46,5.4,0.421,2.5,44.89,2
product,PRD-04,Ergonomic Mesh Office Chair,Furniture,8900.0,8450.0,11430.0,1.353,60,39,0.65,0.35,28,1,Festive Sale,1.4,Festival,1.4,Bargain Hunter,1.61,1.4,0.572,9.5,80.38,11
product,PRD-05,Hydro Stainless Thermal Flask,Home & Kitchen,1100.0,1110.0,1060.0,0.955,250,182,0.728,0.272,12,0,Regular,1.0,Normal Day,1.0,Prime Member,0.65,0.8,0.378,2.5,39.24,3
product,PRD-06,Pro Gaming Mechanical Keyboard,Gaming,5200.0,5180.0,6020.0,1.162,80,33,0.412,0.588,26,0,Regular,1.0,Weekend,1.1,Bargain Hunter,1.54,0.4,0.414,2.5,52.88,2
product,PRD-07,Ultra HD 4K Monitor 27-inch,Electronics,18500.0,17740.0,24540.0,1.383,45,10,0.222,0.778,24,1,Regular,1.0,Festival,1.4,Bargain Hunter,1.53,2.5,0.591,8.5,82.8,10
product,PRD-08,Organic Fairtrade Coffee 1kg,Grocery,1200.0,1230.0,1590.0,1.293,300,239,0.797,0.203,18,1,Year End,1.3,Festival,1.4,Prime Member,0.72,7.1,0.62,9.5,80.97,12
product,PRD-01,Premium Running Shoes,Apparel,3900.0,3990.0,4240.0,1.063,110,42,0.382,0.618,34,0,Regular,1.0,Normal Day,1.0,Impulse Buyer,0.39,0.4,0.475,2.5,53.53,2
product,PRD-02,Premium Running Shoes,Apparel,3900.0,3760.0,4520.0,1.202,110,88,0.8,0.2,18,1,Summer Off-peak,0.85,Festival,1.4,Impulse Buyer,0.36,0.2,0.544,6.5,65.01,6
product,PRD-03,Ergonomic Mesh Office Chair,Furniture,8900.0,9360.0,10070.0,1.076,60,27,0.45,0.55,16,0,Regular,1.0,Weekend,1.1,Bargain Hunter,1.62,0.5,0.375,6.5,46.91,7
product,PRD-04,Ultra HD 4K Monitor 27-inch,Electronics,18500.0,17630.0,29450.0,1.67,45,23,0.511,0.489,26,0,Year End,1.3,Major Event,1.5,Prime Member,0.78,5.0,0.683,4.5,92.17,8
product,PRD-05,Noise-Cancelling Headphones Pro,Electronics,4500.0,4520.0,5660.0,1.252,150,127,0.847,0.153,35,1,Regular,1.0,Flash Deal,1.35,Loyal Customer,0.4,8.3,0.646,4.5,82.6,5
product,PRD-06,Ultra HD 4K Monitor 27-inch,Electronics,18500.0,17870.0,21930.0,1.227,45,22,0.489,0.511,24,0,Summer Off-peak,0.85,Weekend,1.1,Bargain Hunter,1.72,1.3,0.325,2.5,39.27,1
product,PRD-07,Ultra HD 4K Monitor 27-inch,Electronics,18500.0,18720.0,25130.0,1.342,45,13,0.289,0.711,16,0,Year End,1.3,Festival,1.4,Bargain Hunter,1.65,1.3,0.553,9.5,77.35,10
product,PRD-08,Smart Fitness Tracker Band,Wearables,2800.0,2880.0,3800.0,1.319,200,60,0.3,0.7,3,1,Summer Off-peak,0.85,Festival,1.4,Impulse Buyer,0.36,2.8,0.66,8.5,84.58,10
product,PRD-01,Organic Fairtrade Coffee 1kg,Grocery,1200.0,1260.0,1160.0,0.921,300,225,0.75,0.25,33,0,Regular,1.0,Normal Day,1.0,Bargain Hunter,1.6,1.5,0.294,3.5,32.99,1
product,PRD-02,Smart Fitness Tracker Band,Wearables,2800.0,2710.0,3860.0,1.424,200,149,0.745,0.255,6,1,Festive Sale,1.4,Festival,1.4,Bargain Hunter,1.59,2.2,0.551,7.5,76.64,10
product,PRD-03,Ultra HD 4K Monitor 27-inch,Electronics,18500.0,18920.0,25590.0,1.353,45,26,0.578,0.422,43,0,Festive Sale,1.4,Festival,1.4,Loyal Customer,0.52,3.8,0.574,6.5,71.45,6
product,PRD-04,Ultra HD 4K Monitor 27-inch,Electronics,18500.0,18690.0,31220.0,1.67,45,18,0.4,0.6,41,0,Year End,1.3,Major Event,1.5,Prime Member,0.68,3.1,0.681,7.5,90.9,11
product,PRD-05,Premium Running Shoes,Apparel,3900.0,3950.0,5880.0,1.489,110,46,0.418,0.582,4,0,Year End,1.3,Major Event,1.5,Prime Member,0.62,1.0,0.673,11.5,89.13,19
product,PRD-06,Organic Fairtrade Coffee 1kg,Grocery,1200.0,1260.0,1730.0,1.373,300,170,0.567,0.433,6,0,Festive Sale,1.4,Major Event,1.5,Prime Member,0.75,1.4,0.629,4.5,82.77,5
product,PRD-07,Ergonomic Mesh Office Chair,Furniture,8900.0,8850.0,12420.0,1.403,60,40,0.667,0.333,31,0,Year End,1.3,Festival,1.4,Bargain Hunter,1.64,0.3,0.504,5.5,69.05,2
product,PRD-08,Ergonomic Mesh Office Chair,Furniture,8900.0,8680.0,9340.0,1.076,60,32,0.533,0.467,18,0,Regular,1.0,Normal Day,1.0,Bargain Hunter,1.61,1.0,0.385,3.5,48.52,0
product,PRD-01,Organic Fairtrade Coffee 1kg,Grocery,1200.0,1170.0,1120.0,0.957,300,221,0.737,0.263,40,0,Regular,1.0,Normal Day,1.0,Loyal Customer,0.58,2.3,0.356,1.5,34.78,0
product,PRD-02,Organic Fairtrade Coffee 1kg,Grocery,1200.0,1160.0,1700.0,1.466,300,171,0.57,0.43,33,0,Year End,1.3,Festival,1.4,Bargain Hunter,1.62,0.6,0.494,6.5,67.14,4
product,PRD-03,Hydro Stainless Thermal Flask,Home & Kitchen,1100.0,1060.0,1590.0,1.5,250,87,0.348,0.652,13,0,Year End,1.3,Festival,1.4,Prime Member,0.67,3.4,0.595,3.5,76.33,2
product,PRD-04,Organic Fairtrade Coffee 1kg,Grocery,1200.0,1150.0,1230.0,1.07,300,135,0.45,0.55,16,0,Regular,1.0,Normal Day,1.0,Impulse Buyer,0.31,1.1,0.499,7.5,56.8,8
product,PRD-05,Premium Running Shoes,Apparel,3900.0,3910.0,5040.0,1.289,110,22,0.2,0.8,21,1,Regular,1.0,Flash Deal,1.35,Prime Member,0.74,4.4,0.556,4.5,70.2,5
product,PRD-06,Hydro Stainless Thermal Flask,Home & Kitchen,1100.0,1150.0,1230.0,1.07,250,109,0.436,0.564,30,0,Regular,1.0,Weekend,1.1,Bargain Hunter,1.65,1.4,0.387,3.5,49.27,6
product,PRD-07,Smart Fitness Tracker Band,Wearables,2800.0,2820.0,3990.0,1.415,200,118,0.59,0.41,28,1,Summer Off-peak,0.85,Flash Deal,1.35,Impulse Buyer,0.44,0.7,0.632,4.5,80.64,6
product,PRD-08,Premium Running Shoes,Apparel,3900.0,3810.0,3760.0,0.987,110,60,0.545,0.455,8,0,Regular,1.0,Normal Day,1.0,Bargain Hunter,1.64,0.5,0.281,3.5,31.12,0
product,PRD-01,Hydro Stainless Thermal Flask,Home & Kitchen,1100.0,1050.0,1110.0,1.057,250,235,0.94,0.06,9,0,Regular,1.0,Normal Day,1.0,Loyal Customer,0.47,2.9,0.399,2.5,41.28,3
product,PRD-02,Hydro Stainless Thermal Flask,Home & Kitchen,1100.0,1080.0,1110.0,1.028,250,99,0.396,0.604,1,0,Regular,1.0,Normal Day,1.0,Impulse Buyer,0.4,3.1,0.463,5.5,51.49,5
product,PRD-03,Organic Fairtrade Coffee 1kg,Grocery,1200.0,1190.0,1250.0,1.05,300,193,0.643,0.357,15,0,Summer Off-peak,0.85,Normal Day,1.0,Loyal Customer,0.45,4.1,0.361,0.5,34.55,0
product,PRD-04,Premium Running Shoes,Apparel,3900.0,3900.0,4070.0,1.044,110,57,0.518,0.482,12,0,Summer Off-peak,0.85,Normal Day,1.0,Impulse Buyer,0.42,0.6,0.4,1.5,40.93,0
product,PRD-05,Premium Running Shoes,Apparel,3900.0,3800.0,3920.0,1.032,110,56,0.509,0.491,28,0,Summer Off-peak,0.85,Normal Day,1.0,Impulse Buyer,0.45,1.6,0.418,6.5,44.25,7
product,PRD-06,Ultra HD 4K Monitor 27-inch,Electronics,18500.0,18350.0,30070.0,1.639,45,22,0.489,0.511,33,0,Year End,1.3,Major Event,1.5,Bargain Hunter,1.64,3.4,0.587,4.5,83.09,7
product,PRD-07,Premium Running Shoes,Apparel,3900.0,3770.0,5550.0,1.472,110,101,0.918,0.082,39,0,Year End,1.3,Major Event,1.5,Bargain Hunter,1.61,0.5,0.508,6.5,69.45,10
product,PRD-08,Pro Gaming Mechanical Keyboard,Gaming,5200.0,5090.0,5240.0,1.029,80,5,0.062,0.938,17,0,Summer Off-peak,0.85,Normal Day,1.0,Loyal Customer,0.55,4.4,0.443,4.5,49.31,5
product,PRD-01,Pro Gaming Mechanical Keyboard,Gaming,5200.0,5190.0,8550.0,1.647,80,31,0.388,0.613,25,0,Festive Sale,1.4,Major Event,1.5,Loyal Customer,0.54,2.9,0.717,8.5,95.83,11
product,PRD-02,Premium Running Shoes,Apparel,3900.0,3950.0,6160.0,1.559,110,25,0.227,0.773,9,0,Year End,1.3,Major Event,1.5,Loyal Customer,0.47,6.7,0.721,12.5,95.92,18
product,PRD-03,Noise-Cancelling Headphones Pro,Electronics,4500.0,4380.0,4540.0,1.037,150,115,0.767,0.233,19,0,Regular,1.0,Normal Day,1.0,Prime Member,0.79,3.2,0.404,2.5,44.85,2
product,PRD-04,Smart Fitness Tracker Band,Wearables,2800.0,2760.0,3360.0,1.217,200,153,0.765,0.235,24,1,Regular,1.0,Flash Deal,1.35,Prime Member,0.69,9.0,0.656,7.5,86.85,7
product,PRD-05,Pro Gaming Mechanical Keyboard,Gaming,5200.0,5080.0,6960.0,1.37,80,55,0.688,0.312,17,1,Festive Sale,1.4,Festival,1.4,Bargain Hunter,1.51,0.0,0.574,4.5,79.9,7
product,PRD-06,Ultra HD 4K Monitor 27-inch,Electronics,18500.0,18710.0,20710.0,1.107,45,20,0.444,0.556,2,0,Regular,1.0,Normal Day,1.0,Prime Member,0.68,9.6,0.497,3.5,59.69,5
product,PRD-07,Smart Fitness Tracker Band,Wearables,2800.0,2790.0,3960.0,1.419,200,65,0.325,0.675,10,1,Regular,1.0,Festival,1.4,Bargain Hunter,1.61,0.1,0.508,4.5,69.37,3
product,PRD-08,Pro Gaming Mechanical Keyboard,Gaming,5200.0,5280.0,5540.0,1.049,80,19,0.237,0.762,25,0,Regular,1.0,Weekend,1.1,Bargain Hunter,1.55,2.0,0.409,1.5,52.16,2
product,PRD-01,Premium Running Shoes,Apparel,3900.0,3820.0,4090.0,1.071,110,95,0.864,0.136,12,0,Regular,1.0,Normal Day,1.0,Impulse Buyer,0.33,1.0,0.463,3.5,50.9,4
product,PRD-02,Noise-Cancelling Headphones Pro,Electronics,4500.0,4490.0,5960.0,1.327,150,127,0.847,0.153,42,1,Regular,1.0,Festival,1.4,Impulse Buyer,0.34,1.3,0.621,4.5,77.91,4
product,PRD-03,Ultra HD 4K Monitor 27-inch,Electronics,18500.0,18760.0,28510.0,1.52,45,36,0.8,0.2,38,0,Year End,1.3,Major Event,1.5,Prime Member,0.78,3.2,0.561,5.5,71.42,3
product,PRD-04,Ergonomic Mesh Office Chair,Furniture,8900.0,9120.0,9400.0,1.031,60,21,0.35,0.65,14,0,Regular,1.0,Normal Day,1.0,Bargain Hunter,1.52,0.7,0.339,3.5,39.91,2
product,PRD-05,Smart Fitness Tracker Band,Wearables,2800.0,2760.0,2830.0,1.025,200,152,0.76,0.24,13,0,Regular,1.0,Normal Day,1.0,Prime Member,0.6,3.2,0.411,2.5,44.38,0
product,PRD-06,Organic Fairtrade Coffee 1kg,Grocery,1200.0,1190.0,1580.0,1.328,300,126,0.42,0.58,44,1,Festive Sale,1.4,Festival,1.4,Bargain Hunter,1.64,0.5,0.64,10.5,92.18,13
product,PRD-07,Noise-Cancelling Headphones Pro,Electronics,4500.0,4250.0,4390.0,1.033,150,15,0.1,0.9,27,0,Regular,1.0,Normal Day,1.0,Prime Member,0.71,6.3,0.486,1.5,57.99,0
product,PRD-08,Ultra HD 4K Monitor 27-inch,Electronics,18500.0,19070.0,26390.0,1.384,45,30,0.667,0.333,30,0,Festive Sale,1.4,Festival,1.4,Prime Member,0.73,3.7,0.585,8.5,75.08,9
product,PRD-01,Premium Running Shoes,Apparel,3900.0,3710.0,5600.0,1.509,110,20,0.182,0.818,38,0,Year End,1.3,Major Event,1.5,Bargain Hunter,1.58,0.2,0.611,9.5,86.74,15
product,PRD-02,Organic Fairtrade Coffee 1kg,Grocery,1200.0,1160.0,1260.0,1.086,300,154,0.513,0.487,13,0,Regular,1.0,Normal Day,1.0,Impulse Buyer,0.46,0.9,0.436,4.5,47.35,5
product,PRD-03,Noise-Cancelling Headphones Pro,Electronics,4500.0,4540.0,7190.0,1.584,150,122,0.813,0.187,42,0,Year End,1.3,Festival,1.4,Bargain Hunter,1.71,0.1,0.556,9.5,78.47,11
product,PRD-04,Ergonomic Mesh Office Chair,Furniture,8900.0,8700.0,8960.0,1.03,60,17,0.283,0.717,38,0,Regular,1.0,Normal Day,1.0,Loyal Customer,0.52,7.8,0.477,4.5,54.94,3
product,PRD-05,Noise-Cancelling Headphones Pro,Electronics,4500.0,4390.0,6660.0,1.517,150,78,0.52,0.48,4,1,Festive Sale,1.4,Flash Deal,1.35,Impulse Buyer,0.39,0.4,0.669,6.5,86.48,6
product,PRD-06,Pro Gaming Mechanical Keyboard,Gaming,5200.0,5470.0,7350.0,1.344,80,43,0.537,0.463,44,0,Festive Sale,1.4,Festival,1.4,Impulse Buyer,0.32,1.1,0.609,4.5,75.66,5
product,PRD-07,Noise-Cancelling Headphones Pro,Electronics,4500.0,4510.0,4480.0,0.993,150,124,0.827,0.173,24,0,Regular,1.0,Normal Day,1.0,Loyal Customer,0.45,3.6,0.451,4.5,49.81,2
product,PRD-08,Organic Fairtrade Coffee 1kg,Grocery,1200.0,1130.0,1300.0,1.15,300,181,0.603,0.397,27,0,Regular,1.0,Normal Day,1.0,Bargain Hunter,1.65,1.4,0.315,2.5,37.03,1
product,PRD-01,Premium Running Shoes,Apparel,3900.0,3980.0,5300.0,1.332,110,48,0.436,0.564,6,1,Regular,1.0,Flash Deal,1.35,Bargain Hunter,1.6,0.5,0.513,3.5,70.18,1
product,PRD-02,Hydro Stainless Thermal Flask,Home & Kitchen,1100.0,1080.0,1530.0,1.417,250,44,0.176,0.824,20,0,Year End,1.3,Festival,1.4,Bargain Hunter,1.63,0.3,0.539,4.5,74.91,5
product,PRD-03,Ultra HD 4K Monitor 27-inch,Electronics,18500.0,17750.0,24160.0,1.361,45,41,0.911,0.089,11,1,Year End,1.3,Flash Deal,1.35,Loyal Customer,0.47,4.0,0.594,4.5,74.41,7
product,PRD-04,Ergonomic Mesh Office Chair,Furniture,8900.0,8940.0,13690.0,1.531,60,27,0.45,0.55,4,0,Year End,1.3,Major Event,1.5,Bargain Hunter,1.6,0.8,0.606,8.5,85.94,10
product,PRD-05,Pro Gaming Mechanical Keyboard,Gaming,5200.0,5250.0,5720.0,1.09,80,40,0.5,0.5,24,0,Summer Off-peak,0.85,Normal Day,1.0,Prime Member,0.68,1.7,0.378,3.5,39.38,2
product,PRD-06,Organic Fairtrade Coffee 1kg,Grocery,1200.0,1220.0,1670.0,1.369,300,225,0.75,0.25,43,1,Regular,1.0,Festival,1.4,Loyal Customer,0.5,8.2,0.62,3.5,79.11,6
product,PRD-07,Smart Fitness Tracker Band,Wearables,2800.0,2730.0,2860.0,1.048,200,102,0.51,0.49,16,0,Regular,1.0,Normal Day,1.0,Prime Member,0.76,15.0,0.478,6.5,57.04,6
product,PRD-08,Hydro Stainless Thermal Flask,Home & Kitchen,1100.0,1090.0,1110.0,1.018,250,201,0.804,0.196,4,0,Summer Off-peak,0.85,Normal Day,1.0,Prime Member,0.7,3.1,0.403,7.5,43.85,2
product,PRD-01,Noise-Cancelling Headphones Pro,Electronics,4500.0,4220.0,5970.0,1.415,150,48,0.32,0.68,4,1,Year End,1.3,Flash Deal,1.35,Impulse Buyer,0.41,1.6,0.68,5.5,88.42,10
product,PRD-02,Ergonomic Mesh Office Chair,Furniture,8900.0,8980.0,10900.0,1.214,60,39,0.65,0.35,2,1,Summer Off-peak,0.85,Flash Deal,1.35,Loyal Customer,0.46,3.2,0.528,5.5,63.08,4
product,PRD-03,Noise-Cancelling Headphones Pro,Electronics,4500.0,4470.0,6180.0,1.383,150,29,0.193,0.807,36,0,Festive Sale,1.4,Festival,1.4,Bargain Hunter,1.58,0.2,0.583,8.5,81.9,10
product,PRD-04,Ultra HD 4K Monitor 27-inch,Electronics,18500.0,18980.0,19420.0,1.023,45,40,0.889,0.111,11,0,Regular,1.0,Normal Day,1.0,Impulse Buyer,0.31,3.9,0.425,4.5,44.27,6
product,PRD-05,Noise-Cancelling Headphones Pro,Electronics,4500.0,4390.0,4590.0,1.046,150,90,0.6,0.4,33,0,Summer Off-peak,0.85,Normal Day,1.0,Prime Member,0.63,1.8,0.419,4.5,45.9,2
product,PRD-06,Organic Fairtrade Coffee 1kg,Grocery,1200.0,1190.0,1560.0,1.311,300,120,0.4,0.6,42,1,Regular,1.0,Festival,1.4,Impulse Buyer,0.46,1.2,0.653,5.5,84.38,7
product,PRD-07,Ultra HD 4K Monitor 27-inch,Electronics,18500.0,17880.0,22340.0,1.249,45,36,0.8,0.2,41,0,Regular,1.0,Weekend,1.1,Bargain Hunter,1.6,0.5,0.406,3.5,51.98,2
product,PRD-08,Hydro Stainless Thermal Flask,Home & Kitchen,1100.0,1070.0,1110.0,1.037,250,170,0.68,0.32,19,0,Regular,1.0,Normal Day,1.0,Loyal Customer,0.6,6.2,0.465,6.5,53.57,9
product,PRD-01,Premium Running Shoes,Apparel,3900.0,3910.0,3960.0,1.013,110,77,0.7,0.3,37,0,Regular,1.0,Normal Day,1.0,Prime Member,0.7,9.7,0.445,4.5,51.05,7
product,PRD-02,Ergonomic Mesh Office Chair,Furniture,8900.0,8830.0,9900.0,1.121,60,54,0.9,0.1,17,0,Regular,1.0,Weekend,1.1,Bargain Hunter,1.49,0.8,0.313,1.5,35.28,0
product,PRD-03,Premium Running Shoes,Apparel,3900.0,3870.0,4050.0,1.047,110,100,0.909,0.091,13,0,Regular,1.0,Normal Day,1.0,Impulse Buyer,0.42,0.8,0.42,6.5,44.42,4
product,PRD-04,Ergonomic Mesh Office Chair,Furniture,8900.0,9370.0,11130.0,1.188,60,55,0.917,0.083,1,1,Festive Sale,1.4,Flash Deal,1.35,Prime Member,0.68,2.4,0.579,3.5,73.61,2
product,PRD-05,Ultra HD 4K Monitor 27-inch,Electronics,18500.0,18830.0,18510.0,0.983,45,16,0.356,0.644,30,0,Regular,1.0,Normal Day,1.0,Prime Member,0.64,4.8,0.464,6.5,53.74,4
product,PRD-06,Organic Fairtrade Coffee 1kg,Grocery,1200.0,1230.0,1860.0,1.512,300,85,0.283,0.717,1,0,Festive Sale,1.4,Festival,1.4,Prime Member,0.7,5.0,0.617,3.5,80.22,5
product,PRD-07,Ergonomic Mesh Office Chair,Furniture,8900.0,8670.0,8740.0,1.008,60,19,0.317,0.683,4,0,Summer Off-peak,0.85,Normal Day,1.0,Prime Member,0.78,4.6,0.475,4.5,56.86,5
product,PRD-08,Organic Fairtrade Coffee 1kg,Grocery,1200.0,1200.0,1760.0,1.467,300,62,0.207,0.793,9,0,Festive Sale,1.4,Festival,1.4,Prime Member,0.8,3.0,0.636,7.5,84.29,9
product,PRD-01,Ultra HD 4K Monitor 27-inch,Electronics,18500.0,19120.0,22360.0,1.169,45,18,0.4,0.6,34,1,Festive Sale,1.4,Flash Deal,1.35,Bargain Hunter,1.57,0.7,0.508,3.5,69.18,5
product,PRD-02,Premium Running Shoes,Apparel,3900.0,4030.0,5440.0,1.35,110,89,0.809,0.191,11,0,Year End,1.3,Major Event,1.5,Prime Member,0.73,5.9,0.595,5.5,76.74,6
product,PRD-03,Premium Running Shoes,Apparel,3900.0,4020.0,4490.0,1.117,110,90,0.818,0.182,10,0,Regular,1.0,Weekend,1.1,Prime Member,0.6,8.0,0.472,4.5,54.75,2
product,PRD-04,Ergonomic Mesh Office Chair,Furniture,8900.0,9030.0,13170.0,1.458,60,19,0.317,0.683,25,0,Festive Sale,1.4,Festival,1.4,Loyal Customer,0.56,10.9,0.679,2.5,89.65,5
product,PRD-05,Hydro Stainless Thermal Flask,Home & Kitchen,1100.0,1140.0,1190.0,1.044,250,168,0.672,0.328,4,0,Regular,1.0,Normal Day,1.0,Bargain Hunter,1.68,0.7,0.326,4.5,39.11,4
product,PRD-06,Organic Fairtrade Coffee 1kg,Grocery,1200.0,1280.0,1710.0,1.336,300,134,0.447,0.553,5,1,Regular,1.0,Festival,1.4,Impulse Buyer,0.36,0.9,0.654,7.5,83.72,13
product,PRD-07,Ultra HD 4K Monitor 27-inch,Electronics,18500.0,18990.0,23550.0,1.24,45,24,0.533,0.467,23,1,Festive Sale,1.4,Festival,1.4,Prime Member,0.87,5.9,0.692,9.5,94.51,14
product,PRD-08,Premium Running Shoes,Apparel,3900.0,3930.0,3840.0,0.977,110,18,0.164,0.836,43,0,Regular,1.0,Normal Day,1.0,Loyal Customer,0.59,0.9,0.473,4.5,54.83,3
product,PRD-01,Ergonomic Mesh Office Chair,Furniture,8900.0,9250.0,9880.0,1.068,60,47,0.783,0.217,2,0,Regular,1.0,Normal Day,1.0,Impulse Buyer,0.28,1.6,0.526,7.5,61.21,12
product,PRD-02,Organic Fairtrade Coffee 1kg,Grocery,1200.0,1160.0,1170.0,1.009,300,113,0.377,0.623,4,0,Summer Off-peak,0.85,Normal Day,1.0,Bargain Hunter,1.58,0.0,0.328,5.5,38.51,5
product,PRD-03,Smart Fitness Tracker Band,Wearables,2800.0,2880.0,2790.0,0.969,200,32,0.16,0.84,21,0,Regular,1.0,Normal Day,1.0,Impulse Buyer,0.42,0.9,0.457,0.5,50.74,1
product,PRD-04,Premium Running Shoes,Apparel,3900.0,4030.0,4190.0,1.04,110,80,0.727,0.273,16,0,Regular,1.0,Normal Day,1.0,Loyal Customer,0.53,4.8,0.441,1.5,48.95,1
product,PRD-05,Ultra HD 4K Monitor 27-inch,Electronics,18500.0,18700.0,26210.0,1.402,45,23,0.511,0.489,37,0,Festive Sale,1.4,Festival,1.4,Loyal Customer,0.54,7.1,0.72,12.5,96.43,19
product,PRD-06,Smart Fitness Tracker Band,Wearables,2800.0,2770.0,3970.0,1.433,200,161,0.805,0.195,39,0,Festive Sale,1.4,Festival,1.4,Bargain Hunter,1.66,0.3,0.471,7.5,63.53,5
product,PRD-07,Ultra HD 4K Monitor 27-inch,Electronics,18500.0,18740.0,24390.0,1.301,45,28,0.622,0.378,23,1,Year End,1.3,Flash Deal,1.35,Impulse Buyer,0.41,0.7,0.66,8.5,85.03,12
product,PRD-08,Pro Gaming Mechanical Keyboard,Gaming,5200.0,5200.0,5010.0,0.963,80,51,0.637,0.363,20,0,Regular,1.0,Normal Day,1.0,Impulse Buyer,0.45,0.1,0.455,1.5,50.5,2
product,PRD-01,Hydro Stainless Thermal Flask,Home & Kitchen,1100.0,1140.0,1120.0,0.982,250,103,0.412,0.588,43,0,Regular,1.0,Normal Day,1.0,Bargain Hunter,1.67,1.5,0.392,5.5,50.22,5
product,PRD-02,Pro Gaming Mechanical Keyboard,Gaming,5200.0,5060.0,5500.0,1.087,80,61,0.762,0.238,33,0,Regular,1.0,Normal Day,1.0,Prime Member,0.68,6.4,0.486,5.5,57.78,8
product,PRD-03,Noise-Cancelling Headphones Pro,Electronics,4500.0,4430.0,4650.0,1.05,150,41,0.273,0.727,29,0,Regular,1.0,Normal Day,1.0,Bargain Hunter,1.52,1.9,0.382,4.5,47.29,4
product,PRD-04,Ultra HD 4K Monitor 27-inch,Electronics,18500.0,17430.0,24290.0,1.394,45,24,0.533,0.467,15,1,Regular,1.0,Festival,1.4,Loyal Customer,0.42,3.6,0.638,6.5,81.45,7
product,PRD-05,Organic Fairtrade Coffee 1kg,Grocery,1200.0,1210.0,1810.0,1.496,300,42,0.14,0.86,5,0,Festive Sale,1.4,Major Event,1.5,Loyal Customer,0.58,7.6,0.736,4.5,99.41,7
product,PRD-06,Hydro Stainless Thermal Flask,Home & Kitchen,1100.0,1100.0,1200.0,1.091,250,87,0.348,0.652,22,0,Regular,1.0,Normal Day,1.0,Prime Member,0.74,6.5,0.556,5.5,70.16,5
product,PRD-07,Hydro Stainless Thermal Flask,Home & Kitchen,1100.0,1140.0,1510.0,1.325,250,133,0.532,0.468,7,1,Year End,1.3,Festival,1.4,Prime Member,0.71,5.5,0.684,3.5,91.69,5
product,PRD-08,Premium Running Shoes,Apparel,3900.0,4010.0,5360.0,1.337,110,65,0.591,0.409,18,1,Regular,1.0,Flash Deal,1.35,Impulse Buyer,0.39,0.4,0.578,5.5,70.93,5
product,PRD-01,Organic Fairtrade Coffee 1kg,Grocery,1200.0,1220.0,1330.0,1.09,300,207,0.69,0.31,31,0,Regular,1.0,Weekend,1.1,Impulse Buyer,0.49,1.1,0.475,0.5,54.31,1
product,PRD-02,Pro Gaming Mechanical Keyboard,Gaming,5200.0,5300.0,5140.0,0.97,80,38,0.475,0.525,38,0,Regular,1.0,Normal Day,1.0,Prime Member,0.71,2.6,0.448,2.5,51.53,4
product,PRD-03,Smart Fitness Tracker Band,Wearables,2800.0,2860.0,3200.0,1.119,200,87,0.435,0.565,31,0,Summer Off-peak,0.85,Weekend,1.1,Prime Member,0.7,10.8,0.451,2.5,52.03,2
product,PRD-04,Ultra HD 4K Monitor 27-inch,Electronics,18500.0,18240.0,22910.0,1.256,45,36,0.8,0.2,2,1,Regular,1.0,Festival,1.4,Impulse Buyer,0.42,0.8,0.527,4.5,62.6,1
product,PRD-05,Premium Running Shoes,Apparel,3900.0,3890.0,5800.0,1.491,110,76,0.691,0.309,14,0,Festive Sale,1.4,Major Event,1.5,Impulse Buyer,0.43,2.9,0.709,7.5,93.65,8
product,PRD-06,Pro Gaming Mechanical Keyboard,Gaming,5200.0,5040.0,6320.0,1.254,80,52,0.65,0.35,18,1,Summer Off-peak,0.85,Flash Deal,1.35,Impulse Buyer,0.35,0.4,0.576,5.5,70.32,5
product,PRD-07,Hydro Stainless Thermal Flask,Home & Kitchen,1100.0,1070.0,1130.0,1.056,250,138,0.552,0.448,25,0,Regular,1.0,Normal Day,1.0,Loyal Customer,0.52,6.3,0.436,1.5,47.91,1
product,PRD-08,Pro Gaming Mechanical Keyboard,Gaming,5200.0,5280.0,5320.0,1.008,80,45,0.562,0.438,43,0,Regular,1.0,Normal Day,1.0,Impulse Buyer,0.38,1.1,0.453,3.5,49.66,4
product,PRD-01,Noise-Cancelling Headphones Pro,Electronics,4500.0,4330.0,5140.0,1.187,150,127,0.847,0.153,23,0,Regular,1.0,Weekend,1.1,Prime Member,0.62,7.5,0.478,2.5,56.01,0
product,PRD-02,Smart Fitness Tracker Band,Wearables,2800.0,2740.0,3200.0,1.168,200,170,0.85,0.15,41,0,Summer Off-peak,0.85,Weekend,1.1,Prime Member,0.67,5.5,0.432,4.5,48.59,5
product,PRD-03,Smart Fitness Tracker Band,Wearables,2800.0,2690.0,3920.0,1.457,200,184,0.92,0.08,36,0,Festive Sale,1.4,Festival,1.4,Prime Member,0.74,2.1,0.607,9.5,78.93,8
product,PRD-04,Smart Fitness Tracker Band,Wearables,2800.0,2860.0,2910.0,1.017,200,114,0.57,0.43,21,0,Regular,1.0,Normal Day,1.0,Bargain Hunter,1.67,0.8,0.318,2.5,37.66,2
product,PRD-05,Noise-Cancelling Headphones Pro,Electronics,4500.0,4450.0,6560.0,1.474,150,28,0.187,0.813,14,0,Festive Sale,1.4,Festival,1.4,Impulse Buyer,0.38,0.1,0.649,3.5,82.98,6
product,PRD-06,Organic Fairtrade Coffee 1kg,Grocery,1200.0,1200.0,1210.0,1.008,300,165,0.55,0.45,20,0,Summer Off-peak,0.85,Normal Day,1.0,Prime Member,0.73,4.6,0.442,3.5,50.72,4
product,PRD-07,Ergonomic Mesh Office Chair,Furniture,8900.0,8600.0,11960.0,1.391,60,33,0.55,0.45,25,0,Year End,1.3,Festival,1.4,Impulse Buyer,0.32,0.9,0.584,2.5,71.37,5
product,PRD-08,Hydro Stainless Thermal Flask,Home & Kitchen,1100.0,1140.0,1650.0,1.447,250,116,0.464,0.536,34,0,Festive Sale,1.4,Major Event,1.5,Prime Member,0.76,10.9,0.674,7.5,90.41,11
product,PRD-01,Ergonomic Mesh Office Chair,Furniture,8900.0,9330.0,8990.0,0.964,60,3,0.05,0.95,5,0,Regular,1.0,Normal Day,1.0,Prime Member,0.65,5.7,0.505,1.5,60.8,1
product,PRD-02,Ergonomic Mesh Office Chair,Furniture,8900.0,9120.0,14190.0,1.556,60,18,0.3,0.7,43,0,Year End,1.3,Festival,1.4,Impulse Buyer,0.47,0.3,0.623,2.5,79.3,4
product,PRD-03,Smart Fitness Tracker Band,Wearables,2800.0,2950.0,2940.0,0.997,200,81,0.405,0.595,13,0,Regular,1.0,Normal Day,1.0,Prime Member,0.72,3.6,0.387,3.5,41.38,0
product,PRD-04,Noise-Cancelling Headphones Pro,Electronics,4500.0,4520.0,4690.0,1.038,150,109,0.727,0.273,40,0,Regular,1.0,Normal Day,1.0,Bargain Hunter,1.56,1.0,0.339,4.5,40.21,6
product,PRD-05,Premium Running Shoes,Apparel,3900.0,3900.0,5920.0,1.518,110,94,0.855,0.145,35,0,Festive Sale,1.4,Major Event,1.5,Impulse Buyer,0.42,0.3,0.67,9.5,86.89,12
product,PRD-06,Ultra HD 4K Monitor 27-inch,Electronics,18500.0,18520.0,17780.0,0.96,45,27,0.6,0.4,4,0,Summer Off-peak,0.85,Normal Day,1.0,Bargain Hunter,1.58,1.5,0.374,7.5,46.48,5
product,PRD-07,Pro Gaming Mechanical Keyboard,Gaming,5200.0,5220.0,7750.0,1.485,80,41,0.512,0.488,6,0,Year End,1.3,Major Event,1.5,Bargain Hunter,1.54,1.5,0.667,11.5,95.84,16
product,PRD-08,Hydro Stainless Thermal Flask,Home & Kitchen,1100.0,1080.0,1110.0,1.028,250,96,0.384,0.616,8,0,Regular,1.0,Normal Day,1.0,Bargain Hunter,1.6,0.7,0.317,5.5,36.86,6
product,PRD-01,Premium Running Shoes,Apparel,3900.0,3920.0,5440.0,1.388,110,12,0.109,0.891,7,0,Festive Sale,1.4,Festival,1.4,Prime Member,0.7,7.5,0.659,6.5,87.39,9
product,PRD-02,Organic Fairtrade Coffee 1kg,Grocery,1200.0,1200.0,1330.0,1.108,300,157,0.523,0.477,2,0,Regular,1.0,Weekend,1.1,Loyal Customer,0.52,6.7,0.495,6.5,58.01,8
product,PRD-03,Pro Gaming Mechanical Keyboard,Gaming,5200.0,5340.0,5640.0,1.056,80,67,0.838,0.162,25,0,Regular,1.0,Weekend,1.1,Bargain Hunter,1.66,0.3,0.288,2.5,32.46,0
product,PRD-04,Pro Gaming Mechanical Keyboard,Gaming,5200.0,5150.0,6850.0,1.33,80,73,0.912,0.088,41,1,Festive Sale,1.4,Festival,1.4,Bargain Hunter,1.62,1.3,0.537,4.5,74.44,5
product,PRD-05,Hydro Stainless Thermal Flask,Home & Kitchen,1100.0,1090.0,1580.0,1.45,250,246,0.984,0.016,35,0,Festive Sale,1.4,Festival,1.4,Prime Member,0.63,7.0,0.623,6.5,80.63,10
product,PRD-06,Hydro Stainless Thermal Flask,Home & Kitchen,1100.0,1090.0,1770.0,1.624,250,208,0.832,0.168,18,0,Year End,1.3,Major Event,1.5,Bargain Hunter,1.6,0.9,0.55,5.5,76.5,7
product,PRD-07,Hydro Stainless Thermal Flask,Home & Kitchen,1100.0,1100.0,1140.0,1.036,250,30,0.12,0.88,24,0,Summer Off-peak,0.85,Normal Day,1.0,Prime Member,0.73,3.7,0.465,7.5,54.71,6
product,PRD-08,Ergonomic Mesh Office Chair,Furniture,8900.0,9170.0,10790.0,1.177,60,34,0.567,0.433,13,0,Regular,1.0,Weekend,1.1,Prime Member,0.72,5.8,0.494,0.5,59.57,1
product,PRD-01,Ultra HD 4K Monitor 27-inch,Electronics,18500.0,18240.0,18720.0,1.026,45,36,0.8,0.2,39,0,Regular,1.0,Normal Day,1.0,Impulse Buyer,0.41,0.5,0.423,7.5,44.77,6
product,PRD-02,Premium Running Shoes,Apparel,3900.0,3860.0,6080.0,1.575,110,81,0.736,0.264,27,0,Festive Sale,1.4,Major Event,1.5,Prime Member,0.61,3.3,0.623,8.5,80.53,11
product,PRD-03,Ultra HD 4K Monitor 27-inch,Electronics,18500.0,19580.0,26220.0,1.339,45,24,0.533,0.467,36,0,Year End,1.3,Festival,1.4,Prime Member,0.62,2.7,0.576,7.5,72.62,6
product,PRD-04,Smart Fitness Tracker Band,Wearables,2800.0,2770.0,4380.0,1.581,200,66,0.33,0.67,16,0,Festive Sale,1.4,Major Event,1.5,Impulse Buyer,0.44,1.6,0.689,5.5,90.28,10
