domain,item_id,item_name,sub_type,base_price,current_price,competitor_price,price_ratio,total_capacity,inventory_remaining,inventory_ratio,occupancy_rate,days_remaining,is_weekend,season,season_multiplier,special_event,event_multiplier,customer_segment,price_sensitivity,purchase_frequency,conversion_rate,booking_velocity,demand_score,units_booked
travel_package,PKG-01,Kerala Backwaters & Tea Hills 5D4N,Nature/Wellness,19500.0,20000.0,19600.0,0.98,35,16,0.457,0.543,23,0,Autumn Regular,1.0,Normal Day,1.0,Corporate Retreat,0.4,2.4,0.412,0.3,43.78,1
travel_package,PKG-02,Dubai Extravaganza & Safari 5D4N,International Tour,45000.0,48000.0,98200.0,2.046,15,2,0.133,0.852,8,1,Winter Peak,1.5,Festival,1.45,Honeymooners,0.3,0.1,0.792,3.3,100.0,2
travel_package,PKG-03,Rajasthan Royal Palaces Safari 4D3N,Heritage/Luxury,24000.0,24800.0,32700.0,1.319,22,9,0.409,0.586,17,1,Autumn Regular,1.0,Holiday,1.35,Corporate Retreat,0.45,0.7,0.56,0.3,66.4,0
travel_package,PKG-04,Kerala Backwaters & Tea Hills 5D4N,Nature/Wellness,19500.0,21700.0,37900.0,1.747,35,8,0.229,0.775,4,0,Spring Festive,1.25,Festival,1.45,Corporate Retreat,0.35,2.3,0.746,2.3,93.59,3
travel_package,PKG-05,Rajasthan Royal Palaces Safari 4D3N,Heritage/Luxury,24000.0,25100.0,25700.0,1.024,22,8,0.364,0.645,43,1,Monsoon (Low),0.75,Holiday,1.35,Honeymooners,0.4,1.1,0.497,1.3,56.54,1
travel_package,PKG-06,Andaman Island Reef Explorer 5D4N,Island/Diving,32000.0,32700.0,66200.0,2.024,18,3,0.167,0.829,28,1,Spring Festive,1.25,Festival,1.45,Family Group,0.91,2.0,0.761,5.3,100.0,3
travel_package,PKG-07,Andaman Island Reef Explorer 5D4N,Island/Diving,32000.0,34500.0,77300.0,2.241,18,4,0.222,0.796,20,0,Winter Peak,1.5,Festival,1.45,Solo Backpacker,1.3,1.7,0.742,5.3,100.0,4
travel_package,PKG-08,Himachal Adventure & Treks 6D5N,Adventure/Sports,17800.0,19400.0,28500.0,1.469,25,6,0.24,0.761,27,1,Autumn Regular,1.0,Festival,1.45,Family Group,0.8,2.5,0.63,4.3,79.44,5
travel_package,PKG-01,Kerala Backwaters & Tea Hills 5D4N,Nature/Wellness,19500.0,20600.0,20500.0,0.995,35,4,0.114,0.878,15,1,Monsoon (Low),0.75,Holiday,1.35,Family Group,0.87,0.9,0.602,6.3,75.83,4
travel_package,PKG-02,Goa Beach & Nightlife Getaway 4D3N,Coastal/Leisure,16500.0,17500.0,19300.0,1.103,30,9,0.3,0.714,10,0,Autumn Regular,1.0,Normal Day,1.0,Corporate Retreat,0.33,0.7,0.489,2.3,54.83,3
travel_package,PKG-03,Himachal Adventure & Treks 6D5N,Adventure/Sports,17800.0,20000.0,36300.0,1.815,25,1,0.04,0.95,4,0,Spring Festive,1.25,Festival,1.45,Family Group,0.89,1.5,0.678,0.3,87.38,1
travel_package,PKG-04,Rajasthan Royal Palaces Safari 4D3N,Heritage/Luxury,24000.0,25500.0,50500.0,1.98,22,3,0.136,0.874,6,0,Spring Festive,1.25,Major Event,1.5,Family Group,0.91,2.2,0.761,7.3,100.0,3
travel_package,PKG-05,Golden Triangle Heritage 5D4N,Cultural/Heritage,21000.0,21900.0,22600.0,1.032,25,9,0.36,0.644,11,0,Autumn Regular,1.0,Normal Day,1.0,Family Group,0.83,0.7,0.346,0.3,37.12,1
travel_package,PKG-06,Goa Beach & Nightlife Getaway 4D3N,Coastal/Leisure,16500.0,17600.0,23200.0,1.318,30,13,0.433,0.567,58,1,Autumn Regular,1.0,Festival,1.45,Family Group,0.92,4.1,0.632,5.3,80.71,5
travel_package,PKG-07,Kashmir Paradise Valley Tour 6D5N,Hills/Scenic,28000.0,29200.0,63400.0,2.171,20,4,0.2,0.804,22,1,Spring Festive,1.25,Festival,1.45,Honeymooners,0.29,0.0,0.792,1.3,100.0,2
travel_package,PKG-08,Dubai Extravaganza & Safari 5D4N,International Tour,45000.0,45400.0,62800.0,1.383,15,4,0.267,0.738,21,1,Autumn Regular,1.0,Holiday,1.35,Honeymooners,0.29,1.6,0.656,0.3,79.63,0
travel_package,PKG-01,Andaman Island Reef Explorer 5D4N,Island/Diving,32000.0,32600.0,60500.0,1.856,18,6,0.333,0.643,16,0,Spring Festive,1.25,Major Event,1.5,Corporate Retreat,0.35,3.9,0.789,4.3,100.0,6
travel_package,PKG-02,Rajasthan Royal Palaces Safari 4D3N,Heritage/Luxury,24000.0,23800.0,52900.0,2.223,22,7,0.318,0.661,14,1,Winter Peak,1.5,Holiday,1.35,Solo Backpacker,1.35,3.8,0.739,4.3,100.0,4
travel_package,PKG-03,Dubai Extravaganza & Safari 5D4N,International Tour,45000.0,50400.0,98300.0,1.95,15,5,0.333,0.697,31,1,Winter Peak,1.5,Holiday,1.35,Honeymooners,0.34,1.8,0.758,2.3,95.31,3
travel_package,PKG-04,Dubai Extravaganza & Safari 5D4N,International Tour,45000.0,46500.0,77900.0,1.675,15,2,0.133,0.867,7,0,Spring Festive,1.25,Festival,1.45,Family Group,0.88,0.4,0.641,1.3,81.73,2
travel_package,PKG-05,Rajasthan Royal Palaces Safari 4D3N,Heritage/Luxury,24000.0,23500.0,24500.0,1.043,22,11,0.5,0.511,12,0,Autumn Regular,1.0,Normal Day,1.0,Family Group,0.88,0.5,0.33,2.3,35.05,1
travel_package,PKG-06,Golden Triangle Heritage 5D4N,Cultural/Heritage,21000.0,23100.0,32900.0,1.424,25,7,0.28,0.732,3,1,Autumn Regular,1.0,Holiday,1.35,Family Group,0.9,2.2,0.601,2.3,75.92,2
travel_package,PKG-07,Kerala Backwaters & Tea Hills 5D4N,Nature/Wellness,19500.0,21200.0,25300.0,1.193,35,2,0.057,0.938,3,1,Monsoon (Low),0.75,Festival,1.45,Family Group,0.84,1.5,0.621,3.3,78.52,2
travel_package,PKG-08,Himachal Adventure & Treks 6D5N,Adventure/Sports,17800.0,17700.0,31700.0,1.791,25,8,0.32,0.691,5,1,Spring Festive,1.25,Holiday,1.35,Solo Backpacker,1.33,1.6,0.739,2.3,99.76,3
travel_package,PKG-01,Goa Beach & Nightlife Getaway 4D3N,Coastal/Leisure,16500.0,16900.0,15700.0,0.929,30,17,0.567,0.433,38,0,Autumn Regular,1.0,Normal Day,1.0,Honeymooners,0.31,1.7,0.351,1.3,33.98,0
travel_package,PKG-02,Andaman Island Reef Explorer 5D4N,Island/Diving,32000.0,33500.0,63500.0,1.896,18,5,0.278,0.71,20,0,Spring Festive,1.25,Major Event,1.5,Corporate Retreat,0.4,0.5,0.76,4.3,96.0,5
travel_package,PKG-03,Kerala Backwaters & Tea Hills 5D4N,Nature/Wellness,19500.0,21700.0,47600.0,2.194,35,2,0.057,0.95,7,0,Winter Peak,1.5,Festival,1.45,Honeymooners,0.32,0.2,0.784,2.3,98.93,2
travel_package,PKG-04,Kashmir Paradise Valley Tour 6D5N,Hills/Scenic,28000.0,30300.0,24700.0,0.815,20,3,0.15,0.869,3,0,Monsoon (Low),0.75,Normal Day,1.0,Family Group,0.92,0.2,0.362,0.3,40.25,0
travel_package,PKG-05,Dubai Extravaganza & Safari 5D4N,International Tour,45000.0,45100.0,54400.0,1.206,15,6,0.4,0.586,36,1,Autumn Regular,1.0,Holiday,1.35,Corporate Retreat,0.42,2.1,0.636,3.3,77.49,3
travel_package,PKG-06,Andaman Island Reef Explorer 5D4N,Island/Diving,32000.0,33900.0,79000.0,2.33,18,5,0.278,0.698,47,0,Winter Peak,1.5,Festival,1.45,Family Group,1.0,0.3,0.749,2.3,98.82,3
travel_package,PKG-07,Rajasthan Royal Palaces Safari 4D3N,Heritage/Luxury,24000.0,24400.0,19300.0,0.791,22,8,0.364,0.641,15,0,Monsoon (Low),0.75,Normal Day,1.0,Honeymooners,0.32,0.0,0.383,1.3,38.91,0
travel_package,PKG-08,Goa Beach & Nightlife Getaway 4D3N,Coastal/Leisure,16500.0,17900.0,21800.0,1.218,30,5,0.167,0.837,13,1,Autumn Regular,1.0,Holiday,1.35,Family Group,0.94,1.7,0.609,3.3,77.37,4
travel_package,PKG-01,Himachal Adventure & Treks 6D5N,Adventure/Sports,17800.0,16800.0,18700.0,1.113,25,15,0.6,0.387,49,0,Autumn Regular,1.0,Normal Day,1.0,Honeymooners,0.29,0.0,0.436,1.3,46.65,0
travel_package,PKG-02,Goa Beach & Nightlife Getaway 4D3N,Coastal/Leisure,16500.0,17400.0,43400.0,2.494,30,5,0.167,0.845,16,0,Winter Peak,1.5,Major Event,1.5,Corporate Retreat,0.38,1.9,0.788,3.3,100.0,3
travel_package,PKG-03,Dubai Extravaganza & Safari 5D4N,International Tour,45000.0,47800.0,78600.0,1.644,15,6,0.4,0.622,39,0,Spring Festive,1.25,Festival,1.45,Corporate Retreat,0.44,0.6,0.712,3.3,89.17,3
travel_package,PKG-04,Rajasthan Royal Palaces Safari 4D3N,Heritage/Luxury,24000.0,25000.0,23300.0,0.932,22,10,0.455,0.552,21,0,Autumn Regular,1.0,Normal Day,1.0,Honeymooners,0.34,0.1,0.41,0.3,43.09,0
travel_package,PKG-05,Kashmir Paradise Valley Tour 6D5N,Hills/Scenic,28000.0,28900.0,21900.0,0.758,20,9,0.45,0.561,7,0,Monsoon (Low),0.75,Normal Day,1.0,Corporate Retreat,0.3,0.8,0.372,0.3,36.99,0
travel_package,PKG-06,Himachal Adventure & Treks 6D5N,Adventure/Sports,17800.0,19500.0,17500.0,0.897,25,7,0.28,0.724,24,0,Autumn Regular,1.0,Normal Day,1.0,Honeymooners,0.37,1.0,0.448,1.3,49.02,2
travel_package,PKG-07,Rajasthan Royal Palaces Safari 4D3N,Heritage/Luxury,24000.0,22600.0,15100.0,0.668,22,13,0.591,0.407,31,0,Monsoon (Low),0.75,Normal Day,1.0,Corporate Retreat,0.36,2.3,0.343,0.3,33.08,0
travel_package,PKG-08,Dubai Extravaganza & Safari 5D4N,International Tour,45000.0,44000.0,42100.0,0.957,15,9,0.6,0.381,47,0,Autumn Regular,1.0,Normal Day,1.0,Honeymooners,0.3,1.7,0.354,0.3,34.41,0
travel_package,PKG-01,Golden Triangle Heritage 5D4N,Cultural/Heritage,21000.0,20700.0,44300.0,2.14,25,8,0.32,0.697,20,0,Winter Peak,1.5,Major Event,1.5,Family Group,0.9,2.4,0.762,3.3,100.0,4
travel_package,PKG-02,Andaman Island Reef Explorer 5D4N,Island/Diving,32000.0,32600.0,33500.0,1.028,18,7,0.389,0.618,17,1,Monsoon (Low),0.75,Holiday,1.35,Solo Backpacker,1.3,2.1,0.457,1.3,57.37,1
travel_package,PKG-03,Himachal Adventure & Treks 6D5N,Adventure/Sports,17800.0,17500.0,34500.0,1.971,25,16,0.64,0.365,60,0,Winter Peak,1.5,Major Event,1.5,Solo Backpacker,1.3,1.2,0.622,2.3,82.05,3
travel_package,PKG-04,Kashmir Paradise Valley Tour 6D5N,Hills/Scenic,28000.0,29900.0,27900.0,0.933,20,7,0.35,0.626,12,0,Autumn Regular,1.0,Normal Day,1.0,Family Group,0.88,1.3,0.373,0.3,41.49,1
travel_package,PKG-05,Himachal Adventure & Treks 6D5N,Adventure/Sports,17800.0,19100.0,15100.0,0.791,25,9,0.36,0.624,24,0,Monsoon (Low),0.75,Normal Day,1.0,Family Group,0.82,2.6,0.32,0.3,33.13,0
travel_package,PKG-06,Dubai Extravaganza & Safari 5D4N,International Tour,45000.0,47500.0,90500.0,1.905,15,3,0.2,0.798,14,1,Spring Festive,1.25,Holiday,1.35,Corporate Retreat,0.31,0.6,0.78,2.3,98.26,2
travel_package,PKG-07,Kerala Backwaters & Tea Hills 5D4N,Nature/Wellness,19500.0,19900.0,21600.0,1.085,35,13,0.371,0.634,21,0,Autumn Regular,1.0,Normal Day,1.0,Honeymooners,0.21,1.4,0.475,0.3,51.88,0
travel_package,PKG-08,Kashmir Paradise Valley Tour 6D5N,Hills/Scenic,28000.0,30200.0,29600.0,0.98,20,4,0.2,0.823,4,0,Autumn Regular,1.0,Normal Day,1.0,Corporate Retreat,0.39,1.3,0.414,1.3,44.07,1
travel_package,PKG-01,Kashmir Paradise Valley Tour 6D5N,Hills/Scenic,28000.0,28900.0,31300.0,1.083,20,9,0.45,0.544,9,1,Monsoon (Low),0.75,Festival,1.45,Family Group,0.89,1.9,0.433,2.3,50.68,1
travel_package,PKG-02,Rajasthan Royal Palaces Safari 4D3N,Heritage/Luxury,24000.0,24200.0,34900.0,1.442,22,13,0.591,0.431,18,1,Autumn Regular,1.0,Holiday,1.35,Family Group,0.93,1.4,0.558,5.3,69.68,4
travel_package,PKG-03,Himachal Adventure & Treks 6D5N,Adventure/Sports,17800.0,20100.0,43800.0,2.179,25,1,0.04,0.95,3,0,Winter Peak,1.5,Festival,1.45,Family Group,0.91,0.6,0.749,2.3,98.11,1
travel_package,PKG-04,Himachal Adventure & Treks 6D5N,Adventure/Sports,17800.0,18800.0,15400.0,0.819,25,8,0.32,0.694,4,0,Monsoon (Low),0.75,Normal Day,1.0,Honeymooners,0.32,0.9,0.407,1.3,42.41,1
travel_package,PKG-05,Goa Beach & Nightlife Getaway 4D3N,Coastal/Leisure,16500.0,18200.0,17200.0,0.945,30,9,0.3,0.705,3,0,Autumn Regular,1.0,Normal Day,1.0,Family Group,0.84,0.4,0.492,4.3,59.03,2
travel_package,PKG-06,Himachal Adventure & Treks 6D5N,Adventure/Sports,17800.0,19500.0,27200.0,1.395,25,4,0.16,0.831,4,1,Autumn Regular,1.0,Holiday,1.35,Corporate Retreat,0.45,0.4,0.65,2.3,79.89,2
travel_package,PKG-07,Kerala Backwaters & Tea Hills 5D4N,Nature/Wellness,19500.0,20600.0,48900.0,2.374,35,8,0.229,0.763,11,0,Winter Peak,1.5,Festival,1.45,Honeymooners,0.29,1.1,0.792,0.3,100.0,1
travel_package,PKG-08,Dubai Extravaganza & Safari 5D4N,International Tour,45000.0,48600.0,54000.0,1.111,15,7,0.467,0.552,21,1,Monsoon (Low),0.75,Festival,1.45,Honeymooners,0.28,1.2,0.567,5.3,66.16,6
travel_package,PKG-01,Kerala Backwaters & Tea Hills 5D4N,Nature/Wellness,19500.0,21100.0,30100.0,1.427,35,13,0.371,0.639,3,1,Autumn Regular,1.0,Festival,1.45,Family Group,0.86,0.2,0.628,5.3,79.61,8
travel_package,PKG-02,Kashmir Paradise Valley Tour 6D5N,Hills/Scenic,28000.0,29600.0,39000.0,1.318,20,10,0.5,0.5,30,1,Autumn Regular,1.0,Festival,1.45,Corporate Retreat,0.44,1.1,0.697,8.3,86.89,10
travel_package,PKG-03,Dubai Extravaganza & Safari 5D4N,International Tour,45000.0,47700.0,46300.0,0.971,15,5,0.333,0.652,17,0,Autumn Regular,1.0,Normal Day,1.0,Corporate Retreat,0.4,1.4,0.441,0.3,48.19,0
travel_package,PKG-04,Kashmir Paradise Valley Tour 6D5N,Hills/Scenic,28000.0,25500.0,19200.0,0.753,20,16,0.8,0.207,60,0,Monsoon (Low),0.75,Normal Day,1.0,Honeymooners,0.26,2.0,0.344,1.3,32.53,1
travel_package,PKG-05,Goa Beach & Nightlife Getaway 4D3N,Coastal/Leisure,16500.0,17600.0,16800.0,0.955,30,12,0.4,0.607,20,0,Autumn Regular,1.0,Normal Day,1.0,Family Group,0.92,0.2,0.388,0.3,44.15,1
travel_package,PKG-06,Himachal Adventure & Treks 6D5N,Adventure/Sports,17800.0,17500.0,18000.0,1.029,25,13,0.52,0.49,38,0,Autumn Regular,1.0,Normal Day,1.0,Honeymooners,0.22,3.2,0.472,1.3,51.39,1
travel_package,PKG-07,Andaman Island Reef Explorer 5D4N,Island/Diving,32000.0,33500.0,69500.0,2.075,18,6,0.333,0.67,33,0,Spring Festive,1.25,Major Event,1.5,Family Group,0.86,0.9,0.764,5.3,100.0,6
travel_package,PKG-08,Himachal Adventure & Treks 6D5N,Adventure/Sports,17800.0,17100.0,40000.0,2.339,25,14,0.56,0.444,60,0,Winter Peak,1.5,Major Event,1.5,Family Group,0.86,0.8,0.723,3.3,93.9,5
travel_package,PKG-01,Golden Triangle Heritage 5D4N,Cultural/Heritage,21000.0,21100.0,22900.0,1.085,25,12,0.48,0.525,22,1,Monsoon (Low),0.75,Festival,1.45,Honeymooners,0.34,5.0,0.578,2.3,68.3,1
travel_package,PKG-02,Golden Triangle Heritage 5D4N,Cultural/Heritage,21000.0,21900.0,25100.0,1.146,25,6,0.24,0.751,6,0,Autumn Regular,1.0,Normal Day,1.0,Family Group,0.89,0.5,0.388,1.3,43.8,0
travel_package,PKG-03,Goa Beach & Nightlife Getaway 4D3N,Coastal/Leisure,16500.0,17300.0,32100.0,1.855,30,7,0.233,0.765,9,1,Spring Festive,1.25,Holiday,1.35,Honeymooners,0.24,2.5,0.795,0.3,100.0,1
travel_package,PKG-04,Andaman Island Reef Explorer 5D4N,Island/Diving,32000.0,35100.0,69700.0,1.986,18,4,0.222,0.8,6,0,Spring Festive,1.25,Major Event,1.5,Corporate Retreat,0.38,1.5,0.788,1.3,100.0,2
travel_package,PKG-05,Golden Triangle Heritage 5D4N,Cultural/Heritage,21000.0,23800.0,34600.0,1.454,25,3,0.12,0.87,16,1,Autumn Regular,1.0,Festival,1.45,Family Group,0.88,1.6,0.763,6.3,100.0,3
travel_package,PKG-06,Kashmir Paradise Valley Tour 6D5N,Hills/Scenic,28000.0,27700.0,28900.0,1.043,20,13,0.65,0.361,51,0,Autumn Regular,1.0,Normal Day,1.0,Honeymooners,0.27,0.5,0.445,2.3,47.77,1
travel_package,PKG-07,Goa Beach & Nightlife Getaway 4D3N,Coastal/Leisure,16500.0,17600.0,12200.0,0.693,30,18,0.6,0.412,30,0,Monsoon (Low),0.75,Normal Day,1.0,Honeymooners,0.32,0.5,0.354,1.3,34.43,0
travel_package,PKG-08,Kerala Backwaters & Tea Hills 5D4N,Nature/Wellness,19500.0,21300.0,24100.0,1.131,35,8,0.229,0.785,20,1,Monsoon (Low),0.75,Festival,1.45,Family Group,0.94,0.8,0.594,4.3,75.17,5
travel_package,PKG-01,Golden Triangle Heritage 5D4N,Cultural/Heritage,21000.0,21800.0,39100.0,1.794,25,4,0.16,0.836,4,0,Spring Festive,1.25,Major Event,1.5,Honeymooners,0.35,2.4,0.741,2.3,92.75,3
travel_package,PKG-02,Himachal Adventure & Treks 6D5N,Adventure/Sports,17800.0,18000.0,15300.0,0.85,25,11,0.44,0.579,14,0,Monsoon (Low),0.75,Normal Day,1.0,Family Group,0.92,1.8,0.303,0.3,31.41,0
travel_package,PKG-03,Dubai Extravaganza & Safari 5D4N,International Tour,45000.0,49300.0,84300.0,1.71,15,3,0.2,0.798,15,1,Spring Festive,1.25,Festival,1.45,Family Group,0.79,0.1,0.767,4.3,100.0,3
travel_package,PKG-04,Rajasthan Royal Palaces Safari 4D3N,Heritage/Luxury,24000.0,26100.0,63800.0,2.444,22,2,0.091,0.904,3,0,Winter Peak,1.5,Major Event,1.5,Corporate Retreat,0.44,1.9,0.785,2.3,100.0,2
travel_package,PKG-05,Rajasthan Royal Palaces Safari 4D3N,Heritage/Luxury,24000.0,25900.0,61200.0,2.363,22,3,0.136,0.857,20,0,Winter Peak,1.5,Festival,1.45,Honeymooners,0.27,0.3,0.793,2.3,100.0,3
travel_package,PKG-06,Kashmir Paradise Valley Tour 6D5N,Hills/Scenic,28000.0,29300.0,54400.0,1.857,20,6,0.3,0.708,21,0,Spring Festive,1.25,Festival,1.45,Honeymooners,0.34,1.8,0.728,4.3,90.82,6
travel_package,PKG-07,Andaman Island Reef Explorer 5D4N,Island/Diving,32000.0,32600.0,26300.0,0.807,18,6,0.333,0.687,10,0,Monsoon (Low),0.75,Normal Day,1.0,Honeymooners,0.31,1.8,0.442,0.3,47.62,1
travel_package,PKG-08,Himachal Adventure & Treks 6D5N,Adventure/Sports,17800.0,19300.0,30700.0,1.591,25,8,0.32,0.662,13,0,Spring Festive,1.25,Major Event,1.5,Family Group,0.93,0.3,0.603,3.3,76.47,3
travel_package,PKG-01,Kerala Backwaters & Tea Hills 5D4N,Nature/Wellness,19500.0,21100.0,20100.0,0.953,35,6,0.171,0.832,3,1,Monsoon (Low),0.75,Holiday,1.35,Family Group,0.87,2.8,0.551,2.3,68.14,4
travel_package,PKG-02,Dubai Extravaganza & Safari 5D4N,International Tour,45000.0,47000.0,41700.0,0.887,15,7,0.467,0.524,21,0,Autumn Regular,1.0,Normal Day,1.0,Honeymooners,0.33,1.3,0.437,0.3,46.98,0
travel_package,PKG-03,Dubai Extravaganza & Safari 5D4N,International Tour,45000.0,47700.0,103200.0,2.164,15,2,0.133,0.896,7,0,Winter Peak,1.5,Major Event,1.5,Corporate Retreat,0.4,1.8,0.787,3.3,100.0,2
travel_package,PKG-04,Rajasthan Royal Palaces Safari 4D3N,Heritage/Luxury,24000.0,22500.0,22700.0,1.009,22,13,0.591,0.414,54,0,Autumn Regular,1.0,Normal Day,1.0,Family Group,0.91,2.6,0.341,1.3,36.92,2
travel_package,PKG-05,Goa Beach & Nightlife Getaway 4D3N,Coastal/Leisure,16500.0,17500.0,39600.0,2.263,30,2,0.067,0.95,11,0,Winter Peak,1.5,Festival,1.45,Honeymooners,0.37,0.4,0.788,2.3,100.0,2
travel_package,PKG-06,Rajasthan Royal Palaces Safari 4D3N,Heritage/Luxury,24000.0,25600.0,63600.0,2.484,22,3,0.136,0.866,29,0,Winter Peak,1.5,Major Event,1.5,Corporate Retreat,0.35,2.0,0.789,2.3,100.0,3
travel_package,PKG-07,Rajasthan Royal Palaces Safari 4D3N,Heritage/Luxury,24000.0,27400.0,50100.0,1.828,22,3,0.136,0.854,23,1,Spring Festive,1.25,Festival,1.45,Family Group,0.86,3.1,0.764,5.3,100.0,3
travel_package,PKG-08,Goa Beach & Nightlife Getaway 4D3N,Coastal/Leisure,16500.0,17000.0,33900.0,1.994,30,7,0.233,0.775,18,1,Winter Peak,1.5,Holiday,1.35,Family Group,0.9,0.7,0.762,2.3,100.0,3
travel_package,PKG-01,Kashmir Paradise Valley Tour 6D5N,Hills/Scenic,28000.0,30300.0,50600.0,1.67,20,5,0.25,0.77,17,0,Spring Festive,1.25,Major Event,1.5,Family Group,0.89,2.4,0.656,2.3,84.14,4
travel_package,PKG-02,Himachal Adventure & Treks 6D5N,Adventure/Sports,17800.0,18900.0,24400.0,1.291,25,5,0.2,0.794,3,1,Autumn Regular,1.0,Holiday,1.35,Solo Backpacker,1.3,2.1,0.597,4.3,78.24,4
travel_package,PKG-03,Golden Triangle Heritage 5D4N,Cultural/Heritage,21000.0,22800.0,53800.0,2.36,25,3,0.12,0.888,9,0,Winter Peak,1.5,Major Event,1.5,Honeymooners,0.24,0.7,0.795,1.3,100.0,2
travel_package,PKG-04,Kashmir Paradise Valley Tour 6D5N,Hills/Scenic,28000.0,27400.0,37500.0,1.369,20,12,0.6,0.384,60,1,Autumn Regular,1.0,Holiday,1.35,Honeymooners,0.25,1.0,0.649,3.3,78.25,2
travel_package,PKG-05,Andaman Island Reef Explorer 5D4N,Island/Diving,32000.0,35000.0,64100.0,1.831,18,4,0.222,0.804,4,1,Spring Festive,1.25,Holiday,1.35,Family Group,0.9,2.4,0.762,3.3,100.0,4
travel_package,PKG-06,Dubai Extravaganza & Safari 5D4N,International Tour,45000.0,52600.0,126000.0,2.395,15,1,0.067,0.95,8,0,Winter Peak,1.5,Festival,1.45,Family Group,0.86,1.1,0.764,3.3,100.0,1
travel_package,PKG-07,Kerala Backwaters & Tea Hills 5D4N,Nature/Wellness,19500.0,21300.0,16900.0,0.793,35,11,0.314,0.675,7,0,Monsoon (Low),0.75,Normal Day,1.0,Honeymooners,0.3,0.3,0.359,1.3,35.17,0
travel_package,PKG-08,Kashmir Paradise Valley Tour 6D5N,Hills/Scenic,28000.0,31300.0,57400.0,1.834,20,4,0.2,0.787,4,0,Spring Festive,1.25,Major Event,1.5,Family Group,0.91,1.3,0.715,4.3,93.04,4
travel_package,PKG-01,Golden Triangle Heritage 5D4N,Cultural/Heritage,21000.0,21800.0,20000.0,0.917,25,12,0.48,0.523,36,1,Monsoon (Low),0.75,Holiday,1.35,Honeymooners,0.32,0.1,0.48,3.3,53.34,2
travel_package,PKG-02,Himachal Adventure & Treks 6D5N,Adventure/Sports,17800.0,18300.0,26900.0,1.47,25,10,0.4,0.582,13,1,Autumn Regular,1.0,Festival,1.45,Family Group,0.92,1.4,0.636,2.3,81.32,3
travel_package,PKG-03,Kashmir Paradise Valley Tour 6D5N,Hills/Scenic,28000.0,27800.0,63500.0,2.284,20,8,0.4,0.623,20,0,Winter Peak,1.5,Major Event,1.5,Family Group,0.92,1.3,0.761,3.3,100.0,4
travel_package,PKG-04,Himachal Adventure & Treks 6D5N,Adventure/Sports,17800.0,18000.0,37800.0,2.1,25,8,0.32,0.668,17,0,Spring Festive,1.25,Major Event,1.5,Family Group,0.93,2.7,0.72,2.3,93.93,2
travel_package,PKG-05,Himachal Adventure & Treks 6D5N,Adventure/Sports,17800.0,17500.0,40600.0,2.32,25,9,0.36,0.623,43,0,Winter Peak,1.5,Festival,1.45,Honeymooners,0.27,0.6,0.793,1.3,100.0,2
travel_package,PKG-06,Kerala Backwaters & Tea Hills 5D4N,Nature/Wellness,19500.0,19900.0,13600.0,0.683,35,14,0.4,0.588,18,0,Monsoon (Low),0.75,Normal Day,1.0,Corporate Retreat,0.41,0.7,0.39,2.3,40.58,1
travel_package,PKG-07,Andaman Island Reef Explorer 5D4N,Island/Diving,32000.0,33700.0,58900.0,1.748,18,7,0.389,0.628,23,1,Spring Festive,1.25,Festival,1.45,Honeymooners,0.31,3.6,0.754,4.3,94.48,6
travel_package,PKG-08,Kashmir Paradise Valley Tour 6D5N,Hills/Scenic,28000.0,30300.0,69900.0,2.307,20,4,0.2,0.808,13,1,Winter Peak,1.5,Festival,1.45,Family Group,0.88,0.6,0.763,5.3,100.0,4
travel_package,PKG-01,Dubai Extravaganza & Safari 5D4N,International Tour,45000.0,51600.0,104700.0,2.029,15,2,0.133,0.891,6,0,Winter Peak,1.5,Major Event,1.5,Honeymooners,0.28,1.3,0.793,2.3,100.0,2
travel_package,PKG-02,Kerala Backwaters & Tea Hills 5D4N,Nature/Wellness,19500.0,19400.0,26500.0,1.366,35,22,0.629,0.368,60,1,Autumn Regular,1.0,Festival,1.45,Corporate Retreat,0.38,1.3,0.591,2.3,70.45,3
travel_package,PKG-03,Dubai Extravaganza & Safari 5D4N,International Tour,45000.0,45500.0,47900.0,1.053,15,6,0.4,0.604,4,0,Autumn Regular,1.0,Normal Day,1.0,Family Group,0.9,0.8,0.392,3.3,44.52,1
travel_package,PKG-04,Rajasthan Royal Palaces Safari 4D3N,Heritage/Luxury,24000.0,24800.0,35200.0,1.419,22,8,0.364,0.622,19,1,Autumn Regular,1.0,Holiday,1.35,Honeymooners,0.25,2.3,0.627,1.3,74.85,1
travel_package,PKG-05,Rajasthan Royal Palaces Safari 4D3N,Heritage/Luxury,24000.0,26200.0,52600.0,2.008,22,5,0.227,0.775,17,0,Winter Peak,1.5,Major Event,1.5,Family Group,0.84,0.7,0.76,3.3,99.23,4
travel_package,PKG-06,Goa Beach & Nightlife Getaway 4D3N,Coastal/Leisure,16500.0,15600.0,19300.0,1.237,30,19,0.633,0.378,31,0,Autumn Regular,1.0,Normal Day,1.0,Family Group,0.91,1.1,0.461,4.3,54.96,3
travel_package,PKG-07,Kerala Backwaters & Tea Hills 5D4N,Nature/Wellness,19500.0,20200.0,21200.0,1.05,35,5,0.143,0.856,4,0,Autumn Regular,1.0,Normal Day,1.0,Family Group,0.91,1.5,0.407,0.3,46.85,1
travel_package,PKG-08,Kerala Backwaters & Tea Hills 5D4N,Nature/Wellness,19500.0,19000.0,26400.0,1.389,35,17,0.486,0.513,17,1,Autumn Regular,1.0,Holiday,1.35,Solo Backpacker,1.35,2.1,0.539,2.3,70.03,2
travel_package,PKG-01,Dubai Extravaganza & Safari 5D4N,International Tour,45000.0,48600.0,97000.0,1.996,15,2,0.133,0.88,14,0,Winter Peak,1.5,Festival,1.45,Honeymooners,0.23,0.4,0.795,2.3,100.0,2
travel_package,PKG-02,Rajasthan Royal Palaces Safari 4D3N,Heritage/Luxury,24000.0,27700.0,45700.0,1.65,22,5,0.227,0.78,10,0,Spring Festive,1.25,Major Event,1.5,Honeymooners,0.3,1.5,0.723,3.3,89.65,5
travel_package,PKG-03,Rajasthan Royal Palaces Safari 4D3N,Heritage/Luxury,24000.0,25200.0,58800.0,2.333,22,7,0.318,0.663,30,1,Winter Peak,1.5,Holiday,1.35,Family Group,0.88,0.8,0.763,9.3,100.0,7
travel_package,PKG-04,Kashmir Paradise Valley Tour 6D5N,Hills/Scenic,28000.0,28300.0,50900.0,1.799,20,4,0.2,0.807,6,1,Spring Festive,1.25,Holiday,1.35,Family Group,0.91,0.5,0.734,2.3,95.96,3
travel_package,PKG-05,Kashmir Paradise Valley Tour 6D5N,Hills/Scenic,28000.0,31100.0,62200.0,2.0,20,2,0.1,0.879,3,1,Winter Peak,1.5,Holiday,1.35,Honeymooners,0.3,1.5,0.792,3.3,100.0,2
travel_package,PKG-06,Rajasthan Royal Palaces Safari 4D3N,Heritage/Luxury,24000.0,22600.0,53200.0,2.354,22,11,0.5,0.484,60,0,Winter Peak,1.5,Festival,1.45,Honeymooners,0.3,1.7,0.731,2.3,90.9,1
travel_package,PKG-07,Andaman Island Reef Explorer 5D4N,Island/Diving,32000.0,33000.0,75100.0,2.276,18,4,0.222,0.782,18,1,Winter Peak,1.5,Festival,1.45,Honeymooners,0.36,0.2,0.789,2.3,100.0,4
travel_package,PKG-08,Himachal Adventure & Treks 6D5N,Adventure/Sports,17800.0,20100.0,16400.0,0.816,25,2,0.08,0.922,5,0,Monsoon (Low),0.75,Normal Day,1.0,Corporate Retreat,0.46,1.2,0.396,0.3,41.9,0
travel_package,PKG-01,Golden Triangle Heritage 5D4N,Cultural/Heritage,21000.0,22400.0,51500.0,2.299,25,5,0.2,0.813,21,0,Winter Peak,1.5,Major Event,1.5,Family Group,0.89,1.4,0.762,3.3,100.0,4
travel_package,PKG-02,Goa Beach & Nightlife Getaway 4D3N,Coastal/Leisure,16500.0,16800.0,31900.0,1.899,30,13,0.433,0.555,18,1,Spring Festive,1.25,Festival,1.45,Family Group,0.93,1.0,0.692,2.3,89.74,4
travel_package,PKG-03,Kashmir Paradise Valley Tour 6D5N,Hills/Scenic,28000.0,28600.0,42300.0,1.479,20,7,0.35,0.647,9,1,Autumn Regular,1.0,Festival,1.45,Honeymooners,0.31,0.6,0.679,1.3,83.1,2
travel_package,PKG-04,Kashmir Paradise Valley Tour 6D5N,Hills/Scenic,28000.0,28600.0,69700.0,2.437,20,6,0.3,0.677,14,0,Winter Peak,1.5,Major Event,1.5,Family Group,0.94,0.2,0.76,1.3,100.0,2
travel_package,PKG-05,Himachal Adventure & Treks 6D5N,Adventure/Sports,17800.0,18700.0,14100.0,0.754,25,9,0.36,0.649,14,0,Monsoon (Low),0.75,Normal Day,1.0,Corporate Retreat,0.44,3.6,0.396,0.3,41.67,0
travel_package,PKG-06,Goa Beach & Nightlife Getaway 4D3N,Coastal/Leisure,16500.0,16500.0,43100.0,2.612,30,11,0.367,0.648,22,0,Winter Peak,1.5,Major Event,1.5,Family Group,0.86,3.2,0.764,4.3,100.0,8
travel_package,PKG-07,Golden Triangle Heritage 5D4N,Cultural/Heritage,21000.0,20400.0,16200.0,0.794,25,16,0.64,0.34,46,0,Monsoon (Low),0.75,Normal Day,1.0,Family Group,0.88,0.3,0.25,1.3,23.14,0
travel_package,PKG-08,Rajasthan Royal Palaces Safari 4D3N,Heritage/Luxury,24000.0,24900.0,51900.0,2.084,22,8,0.364,0.641,20,1,Winter Peak,1.5,Holiday,1.35,Family Group,0.95,0.8,0.759,6.3,100.0,8
travel_package,PKG-01,Himachal Adventure & Treks 6D5N,Adventure/Sports,17800.0,19900.0,49100.0,2.467,25,2,0.08,0.906,33,0,Winter Peak,1.5,Major Event,1.5,Corporate Retreat,0.3,0.6,0.792,1.3,100.0,2
travel_package,PKG-02,Kerala Backwaters & Tea Hills 5D4N,Nature/Wellness,19500.0,22000.0,19600.0,0.891,35,11,0.314,0.684,14,0,Autumn Regular,1.0,Normal Day,1.0,Solo Backpacker,1.26,0.5,0.427,0.3,52.5,1
travel_package,PKG-03,Kashmir Paradise Valley Tour 6D5N,Hills/Scenic,28000.0,31000.0,69800.0,2.252,20,2,0.1,0.918,16,0,Winter Peak,1.5,Major Event,1.5,Family Group,0.88,2.7,0.763,2.3,100.0,2
travel_package,PKG-04,Andaman Island Reef Explorer 5D4N,Island/Diving,32000.0,30900.0,32200.0,1.042,18,7,0.389,0.606,17,0,Autumn Regular,1.0,Normal Day,1.0,Honeymooners,0.3,1.8,0.515,2.3,58.43,2
travel_package,PKG-05,Dubai Extravaganza & Safari 5D4N,International Tour,45000.0,50900.0,104600.0,2.055,15,2,0.133,0.852,6,0,Winter Peak,1.5,Major Event,1.5,Honeymooners,0.34,1.3,0.79,4.3,100.0,2
travel_package,PKG-06,Golden Triangle Heritage 5D4N,Cultural/Heritage,21000.0,21800.0,34900.0,1.601,25,7,0.28,0.71,5,1,Autumn Regular,1.0,Festival,1.45,Family Group,0.89,1.8,0.635,1.3,80.88,2
travel_package,PKG-07,Himachal Adventure & Treks 6D5N,Adventure/Sports,17800.0,19100.0,31100.0,1.628,25,5,0.2,0.801,7,1,Spring Festive,1.25,Holiday,1.35,Family Group,0.93,1.3,0.735,4.3,96.22,5
travel_package,PKG-08,Himachal Adventure & Treks 6D5N,Adventure/Sports,17800.0,18000.0,12700.0,0.706,25,15,0.6,0.4,37,0,Monsoon (Low),0.75,Normal Day,1.0,Corporate Retreat,0.43,0.9,0.302,0.3,27.55,0
travel_package,PKG-01,Goa Beach & Nightlife Getaway 4D3N,Coastal/Leisure,16500.0,16800.0,15500.0,0.923,30,17,0.567,0.432,49,0,Autumn Regular,1.0,Normal Day,1.0,Solo Backpacker,1.3,1.8,0.349,1.3,41.03,0
travel_package,PKG-02,Rajasthan Royal Palaces Safari 4D3N,Heritage/Luxury,24000.0,24700.0,18900.0,0.765,22,6,0.273,0.726,12,0,Monsoon (Low),0.75,Normal Day,1.0,Honeymooners,0.39,2.7,0.41,0.3,43.38,0
travel_package,PKG-03,Andaman Island Reef Explorer 5D4N,Island/Diving,32000.0,32900.0,35100.0,1.067,18,4,0.222,0.803,18,0,Autumn Regular,1.0,Normal Day,1.0,Solo Backpacker,1.32,2.1,0.424,1.3,52.54,1
travel_package,PKG-04,Goa Beach & Nightlife Getaway 4D3N,Coastal/Leisure,16500.0,16600.0,34900.0,2.102,30,8,0.267,0.747,35,0,Spring Festive,1.25,Festival,1.45,Family Group,0.89,1.0,0.704,2.3,91.29,4
travel_package,PKG-05,Dubai Extravaganza & Safari 5D4N,International Tour,45000.0,49900.0,47900.0,0.96,15,3,0.2,0.819,10,0,Autumn Regular,1.0,Normal Day,1.0,Corporate Retreat,0.45,0.1,0.467,1.3,52.36,2
travel_package,PKG-06,Dubai Extravaganza & Safari 5D4N,International Tour,45000.0,46500.0,47800.0,1.028,15,9,0.6,0.392,60,1,Monsoon (Low),0.75,Festival,1.45,Honeymooners,0.3,2.9,0.558,1.3,65.0,2
travel_package,PKG-07,Rajasthan Royal Palaces Safari 4D3N,Heritage/Luxury,24000.0,25800.0,32800.0,1.271,22,7,0.318,0.67,39,1,Autumn Regular,1.0,Holiday,1.35,Honeymooners,0.24,1.8,0.62,1.3,73.75,2
travel_package,PKG-08,Golden Triangle Heritage 5D4N,Cultural/Heritage,21000.0,21700.0,39600.0,1.825,25,14,0.56,0.44,60,1,Winter Peak,1.5,Holiday,1.35,Honeymooners,0.38,0.2,0.788,4.3,100.0,5
travel_package,PKG-01,Rajasthan Royal Palaces Safari 4D3N,Heritage/Luxury,24000.0,25800.0,58100.0,2.252,22,5,0.227,0.768,9,0,Winter Peak,1.5,Major Event,1.5,Family Group,0.92,0.6,0.761,1.3,100.0,2
travel_package,PKG-02,Andaman Island Reef Explorer 5D4N,Island/Diving,32000.0,30500.0,62000.0,2.033,18,8,0.444,0.533,32,1,Winter Peak,1.5,Holiday,1.35,Honeymooners,0.31,2.4,0.788,3.3,99.59,5
travel_package,PKG-03,Kashmir Paradise Valley Tour 6D5N,Hills/Scenic,28000.0,30300.0,29200.0,0.964,20,6,0.3,0.68,7,0,Autumn Regular,1.0,Normal Day,1.0,Family Group,0.96,1.2,0.367,0.3,41.29,1
travel_package,PKG-04,Kerala Backwaters & Tea Hills 5D4N,Nature/Wellness,19500.0,19000.0,18700.0,0.984,35,24,0.686,0.313,27,0,Autumn Regular,1.0,Normal Day,1.0,Corporate Retreat,0.39,0.5,0.404,2.3,42.59,2
travel_package,PKG-05,Rajasthan Royal Palaces Safari 4D3N,Heritage/Luxury,24000.0,25000.0,44800.0,1.792,22,7,0.318,0.695,59,0,Spring Festive,1.25,Major Event,1.5,Family Group,0.87,2.5,0.738,4.3,96.24,6
travel_package,PKG-06,Dubai Extravaganza & Safari 5D4N,International Tour,45000.0,43100.0,91200.0,2.116,15,9,0.6,0.42,60,1,Winter Peak,1.5,Festival,1.45,Family Group,0.82,0.3,0.766,5.3,100.0,6
travel_package,PKG-07,Rajasthan Royal Palaces Safari 4D3N,Heritage/Luxury,24000.0,23200.0,46900.0,2.022,22,12,0.545,0.433,60,0,Spring Festive,1.25,Major Event,1.5,Family Group,0.94,1.7,0.623,2.3,79.49,3
travel_package,PKG-08,Kerala Backwaters & Tea Hills 5D4N,Nature/Wellness,19500.0,19800.0,35400.0,1.788,35,8,0.229,0.771,10,0,Spring Festive,1.25,Festival,1.45,Honeymooners,0.3,3.2,0.792,3.3,100.0,5
travel_package,PKG-01,Dubai Extravaganza & Safari 5D4N,International Tour,45000.0,49500.0,33500.0,0.677,15,5,0.333,0.68,6,0,Monsoon (Low),0.75,Normal Day,1.0,Honeymooners,0.23,0.1,0.403,0.3,41.22,0
travel_package,PKG-02,Rajasthan Royal Palaces Safari 4D3N,Heritage/Luxury,24000.0,27200.0,27900.0,1.026,22,3,0.136,0.861,18,0,Autumn Regular,1.0,Normal Day,1.0,Family Group,0.85,1.7,0.444,1.3,51.98,1
travel_package,PKG-03,Rajasthan Royal Palaces Safari 4D3N,Heritage/Luxury,24000.0,25800.0,59200.0,2.295,22,2,0.091,0.9,5,0,Winter Peak,1.5,Major Event,1.5,Family Group,0.84,0.5,0.765,5.3,100.0,2
travel_package,PKG-04,Rajasthan Royal Palaces Safari 4D3N,Heritage/Luxury,24000.0,23600.0,17300.0,0.733,22,13,0.591,0.405,26,0,Monsoon (Low),0.75,Normal Day,1.0,Honeymooners,0.24,1.0,0.327,1.3,29.8,0
travel_package,PKG-05,Rajasthan Royal Palaces Safari 4D3N,Heritage/Luxury,24000.0,27700.0,39100.0,1.412,22,5,0.227,0.78,9,1,Autumn Regular,1.0,Holiday,1.35,Family Group,0.91,0.3,0.637,2.3,81.36,3
travel_package,PKG-06,Himachal Adventure & Treks 6D5N,Adventure/Sports,17800.0,17900.0,18600.0,1.039,25,12,0.48,0.519,28,0,Autumn Regular,1.0,Normal Day,1.0,Family Group,0.87,1.7,0.424,2.3,49.07,2
travel_package,PKG-07,Rajasthan Royal Palaces Safari 4D3N,Heritage/Luxury,24000.0,24400.0,45200.0,1.852,22,6,0.273,0.728,3,0,Spring Festive,1.25,Major Event,1.5,Honeymooners,0.27,1.0,0.793,5.3,100.0,6
travel_package,PKG-08,Kashmir Paradise Valley Tour 6D5N,Hills/Scenic,28000.0,28700.0,30500.0,1.063,20,6,0.3,0.707,6,0,Autumn Regular,1.0,Normal Day,1.0,Honeymooners,0.35,0.7,0.519,0.3,59.54,1
travel_package,PKG-01,Goa Beach & Nightlife Getaway 4D3N,Coastal/Leisure,16500.0,17500.0,18300.0,1.046,30,9,0.3,0.7,5,0,Autumn Regular,1.0,Normal Day,1.0,Family Group,0.95,0.4,0.378,0.3,42.79,1
travel_package,PKG-02,Himachal Adventure & Treks 6D5N,Adventure/Sports,17800.0,18100.0,13100.0,0.724,25,9,0.36,0.629,6,0,Monsoon (Low),0.75,Normal Day,1.0,Family Group,0.86,1.1,0.366,0.3,40.32,1
travel_package,PKG-03,Rajasthan Royal Palaces Safari 4D3N,Heritage/Luxury,24000.0,24600.0,58300.0,2.37,22,3,0.136,0.882,11,0,Winter Peak,1.5,Major Event,1.5,Honeymooners,0.32,2.4,0.791,4.3,100.0,3
travel_package,PKG-04,Himachal Adventure & Treks 6D5N,Adventure/Sports,17800.0,19500.0,35800.0,1.836,25,3,0.12,0.862,9,1,Winter Peak,1.5,Holiday,1.35,Honeymooners,0.28,0.4,0.793,2.3,100.0,3
travel_package,PKG-05,Kerala Backwaters & Tea Hills 5D4N,Nature/Wellness,19500.0,19900.0,18500.0,0.93,35,15,0.429,0.563,7,0,Autumn Regular,1.0,Normal Day,1.0,Corporate Retreat,0.38,0.5,0.416,0.3,44.31,1
travel_package,PKG-06,Kashmir Paradise Valley Tour 6D5N,Hills/Scenic,28000.0,30800.0,61100.0,1.984,20,2,0.1,0.925,21,1,Winter Peak,1.5,Holiday,1.35,Honeymooners,0.31,1.6,0.791,5.3,100.0,2
travel_package,PKG-07,Kerala Backwaters & Tea Hills 5D4N,Nature/Wellness,19500.0,20200.0,45100.0,2.233,35,14,0.4,0.592,16,0,Winter Peak,1.5,Festival,1.45,Family Group,0.98,1.6,0.748,1.3,98.51,2
travel_package,PKG-08,Kerala Backwaters & Tea Hills 5D4N,Nature/Wellness,19500.0,22200.0,49700.0,2.239,35,3,0.086,0.919,28,0,Winter Peak,1.5,Festival,1.45,Honeymooners,0.33,2.7,0.79,2.3,100.0,3
travel_package,PKG-01,Golden Triangle Heritage 5D4N,Cultural/Heritage,21000.0,22300.0,18000.0,0.807,25,8,0.32,0.66,9,0,Monsoon (Low),0.75,Normal Day,1.0,Family Group,0.95,0.8,0.333,1.3,36.08,1
travel_package,PKG-02,Golden Triangle Heritage 5D4N,Cultural/Heritage,21000.0,21200.0,22100.0,1.042,25,10,0.4,0.615,14,0,Autumn Regular,1.0,Normal Day,1.0,Family Group,0.86,0.3,0.429,1.3,49.82,0
travel_package,PKG-03,Kashmir Paradise Valley Tour 6D5N,Hills/Scenic,28000.0,30500.0,27100.0,0.889,20,6,0.3,0.719,29,0,Autumn Regular,1.0,Normal Day,1.0,Honeymooners,0.35,2.8,0.482,1.3,53.89,1
travel_package,PKG-04,Himachal Adventure & Treks 6D5N,Adventure/Sports,17800.0,19000.0,47600.0,2.505,25,2,0.08,0.917,8,0,Winter Peak,1.5,Major Event,1.5,Solo Backpacker,1.28,2.4,0.743,2.3,100.0,2
travel_package,PKG-05,Golden Triangle Heritage 5D4N,Cultural/Heritage,21000.0,21000.0,17300.0,0.824,25,10,0.4,0.6,13,0,Monsoon (Low),0.75,Normal Day,1.0,Family Group,0.87,2.2,0.277,0.3,27.07,0
travel_package,PKG-06,Goa Beach & Nightlife Getaway 4D3N,Coastal/Leisure,16500.0,16400.0,27700.0,1.689,30,12,0.4,0.593,24,0,Spring Festive,1.25,Festival,1.45,Corporate Retreat,0.4,0.2,0.69,2.3,85.49,3
travel_package,PKG-07,Goa Beach & Nightlife Getaway 4D3N,Coastal/Leisure,16500.0,18000.0,19200.0,1.067,30,10,0.333,0.68,22,0,Autumn Regular,1.0,Normal Day,1.0,Family Group,0.86,0.8,0.408,0.3,46.69,1
travel_package,PKG-08,Dubai Extravaganza & Safari 5D4N,International Tour,45000.0,44200.0,48000.0,1.086,15,6,0.4,0.57,12,0,Autumn Regular,1.0,Normal Day,1.0,Family Group,0.91,4.4,0.39,1.3,44.29,0
travel_package,PKG-01,Dubai Extravaganza & Safari 5D4N,International Tour,45000.0,51700.0,118800.0,2.298,15,1,0.067,0.944,15,0,Winter Peak,1.5,Festival,1.45,Corporate Retreat,0.45,1.7,0.784,3.3,100.0,1
travel_package,PKG-02,Goa Beach & Nightlife Getaway 4D3N,Coastal/Leisure,16500.0,18500.0,18300.0,0.989,30,3,0.1,0.904,9,0,Autumn Regular,1.0,Normal Day,1.0,Family Group,0.83,5.3,0.451,0.3,52.95,0
travel_package,PKG-03,Kashmir Paradise Valley Tour 6D5N,Hills/Scenic,28000.0,30800.0,55100.0,1.789,20,5,0.25,0.756,16,0,Spring Festive,1.25,Major Event,1.5,Honeymooners,0.35,1.6,0.71,5.3,88.09,5
travel_package,PKG-04,Rajasthan Royal Palaces Safari 4D3N,Heritage/Luxury,24000.0,24800.0,24100.0,0.972,22,8,0.364,0.618,10,0,Autumn Regular,1.0,Normal Day,1.0,Corporate Retreat,0.38,0.8,0.478,1.3,53.53,2
travel_package,PKG-05,Rajasthan Royal Palaces Safari 4D3N,Heritage/Luxury,24000.0,26100.0,50700.0,1.943,22,6,0.273,0.743,9,0,Winter Peak,1.5,Festival,1.45,Family Group,0.9,1.8,0.762,3.3,100.0,6
travel_package,PKG-06,Kashmir Paradise Valley Tour 6D5N,Hills/Scenic,28000.0,27400.0,40500.0,1.478,20,9,0.45,0.559,20,1,Autumn Regular,1.0,Holiday,1.35,Family Group,0.91,3.7,0.607,2.3,76.81,1
travel_package,PKG-07,Kerala Backwaters & Tea Hills 5D4N,Nature/Wellness,19500.0,21000.0,23600.0,1.124,35,3,0.086,0.904,6,0,Autumn Regular,1.0,Normal Day,1.0,Solo Backpacker,1.28,2.6,0.379,0.3,45.49,0
travel_package,PKG-08,Goa Beach & Nightlife Getaway 4D3N,Coastal/Leisure,16500.0,15300.0,21700.0,1.418,30,16,0.533,0.463,22,1,Autumn Regular,1.0,Festival,1.45,Family Group,0.93,3.1,0.621,5.3,79.15,6
travel_package,PKG-01,Kashmir Paradise Valley Tour 6D5N,Hills/Scenic,28000.0,30400.0,53500.0,1.76,20,4,0.2,0.796,3,0,Spring Festive,1.25,Festival,1.45,Family Group,0.87,1.6,0.683,1.3,88.03,2
travel_package,PKG-02,Golden Triangle Heritage 5D4N,Cultural/Heritage,21000.0,20200.0,18200.0,0.901,25,12,0.48,0.511,12,0,Autumn Regular,1.0,Normal Day,1.0,Corporate Retreat,0.42,0.1,0.394,0.3,41.19,1
travel_package,PKG-03,Himachal Adventure & Treks 6D5N,Adventure/Sports,17800.0,18700.0,15000.0,0.802,25,7,0.28,0.714,3,0,Monsoon (Low),0.75,Normal Day,1.0,Honeymooners,0.3,0.3,0.423,0.3,44.65,0
travel_package,PKG-04,Kerala Backwaters & Tea Hills 5D4N,Nature/Wellness,19500.0,20900.0,19100.0,0.914,35,19,0.543,0.469,37,1,Monsoon (Low),0.75,Festival,1.45,Corporate Retreat,0.43,1.2,0.479,4.3,54.05,3
travel_package,PKG-05,Rajasthan Royal Palaces Safari 4D3N,Heritage/Luxury,24000.0,25400.0,64400.0,2.535,22,3,0.136,0.869,20,0,Winter Peak,1.5,Major Event,1.5,Family Group,0.98,3.2,0.758,2.3,100.0,2
travel_package,PKG-06,Goa Beach & Nightlife Getaway 4D3N,Coastal/Leisure,16500.0,16400.0,13100.0,0.799,30,12,0.4,0.588,19,0,Monsoon (Low),0.75,Normal Day,1.0,Corporate Retreat,0.41,0.3,0.36,0.3,36.11,0
travel_package,PKG-07,Dubai Extravaganza & Safari 5D4N,International Tour,45000.0,47500.0,85700.0,1.804,15,6,0.4,0.631,32,0,Spring Festive,1.25,Festival,1.45,Solo Backpacker,1.2,4.4,0.662,4.3,87.33,4
travel_package,PKG-08,Golden Triangle Heritage 5D4N,Cultural/Heritage,21000.0,21400.0,15500.0,0.724,25,11,0.44,0.541,12,0,Monsoon (Low),0.75,Normal Day,1.0,Solo Backpacker,1.23,1.1,0.291,0.3,31.84,1
travel_package,PKG-01,Kerala Backwaters & Tea Hills 5D4N,Nature/Wellness,19500.0,21100.0,31700.0,1.502,35,4,0.114,0.882,9,1,Autumn Regular,1.0,Festival,1.45,Family Group,0.83,2.6,0.717,4.3,92.84,4
travel_package,PKG-02,Goa Beach & Nightlife Getaway 4D3N,Coastal/Leisure,16500.0,18500.0,35600.0,1.924,30,2,0.067,0.922,4,0,Winter Peak,1.5,Festival,1.45,Family Group,0.93,1.1,0.708,2.3,92.13,2
travel_package,PKG-03,Kashmir Paradise Valley Tour 6D5N,Hills/Scenic,28000.0,29100.0,29000.0,0.997,20,9,0.45,0.54,24,0,Autumn Regular,1.0,Normal Day,1.0,Honeymooners,0.3,0.1,0.453,3.3,49.22,2
travel_package,PKG-04,Himachal Adventure & Treks 6D5N,Adventure/Sports,17800.0,18200.0,20100.0,1.104,25,7,0.28,0.723,6,0,Autumn Regular,1.0,Normal Day,1.0,Honeymooners,0.32,1.6,0.446,1.3,48.24,1
travel_package,PKG-05,Kashmir Paradise Valley Tour 6D5N,Hills/Scenic,28000.0,29800.0,42100.0,1.413,20,6,0.3,0.701,41,1,Autumn Regular,1.0,Festival,1.45,Family Group,0.9,1.0,0.644,3.3,82.37,3
travel_package,PKG-06,Kerala Backwaters & Tea Hills 5D4N,Nature/Wellness,19500.0,20800.0,18900.0,0.909,35,19,0.543,0.449,34,1,Monsoon (Low),0.75,Holiday,1.35,Corporate Retreat,0.42,1.5,0.471,1.3,52.73,2
travel_package,PKG-07,Goa Beach & Nightlife Getaway 4D3N,Coastal/Leisure,16500.0,16900.0,13000.0,0.769,30,12,0.4,0.599,6,0,Monsoon (Low),0.75,Normal Day,1.0,Honeymooners,0.3,1.6,0.41,2.3,42.74,1
travel_package,PKG-08,Himachal Adventure & Treks 6D5N,Adventure/Sports,17800.0,18400.0,21500.0,1.168,25,7,0.28,0.734,14,0,Autumn Regular,1.0,Normal Day,1.0,Honeymooners,0.28,0.4,0.495,2.3,55.38,0
travel_package,PKG-01,Kerala Backwaters & Tea Hills 5D4N,Nature/Wellness,19500.0,21100.0,42700.0,2.024,35,7,0.2,0.801,15,0,Winter Peak,1.5,Major Event,1.5,Honeymooners,0.3,1.7,0.764,0.3,95.92,1
travel_package,PKG-02,Kerala Backwaters & Tea Hills 5D4N,Nature/Wellness,19500.0,21700.0,39400.0,1.816,35,8,0.229,0.776,6,1,Spring Festive,1.25,Festival,1.45,Family Group,0.84,3.6,0.765,3.3,100.0,4
travel_package,PKG-03,Kashmir Paradise Valley Tour 6D5N,Hills/Scenic,28000.0,31100.0,63200.0,2.032,20,6,0.3,0.704,23,1,Winter Peak,1.5,Festival,1.45,Family Group,0.88,1.4,0.763,6.3,100.0,6
travel_package,PKG-04,Kashmir Paradise Valley Tour 6D5N,Hills/Scenic,28000.0,25900.0,26900.0,1.039,20,13,0.65,0.327,60,1,Monsoon (Low),0.75,Festival,1.45,Family Group,0.93,1.5,0.474,2.3,57.12,1
travel_package,PKG-05,Dubai Extravaganza & Safari 5D4N,International Tour,45000.0,42900.0,45900.0,1.07,15,7,0.467,0.515,22,0,Autumn Regular,1.0,Normal Day,1.0,Solo Backpacker,1.37,2.4,0.338,0.3,39.98,0
travel_package,PKG-06,Golden Triangle Heritage 5D4N,Cultural/Heritage,21000.0,22400.0,41900.0,1.871,25,6,0.24,0.76,7,0,Spring Festive,1.25,Major Event,1.5,Solo Backpacker,1.31,2.4,0.645,3.3,85.53,3
travel_package,PKG-07,Rajasthan Royal Palaces Safari 4D3N,Heritage/Luxury,24000.0,24100.0,26900.0,1.116,22,8,0.364,0.618,22,0,Autumn Regular,1.0,Normal Day,1.0,Honeymooners,0.34,3.3,0.446,1.3,48.41,2
travel_package,PKG-08,Himachal Adventure & Treks 6D5N,Adventure/Sports,17800.0,18300.0,19800.0,1.082,25,6,0.24,0.746,8,0,Autumn Regular,1.0,Normal Day,1.0,Family Group,0.9,2.9,0.408,0.3,46.98,0
travel_package,PKG-01,Kashmir Paradise Valley Tour 6D5N,Hills/Scenic,28000.0,29200.0,67400.0,2.308,20,3,0.15,0.859,13,0,Winter Peak,1.5,Major Event,1.5,Honeymooners,0.29,0.6,0.792,3.3,100.0,3
travel_package,PKG-02,Kerala Backwaters & Tea Hills 5D4N,Nature/Wellness,19500.0,22200.0,46800.0,2.108,35,8,0.229,0.782,17,0,Winter Peak,1.5,Major Event,1.5,Family Group,0.95,2.3,0.759,3.3,100.0,4
travel_package,PKG-03,Goa Beach & Nightlife Getaway 4D3N,Coastal/Leisure,16500.0,17500.0,17400.0,0.994,30,7,0.233,0.76,8,0,Autumn Regular,1.0,Normal Day,1.0,Honeymooners,0.33,0.8,0.522,1.3,59.78,1
travel_package,PKG-04,Rajasthan Royal Palaces Safari 4D3N,Heritage/Luxury,24000.0,27400.0,27000.0,0.985,22,5,0.227,0.787,14,0,Autumn Regular,1.0,Normal Day,1.0,Family Group,0.86,0.7,0.459,2.3,54.37,4
travel_package,PKG-05,Dubai Extravaganza & Safari 5D4N,International Tour,45000.0,48400.0,103800.0,2.145,15,3,0.2,0.826,13,0,Winter Peak,1.5,Major Event,1.5,Family Group,0.89,4.6,0.762,5.3,100.0,3
travel_package,PKG-06,Kerala Backwaters & Tea Hills 5D4N,Nature/Wellness,19500.0,19900.0,41900.0,2.106,35,12,0.343,0.653,39,0,Winter Peak,1.5,Festival,1.45,Family Group,0.93,1.6,0.76,4.3,100.0,7
travel_package,PKG-07,Golden Triangle Heritage 5D4N,Cultural/Heritage,21000.0,22000.0,20800.0,0.945,25,8,0.32,0.685,14,1,Monsoon (Low),0.75,Holiday,1.35,Family Group,0.88,0.5,0.541,5.3,66.78,5
travel_package,PKG-08,Andaman Island Reef Explorer 5D4N,Island/Diving,32000.0,33300.0,24800.0,0.745,18,8,0.444,0.569,40,0,Monsoon (Low),0.75,Normal Day,1.0,Honeymooners,0.37,2.4,0.32,0.3,29.7,0
travel_package,PKG-01,Golden Triangle Heritage 5D4N,Cultural/Heritage,21000.0,22500.0,28800.0,1.28,25,9,0.36,0.635,41,1,Autumn Regular,1.0,Festival,1.45,Family Group,0.89,1.4,0.576,2.3,72.0,1
travel_package,PKG-02,Golden Triangle Heritage 5D4N,Cultural/Heritage,21000.0,21700.0,20400.0,0.94,25,12,0.48,0.538,38,0,Autumn Regular,1.0,Normal Day,1.0,Family Group,0.89,2.3,0.344,1.3,37.31,0
travel_package,PKG-03,Golden Triangle Heritage 5D4N,Cultural/Heritage,21000.0,21900.0,41200.0,1.881,25,2,0.08,0.906,3,0,Spring Festive,1.25,Major Event,1.5,Family Group,0.9,2.0,0.655,1.3,84.0,1
travel_package,PKG-04,Goa Beach & Nightlife Getaway 4D3N,Coastal/Leisure,16500.0,18200.0,32800.0,1.802,30,7,0.233,0.78,5,0,Spring Festive,1.25,Major Event,1.5,Corporate Retreat,0.43,4.4,0.699,1.3,87.02,2
travel_package,PKG-05,Kashmir Paradise Valley Tour 6D5N,Hills/Scenic,28000.0,31100.0,22300.0,0.717,20,6,0.3,0.725,4,0,Monsoon (Low),0.75,Normal Day,1.0,Family Group,0.83,1.5,0.307,0.3,31.21,1
travel_package,PKG-06,Rajasthan Royal Palaces Safari 4D3N,Heritage/Luxury,24000.0,25400.0,20600.0,0.811,22,6,0.273,0.712,8,0,Monsoon (Low),0.75,Normal Day,1.0,Honeymooners,0.34,0.6,0.396,0.3,40.98,1
travel_package,PKG-07,Golden Triangle Heritage 5D4N,Cultural/Heritage,21000.0,20800.0,17800.0,0.856,25,8,0.32,0.673,17,0,Monsoon (Low),0.75,Normal Day,1.0,Honeymooners,0.32,0.2,0.433,3.3,46.31,3
travel_package,PKG-08,Golden Triangle Heritage 5D4N,Cultural/Heritage,21000.0,24400.0,62300.0,2.553,25,1,0.04,0.95,7,0,Winter Peak,1.5,Major Event,1.5,Family Group,0.96,5.3,0.759,3.3,100.0,1
travel_package,PKG-01,Goa Beach & Nightlife Getaway 4D3N,Coastal/Leisure,16500.0,17600.0,29800.0,1.693,30,6,0.2,0.808,10,1,Spring Festive,1.25,Holiday,1.35,Honeymooners,0.31,0.7,0.761,2.3,95.49,4
travel_package,PKG-02,Dubai Extravaganza & Safari 5D4N,International Tour,45000.0,46600.0,51000.0,1.094,15,4,0.267,0.717,4,0,Autumn Regular,1.0,Normal Day,1.0,Corporate Retreat,0.35,0.4,0.465,1.3,51.4,1
travel_package,PKG-03,Rajasthan Royal Palaces Safari 4D3N,Heritage/Luxury,24000.0,24200.0,17900.0,0.74,22,8,0.364,0.657,16,0,Monsoon (Low),0.75,Normal Day,1.0,Honeymooners,0.3,0.6,0.389,0.3,39.58,0
travel_package,PKG-04,Dubai Extravaganza & Safari 5D4N,International Tour,45000.0,48700.0,49400.0,1.014,15,2,0.133,0.869,10,0,Autumn Regular,1.0,Normal Day,1.0,Family Group,0.91,0.9,0.442,1.3,52.15,0
travel_package,PKG-05,Himachal Adventure & Treks 6D5N,Adventure/Sports,17800.0,18900.0,33700.0,1.783,25,1,0.04,0.95,7,1,Spring Festive,1.25,Holiday,1.35,Solo Backpacker,1.23,0.5,0.745,2.3,100.0,1
travel_package,PKG-06,Andaman Island Reef Explorer 5D4N,Island/Diving,32000.0,30900.0,31200.0,1.01,18,11,0.611,0.408,60,0,Autumn Regular,1.0,Normal Day,1.0,Family Group,0.88,2.5,0.354,2.3,38.65,1
travel_package,PKG-07,Kerala Backwaters & Tea Hills 5D4N,Nature/Wellness,19500.0,20400.0,20700.0,1.015,35,9,0.257,0.733,3,0,Autumn Regular,1.0,Normal Day,1.0,Honeymooners,0.26,0.5,0.492,2.3,54.78,2
travel_package,PKG-08,Rajasthan Royal Palaces Safari 4D3N,Heritage/Luxury,24000.0,25200.0,18400.0,0.73,22,6,0.273,0.72,5,0,Monsoon (Low),0.75,Normal Day,1.0,Solo Backpacker,1.3,3.9,0.354,2.3,41.89,3
travel_package,PKG-01,Himachal Adventure & Treks 6D5N,Adventure/Sports,17800.0,20000.0,35900.0,1.795,25,3,0.12,0.862,35,0,Spring Festive,1.25,Festival,1.45,Honeymooners,0.34,2.1,0.752,2.3,94.42,3
travel_package,PKG-02,Andaman Island Reef Explorer 5D4N,Island/Diving,32000.0,30600.0,35800.0,1.17,18,7,0.389,0.593,25,0,Autumn Regular,1.0,Normal Day,1.0,Honeymooners,0.29,1.2,0.463,0.3,50.69,0
travel_package,PKG-03,Dubai Extravaganza & Safari 5D4N,International Tour,45000.0,48400.0,100400.0,2.074,15,5,0.333,0.683,30,1,Winter Peak,1.5,Festival,1.45,Honeymooners,0.35,0.8,0.789,1.3,100.0,1
travel_package,PKG-04,Andaman Island Reef Explorer 5D4N,Island/Diving,32000.0,36500.0,67200.0,1.841,18,1,0.056,0.95,12,0,Spring Festive,1.25,Festival,1.45,Honeymooners,0.3,1.6,0.762,1.3,95.56,1
travel_package,PKG-05,Rajasthan Royal Palaces Safari 4D3N,Heritage/Luxury,24000.0,24500.0,25500.0,1.041,22,9,0.409,0.598,14,0,Autumn Regular,1.0,Normal Day,1.0,Honeymooners,0.33,1.2,0.481,2.3,53.55,3
travel_package,PKG-06,Goa Beach & Nightlife Getaway 4D3N,Coastal/Leisure,16500.0,18000.0,27700.0,1.539,30,6,0.2,0.788,32,1,Autumn Regular,1.0,Festival,1.45,Family Group,0.89,2.4,0.645,2.3,82.37,4
travel_package,PKG-07,Golden Triangle Heritage 5D4N,Cultural/Heritage,21000.0,21300.0,21000.0,0.986,25,8,0.32,0.664,21,0,Autumn Regular,1.0,Normal Day,1.0,Family Group,0.95,0.0,0.418,0.3,48.77,0
travel_package,PKG-08,Himachal Adventure & Treks 6D5N,Adventure/Sports,17800.0,16700.0,17500.0,1.048,25,16,0.64,0.352,55,0,Autumn Regular,1.0,Normal Day,1.0,Family Group,0.89,5.0,0.45,0.3,53.15,0
travel_package,PKG-01,Dubai Extravaganza & Safari 5D4N,International Tour,45000.0,48000.0,51400.0,1.071,15,4,0.267,0.706,4,1,Monsoon (Low),0.75,Holiday,1.35,Family Group,0.85,0.6,0.531,4.3,65.04,4
travel_package,PKG-02,Dubai Extravaganza & Safari 5D4N,International Tour,45000.0,49700.0,48500.0,0.976,15,3,0.2,0.83,7,1,Monsoon (Low),0.75,Festival,1.45,Solo Backpacker,1.36,0.7,0.498,1.3,63.85,1
travel_package,PKG-03,Himachal Adventure & Treks 6D5N,Adventure/Sports,17800.0,18300.0,17600.0,0.962,25,10,0.4,0.607,6,0,Autumn Regular,1.0,Normal Day,1.0,Corporate Retreat,0.41,0.8,0.408,0.3,43.34,0
travel_package,PKG-04,Andaman Island Reef Explorer 5D4N,Island/Diving,32000.0,34800.0,84900.0,2.44,18,2,0.111,0.892,17,0,Winter Peak,1.5,Major Event,1.5,Corporate Retreat,0.39,2.6,0.787,5.3,100.0,2
travel_package,PKG-05,Kashmir Paradise Valley Tour 6D5N,Hills/Scenic,28000.0,28100.0,54300.0,1.932,20,7,0.35,0.645,23,0,Spring Festive,1.25,Festival,1.45,Honeymooners,0.38,5.3,0.714,2.3,89.02,3
travel_package,PKG-06,Golden Triangle Heritage 5D4N,Cultural/Heritage,21000.0,21300.0,16100.0,0.756,25,10,0.4,0.599,14,0,Monsoon (Low),0.75,Normal Day,1.0,Family Group,0.88,4.4,0.359,0.3,39.38,1
travel_package,PKG-07,Goa Beach & Nightlife Getaway 4D3N,Coastal/Leisure,16500.0,16400.0,16300.0,0.994,30,18,0.6,0.389,49,1,Monsoon (Low),0.75,Festival,1.45,Family Group,0.95,1.0,0.45,1.3,53.61,1
travel_package,PKG-08,Himachal Adventure & Treks 6D5N,Adventure/Sports,17800.0,17200.0,16100.0,0.936,25,16,0.64,0.364,41,1,Monsoon (Low),0.75,Holiday,1.35,Family Group,0.91,0.8,0.424,3.3,49.48,2
travel_package,PKG-01,Kashmir Paradise Valley Tour 6D5N,Hills/Scenic,28000.0,29600.0,64900.0,2.193,20,1,0.05,0.943,4,0,Winter Peak,1.5,Major Event,1.5,Family Group,0.91,2.4,0.761,2.3,100.0,1
travel_package,PKG-02,Kerala Backwaters & Tea Hills 5D4N,Nature/Wellness,19500.0,20600.0,37200.0,1.806,35,4,0.114,0.879,7,1,Spring Festive,1.25,Festival,1.45,Honeymooners,0.24,0.2,0.795,1.3,100.0,2
travel_package,PKG-03,Andaman Island Reef Explorer 5D4N,Island/Diving,32000.0,32300.0,30900.0,0.957,18,8,0.444,0.552,11,0,Autumn Regular,1.0,Normal Day,1.0,Honeymooners,0.37,1.2,0.435,0.3,47.08,0
travel_package,PKG-04,Golden Triangle Heritage 5D4N,Cultural/Heritage,21000.0,22100.0,23800.0,1.077,25,10,0.4,0.6,31,0,Autumn Regular,1.0,Normal Day,1.0,Corporate Retreat,0.43,1.1,0.451,1.3,49.9,0
travel_package,PKG-05,Himachal Adventure & Treks 6D5N,Adventure/Sports,17800.0,18500.0,19400.0,1.049,25,4,0.16,0.847,5,0,Autumn Regular,1.0,Normal Day,1.0,Corporate Retreat,0.43,0.9,0.526,1.3,61.19,0
travel_package,PKG-06,Golden Triangle Heritage 5D4N,Cultural/Heritage,21000.0,22400.0,14400.0,0.643,25,11,0.44,0.556,4,0,Monsoon (Low),0.75,Normal Day,1.0,Honeymooners,0.29,0.7,0.341,2.3,32.27,1
travel_package,PKG-07,Rajasthan Royal Palaces Safari 4D3N,Heritage/Luxury,24000.0,24300.0,18000.0,0.741,22,10,0.455,0.557,10,0,Monsoon (Low),0.75,Normal Day,1.0,Family Group,0.96,0.5,0.293,1.3,30.17,0
travel_package,PKG-08,Kashmir Paradise Valley Tour 6D5N,Hills/Scenic,28000.0,28700.0,62000.0,2.16,20,4,0.2,0.798,4,0,Spring Festive,1.25,Major Event,1.5,Honeymooners,0.22,2.2,0.796,3.3,100.0,4
travel_package,PKG-01,Rajasthan Royal Palaces Safari 4D3N,Heritage/Luxury,24000.0,22900.0,16700.0,0.729,22,15,0.682,0.309,60,0,Monsoon (Low),0.75,Normal Day,1.0,Honeymooners,0.31,0.7,0.311,2.3,27.96,2
travel_package,PKG-02,Dubai Extravaganza & Safari 5D4N,International Tour,45000.0,49200.0,111000.0,2.256,15,1,0.067,0.921,15,0,Winter Peak,1.5,Festival,1.45,Honeymooners,0.37,2.9,0.788,0.3,100.0,0
travel_package,PKG-03,Golden Triangle Heritage 5D4N,Cultural/Heritage,21000.0,23100.0,52300.0,2.264,25,3,0.12,0.865,3,1,Winter Peak,1.5,Festival,1.45,Family Group,0.91,2.0,0.761,5.3,100.0,3
travel_package,PKG-04,Dubai Extravaganza & Safari 5D4N,International Tour,45000.0,47900.0,96500.0,2.015,15,3,0.2,0.81,18,0,Winter Peak,1.5,Festival,1.45,Family Group,0.84,2.1,0.706,2.3,91.27,2
travel_package,PKG-05,Dubai Extravaganza & Safari 5D4N,International Tour,45000.0,45600.0,63300.0,1.388,15,3,0.2,0.776,14,1,Autumn Regular,1.0,Holiday,1.35,Honeymooners,0.27,1.3,0.759,8.3,94.91,3
travel_package,PKG-06,Kerala Backwaters & Tea Hills 5D4N,Nature/Wellness,19500.0,19900.0,47100.0,2.367,35,12,0.343,0.647,28,0,Winter Peak,1.5,Major Event,1.5,Honeymooners,0.35,0.5,0.789,5.3,100.0,10
travel_package,PKG-07,Kerala Backwaters & Tea Hills 5D4N,Nature/Wellness,19500.0,19700.0,25400.0,1.289,35,17,0.486,0.506,15,1,Autumn Regular,1.0,Holiday,1.35,Corporate Retreat,0.44,0.6,0.625,3.3,76.09,4
travel_package,PKG-08,Golden Triangle Heritage 5D4N,Cultural/Heritage,21000.0,21500.0,48600.0,2.26,25,10,0.4,0.602,29,0,Winter Peak,1.5,Major Event,1.5,Family Group,0.91,0.1,0.761,4.3,100.0,5
travel_package,PKG-01,Rajasthan Royal Palaces Safari 4D3N,Heritage/Luxury,24000.0,25900.0,26100.0,1.008,22,7,0.318,0.688,25,1,Monsoon (Low),0.75,Festival,1.45,Family Group,0.96,0.5,0.489,2.3,59.51,3
travel_package,PKG-02,Andaman Island Reef Explorer 5D4N,Island/Diving,32000.0,35900.0,75200.0,2.095,18,4,0.222,0.797,5,0,Winter Peak,1.5,Major Event,1.5,Corporate Retreat,0.41,1.0,0.786,0.3,100.0,1
travel_package,PKG-03,Himachal Adventure & Treks 6D5N,Adventure/Sports,17800.0,18400.0,30000.0,1.63,25,7,0.28,0.729,6,1,Spring Festive,1.25,Holiday,1.35,Family Group,0.88,1.8,0.696,3.3,89.99,5
travel_package,PKG-04,Kashmir Paradise Valley Tour 6D5N,Hills/Scenic,28000.0,28900.0,28200.0,0.976,20,10,0.5,0.521,24,1,Monsoon (Low),0.75,Holiday,1.35,Honeymooners,0.33,0.8,0.51,1.3,57.91,1
travel_package,PKG-05,Dubai Extravaganza & Safari 5D4N,International Tour,45000.0,46100.0,118600.0,2.573,15,5,0.333,0.699,27,0,Winter Peak,1.5,Major Event,1.5,Family Group,0.93,1.0,0.76,3.3,100.0,4
travel_package,PKG-06,Dubai Extravaganza & Safari 5D4N,International Tour,45000.0,51700.0,114900.0,2.222,15,1,0.067,0.95,4,1,Winter Peak,1.5,Festival,1.45,Family Group,0.96,1.1,0.759,2.3,100.0,1
travel_package,PKG-07,Dubai Extravaganza & Safari 5D4N,International Tour,45000.0,43700.0,60300.0,1.38,15,6,0.4,0.61,12,1,Autumn Regular,1.0,Holiday,1.35,Family Group,0.89,0.6,0.628,1.3,79.84,2
travel_package,PKG-08,Rajasthan Royal Palaces Safari 4D3N,Heritage/Luxury,24000.0,25900.0,26900.0,1.039,22,4,0.182,0.822,25,0,Autumn Regular,1.0,Normal Day,1.0,Solo Backpacker,1.29,2.2,0.335,0.3,38.88,1
travel_package,PKG-01,Kerala Backwaters & Tea Hills 5D4N,Nature/Wellness,19500.0,19800.0,23100.0,1.167,35,12,0.343,0.648,12,1,Monsoon (Low),0.75,Festival,1.45,Family Group,0.87,1.6,0.583,1.3,72.98,2
travel_package,PKG-02,Rajasthan Royal Palaces Safari 4D3N,Heritage/Luxury,24000.0,25300.0,25600.0,1.012,22,9,0.409,0.578,16,0,Autumn Regular,1.0,Normal Day,1.0,Family Group,0.94,0.9,0.405,3.3,46.87,3
travel_package,PKG-03,Dubai Extravaganza & Safari 5D4N,International Tour,45000.0,48400.0,76600.0,1.583,15,3,0.2,0.786,5,1,Autumn Regular,1.0,Festival,1.45,Honeymooners,0.32,0.6,0.709,3.3,87.78,3
travel_package,PKG-04,Andaman Island Reef Explorer 5D4N,Island/Diving,32000.0,32900.0,33600.0,1.021,18,10,0.556,0.423,29,0,Autumn Regular,1.0,Normal Day,1.0,Honeymooners,0.32,1.0,0.378,0.3,38.07,1
travel_package,PKG-05,Kerala Backwaters & Tea Hills 5D4N,Nature/Wellness,19500.0,21400.0,21800.0,1.019,35,6,0.171,0.834,3,0,Autumn Regular,1.0,Normal Day,1.0,Family Group,0.91,2.9,0.548,3.3,67.97,4
travel_package,PKG-06,Kashmir Paradise Valley Tour 6D5N,Hills/Scenic,28000.0,30900.0,72900.0,2.359,20,1,0.05,0.95,9,0,Winter Peak,1.5,Festival,1.45,Family Group,0.92,1.2,0.761,0.3,100.0,1
travel_package,PKG-07,Kashmir Paradise Valley Tour 6D5N,Hills/Scenic,28000.0,28000.0,27400.0,0.979,20,4,0.2,0.799,13,0,Autumn Regular,1.0,Normal Day,1.0,Family Group,0.98,5.2,0.429,2.3,50.67,1
travel_package,PKG-08,Andaman Island Reef Explorer 5D4N,Island/Diving,32000.0,31500.0,25500.0,0.81,18,8,0.444,0.568,9,0,Monsoon (Low),0.75,Normal Day,1.0,Solo Backpacker,1.32,1.7,0.197,0.3,18.49,0
travel_package,PKG-01,Kashmir Paradise Valley Tour 6D5N,Hills/Scenic,28000.0,29300.0,28200.0,0.962,20,8,0.4,0.594,5,0,Autumn Regular,1.0,Normal Day,1.0,Corporate Retreat,0.43,0.4,0.382,0.3,39.48,0
travel_package,PKG-02,Rajasthan Royal Palaces Safari 4D3N,Heritage/Luxury,24000.0,25100.0,24900.0,0.992,22,8,0.364,0.642,10,1,Monsoon (Low),0.75,Holiday,1.35,Family Group,0.9,2.7,0.44,0.3,51.76,0
travel_package,PKG-03,Kerala Backwaters & Tea Hills 5D4N,Nature/Wellness,19500.0,20500.0,21500.0,1.049,35,12,0.343,0.654,14,0,Autumn Regular,1.0,Normal Day,1.0,Family Group,0.88,1.9,0.406,1.3,46.55,1
travel_package,PKG-04,Golden Triangle Heritage 5D4N,Cultural/Heritage,21000.0,22100.0,20600.0,0.932,25,9,0.36,0.646,27,0,Autumn Regular,1.0,Normal Day,1.0,Family Group,0.96,0.1,0.376,2.3,42.54,1
travel_package,PKG-05,Golden Triangle Heritage 5D4N,Cultural/Heritage,21000.0,22100.0,15800.0,0.715,25,8,0.32,0.664,21,0,Monsoon (Low),0.75,Normal Day,1.0,Solo Backpacker,1.3,1.0,0.295,1.3,32.96,1
travel_package,PKG-06,Golden Triangle Heritage 5D4N,Cultural/Heritage,21000.0,21400.0,19700.0,0.921,25,15,0.6,0.405,58,0,Autumn Regular,1.0,Normal Day,1.0,Family Group,0.92,1.7,0.377,2.3,42.43,2
travel_package,PKG-07,Goa Beach & Nightlife Getaway 4D3N,Coastal/Leisure,16500.0,16600.0,37200.0,2.241,30,13,0.433,0.554,31,0,Winter Peak,1.5,Festival,1.45,Honeymooners,0.19,1.5,0.797,4.3,100.0,7
travel_package,PKG-08,Himachal Adventure & Treks 6D5N,Adventure/Sports,17800.0,19800.0,13900.0,0.702,25,8,0.32,0.673,12,0,Monsoon (Low),0.75,Normal Day,1.0,Honeymooners,0.25,0.8,0.398,3.3,40.55,2
travel_package,PKG-01,Golden Triangle Heritage 5D4N,Cultural/Heritage,21000.0,21200.0,43300.0,2.042,25,10,0.4,0.582,26,0,Spring Festive,1.25,Major Event,1.5,Corporate Retreat,0.45,1.4,0.776,5.3,98.77,9
travel_package,PKG-02,Goa Beach & Nightlife Getaway 4D3N,Coastal/Leisure,16500.0,18200.0,38500.0,2.115,30,6,0.2,0.79,10,1,Winter Peak,1.5,Holiday,1.35,Family Group,0.88,0.0,0.763,5.3,100.0,6
travel_package,PKG-03,Himachal Adventure & Treks 6D5N,Adventure/Sports,17800.0,18800.0,41600.0,2.213,25,8,0.32,0.69,32,1,Winter Peak,1.5,Festival,1.45,Family Group,0.87,4.5,0.763,2.3,100.0,4
travel_package,PKG-04,Goa Beach & Nightlife Getaway 4D3N,Coastal/Leisure,16500.0,17800.0,34200.0,1.921,30,7,0.233,0.773,4,0,Spring Festive,1.25,Festival,1.45,Honeymooners,0.29,0.9,0.79,1.3,99.64,2
travel_package,PKG-05,Kerala Backwaters & Tea Hills 5D4N,Nature/Wellness,19500.0,21800.0,29500.0,1.353,35,6,0.171,0.817,5,1,Autumn Regular,1.0,Holiday,1.35,Honeymooners,0.35,2.0,0.696,7.3,85.96,6
travel_package,PKG-06,Kashmir Paradise Valley Tour 6D5N,Hills/Scenic,28000.0,25300.0,19600.0,0.775,20,12,0.6,0.397,51,0,Monsoon (Low),0.75,Normal Day,1.0,Solo Backpacker,1.26,1.1,0.274,2.3,29.58,1
travel_package,PKG-07,Andaman Island Reef Explorer 5D4N,Island/Diving,32000.0,30600.0,32000.0,1.046,18,5,0.278,0.703,20,0,Autumn Regular,1.0,Normal Day,1.0,Honeymooners,0.34,2.0,0.436,0.3,46.92,1
travel_package,PKG-08,Kerala Backwaters & Tea Hills 5D4N,Nature/Wellness,19500.0,19800.0,44500.0,2.247,35,19,0.543,0.466,52,0,Winter Peak,1.5,Major Event,1.5,Honeymooners,0.35,1.0,0.789,5.3,100.0,8
travel_package,PKG-01,Kashmir Paradise Valley Tour 6D5N,Hills/Scenic,28000.0,31000.0,42300.0,1.365,20,4,0.2,0.807,17,1,Autumn Regular,1.0,Holiday,1.35,Solo Backpacker,1.3,1.7,0.619,5.3,81.62,4
travel_package,PKG-02,Himachal Adventure & Treks 6D5N,Adventure/Sports,17800.0,18200.0,24200.0,1.33,25,8,0.32,0.669,20,1,Autumn Regular,1.0,Festival,1.45,Honeymooners,0.37,1.4,0.629,2.3,76.19,3
travel_package,PKG-03,Kashmir Paradise Valley Tour 6D5N,Hills/Scenic,28000.0,29200.0,52600.0,1.801,20,6,0.3,0.689,47,0,Spring Festive,1.25,Major Event,1.5,Honeymooners,0.24,3.5,0.786,4.3,98.66,6
travel_package,PKG-04,Rajasthan Royal Palaces Safari 4D3N,Heritage/Luxury,24000.0,25300.0,48700.0,1.925,22,11,0.5,0.502,60,1,Winter Peak,1.5,Holiday,1.35,Corporate Retreat,0.41,0.7,0.786,4.3,100.0,6
travel_package,PKG-05,Goa Beach & Nightlife Getaway 4D3N,Coastal/Leisure,16500.0,17500.0,12300.0,0.703,30,11,0.367,0.647,7,0,Monsoon (Low),0.75,Normal Day,1.0,Family Group,0.91,0.4,0.346,1.3,37.68,0
travel_package,PKG-06,Kashmir Paradise Valley Tour 6D5N,Hills/Scenic,28000.0,29700.0,53200.0,1.791,20,7,0.35,0.674,20,0,Spring Festive,1.25,Festival,1.45,Family Group,0.91,1.3,0.666,3.3,85.71,3
travel_package,PKG-07,Golden Triangle Heritage 5D4N,Cultural/Heritage,21000.0,20200.0,20300.0,1.005,25,15,0.6,0.42,45,0,Autumn Regular,1.0,Normal Day,1.0,Solo Backpacker,1.35,0.5,0.311,1.3,35.7,1
travel_package,PKG-08,Kashmir Paradise Valley Tour 6D5N,Hills/Scenic,28000.0,29700.0,62200.0,2.094,20,3,0.15,0.835,5,0,Winter Peak,1.5,Major Event,1.5,Corporate Retreat,0.43,1.9,0.785,4.3,100.0,3
travel_package,PKG-01,Dubai Extravaganza & Safari 5D4N,International Tour,45000.0,47100.0,73600.0,1.563,15,2,0.133,0.861,9,1,Autumn Regular,1.0,Festival,1.45,Family Group,0.94,0.7,0.614,3.3,78.12,2
travel_package,PKG-02,Rajasthan Royal Palaces Safari 4D3N,Heritage/Luxury,24000.0,25900.0,52500.0,2.027,22,6,0.273,0.714,15,0,Winter Peak,1.5,Festival,1.45,Family Group,0.88,1.2,0.763,4.3,100.0,6
travel_package,PKG-03,Kashmir Paradise Valley Tour 6D5N,Hills/Scenic,28000.0,31000.0,71700.0,2.313,20,1,0.05,0.95,14,0,Winter Peak,1.5,Festival,1.45,Family Group,0.88,0.8,0.763,2.3,100.0,1
travel_package,PKG-04,Andaman Island Reef Explorer 5D4N,Island/Diving,32000.0,33600.0,67800.0,2.018,18,8,0.444,0.558,60,0,Winter Peak,1.5,Major Event,1.5,Family Group,0.84,2.0,0.711,2.3,91.88,3
travel_package,PKG-05,Andaman Island Reef Explorer 5D4N,Island/Diving,32000.0,30300.0,21900.0,0.723,18,14,0.778,0.23,58,0,Monsoon (Low),0.75,Normal Day,1.0,Family Group,0.93,0.3,0.301,3.3,31.12,2
travel_package,PKG-06,Rajasthan Royal Palaces Safari 4D3N,Heritage/Luxury,24000.0,24000.0,36200.0,1.508,22,11,0.5,0.491,50,1,Autumn Regular,1.0,Festival,1.45,Family Group,0.91,1.5,0.607,3.3,76.9,2
travel_package,PKG-07,Golden Triangle Heritage 5D4N,Cultural/Heritage,21000.0,20800.0,26700.0,1.284,25,14,0.56,0.458,60,1,Autumn Regular,1.0,Holiday,1.35,Family Group,0.91,3.0,0.564,4.3,70.44,4
travel_package,PKG-08,Goa Beach & Nightlife Getaway 4D3N,Coastal/Leisure,16500.0,16900.0,34100.0,2.018,30,6,0.2,0.787,9,1,Winter Peak,1.5,Holiday,1.35,Family Group,0.95,0.2,0.759,2.3,100.0,1
travel_package,PKG-01,Himachal Adventure & Treks 6D5N,Adventure/Sports,17800.0,17300.0,18400.0,1.064,25,13,0.52,0.462,35,0,Autumn Regular,1.0,Normal Day,1.0,Honeymooners,0.26,0.8,0.458,1.3,49.65,2
travel_package,PKG-02,Andaman Island Reef Explorer 5D4N,Island/Diving,32000.0,29800.0,24100.0,0.809,18,14,0.778,0.25,52,0,Monsoon (Low),0.75,Normal Day,1.0,Family Group,0.85,1.0,0.242,1.3,21.67,2
travel_package,PKG-03,Kashmir Paradise Valley Tour 6D5N,Hills/Scenic,28000.0,28900.0,21700.0,0.751,20,6,0.3,0.713,11,0,Monsoon (Low),0.75,Normal Day,1.0,Family Group,0.92,0.2,0.333,0.3,35.88,0
travel_package,PKG-04,Goa Beach & Nightlife Getaway 4D3N,Coastal/Leisure,16500.0,18700.0,19100.0,1.021,30,5,0.167,0.826,3,0,Autumn Regular,1.0,Normal Day,1.0,Corporate Retreat,0.48,3.9,0.555,5.3,65.81,5
travel_package,PKG-05,Golden Triangle Heritage 5D4N,Cultural/Heritage,21000.0,21600.0,45000.0,2.083,25,10,0.4,0.61,48,0,Winter Peak,1.5,Festival,1.45,Honeymooners,0.26,0.1,0.794,3.3,100.0,4
travel_package,PKG-06,Goa Beach & Nightlife Getaway 4D3N,Coastal/Leisure,16500.0,18000.0,36700.0,2.039,30,6,0.2,0.817,32,1,Winter Peak,1.5,Holiday,1.35,Corporate Retreat,0.45,1.7,0.784,2.3,100.0,3
travel_package,PKG-07,Dubai Extravaganza & Safari 5D4N,International Tour,45000.0,44900.0,49400.0,1.1,15,4,0.267,0.713,8,0,Autumn Regular,1.0,Normal Day,1.0,Solo Backpacker,1.31,1.9,0.373,0.3,44.81,1
travel_package,PKG-08,Golden Triangle Heritage 5D4N,Cultural/Heritage,21000.0,20100.0,17400.0,0.866,25,13,0.52,0.482,22,0,Monsoon (Low),0.75,Normal Day,1.0,Solo Backpacker,1.3,0.6,0.309,1.3,35.07,2
travel_package,PKG-01,Rajasthan Royal Palaces Safari 4D3N,Heritage/Luxury,24000.0,26500.0,25100.0,0.947,22,6,0.273,0.729,9,0,Autumn Regular,1.0,Normal Day,1.0,Honeymooners,0.28,0.6,0.467,0.3,51.17,1
travel_package,PKG-02,Dubai Extravaganza & Safari 5D4N,International Tour,45000.0,46100.0,89700.0,1.946,15,6,0.4,0.618,34,0,Spring Festive,1.25,Major Event,1.5,Honeymooners,0.38,0.2,0.711,2.3,88.57,4
travel_package,PKG-03,Kerala Backwaters & Tea Hills 5D4N,Nature/Wellness,19500.0,20900.0,32100.0,1.536,35,5,0.143,0.843,11,1,Autumn Regular,1.0,Holiday,1.35,Honeymooners,0.3,2.5,0.677,1.3,82.76,1
travel_package,PKG-04,Kerala Backwaters & Tea Hills 5D4N,Nature/Wellness,19500.0,20300.0,14100.0,0.695,35,13,0.371,0.626,7,0,Monsoon (Low),0.75,Normal Day,1.0,Honeymooners,0.26,3.0,0.41,0.3,42.43,1
travel_package,PKG-05,Dubai Extravaganza & Safari 5D4N,International Tour,45000.0,46600.0,33100.0,0.71,15,9,0.6,0.419,46,0,Monsoon (Low),0.75,Normal Day,1.0,Honeymooners,0.29,0.6,0.306,1.3,27.02,0
travel_package,PKG-06,Kerala Backwaters & Tea Hills 5D4N,Nature/Wellness,19500.0,19200.0,26800.0,1.396,35,23,0.657,0.354,57,1,Autumn Regular,1.0,Festival,1.45,Honeymooners,0.28,0.1,0.684,4.3,83.75,5
travel_package,PKG-07,Andaman Island Reef Explorer 5D4N,Island/Diving,32000.0,32700.0,24900.0,0.761,18,8,0.444,0.533,31,0,Monsoon (Low),0.75,Normal Day,1.0,Corporate Retreat,0.43,1.5,0.391,2.3,40.87,0
travel_package,PKG-08,Goa Beach & Nightlife Getaway 4D3N,Coastal/Leisure,16500.0,17900.0,17800.0,0.994,30,5,0.167,0.834,22,0,Autumn Regular,1.0,Normal Day,1.0,Honeymooners,0.35,1.4,0.5,0.3,56.61,0
travel_package,PKG-01,Andaman Island Reef Explorer 5D4N,Island/Diving,32000.0,34400.0,34000.0,0.988,18,5,0.278,0.744,3,0,Autumn Regular,1.0,Normal Day,1.0,Honeymooners,0.35,0.7,0.488,1.3,54.76,2
travel_package,PKG-02,Golden Triangle Heritage 5D4N,Cultural/Heritage,21000.0,22200.0,20700.0,0.932,25,8,0.32,0.673,12,0,Autumn Regular,1.0,Normal Day,1.0,Family Group,0.88,2.3,0.415,0.3,47.81,0
travel_package,PKG-03,Kashmir Paradise Valley Tour 6D5N,Hills/Scenic,28000.0,30800.0,48400.0,1.571,20,4,0.2,0.779,29,1,Spring Festive,1.25,Holiday,1.35,Honeymooners,0.36,0.2,0.691,4.3,85.3,4
travel_package,PKG-04,Kerala Backwaters & Tea Hills 5D4N,Nature/Wellness,19500.0,20000.0,19100.0,0.955,35,20,0.571,0.423,60,0,Autumn Regular,1.0,Normal Day,1.0,Solo Backpacker,1.27,1.9,0.321,1.3,36.62,1
travel_package,PKG-05,Himachal Adventure & Treks 6D5N,Adventure/Sports,17800.0,19100.0,19400.0,1.016,25,7,0.28,0.712,10,0,Autumn Regular,1.0,Normal Day,1.0,Honeymooners,0.3,5.3,0.464,1.3,50.84,0
travel_package,PKG-06,Goa Beach & Nightlife Getaway 4D3N,Coastal/Leisure,16500.0,16500.0,34900.0,2.115,30,7,0.233,0.754,38,0,Winter Peak,1.5,Festival,1.45,Family Group,0.94,1.3,0.739,2.3,96.92,4
travel_package,PKG-07,Golden Triangle Heritage 5D4N,Cultural/Heritage,21000.0,21000.0,16500.0,0.786,25,11,0.44,0.564,10,0,Monsoon (Low),0.75,Normal Day,1.0,Family Group,0.89,1.9,0.293,0.3,29.63,1
travel_package,PKG-08,Himachal Adventure & Treks 6D5N,Adventure/Sports,17800.0,18200.0,17900.0,0.984,25,8,0.32,0.694,10,0,Autumn Regular,1.0,Normal Day,1.0,Solo Backpacker,1.29,0.5,0.347,2.3,40.79,2
travel_package,PKG-01,Rajasthan Royal Palaces Safari 4D3N,Heritage/Luxury,24000.0,23600.0,18800.0,0.797,22,9,0.409,0.588,7,0,Monsoon (Low),0.75,Normal Day,1.0,Honeymooners,0.25,0.8,0.351,0.3,33.46,0
travel_package,PKG-02,Rajasthan Royal Palaces Safari 4D3N,Heritage/Luxury,24000.0,23900.0,25700.0,1.075,22,10,0.455,0.557,20,0,Autumn Regular,1.0,Normal Day,1.0,Family Group,0.96,2.3,0.365,2.3,40.99,1
travel_package,PKG-03,Himachal Adventure & Treks 6D5N,Adventure/Sports,17800.0,17700.0,18700.0,1.056,25,9,0.36,0.64,5,0,Autumn Regular,1.0,Normal Day,1.0,Family Group,0.92,1.8,0.376,1.3,42.28,0
travel_package,PKG-04,Andaman Island Reef Explorer 5D4N,Island/Diving,32000.0,32000.0,64000.0,2.0,18,6,0.333,0.66,3,0,Spring Festive,1.25,Major Event,1.5,Honeymooners,0.25,0.9,0.794,3.3,100.0,6
travel_package,PKG-05,Kerala Backwaters & Tea Hills 5D4N,Nature/Wellness,19500.0,20200.0,20500.0,1.015,35,14,0.4,0.611,15,0,Autumn Regular,1.0,Normal Day,1.0,Honeymooners,0.34,0.3,0.476,2.3,52.91,1
travel_package,PKG-06,Golden Triangle Heritage 5D4N,Cultural/Heritage,21000.0,21500.0,46300.0,2.153,25,10,0.4,0.584,57,0,Winter Peak,1.5,Festival,1.45,Honeymooners,0.27,4.8,0.793,4.3,100.0,5
travel_package,PKG-07,Himachal Adventure & Treks 6D5N,Adventure/Sports,17800.0,19700.0,38100.0,1.934,25,4,0.16,0.842,24,0,Spring Festive,1.25,Major Event,1.5,Family Group,0.89,2.6,0.73,3.3,95.1,2
travel_package,PKG-08,Dubai Extravaganza & Safari 5D4N,International Tour,45000.0,45600.0,49300.0,1.081,15,5,0.333,0.635,14,0,Autumn Regular,1.0,Normal Day,1.0,Family Group,0.84,3.6,0.434,1.3,50.47,0
travel_package,PKG-01,Golden Triangle Heritage 5D4N,Cultural/Heritage,21000.0,20700.0,21300.0,1.029,25,13,0.52,0.46,21,0,Autumn Regular,1.0,Normal Day,1.0,Solo Backpacker,1.25,0.2,0.313,1.3,35.38,0
travel_package,PKG-02,Kashmir Paradise Valley Tour 6D5N,Hills/Scenic,28000.0,27900.0,31100.0,1.115,20,7,0.35,0.646,18,1,Monsoon (Low),0.75,Holiday,1.35,Family Group,0.96,2.5,0.48,0.3,58.14,1
travel_package,PKG-03,Kashmir Paradise Valley Tour 6D5N,Hills/Scenic,28000.0,30300.0,41800.0,1.38,20,5,0.25,0.751,10,1,Autumn Regular,1.0,Festival,1.45,Family Group,0.88,0.7,0.667,5.3,85.66,5
travel_package,PKG-04,Himachal Adventure & Treks 6D5N,Adventure/Sports,17800.0,17900.0,34100.0,1.905,25,10,0.4,0.587,46,1,Winter Peak,1.5,Holiday,1.35,Corporate Retreat,0.4,2.9,0.727,3.3,91.04,4
travel_package,PKG-05,Dubai Extravaganza & Safari 5D4N,International Tour,45000.0,45100.0,57400.0,1.273,15,6,0.4,0.611,48,1,Autumn Regular,1.0,Holiday,1.35,Honeymooners,0.31,3.3,0.611,0.3,72.93,0
travel_package,PKG-06,Rajasthan Royal Palaces Safari 4D3N,Heritage/Luxury,24000.0,25600.0,24000.0,0.938,22,7,0.318,0.672,29,0,Autumn Regular,1.0,Normal Day,1.0,Honeymooners,0.29,1.8,0.484,1.3,53.8,0
travel_package,PKG-07,Kashmir Paradise Valley Tour 6D5N,Hills/Scenic,28000.0,29300.0,29900.0,1.02,20,7,0.35,0.674,24,1,Monsoon (Low),0.75,Holiday,1.35,Corporate Retreat,0.43,0.9,0.513,2.3,59.12,0
travel_package,PKG-08,Dubai Extravaganza & Safari 5D4N,International Tour,45000.0,50000.0,103400.0,2.068,15,1,0.067,0.95,14,1,Winter Peak,1.5,Holiday,1.35,Family Group,0.94,1.8,0.76,3.3,100.0,1
travel_package,PKG-01,Himachal Adventure & Treks 6D5N,Adventure/Sports,17800.0,18000.0,17000.0,0.944,25,10,0.4,0.588,5,1,Monsoon (Low),0.75,Holiday,1.35,Family Group,0.93,0.9,0.505,2.3,61.79,2
travel_package,PKG-02,Andaman Island Reef Explorer 5D4N,Island/Diving,32000.0,35500.0,55800.0,1.572,18,1,0.056,0.942,4,1,Autumn Regular,1.0,Festival,1.45,Family Group,0.82,0.5,0.694,3.3,89.18,1
travel_package,PKG-03,Kerala Backwaters & Tea Hills 5D4N,Nature/Wellness,19500.0,18800.0,14000.0,0.745,35,17,0.486,0.509,6,0,Monsoon (Low),0.75,Normal Day,1.0,Family Group,0.98,0.3,0.279,1.3,28.19,1
travel_package,PKG-04,Himachal Adventure & Treks 6D5N,Adventure/Sports,17800.0,18000.0,19100.0,1.061,25,9,0.36,0.646,6,1,Monsoon (Low),0.75,Holiday,1.35,Corporate Retreat,0.46,0.6,0.544,3.3,64.07,4
travel_package,PKG-05,Golden Triangle Heritage 5D4N,Cultural/Heritage,21000.0,21800.0,22600.0,1.037,25,9,0.36,0.623,19,0,Autumn Regular,1.0,Normal Day,1.0,Family Group,0.88,3.1,0.447,2.3,52.64,0
travel_package,PKG-06,Himachal Adventure & Treks 6D5N,Adventure/Sports,17800.0,18900.0,19600.0,1.037,25,10,0.4,0.615,13,0,Autumn Regular,1.0,Normal Day,1.0,Family Group,0.94,1.7,0.419,3.3,48.91,2
travel_package,PKG-07,Golden Triangle Heritage 5D4N,Cultural/Heritage,21000.0,22300.0,48900.0,2.193,25,9,0.36,0.635,44,0,Winter Peak,1.5,Festival,1.45,Corporate Retreat,0.4,3.4,0.787,4.3,100.0,6
travel_package,PKG-08,Kerala Backwaters & Tea Hills 5D4N,Nature/Wellness,19500.0,20700.0,45500.0,2.198,35,10,0.286,0.724,5,1,Winter Peak,1.5,Festival,1.45,Honeymooners,0.3,1.5,0.792,2.3,100.0,3
travel_package,PKG-01,Dubai Extravaganza & Safari 5D4N,International Tour,45000.0,49100.0,110200.0,2.244,15,1,0.067,0.904,3,0,Winter Peak,1.5,Major Event,1.5,Honeymooners,0.28,4.2,0.793,3.3,100.0,1
travel_package,PKG-02,Andaman Island Reef Explorer 5D4N,Island/Diving,32000.0,32100.0,48900.0,1.523,18,5,0.278,0.738,9,1,Autumn Regular,1.0,Holiday,1.35,Family Group,0.97,0.6,0.639,3.3,82.18,4
travel_package,PKG-03,Himachal Adventure & Treks 6D5N,Adventure/Sports,17800.0,19100.0,32100.0,1.681,25,4,0.16,0.852,7,0,Spring Festive,1.25,Major Event,1.5,Corporate Retreat,0.4,0.3,0.756,3.3,95.46,4
travel_package,PKG-04,Goa Beach & Nightlife Getaway 4D3N,Coastal/Leisure,16500.0,16800.0,12700.0,0.756,30,10,0.333,0.673,8,0,Monsoon (Low),0.75,Normal Day,1.0,Family Group,0.94,5.0,0.337,1.3,36.62,0
travel_package,PKG-05,Andaman Island Reef Explorer 5D4N,Island/Diving,32000.0,31300.0,24300.0,0.776,18,11,0.611,0.415,36,0,Monsoon (Low),0.75,Normal Day,1.0,Family Group,0.97,0.6,0.262,0.3,25.6,0
travel_package,PKG-06,Dubai Extravaganza & Safari 5D4N,International Tour,45000.0,45800.0,65100.0,1.421,15,5,0.333,0.66,49,1,Autumn Regular,1.0,Festival,1.45,Honeymooners,0.26,0.7,0.652,3.3,78.81,4
travel_package,PKG-07,Rajasthan Royal Palaces Safari 4D3N,Heritage/Luxury,24000.0,25800.0,55500.0,2.151,22,7,0.318,0.696,11,0,Winter Peak,1.5,Major Event,1.5,Solo Backpacker,1.36,0.6,0.709,2.3,95.51,4
travel_package,PKG-08,Goa Beach & Nightlife Getaway 4D3N,Coastal/Leisure,16500.0,16000.0,17200.0,1.075,30,9,0.3,0.686,5,0,Autumn Regular,1.0,Normal Day,1.0,Family Group,0.82,1.0,0.419,0.3,48.01,0
travel_package,PKG-01,Goa Beach & Nightlife Getaway 4D3N,Coastal/Leisure,16500.0,17700.0,17300.0,0.977,30,14,0.467,0.522,7,1,Monsoon (Low),0.75,Holiday,1.35,Solo Backpacker,1.29,4.7,0.444,0.3,55.22,0
travel_package,PKG-02,Andaman Island Reef Explorer 5D4N,Island/Diving,32000.0,28900.0,30000.0,1.038,18,14,0.778,0.21,60,1,Monsoon (Low),0.75,Holiday,1.35,Corporate Retreat,0.42,0.8,0.505,6.3,57.94,6
travel_package,PKG-03,Dubai Extravaganza & Safari 5D4N,International Tour,45000.0,45500.0,32900.0,0.723,15,6,0.4,0.614,11,0,Monsoon (Low),0.75,Normal Day,1.0,Family Group,0.88,0.7,0.307,0.3,31.72,0
travel_package,PKG-04,Kerala Backwaters & Tea Hills 5D4N,Nature/Wellness,19500.0,20600.0,39800.0,1.932,35,11,0.314,0.692,28,1,Spring Festive,1.25,Holiday,1.35,Corporate Retreat,0.36,3.7,0.789,3.3,100.0,6
travel_package,PKG-05,Dubai Extravaganza & Safari 5D4N,International Tour,45000.0,44900.0,73400.0,1.635,15,5,0.333,0.691,15,1,Spring Festive,1.25,Holiday,1.35,Corporate Retreat,0.43,5.4,0.735,1.3,92.43,2
travel_package,PKG-06,Dubai Extravaganza & Safari 5D4N,International Tour,45000.0,45300.0,30700.0,0.678,15,6,0.4,0.594,18,0,Monsoon (Low),0.75,Normal Day,1.0,Family Group,0.89,1.3,0.297,0.3,30.29,0
travel_package,PKG-07,Rajasthan Royal Palaces Safari 4D3N,Heritage/Luxury,24000.0,27100.0,56200.0,2.074,22,3,0.136,0.886,12,1,Winter Peak,1.5,Festival,1.45,Family Group,0.87,0.0,0.763,6.3,100.0,3
travel_package,PKG-08,Himachal Adventure & Treks 6D5N,Adventure/Sports,17800.0,19300.0,22300.0,1.155,25,5,0.2,0.8,8,1,Monsoon (Low),0.75,Festival,1.45,Family Group,0.91,2.6,0.595,5.3,75.15,5
travel_package,PKG-01,Kashmir Paradise Valley Tour 6D5N,Hills/Scenic,28000.0,30700.0,63700.0,2.075,20,2,0.1,0.891,8,0,Winter Peak,1.5,Festival,1.45,Corporate Retreat,0.4,0.7,0.787,3.3,100.0,2
travel_package,PKG-02,Rajasthan Royal Palaces Safari 4D3N,Heritage/Luxury,24000.0,26800.0,48200.0,1.799,22,3,0.136,0.848,12,0,Spring Festive,1.25,Major Event,1.5,Family Group,0.91,0.4,0.716,4.3,93.27,3
travel_package,PKG-03,Golden Triangle Heritage 5D4N,Cultural/Heritage,21000.0,23900.0,45400.0,1.9,25,2,0.08,0.936,4,1,Winter Peak,1.5,Holiday,1.35,Corporate Retreat,0.37,1.2,0.788,4.3,100.0,2
travel_package,PKG-04,Himachal Adventure & Treks 6D5N,Adventure/Sports,17800.0,17400.0,13700.0,0.787,25,11,0.44,0.568,11,0,Monsoon (Low),0.75,Normal Day,1.0,Honeymooners,0.27,1.3,0.387,2.3,39.07,1
travel_package,PKG-05,Andaman Island Reef Explorer 5D4N,Island/Diving,32000.0,35600.0,34800.0,0.978,18,3,0.167,0.838,7,0,Autumn Regular,1.0,Normal Day,1.0,Corporate Retreat,0.3,0.2,0.491,1.3,54.88,1
travel_package,PKG-06,Goa Beach & Nightlife Getaway 4D3N,Coastal/Leisure,16500.0,18200.0,35700.0,1.962,30,9,0.3,0.7,14,0,Winter Peak,1.5,Festival,1.45,Honeymooners,0.33,0.9,0.79,6.3,100.0,9
travel_package,PKG-07,Himachal Adventure & Treks 6D5N,Adventure/Sports,17800.0,16900.0,12200.0,0.722,25,13,0.52,0.485,16,0,Monsoon (Low),0.75,Normal Day,1.0,Family Group,0.91,1.6,0.309,1.3,32.21,0
travel_package,PKG-08,Golden Triangle Heritage 5D4N,Cultural/Heritage,21000.0,23200.0,43700.0,1.884,25,7,0.28,0.71,27,0,Winter Peak,1.5,Festival,1.45,Corporate Retreat,0.49,0.5,0.774,2.3,98.76,3
travel_package,PKG-01,Kerala Backwaters & Tea Hills 5D4N,Nature/Wellness,19500.0,20700.0,37300.0,1.802,35,9,0.257,0.739,15,0,Spring Festive,1.25,Major Event,1.5,Solo Backpacker,1.32,0.2,0.667,7.3,88.88,5
travel_package,PKG-02,Golden Triangle Heritage 5D4N,Cultural/Heritage,21000.0,22800.0,15000.0,0.658,25,10,0.4,0.611,7,0,Monsoon (Low),0.75,Normal Day,1.0,Family Group,0.84,1.8,0.296,1.3,29.64,1
travel_package,PKG-03,Kerala Backwaters & Tea Hills 5D4N,Nature/Wellness,19500.0,21200.0,48200.0,2.274,35,12,0.343,0.652,33,0,Winter Peak,1.5,Major Event,1.5,Solo Backpacker,1.23,0.3,0.734,3.3,98.35,6
travel_package,PKG-04,Goa Beach & Nightlife Getaway 4D3N,Coastal/Leisure,16500.0,17700.0,12600.0,0.712,30,11,0.367,0.618,4,0,Monsoon (Low),0.75,Normal Day,1.0,Honeymooners,0.28,2.6,0.405,0.3,41.87,0
travel_package,PKG-05,Andaman Island Reef Explorer 5D4N,Island/Diving,32000.0,33000.0,25900.0,0.785,18,7,0.389,0.599,22,0,Monsoon (Low),0.75,Normal Day,1.0,Family Group,0.9,1.8,0.315,1.3,33.03,1
travel_package,PKG-06,Kerala Backwaters & Tea Hills 5D4N,Nature/Wellness,19500.0,21200.0,17900.0,0.844,35,10,0.286,0.728,4,0,Monsoon (Low),0.75,Normal Day,1.0,Family Group,0.9,1.5,0.36,1.3,39.76,0
travel_package,PKG-07,Rajasthan Royal Palaces Safari 4D3N,Heritage/Luxury,24000.0,23800.0,33800.0,1.42,22,9,0.409,0.575,15,1,Autumn Regular,1.0,Festival,1.45,Family Group,0.93,1.7,0.629,3.3,80.25,5
travel_package,PKG-08,Golden Triangle Heritage 5D4N,Cultural/Heritage,21000.0,21900.0,23500.0,1.073,25,9,0.36,0.633,21,0,Autumn Regular,1.0,Normal Day,1.0,Family Group,0.9,1.4,0.481,5.3,57.92,5
travel_package,PKG-01,Golden Triangle Heritage 5D4N,Cultural/Heritage,21000.0,22500.0,45700.0,2.031,25,5,0.2,0.787,12,1,Winter Peak,1.5,Festival,1.45,Solo Backpacker,1.31,2.7,0.699,2.3,93.64,2
travel_package,PKG-02,Kerala Backwaters & Tea Hills 5D4N,Nature/Wellness,19500.0,21000.0,38400.0,1.829,35,10,0.286,0.709,16,0,Spring Festive,1.25,Festival,1.45,Solo Backpacker,1.3,0.6,0.661,4.3,87.9,3
travel_package,PKG-03,Rajasthan Royal Palaces Safari 4D3N,Heritage/Luxury,24000.0,24600.0,38500.0,1.565,22,8,0.364,0.654,18,1,Autumn Regular,1.0,Festival,1.45,Family Group,0.92,3.3,0.653,5.3,83.91,6
travel_package,PKG-04,Goa Beach & Nightlife Getaway 4D3N,Coastal/Leisure,16500.0,17500.0,23100.0,1.32,30,10,0.333,0.658,12,1,Autumn Regular,1.0,Festival,1.45,Solo Backpacker,1.37,1.8,0.579,3.3,76.11,3
travel_package,PKG-05,Goa Beach & Nightlife Getaway 4D3N,Coastal/Leisure,16500.0,16200.0,16000.0,0.988,30,13,0.433,0.555,27,0,Autumn Regular,1.0,Normal Day,1.0,Family Group,0.89,0.3,0.384,2.3,43.28,1
travel_package,PKG-06,Andaman Island Reef Explorer 5D4N,Island/Diving,32000.0,35700.0,88700.0,2.485,18,1,0.056,0.924,3,0,Winter Peak,1.5,Major Event,1.5,Solo Backpacker,1.26,1.6,0.744,2.3,100.0,1
travel_package,PKG-07,Goa Beach & Nightlife Getaway 4D3N,Coastal/Leisure,16500.0,17400.0,13500.0,0.776,30,8,0.267,0.738,4,0,Monsoon (Low),0.75,Normal Day,1.0,Honeymooners,0.24,3.7,0.482,1.3,53.1,0
travel_package,PKG-08,Himachal Adventure & Treks 6D5N,Adventure/Sports,17800.0,18200.0,19600.0,1.077,25,9,0.36,0.649,17,0,Autumn Regular,1.0,Normal Day,1.0,Honeymooners,0.28,1.1,0.494,0.3,55.24,1
travel_package,PKG-01,Himachal Adventure & Treks 6D5N,Adventure/Sports,17800.0,18300.0,21300.0,1.164,25,9,0.36,0.652,31,1,Monsoon (Low),0.75,Festival,1.45,Honeymooners,0.27,4.0,0.644,5.3,77.57,7
travel_package,PKG-02,Golden Triangle Heritage 5D4N,Cultural/Heritage,21000.0,22000.0,46000.0,2.091,25,8,0.32,0.694,16,0,Winter Peak,1.5,Festival,1.45,Family Group,0.91,2.6,0.692,1.3,89.59,2
travel_package,PKG-03,Kashmir Paradise Valley Tour 6D5N,Hills/Scenic,28000.0,29500.0,28900.0,0.98,20,5,0.25,0.755,8,0,Autumn Regular,1.0,Normal Day,1.0,Family Group,0.89,0.2,0.394,0.3,44.73,0
travel_package,PKG-04,Goa Beach & Nightlife Getaway 4D3N,Coastal/Leisure,16500.0,16600.0,15800.0,0.952,30,17,0.567,0.42,26,0,Autumn Regular,1.0,Normal Day,1.0,Family Group,0.91,0.9,0.354,1.3,38.97,1
travel_package,PKG-05,Kashmir Paradise Valley Tour 6D5N,Hills/Scenic,28000.0,28100.0,26400.0,0.94,20,7,0.35,0.64,3,0,Autumn Regular,1.0,Normal Day,1.0,Family Group,0.84,2.2,0.405,0.3,46.04,1
travel_package,PKG-06,Kerala Backwaters & Tea Hills 5D4N,Nature/Wellness,19500.0,20700.0,19900.0,0.961,35,14,0.4,0.61,15,0,Autumn Regular,1.0,Normal Day,1.0,Solo Backpacker,1.35,1.2,0.313,0.3,36.09,0
travel_package,PKG-07,Andaman Island Reef Explorer 5D4N,Island/Diving,32000.0,33100.0,68100.0,2.057,18,9,0.5,0.523,48,0,Winter Peak,1.5,Festival,1.45,Family Group,0.85,1.1,0.716,1.3,92.78,1
travel_package,PKG-08,Andaman Island Reef Explorer 5D4N,Island/Diving,32000.0,34800.0,71600.0,2.057,18,1,0.056,0.95,7,1,Winter Peak,1.5,Holiday,1.35,Honeymooners,0.32,1.5,0.791,3.3,100.0,1
travel_package,PKG-01,Himachal Adventure & Treks 6D5N,Adventure/Sports,17800.0,18800.0,19200.0,1.021,25,7,0.28,0.733,5,0,Autumn Regular,1.0,Normal Day,1.0,Corporate Retreat,0.33,0.8,0.476,1.3,52.95,0
travel_package,PKG-02,Golden Triangle Heritage 5D4N,Cultural/Heritage,21000.0,21700.0,16600.0,0.765,25,11,0.44,0.554,12,0,Monsoon (Low),0.75,Normal Day,1.0,Honeymooners,0.24,3.2,0.365,1.3,35.56,2
travel_package,PKG-03,Kerala Backwaters & Tea Hills 5D4N,Nature/Wellness,19500.0,21800.0,47200.0,2.165,35,7,0.2,0.804,6,0,Winter Peak,1.5,Major Event,1.5,Honeymooners,0.27,0.2,0.793,1.3,100.0,0
travel_package,PKG-04,Himachal Adventure & Treks 6D5N,Adventure/Sports,17800.0,18700.0,43000.0,2.299,25,5,0.2,0.79,31,0,Winter Peak,1.5,Festival,1.45,Honeymooners,0.34,5.0,0.79,3.3,100.0,5
travel_package,PKG-05,Golden Triangle Heritage 5D4N,Cultural/Heritage,21000.0,22300.0,17800.0,0.798,25,6,0.24,0.752,3,0,Monsoon (Low),0.75,Normal Day,1.0,Family Group,0.92,1.4,0.311,0.3,32.53,0
travel_package,PKG-06,Himachal Adventure & Treks 6D5N,Adventure/Sports,17800.0,17800.0,16200.0,0.91,25,12,0.48,0.527,29,0,Autumn Regular,1.0,Normal Day,1.0,Family Group,0.95,3.6,0.43,1.3,50.65,1
travel_package,PKG-07,Rajasthan Royal Palaces Safari 4D3N,Heritage/Luxury,24000.0,26700.0,57600.0,2.157,22,4,0.182,0.81,11,0,Winter Peak,1.5,Festival,1.45,Family Group,0.96,1.1,0.759,4.3,100.0,4
travel_package,PKG-08,Andaman Island Reef Explorer 5D4N,Island/Diving,32000.0,31400.0,31900.0,1.016,18,10,0.556,0.44,17,0,Autumn Regular,1.0,Normal Day,1.0,Corporate Retreat,0.38,0.8,0.369,0.3,37.2,0
travel_package,PKG-01,Golden Triangle Heritage 5D4N,Cultural/Heritage,21000.0,21100.0,19400.0,0.919,25,10,0.4,0.582,18,0,Autumn Regular,1.0,Normal Day,1.0,Honeymooners,0.22,1.4,0.499,0.3,55.46,1
travel_package,PKG-02,Dubai Extravaganza & Safari 5D4N,International Tour,45000.0,49100.0,106900.0,2.177,15,1,0.067,0.912,4,0,Winter Peak,1.5,Major Event,1.5,Honeymooners,0.25,0.1,0.794,5.3,100.0,1
travel_package,PKG-03,Kashmir Paradise Valley Tour 6D5N,Hills/Scenic,28000.0,30100.0,51300.0,1.704,20,3,0.15,0.86,5,1,Spring Festive,1.25,Holiday,1.35,Honeymooners,0.31,1.2,0.764,5.3,95.94,3
travel_package,PKG-04,Kashmir Paradise Valley Tour 6D5N,Hills/Scenic,28000.0,28100.0,26000.0,0.925,20,12,0.6,0.404,51,0,Autumn Regular,1.0,Normal Day,1.0,Honeymooners,0.25,0.8,0.355,1.3,34.06,1
travel_package,PKG-05,Golden Triangle Heritage 5D4N,Cultural/Heritage,21000.0,22900.0,41900.0,1.83,25,2,0.08,0.903,4,0,Spring Festive,1.25,Major Event,1.5,Corporate Retreat,0.37,1.4,0.784,1.3,99.32,2
travel_package,PKG-06,Rajasthan Royal Palaces Safari 4D3N,Heritage/Luxury,24000.0,25200.0,17700.0,0.702,22,8,0.364,0.656,5,0,Monsoon (Low),0.75,Normal Day,1.0,Honeymooners,0.32,1.5,0.332,0.3,31.14,0
travel_package,PKG-07,Goa Beach & Nightlife Getaway 4D3N,Coastal/Leisure,16500.0,16400.0,34700.0,2.116,30,16,0.533,0.467,60,0,Winter Peak,1.5,Festival,1.45,Solo Backpacker,1.29,0.4,0.639,1.3,84.52,1
travel_package,PKG-08,Kerala Backwaters & Tea Hills 5D4N,Nature/Wellness,19500.0,19200.0,20700.0,1.078,35,13,0.371,0.617,15,0,Autumn Regular,1.0,Normal Day,1.0,Honeymooners,0.32,6.1,0.517,0.3,58.89,1
travel_package,PKG-01,Kashmir Paradise Valley Tour 6D5N,Hills/Scenic,28000.0,29200.0,38600.0,1.322,20,6,0.3,0.711,3,1,Autumn Regular,1.0,Holiday,1.35,Family Group,0.87,2.6,0.622,3.3,78.85,3
travel_package,PKG-02,Kerala Backwaters & Tea Hills 5D4N,Nature/Wellness,19500.0,21800.0,34200.0,1.569,35,4,0.114,0.9,7,1,Spring Festive,1.25,Holiday,1.35,Solo Backpacker,1.28,1.4,0.719,5.3,96.46,4
travel_package,PKG-03,Himachal Adventure & Treks 6D5N,Adventure/Sports,17800.0,18600.0,19700.0,1.059,25,4,0.16,0.838,4,0,Autumn Regular,1.0,Normal Day,1.0,Corporate Retreat,0.46,0.7,0.451,0.3,50.17,0
travel_package,PKG-04,Kashmir Paradise Valley Tour 6D5N,Hills/Scenic,28000.0,31100.0,71500.0,2.299,20,1,0.05,0.95,3,0,Winter Peak,1.5,Major Event,1.5,Solo Backpacker,1.26,0.8,0.744,6.3,100.0,1
travel_package,PKG-05,Rajasthan Royal Palaces Safari 4D3N,Heritage/Luxury,24000.0,24800.0,19200.0,0.774,22,10,0.455,0.563,14,0,Monsoon (Low),0.75,Normal Day,1.0,Solo Backpacker,1.36,3.1,0.319,0.3,37.1,0
travel_package,PKG-06,Rajasthan Royal Palaces Safari 4D3N,Heritage/Luxury,24000.0,25000.0,24600.0,0.984,22,6,0.273,0.73,6,0,Autumn Regular,1.0,Normal Day,1.0,Family Group,0.89,0.5,0.438,0.3,51.41,0
travel_package,PKG-07,Goa Beach & Nightlife Getaway 4D3N,Coastal/Leisure,16500.0,16800.0,22800.0,1.357,30,13,0.433,0.573,28,1,Autumn Regular,1.0,Holiday,1.35,Honeymooners,0.32,3.8,0.701,3.3,86.56,5
travel_package,PKG-08,Himachal Adventure & Treks 6D5N,Adventure/Sports,17800.0,17500.0,17400.0,0.994,25,9,0.36,0.64,19,0,Autumn Regular,1.0,Normal Day,1.0,Family Group,0.94,0.7,0.423,2.3,49.44,1
travel_package,PKG-01,Rajasthan Royal Palaces Safari 4D3N,Heritage/Luxury,24000.0,23300.0,19400.0,0.833,22,9,0.409,0.57,8,0,Monsoon (Low),0.75,Normal Day,1.0,Family Group,0.88,1.3,0.333,1.3,35.5,1
travel_package,PKG-02,Dubai Extravaganza & Safari 5D4N,International Tour,45000.0,47100.0,97900.0,2.079,15,4,0.267,0.737,25,0,Winter Peak,1.5,Major Event,1.5,Honeymooners,0.26,1.1,0.779,5.3,97.84,4
travel_package,PKG-03,Andaman Island Reef Explorer 5D4N,Island/Diving,32000.0,36500.0,94400.0,2.586,18,1,0.056,0.95,6,0,Winter Peak,1.5,Major Event,1.5,Corporate Retreat,0.45,1.0,0.784,1.3,100.0,1
travel_package,PKG-04,Goa Beach & Nightlife Getaway 4D3N,Coastal/Leisure,16500.0,18300.0,39700.0,2.169,30,6,0.2,0.795,31,0,Winter Peak,1.5,Festival,1.45,Family Group,0.92,1.7,0.761,4.3,100.0,6
travel_package,PKG-05,Rajasthan Royal Palaces Safari 4D3N,Heritage/Luxury,24000.0,24900.0,58400.0,2.345,22,3,0.136,0.846,6,0,Winter Peak,1.5,Major Event,1.5,Solo Backpacker,1.27,0.4,0.743,4.3,100.0,3
travel_package,PKG-06,Kashmir Paradise Valley Tour 6D5N,Hills/Scenic,28000.0,30500.0,30100.0,0.987,20,2,0.1,0.88,7,0,Autumn Regular,1.0,Normal Day,1.0,Family Group,0.9,0.8,0.438,1.3,51.43,1
travel_package,PKG-07,Goa Beach & Nightlife Getaway 4D3N,Coastal/Leisure,16500.0,18500.0,46500.0,2.514,30,2,0.067,0.95,4,0,Winter Peak,1.5,Major Event,1.5,Family Group,0.89,1.3,0.762,3.3,100.0,2
travel_package,PKG-08,Rajasthan Royal Palaces Safari 4D3N,Heritage/Luxury,24000.0,23600.0,17200.0,0.729,22,12,0.545,0.436,14,0,Monsoon (Low),0.75,Normal Day,1.0,Honeymooners,0.33,0.0,0.362,1.3,35.79,2
travel_package,PKG-01,Golden Triangle Heritage 5D4N,Cultural/Heritage,21000.0,23700.0,49000.0,2.068,25,3,0.12,0.868,14,0,Winter Peak,1.5,Festival,1.45,Family Group,0.95,1.1,0.759,2.3,100.0,3
travel_package,PKG-02,Andaman Island Reef Explorer 5D4N,Island/Diving,32000.0,32700.0,44200.0,1.352,18,5,0.278,0.736,16,1,Autumn Regular,1.0,Holiday,1.35,Family Group,0.92,1.0,0.555,2.3,69.1,2
travel_package,PKG-03,Golden Triangle Heritage 5D4N,Cultural/Heritage,21000.0,22000.0,15800.0,0.718,25,7,0.28,0.731,10,0,Monsoon (Low),0.75,Normal Day,1.0,Family Group,0.86,2.9,0.37,0.3,41.0,1
travel_package,PKG-04,Kashmir Paradise Valley Tour 6D5N,Hills/Scenic,28000.0,29000.0,60700.0,2.093,20,5,0.25,0.754,17,0,Winter Peak,1.5,Festival,1.45,Family Group,0.96,0.0,0.759,2.3,100.0,4
travel_package,PKG-05,Kerala Backwaters & Tea Hills 5D4N,Nature/Wellness,19500.0,20000.0,21700.0,1.085,35,10,0.286,0.707,6,0,Autumn Regular,1.0,Normal Day,1.0,Family Group,0.92,1.5,0.401,1.3,46.12,0
travel_package,PKG-06,Kerala Backwaters & Tea Hills 5D4N,Nature/Wellness,19500.0,20900.0,22500.0,1.077,35,7,0.2,0.797,5,0,Autumn Regular,1.0,Normal Day,1.0,Family Group,0.9,1.9,0.452,1.3,53.5,1
travel_package,PKG-07,Rajasthan Royal Palaces Safari 4D3N,Heritage/Luxury,24000.0,26800.0,59700.0,2.228,22,3,0.136,0.868,16,1,Winter Peak,1.5,Festival,1.45,Corporate Retreat,0.38,0.2,0.788,4.3,100.0,3
travel_package,PKG-08,Himachal Adventure & Treks 6D5N,Adventure/Sports,17800.0,18100.0,39400.0,2.177,25,7,0.28,0.729,24,1,Winter Peak,1.5,Holiday,1.35,Family Group,0.87,2.6,0.763,3.3,100.0,3
travel_package,PKG-01,Andaman Island Reef Explorer 5D4N,Island/Diving,32000.0,33600.0,64000.0,1.905,18,5,0.278,0.707,38,1,Spring Festive,1.25,Festival,1.45,Honeymooners,0.3,0.9,0.792,3.3,100.0,5
travel_package,PKG-02,Dubai Extravaganza & Safari 5D4N,International Tour,45000.0,43300.0,28600.0,0.661,15,11,0.733,0.299,50,0,Monsoon (Low),0.75,Normal Day,1.0,Family Group,0.84,0.6,0.305,3.3,31.03,3
travel_package,PKG-03,Rajasthan Royal Palaces Safari 4D3N,Heritage/Luxury,24000.0,25400.0,35000.0,1.378,22,10,0.455,0.559,39,1,Autumn Regular,1.0,Holiday,1.35,Family Group,0.93,2.9,0.578,4.3,72.61,5
travel_package,PKG-04,Goa Beach & Nightlife Getaway 4D3N,Coastal/Leisure,16500.0,17900.0,17300.0,0.966,30,4,0.133,0.851,18,0,Autumn Regular,1.0,Normal Day,1.0,Family Group,0.92,1.7,0.457,1.3,54.48,1
travel_package,PKG-05,Goa Beach & Nightlife Getaway 4D3N,Coastal/Leisure,16500.0,16300.0,25100.0,1.54,30,11,0.367,0.624,11,1,Autumn Regular,1.0,Holiday,1.35,Honeymooners,0.32,0.1,0.653,3.3,79.4,2
travel_package,PKG-06,Kashmir Paradise Valley Tour 6D5N,Hills/Scenic,28000.0,28800.0,20600.0,0.715,20,9,0.45,0.539,9,0,Monsoon (Low),0.75,Normal Day,1.0,Solo Backpacker,1.41,5.1,0.362,2.3,43.87,0
travel_package,PKG-07,Kerala Backwaters & Tea Hills 5D4N,Nature/Wellness,19500.0,21500.0,50900.0,2.367,35,2,0.057,0.95,13,0,Winter Peak,1.5,Major Event,1.5,Solo Backpacker,1.2,1.5,0.747,4.3,100.0,2
travel_package,PKG-08,Golden Triangle Heritage 5D4N,Cultural/Heritage,21000.0,21900.0,23000.0,1.05,25,9,0.36,0.638,20,1,Monsoon (Low),0.75,Holiday,1.35,Family Group,0.9,0.8,0.526,6.3,64.68,7
travel_package,PKG-01,Golden Triangle Heritage 5D4N,Cultural/Heritage,21000.0,20600.0,14000.0,0.68,25,14,0.56,0.442,33,0,Monsoon (Low),0.75,Normal Day,1.0,Corporate Retreat,0.44,1.2,0.315,2.3,29.62,2
travel_package,PKG-02,Kerala Backwaters & Tea Hills 5D4N,Nature/Wellness,19500.0,19700.0,13800.0,0.701,35,20,0.571,0.441,40,0,Monsoon (Low),0.75,Normal Day,1.0,Family Group,0.83,1.8,0.283,0.3,27.62,0
travel_package,PKG-03,Andaman Island Reef Explorer 5D4N,Island/Diving,32000.0,31200.0,31400.0,1.006,18,9,0.5,0.525,13,0,Autumn Regular,1.0,Normal Day,1.0,Solo Backpacker,1.37,2.3,0.297,1.3,33.8,1
travel_package,PKG-04,Rajasthan Royal Palaces Safari 4D3N,Heritage/Luxury,24000.0,25900.0,53300.0,2.058,22,3,0.136,0.855,3,1,Winter Peak,1.5,Holiday,1.35,Family Group,0.9,0.1,0.731,0.3,95.38,1
travel_package,PKG-05,Kashmir Paradise Valley Tour 6D5N,Hills/Scenic,28000.0,31000.0,62400.0,2.013,20,3,0.15,0.851,17,0,Spring Festive,1.25,Major Event,1.5,Family Group,0.86,1.2,0.764,3.3,100.0,3
travel_package,PKG-06,Dubai Extravaganza & Safari 5D4N,International Tour,45000.0,50000.0,110600.0,2.212,15,1,0.067,0.914,12,0,Winter Peak,1.5,Festival,1.45,Family Group,0.89,0.3,0.762,2.3,100.0,1
travel_package,PKG-07,Dubai Extravaganza & Safari 5D4N,International Tour,45000.0,45400.0,63700.0,1.403,15,7,0.467,0.519,26,1,Autumn Regular,1.0,Festival,1.45,Honeymooners,0.31,1.5,0.649,2.3,78.62,3
travel_package,PKG-08,Golden Triangle Heritage 5D4N,Cultural/Heritage,21000.0,23300.0,31800.0,1.365,25,1,0.04,0.95,12,1,Autumn Regular,1.0,Holiday,1.35,Honeymooners,0.28,0.5,0.73,4.3,90.58,1
travel_package,PKG-01,Andaman Island Reef Explorer 5D4N,Island/Diving,32000.0,30300.0,23800.0,0.785,18,12,0.667,0.322,22,0,Monsoon (Low),0.75,Normal Day,1.0,Family Group,0.91,0.8,0.299,0.3,30.64,1
travel_package,PKG-02,Kashmir Paradise Valley Tour 6D5N,Hills/Scenic,28000.0,32000.0,67100.0,2.097,20,2,0.1,0.885,12,1,Winter Peak,1.5,Holiday,1.35,Honeymooners,0.21,1.1,0.796,6.3,100.0,2
travel_package,PKG-03,Golden Triangle Heritage 5D4N,Cultural/Heritage,21000.0,21600.0,48400.0,2.241,25,9,0.36,0.62,40,0,Winter Peak,1.5,Major Event,1.5,Honeymooners,0.24,2.5,0.795,3.3,100.0,5
travel_package,PKG-04,Kerala Backwaters & Tea Hills 5D4N,Nature/Wellness,19500.0,21800.0,32900.0,1.509,35,2,0.057,0.941,8,1,Autumn Regular,1.0,Festival,1.45,Family Group,0.85,0.7,0.679,4.3,87.23,2
travel_package,PKG-05,Golden Triangle Heritage 5D4N,Cultural/Heritage,21000.0,22700.0,22800.0,1.004,25,7,0.28,0.728,15,0,Autumn Regular,1.0,Normal Day,1.0,Family Group,0.94,1.5,0.408,1.3,47.24,1
travel_package,PKG-06,Kerala Backwaters & Tea Hills 5D4N,Nature/Wellness,19500.0,20800.0,48200.0,2.317,35,9,0.257,0.75,25,0,Winter Peak,1.5,Festival,1.45,Honeymooners,0.25,1.7,0.794,1.3,100.0,1
travel_package,PKG-07,Kashmir Paradise Valley Tour 6D5N,Hills/Scenic,28000.0,28400.0,26700.0,0.94,20,9,0.45,0.572,10,0,Autumn Regular,1.0,Normal Day,1.0,Family Group,0.87,1.9,0.382,1.3,42.84,1
travel_package,PKG-08,Himachal Adventure & Treks 6D5N,Adventure/Sports,17800.0,18800.0,28800.0,1.532,25,5,0.2,0.802,6,1,Spring Festive,1.25,Holiday,1.35,Honeymooners,0.31,1.2,0.774,3.3,97.43,5
travel_package,PKG-01,Golden Triangle Heritage 5D4N,Cultural/Heritage,21000.0,23700.0,35900.0,1.515,25,10,0.4,0.613,32,0,Spring Festive,1.25,Major Event,1.5,Family Group,0.91,0.3,0.623,3.3,79.35,5
travel_package,PKG-02,Golden Triangle Heritage 5D4N,Cultural/Heritage,21000.0,19700.0,39000.0,1.98,25,12,0.48,0.509,45,0,Spring Festive,1.25,Major Event,1.5,Family Group,0.88,0.6,0.685,4.3,88.34,6
travel_package,PKG-03,Rajasthan Royal Palaces Safari 4D3N,Heritage/Luxury,24000.0,21800.0,15600.0,0.716,22,13,0.591,0.394,37,0,Monsoon (Low),0.75,Normal Day,1.0,Family Group,0.85,1.8,0.229,0.3,19.71,0
travel_package,PKG-04,Goa Beach & Nightlife Getaway 4D3N,Coastal/Leisure,16500.0,17400.0,28300.0,1.626,30,10,0.333,0.674,23,0,Spring Festive,1.25,Festival,1.45,Family Group,0.84,0.7,0.686,4.3,88.23,6
travel_package,PKG-05,Rajasthan Royal Palaces Safari 4D3N,Heritage/Luxury,24000.0,25200.0,44500.0,1.766,22,7,0.318,0.704,19,0,Spring Festive,1.25,Festival,1.45,Corporate Retreat,0.36,1.4,0.737,4.3,92.3,7
travel_package,PKG-06,Andaman Island Reef Explorer 5D4N,Island/Diving,32000.0,31700.0,54200.0,1.71,18,8,0.444,0.563,60,0,Spring Festive,1.25,Festival,1.45,Family Group,0.91,0.4,0.66,4.3,84.77,4
travel_package,PKG-07,Rajasthan Royal Palaces Safari 4D3N,Heritage/Luxury,24000.0,23800.0,23400.0,0.983,22,13,0.591,0.388,60,0,Autumn Regular,1.0,Normal Day,1.0,Corporate Retreat,0.38,1.7,0.392,0.3,40.61,0
travel_package,PKG-08,Dubai Extravaganza & Safari 5D4N,International Tour,45000.0,49700.0,110700.0,2.227,15,1,0.067,0.947,11,1,Winter Peak,1.5,Festival,1.45,Family Group,0.93,0.8,0.76,7.3,100.0,1
travel_package,PKG-01,Himachal Adventure & Treks 6D5N,Adventure/Sports,17800.0,17200.0,16600.0,0.965,25,17,0.68,0.314,60,0,Autumn Regular,1.0,Normal Day,1.0,Honeymooners,0.33,0.8,0.319,1.3,29.29,0
travel_package,PKG-02,Kerala Backwaters & Tea Hills 5D4N,Nature/Wellness,19500.0,20300.0,35600.0,1.754,35,16,0.457,0.545,29,1,Spring Festive,1.25,Holiday,1.35,Family Group,0.91,2.3,0.648,2.3,83.03,2
travel_package,PKG-03,Dubai Extravaganza & Safari 5D4N,International Tour,45000.0,46200.0,48300.0,1.045,15,5,0.333,0.669,40,0,Autumn Regular,1.0,Normal Day,1.0,Honeymooners,0.35,1.9,0.409,0.3,43.01,0
travel_package,PKG-04,Goa Beach & Nightlife Getaway 4D3N,Coastal/Leisure,16500.0,16800.0,17600.0,1.048,30,12,0.4,0.591,16,0,Autumn Regular,1.0,Normal Day,1.0,Family Group,0.86,1.0,0.423,0.3,48.89,1
travel_package,PKG-05,Himachal Adventure & Treks 6D5N,Adventure/Sports,17800.0,19100.0,27500.0,1.44,25,6,0.24,0.775,8,1,Autumn Regular,1.0,Holiday,1.35,Family Group,0.89,0.4,0.662,2.3,85.0,3
travel_package,PKG-06,Andaman Island Reef Explorer 5D4N,Island/Diving,32000.0,33600.0,74400.0,2.214,18,4,0.222,0.792,5,0,Winter Peak,1.5,Major Event,1.5,Family Group,0.89,1.8,0.754,4.3,98.85,4
travel_package,PKG-07,Goa Beach & Nightlife Getaway 4D3N,Coastal/Leisure,16500.0,17800.0,39400.0,2.213,30,8,0.267,0.718,11,0,Winter Peak,1.5,Major Event,1.5,Family Group,0.94,1.1,0.741,2.3,97.25,4
travel_package,PKG-08,Andaman Island Reef Explorer 5D4N,Island/Diving,32000.0,33600.0,61500.0,1.83,18,4,0.222,0.781,9,0,Spring Festive,1.25,Festival,1.45,Solo Backpacker,1.37,0.7,0.669,2.3,89.59,3
travel_package,PKG-01,Goa Beach & Nightlife Getaway 4D3N,Coastal/Leisure,16500.0,17500.0,31400.0,1.794,30,10,0.333,0.657,13,1,Spring Festive,1.25,Festival,1.45,Family Group,0.88,0.5,0.716,2.3,93.01,4
travel_package,PKG-02,Golden Triangle Heritage 5D4N,Cultural/Heritage,21000.0,23000.0,21900.0,0.952,25,5,0.2,0.785,13,0,Autumn Regular,1.0,Normal Day,1.0,Honeymooners,0.42,0.2,0.516,3.3,59.62,4
travel_package,PKG-03,Golden Triangle Heritage 5D4N,Cultural/Heritage,21000.0,21900.0,40200.0,1.836,25,8,0.32,0.691,13,0,Spring Festive,1.25,Festival,1.45,Corporate Retreat,0.37,0.0,0.71,1.3,88.25,2
travel_package,PKG-04,Dubai Extravaganza & Safari 5D4N,International Tour,45000.0,47500.0,45100.0,0.949,15,6,0.4,0.602,36,0,Autumn Regular,1.0,Normal Day,1.0,Family Group,0.88,3.5,0.408,2.3,46.81,2
travel_package,PKG-05,Kashmir Paradise Valley Tour 6D5N,Hills/Scenic,28000.0,29500.0,29500.0,1.0,20,6,0.3,0.688,11,1,Monsoon (Low),0.75,Holiday,1.35,Corporate Retreat,0.44,4.8,0.564,1.3,66.86,1
travel_package,PKG-06,Golden Triangle Heritage 5D4N,Cultural/Heritage,21000.0,20100.0,13500.0,0.672,25,17,0.68,0.326,44,0,Monsoon (Low),0.75,Normal Day,1.0,Family Group,0.9,1.5,0.238,0.3,21.48,1
travel_package,PKG-07,Kashmir Paradise Valley Tour 6D5N,Hills/Scenic,28000.0,28500.0,35300.0,1.239,20,9,0.45,0.546,20,1,Autumn Regular,1.0,Holiday,1.35,Family Group,0.92,0.4,0.587,7.3,73.88,7
travel_package,PKG-08,Goa Beach & Nightlife Getaway 4D3N,Coastal/Leisure,16500.0,18100.0,37200.0,2.055,30,4,0.133,0.869,5,0,Winter Peak,1.5,Festival,1.45,Family Group,1.0,3.4,0.757,2.3,100.0,2
travel_package,PKG-01,Kerala Backwaters & Tea Hills 5D4N,Nature/Wellness,19500.0,21100.0,51500.0,2.441,35,7,0.2,0.803,8,1,Winter Peak,1.5,Festival,1.45,Family Group,0.87,1.1,0.763,1.3,100.0,1
travel_package,PKG-02,Kashmir Paradise Valley Tour 6D5N,Hills/Scenic,28000.0,29000.0,21300.0,0.734,20,9,0.45,0.53,4,0,Monsoon (Low),0.75,Normal Day,1.0,Honeymooners,0.34,2.0,0.395,2.3,40.87,1
travel_package,PKG-03,Rajasthan Royal Palaces Safari 4D3N,Heritage/Luxury,24000.0,26700.0,58300.0,2.184,22,4,0.182,0.816,3,0,Winter Peak,1.5,Festival,1.45,Corporate Retreat,0.42,0.7,0.786,4.3,100.0,4
travel_package,PKG-04,Goa Beach & Nightlife Getaway 4D3N,Coastal/Leisure,16500.0,15300.0,15400.0,1.007,30,19,0.633,0.372,35,0,Autumn Regular,1.0,Normal Day,1.0,Family Group,0.96,1.9,0.359,1.3,40.08,2
travel_package,PKG-05,Kerala Backwaters & Tea Hills 5D4N,Nature/Wellness,19500.0,18900.0,18600.0,0.984,35,22,0.629,0.371,40,0,Autumn Regular,1.0,Normal Day,1.0,Family Group,0.94,2.6,0.371,2.3,41.63,1
travel_package,PKG-06,Kerala Backwaters & Tea Hills 5D4N,Nature/Wellness,19500.0,18200.0,17600.0,0.967,35,20,0.571,0.437,54,0,Autumn Regular,1.0,Normal Day,1.0,Family Group,0.83,0.8,0.37,2.3,40.79,3
travel_package,PKG-07,Dubai Extravaganza & Safari 5D4N,International Tour,45000.0,45500.0,45700.0,1.004,15,5,0.333,0.67,7,1,Monsoon (Low),0.75,Holiday,1.35,Solo Backpacker,1.23,0.9,0.513,3.3,65.21,4
travel_package,PKG-08,Goa Beach & Nightlife Getaway 4D3N,Coastal/Leisure,16500.0,17200.0,26200.0,1.523,30,11,0.367,0.621,9,1,Autumn Regular,1.0,Festival,1.45,Honeymooners,0.33,3.5,0.711,3.3,88.07,3
travel_package,PKG-01,Himachal Adventure & Treks 6D5N,Adventure/Sports,17800.0,17800.0,40500.0,2.275,25,8,0.32,0.7,38,0,Winter Peak,1.5,Festival,1.45,Honeymooners,0.28,1.1,0.793,3.3,100.0,4
travel_package,PKG-02,Kashmir Paradise Valley Tour 6D5N,Hills/Scenic,28000.0,30700.0,71500.0,2.329,20,1,0.05,0.95,13,0,Winter Peak,1.5,Festival,1.45,Family Group,0.96,0.1,0.759,2.3,100.0,1
travel_package,PKG-03,Kashmir Paradise Valley Tour 6D5N,Hills/Scenic,28000.0,30500.0,39300.0,1.289,20,5,0.25,0.752,16,1,Autumn Regular,1.0,Holiday,1.35,Solo Backpacker,1.27,0.6,0.621,3.3,81.67,4
travel_package,PKG-04,Goa Beach & Nightlife Getaway 4D3N,Coastal/Leisure,16500.0,15300.0,23500.0,1.536,30,18,0.6,0.391,60,1,Autumn Regular,1.0,Holiday,1.35,Honeymooners,0.32,1.7,0.522,0.3,59.66,0
travel_package,PKG-05,Goa Beach & Nightlife Getaway 4D3N,Coastal/Leisure,16500.0,17600.0,43500.0,2.472,30,3,0.1,0.884,15,0,Winter Peak,1.5,Major Event,1.5,Family Group,0.9,0.7,0.762,3.3,100.0,3
travel_package,PKG-06,Goa Beach & Nightlife Getaway 4D3N,Coastal/Leisure,16500.0,16200.0,15800.0,0.975,30,14,0.467,0.526,22,1,Monsoon (Low),0.75,Holiday,1.35,Honeymooners,0.28,2.6,0.547,1.3,63.22,0
travel_package,PKG-07,Himachal Adventure & Treks 6D5N,Adventure/Sports,17800.0,19200.0,15400.0,0.802,25,8,0.32,0.665,16,0,Monsoon (Low),0.75,Normal Day,1.0,Honeymooners,0.39,0.2,0.37,2.3,37.46,1
travel_package,PKG-08,Rajasthan Royal Palaces Safari 4D3N,Heritage/Luxury,24000.0,24600.0,56300.0,2.289,22,9,0.409,0.577,49,1,Winter Peak,1.5,Festival,1.45,Solo Backpacker,1.25,1.1,0.744,3.3,100.0,5
travel_package,PKG-01,Himachal Adventure & Treks 6D5N,Adventure/Sports,17800.0,18300.0,19400.0,1.06,25,8,0.32,0.666,10,1,Monsoon (Low),0.75,Holiday,1.35,Honeymooners,0.3,0.6,0.601,5.3,71.43,3
travel_package,PKG-02,Dubai Extravaganza & Safari 5D4N,International Tour,45000.0,44100.0,41600.0,0.943,15,8,0.533,0.499,3,0,Autumn Regular,1.0,Normal Day,1.0,Family Group,0.87,1.3,0.374,1.3,41.56,2
travel_package,PKG-03,Himachal Adventure & Treks 6D5N,Adventure/Sports,17800.0,17800.0,16300.0,0.916,25,9,0.36,0.65,6,0,Monsoon (Low),0.75,Normal Day,1.0,Family Group,0.88,0.4,0.325,1.3,34.36,1
travel_package,PKG-04,Golden Triangle Heritage 5D4N,Cultural/Heritage,21000.0,23000.0,46500.0,2.022,25,4,0.16,0.852,15,1,Winter Peak,1.5,Holiday,1.35,Honeymooners,0.31,1.6,0.791,2.3,100.0,4
travel_package,PKG-05,Golden Triangle Heritage 5D4N,Cultural/Heritage,21000.0,24000.0,55100.0,2.296,25,2,0.08,0.913,6,0,Winter Peak,1.5,Major Event,1.5,Family Group,0.89,1.4,0.762,3.3,100.0,2
travel_package,PKG-06,Rajasthan Royal Palaces Safari 4D3N,Heritage/Luxury,24000.0,26800.0,61000.0,2.276,22,4,0.182,0.798,32,0,Winter Peak,1.5,Major Event,1.5,Solo Backpacker,1.25,0.3,0.744,6.3,100.0,4
travel_package,PKG-07,Dubai Extravaganza & Safari 5D4N,International Tour,45000.0,49100.0,114100.0,2.324,15,2,0.133,0.863,13,0,Winter Peak,1.5,Major Event,1.5,Family Group,0.93,1.1,0.76,0.3,100.0,0
travel_package,PKG-08,Goa Beach & Nightlife Getaway 4D3N,Coastal/Leisure,16500.0,17900.0,35600.0,1.989,30,8,0.267,0.722,19,0,Winter Peak,1.5,Festival,1.45,Solo Backpacker,1.35,0.8,0.689,4.3,92.44,7
travel_package,PKG-01,Kashmir Paradise Valley Tour 6D5N,Hills/Scenic,28000.0,28000.0,59900.0,2.139,20,6,0.3,0.707,17,1,Winter Peak,1.5,Festival,1.45,Corporate Retreat,0.36,2.0,0.789,2.3,100.0,3
travel_package,PKG-02,Rajasthan Royal Palaces Safari 4D3N,Heritage/Luxury,24000.0,24000.0,18700.0,0.779,22,10,0.455,0.566,14,0,Monsoon (Low),0.75,Normal Day,1.0,Family Group,0.91,3.0,0.319,1.3,33.64,0
travel_package,PKG-03,Rajasthan Royal Palaces Safari 4D3N,Heritage/Luxury,24000.0,24700.0,18100.0,0.733,22,13,0.591,0.413,24,0,Monsoon (Low),0.75,Normal Day,1.0,Solo Backpacker,1.37,1.5,0.265,1.3,29.01,1
travel_package,PKG-04,Kerala Backwaters & Tea Hills 5D4N,Nature/Wellness,19500.0,21300.0,46600.0,2.188,35,6,0.171,0.842,17,0,Winter Peak,1.5,Major Event,1.5,Honeymooners,0.34,4.5,0.79,3.3,100.0,5
travel_package,PKG-05,Goa Beach & Nightlife Getaway 4D3N,Coastal/Leisure,16500.0,16800.0,18900.0,1.125,30,12,0.4,0.587,20,1,Monsoon (Low),0.75,Festival,1.45,Corporate Retreat,0.42,0.3,0.58,2.3,69.09,3
travel_package,PKG-06,Kerala Backwaters & Tea Hills 5D4N,Nature/Wellness,19500.0,20700.0,22800.0,1.101,35,9,0.257,0.742,26,0,Autumn Regular,1.0,Normal Day,1.0,Honeymooners,0.32,1.4,0.501,2.3,56.51,2
travel_package,PKG-07,Golden Triangle Heritage 5D4N,Cultural/Heritage,21000.0,21300.0,17800.0,0.836,25,7,0.28,0.702,3,0,Monsoon (Low),0.75,Normal Day,1.0,Family Group,0.9,0.3,0.341,0.3,36.88,0
travel_package,PKG-08,Kashmir Paradise Valley Tour 6D5N,Hills/Scenic,28000.0,30200.0,57900.0,1.917,20,1,0.05,0.95,5,0,Spring Festive,1.25,Major Event,1.5,Family Group,0.93,1.4,0.752,3.3,98.77,1
travel_package,PKG-01,Kerala Backwaters & Tea Hills 5D4N,Nature/Wellness,19500.0,21000.0,22800.0,1.086,35,3,0.086,0.929,3,0,Autumn Regular,1.0,Normal Day,1.0,Solo Backpacker,1.34,4.1,0.502,4.3,64.4,3
travel_package,PKG-02,Kashmir Paradise Valley Tour 6D5N,Hills/Scenic,28000.0,30300.0,30600.0,1.01,20,8,0.4,0.592,10,1,Monsoon (Low),0.75,Holiday,1.35,Solo Backpacker,1.35,0.3,0.435,4.3,54.37,3
travel_package,PKG-03,Golden Triangle Heritage 5D4N,Cultural/Heritage,21000.0,21000.0,16000.0,0.762,25,8,0.32,0.666,11,0,Monsoon (Low),0.75,Normal Day,1.0,Family Group,0.89,2.9,0.367,4.3,40.75,4
travel_package,PKG-04,Andaman Island Reef Explorer 5D4N,Island/Diving,32000.0,33700.0,62400.0,1.852,18,5,0.278,0.704,38,0,Spring Festive,1.25,Major Event,1.5,Family Group,0.94,1.0,0.675,3.3,87.36,5
travel_package,PKG-05,Rajasthan Royal Palaces Safari 4D3N,Heritage/Luxury,24000.0,24700.0,19700.0,0.798,22,6,0.273,0.748,4,0,Monsoon (Low),0.75,Normal Day,1.0,Corporate Retreat,0.43,4.6,0.352,1.3,35.0,1
travel_package,PKG-06,Himachal Adventure & Treks 6D5N,Adventure/Sports,17800.0,19100.0,18700.0,0.979,25,7,0.28,0.713,34,1,Monsoon (Low),0.75,Festival,1.45,Family Group,0.85,1.4,0.516,4.3,62.82,3
travel_package,PKG-07,Himachal Adventure & Treks 6D5N,Adventure/Sports,17800.0,18000.0,17900.0,0.994,25,8,0.32,0.679,20,0,Autumn Regular,1.0,Normal Day,1.0,Corporate Retreat,0.39,1.8,0.497,0.3,56.43,0
travel_package,PKG-08,Andaman Island Reef Explorer 5D4N,Island/Diving,32000.0,34500.0,67200.0,1.948,18,4,0.222,0.779,7,0,Spring Festive,1.25,Major Event,1.5,Solo Backpacker,1.34,4.9,0.736,3.3,99.46,4
travel_package,PKG-01,Andaman Island Reef Explorer 5D4N,Island/Diving,32000.0,35900.0,36600.0,1.019,18,1,0.056,0.924,3,0,Autumn Regular,1.0,Normal Day,1.0,Honeymooners,0.34,0.7,0.509,0.3,57.93,1
travel_package,PKG-02,Himachal Adventure & Treks 6D5N,Adventure/Sports,17800.0,19400.0,42200.0,2.175,25,4,0.16,0.836,18,0,Winter Peak,1.5,Festival,1.45,Corporate Retreat,0.44,2.0,0.785,1.3,100.0,1
travel_package,PKG-03,Kerala Backwaters & Tea Hills 5D4N,Nature/Wellness,19500.0,21100.0,15600.0,0.739,35,10,0.286,0.727,9,0,Monsoon (Low),0.75,Normal Day,1.0,Corporate Retreat,0.4,1.8,0.374,3.3,38.03,1
travel_package,PKG-04,Dubai Extravaganza & Safari 5D4N,International Tour,45000.0,49900.0,73500.0,1.473,15,3,0.2,0.798,4,1,Autumn Regular,1.0,Festival,1.45,Solo Backpacker,1.35,1.2,0.651,2.3,86.7,2
travel_package,PKG-05,Himachal Adventure & Treks 6D5N,Adventure/Sports,17800.0,17400.0,12400.0,0.713,25,19,0.76,0.248,60,0,Monsoon (Low),0.75,Normal Day,1.0,Honeymooners,0.34,1.1,0.265,1.3,21.25,1
travel_package,PKG-06,Andaman Island Reef Explorer 5D4N,Island/Diving,32000.0,36500.0,50100.0,1.373,18,2,0.111,0.906,14,1,Autumn Regular,1.0,Holiday,1.35,Honeymooners,0.3,0.8,0.716,6.3,88.7,2
travel_package,PKG-07,Kerala Backwaters & Tea Hills 5D4N,Nature/Wellness,19500.0,21900.0,14900.0,0.68,35,8,0.229,0.77,22,0,Monsoon (Low),0.75,Normal Day,1.0,Honeymooners,0.29,0.7,0.357,0.3,34.74,1
travel_package,PKG-08,Goa Beach & Nightlife Getaway 4D3N,Coastal/Leisure,16500.0,17100.0,33300.0,1.947,30,10,0.333,0.672,11,1,Winter Peak,1.5,Holiday,1.35,Solo Backpacker,1.31,1.3,0.741,4.3,100.0,6
travel_package,PKG-01,Himachal Adventure & Treks 6D5N,Adventure/Sports,17800.0,18500.0,32800.0,1.773,25,6,0.24,0.768,29,0,Spring Festive,1.25,Major Event,1.5,Honeymooners,0.35,1.2,0.78,5.3,98.61,6
travel_package,PKG-02,Kerala Backwaters & Tea Hills 5D4N,Nature/Wellness,19500.0,20600.0,20900.0,1.015,35,9,0.257,0.739,8,0,Autumn Regular,1.0,Normal Day,1.0,Honeymooners,0.34,2.1,0.465,2.3,51.33,2
travel_package,PKG-03,Dubai Extravaganza & Safari 5D4N,International Tour,45000.0,45300.0,46600.0,1.029,15,6,0.4,0.602,20,0,Autumn Regular,1.0,Normal Day,1.0,Solo Backpacker,1.27,2.8,0.354,1.3,41.66,1
travel_package,PKG-04,Andaman Island Reef Explorer 5D4N,Island/Diving,32000.0,33800.0,32000.0,0.947,18,6,0.333,0.662,8,0,Autumn Regular,1.0,Normal Day,1.0,Solo Backpacker,1.28,3.8,0.348,0.3,40.76,0
travel_package,PKG-05,Himachal Adventure & Treks 6D5N,Adventure/Sports,17800.0,17500.0,18100.0,1.034,25,15,0.6,0.409,31,0,Autumn Regular,1.0,Normal Day,1.0,Honeymooners,0.31,1.6,0.411,1.3,42.97,1
travel_package,PKG-06,Kashmir Paradise Valley Tour 6D5N,Hills/Scenic,28000.0,29900.0,57400.0,1.92,20,2,0.1,0.898,5,0,Spring Festive,1.25,Major Event,1.5,Family Group,0.9,1.5,0.762,4.3,100.0,2
travel_package,PKG-07,Kashmir Paradise Valley Tour 6D5N,Hills/Scenic,28000.0,30900.0,69300.0,2.243,20,3,0.15,0.84,4,0,Winter Peak,1.5,Major Event,1.5,Family Group,0.87,1.5,0.763,1.3,100.0,1
travel_package,PKG-08,Kerala Backwaters & Tea Hills 5D4N,Nature/Wellness,19500.0,18700.0,14900.0,0.797,35,14,0.4,0.586,16,0,Monsoon (Low),0.75,Normal Day,1.0,Family Group,0.86,4.3,0.294,1.3,29.51,0
travel_package,PKG-01,Rajasthan Royal Palaces Safari 4D3N,Heritage/Luxury,24000.0,23900.0,33100.0,1.385,22,8,0.364,0.631,12,1,Autumn Regular,1.0,Holiday,1.35,Family Group,0.91,0.2,0.55,4.3,68.31,3
travel_package,PKG-02,Rajasthan Royal Palaces Safari 4D3N,Heritage/Luxury,24000.0,24500.0,25500.0,1.041,22,11,0.5,0.503,34,0,Autumn Regular,1.0,Normal Day,1.0,Solo Backpacker,1.31,0.6,0.324,0.3,37.49,1
travel_package,PKG-03,Kerala Backwaters & Tea Hills 5D4N,Nature/Wellness,19500.0,20600.0,33500.0,1.626,35,7,0.2,0.809,7,1,Spring Festive,1.25,Holiday,1.35,Family Group,0.9,1.2,0.72,3.3,93.78,5
travel_package,PKG-04,Himachal Adventure & Treks 6D5N,Adventure/Sports,17800.0,19200.0,20000.0,1.042,25,9,0.36,0.66,9,0,Autumn Regular,1.0,Normal Day,1.0,Family Group,0.93,0.6,0.384,0.3,43.64,1
travel_package,PKG-05,Himachal Adventure & Treks 6D5N,Adventure/Sports,17800.0,18900.0,22100.0,1.169,25,5,0.2,0.806,8,0,Autumn Regular,1.0,Normal Day,1.0,Honeymooners,0.34,2.0,0.527,0.3,60.63,0
travel_package,PKG-06,Kerala Backwaters & Tea Hills 5D4N,Nature/Wellness,19500.0,20100.0,49700.0,2.473,35,5,0.143,0.857,15,1,Winter Peak,1.5,Holiday,1.35,Family Group,0.86,2.3,0.764,6.3,100.0,5
travel_package,PKG-07,Andaman Island Reef Explorer 5D4N,Island/Diving,32000.0,31400.0,67800.0,2.159,18,7,0.389,0.604,35,0,Spring Festive,1.25,Major Event,1.5,Family Group,0.85,1.3,0.662,1.3,84.68,0
travel_package,PKG-08,Kerala Backwaters & Tea Hills 5D4N,Nature/Wellness,19500.0,20300.0,29300.0,1.443,35,10,0.286,0.706,24,1,Autumn Regular,1.0,Holiday,1.35,Family Group,0.98,0.4,0.651,4.3,83.95,7
travel_package,PKG-01,Goa Beach & Nightlife Getaway 4D3N,Coastal/Leisure,16500.0,18200.0,37900.0,2.082,30,2,0.067,0.95,9,1,Winter Peak,1.5,Holiday,1.35,Family Group,0.86,6.8,0.764,4.3,100.0,2
travel_package,PKG-02,Kashmir Paradise Valley Tour 6D5N,Hills/Scenic,28000.0,28700.0,67600.0,2.355,20,5,0.25,0.765,54,0,Winter Peak,1.5,Major Event,1.5,Family Group,0.93,0.7,0.76,3.3,100.0,5
travel_package,PKG-03,Dubai Extravaganza & Safari 5D4N,International Tour,45000.0,45200.0,47400.0,1.049,15,3,0.2,0.775,9,0,Autumn Regular,1.0,Normal Day,1.0,Solo Backpacker,1.33,1.6,0.452,3.3,56.77,2
travel_package,PKG-04,Rajasthan Royal Palaces Safari 4D3N,Heritage/Luxury,24000.0,24100.0,17600.0,0.73,22,12,0.545,0.434,14,0,Monsoon (Low),0.75,Normal Day,1.0,Corporate Retreat,0.4,2.4,0.357,1.3,35.56,2
travel_package,PKG-05,Himachal Adventure & Treks 6D5N,Adventure/Sports,17800.0,19200.0,18700.0,0.974,25,7,0.28,0.736,6,0,Autumn Regular,1.0,Normal Day,1.0,Family Group,0.93,1.9,0.379,0.3,42.78,0
travel_package,PKG-06,Kerala Backwaters & Tea Hills 5D4N,Nature/Wellness,19500.0,19900.0,34600.0,1.739,35,5,0.143,0.846,5,1,Autumn Regular,1.0,Festival,1.45,Family Group,0.87,0.6,0.677,2.3,87.08,4
travel_package,PKG-07,Andaman Island Reef Explorer 5D4N,Island/Diving,32000.0,34600.0,74000.0,2.139,18,2,0.111,0.903,12,0,Winter Peak,1.5,Festival,1.45,Honeymooners,0.34,2.2,0.79,3.3,100.0,2
travel_package,PKG-08,Goa Beach & Nightlife Getaway 4D3N,Coastal/Leisure,16500.0,17300.0,17000.0,0.983,30,15,0.5,0.492,6,0,Autumn Regular,1.0,Normal Day,1.0,Corporate Retreat,0.47,3.9,0.462,3.3,51.79,0
travel_package,PKG-01,Himachal Adventure & Treks 6D5N,Adventure/Sports,17800.0,18800.0,42200.0,2.245,25,6,0.24,0.776,9,0,Winter Peak,1.5,Major Event,1.5,Family Group,0.87,0.9,0.763,4.3,100.0,5
travel_package,PKG-02,Kashmir Paradise Valley Tour 6D5N,Hills/Scenic,28000.0,31100.0,58500.0,1.881,20,5,0.25,0.731,7,0,Spring Festive,1.25,Festival,1.45,Solo Backpacker,1.37,1.1,0.689,2.3,92.65,3
travel_package,PKG-03,Rajasthan Royal Palaces Safari 4D3N,Heritage/Luxury,24000.0,22800.0,17200.0,0.754,22,9,0.409,0.574,35,0,Monsoon (Low),0.75,Normal Day,1.0,Honeymooners,0.29,1.6,0.307,0.3,27.21,0
travel_package,PKG-04,Dubai Extravaganza & Safari 5D4N,International Tour,45000.0,46400.0,95200.0,2.052,15,4,0.267,0.734,24,0,Winter Peak,1.5,Festival,1.45,Honeymooners,0.36,1.0,0.779,1.3,98.61,2
travel_package,PKG-05,Kashmir Paradise Valley Tour 6D5N,Hills/Scenic,28000.0,28800.0,17900.0,0.622,20,7,0.35,0.658,11,0,Monsoon (Low),0.75,Normal Day,1.0,Family Group,0.87,0.5,0.324,0.3,34.07,0
travel_package,PKG-06,Andaman Island Reef Explorer 5D4N,Island/Diving,32000.0,35800.0,72000.0,2.011,18,2,0.111,0.886,24,0,Spring Festive,1.25,Festival,1.45,Corporate Retreat,0.42,0.5,0.746,1.3,93.99,0
travel_package,PKG-07,Golden Triangle Heritage 5D4N,Cultural/Heritage,21000.0,23600.0,50200.0,2.127,25,4,0.16,0.842,19,0,Winter Peak,1.5,Major Event,1.5,Honeymooners,0.29,0.8,0.792,2.3,100.0,4
travel_package,PKG-08,Kashmir Paradise Valley Tour 6D5N,Hills/Scenic,28000.0,27800.0,26000.0,0.935,20,13,0.65,0.356,60,0,Autumn Regular,1.0,Normal Day,1.0,Family Group,0.88,0.2,0.386,2.3,43.44,2
travel_package,PKG-01,Andaman Island Reef Explorer 5D4N,Island/Diving,32000.0,33800.0,49800.0,1.473,18,5,0.278,0.744,5,1,Autumn Regular,1.0,Holiday,1.35,Family Group,0.94,1.6,0.676,5.3,87.43,5
travel_package,PKG-02,Andaman Island Reef Explorer 5D4N,Island/Diving,32000.0,33300.0,30000.0,0.901,18,8,0.444,0.553,14,0,Autumn Regular,1.0,Normal Day,1.0,Family Group,0.93,1.5,0.382,0.3,43.24,1
travel_package,PKG-03,Himachal Adventure & Treks 6D5N,Adventure/Sports,17800.0,19400.0,40000.0,2.062,25,5,0.2,0.792,10,1,Winter Peak,1.5,Festival,1.45,Solo Backpacker,1.29,1.2,0.742,3.3,100.0,4
travel_package,PKG-04,Golden Triangle Heritage 5D4N,Cultural/Heritage,21000.0,22300.0,30200.0,1.354,25,5,0.2,0.783,16,1,Autumn Regular,1.0,Holiday,1.35,Family Group,0.81,1.8,0.575,2.3,71.36,3
travel_package,PKG-05,Goa Beach & Nightlife Getaway 4D3N,Coastal/Leisure,16500.0,18600.0,42100.0,2.263,30,3,0.1,0.886,6,0,Winter Peak,1.5,Major Event,1.5,Solo Backpacker,1.26,2.5,0.744,6.3,100.0,3
travel_package,PKG-06,Kerala Backwaters & Tea Hills 5D4N,Nature/Wellness,19500.0,22300.0,47200.0,2.117,35,6,0.171,0.824,45,0,Winter Peak,1.5,Festival,1.45,Corporate Retreat,0.37,2.9,0.788,5.3,100.0,6
travel_package,PKG-07,Himachal Adventure & Treks 6D5N,Adventure/Sports,17800.0,19300.0,45400.0,2.352,25,1,0.04,0.95,7,0,Winter Peak,1.5,Major Event,1.5,Family Group,0.86,0.6,0.764,1.3,100.0,1
travel_package,PKG-08,Dubai Extravaganza & Safari 5D4N,International Tour,45000.0,46800.0,80700.0,1.724,15,4,0.267,0.704,39,0,Spring Festive,1.25,Major Event,1.5,Family Group,0.94,1.9,0.675,2.3,87.26,3
travel_package,PKG-01,Rajasthan Royal Palaces Safari 4D3N,Heritage/Luxury,24000.0,26100.0,24600.0,0.943,22,5,0.227,0.776,9,0,Autumn Regular,1.0,Normal Day,1.0,Solo Backpacker,1.36,2.3,0.382,0.3,46.45,1
travel_package,PKG-02,Dubai Extravaganza & Safari 5D4N,International Tour,45000.0,50000.0,59500.0,1.19,15,5,0.333,0.638,13,1,Autumn Regular,1.0,Holiday,1.35,Honeymooners,0.24,0.9,0.659,6.3,79.59,5
travel_package,PKG-03,Kashmir Paradise Valley Tour 6D5N,Hills/Scenic,28000.0,30300.0,41200.0,1.36,20,7,0.35,0.664,14,1,Autumn Regular,1.0,Holiday,1.35,Honeymooners,0.3,0.5,0.636,3.3,76.64,4
travel_package,PKG-04,Kashmir Paradise Valley Tour 6D5N,Hills/Scenic,28000.0,29900.0,74100.0,2.478,20,2,0.1,0.896,8,0,Winter Peak,1.5,Major Event,1.5,Honeymooners,0.29,2.6,0.792,5.3,100.0,2
travel_package,PKG-05,Andaman Island Reef Explorer 5D4N,Island/Diving,32000.0,32900.0,34500.0,1.049,18,7,0.389,0.587,10,0,Autumn Regular,1.0,Normal Day,1.0,Family Group,0.89,3.6,0.402,0.3,46.05,1
travel_package,PKG-06,Kerala Backwaters & Tea Hills 5D4N,Nature/Wellness,19500.0,18000.0,20000.0,1.111,35,19,0.543,0.449,17,0,Autumn Regular,1.0,Normal Day,1.0,Family Group,0.9,0.5,0.468,5.3,55.97,6
travel_package,PKG-07,Golden Triangle Heritage 5D4N,Cultural/Heritage,21000.0,19800.0,14000.0,0.707,25,17,0.68,0.319,60,0,Monsoon (Low),0.75,Normal Day,1.0,Corporate Retreat,0.43,1.3,0.302,1.3,27.48,0
travel_package,PKG-08,Kerala Backwaters & Tea Hills 5D4N,Nature/Wellness,19500.0,19800.0,21400.0,1.081,35,8,0.229,0.771,8,0,Autumn Regular,1.0,Normal Day,1.0,Honeymooners,0.31,1.1,0.499,2.3,56.13,3
travel_package,PKG-01,Kerala Backwaters & Tea Hills 5D4N,Nature/Wellness,19500.0,19800.0,18300.0,0.924,35,22,0.629,0.365,60,0,Autumn Regular,1.0,Normal Day,1.0,Family Group,0.88,0.8,0.407,2.3,46.65,1
travel_package,PKG-02,Kashmir Paradise Valley Tour 6D5N,Hills/Scenic,28000.0,29500.0,50600.0,1.715,20,7,0.35,0.656,3,0,Spring Festive,1.25,Major Event,1.5,Honeymooners,0.27,2.4,0.685,3.3,83.81,5
travel_package,PKG-03,Kashmir Paradise Valley Tour 6D5N,Hills/Scenic,28000.0,30000.0,31400.0,1.047,20,8,0.4,0.602,12,0,Autumn Regular,1.0,Normal Day,1.0,Corporate Retreat,0.41,0.6,0.442,0.3,48.45,1
travel_package,PKG-04,Goa Beach & Nightlife Getaway 4D3N,Coastal/Leisure,16500.0,17900.0,37700.0,2.106,30,5,0.167,0.85,9,1,Winter Peak,1.5,Holiday,1.35,Solo Backpacker,1.28,0.0,0.743,4.3,100.0,5
travel_package,PKG-05,Kerala Backwaters & Tea Hills 5D4N,Nature/Wellness,19500.0,20500.0,42500.0,2.073,35,14,0.4,0.595,34,1,Winter Peak,1.5,Festival,1.45,Family Group,0.85,0.1,0.752,1.3,98.14,2
travel_package,PKG-06,Himachal Adventure & Treks 6D5N,Adventure/Sports,17800.0,16600.0,18200.0,1.096,25,17,0.68,0.337,60,0,Autumn Regular,1.0,Normal Day,1.0,Solo Backpacker,1.2,0.6,0.295,1.3,32.19,0
travel_package,PKG-07,Kerala Backwaters & Tea Hills 5D4N,Nature/Wellness,19500.0,20900.0,37700.0,1.804,35,11,0.314,0.681,16,0,Spring Festive,1.25,Major Event,1.5,Corporate Retreat,0.4,1.0,0.68,0.3,83.93,1
travel_package,PKG-08,Himachal Adventure & Treks 6D5N,Adventure/Sports,17800.0,19700.0,27100.0,1.376,25,6,0.24,0.749,4,1,Autumn Regular,1.0,Festival,1.45,Honeymooners,0.28,0.8,0.666,0.3,81.04,0
travel_package,PKG-01,Kashmir Paradise Valley Tour 6D5N,Hills/Scenic,28000.0,30800.0,29900.0,0.971,20,7,0.35,0.665,16,0,Autumn Regular,1.0,Normal Day,1.0,Family Group,0.9,1.6,0.451,1.3,53.46,2
travel_package,PKG-02,Himachal Adventure & Treks 6D5N,Adventure/Sports,17800.0,19500.0,45400.0,2.328,25,1,0.04,0.95,8,0,Winter Peak,1.5,Major Event,1.5,Family Group,0.86,2.4,0.764,2.3,100.0,1
travel_package,PKG-03,Dubai Extravaganza & Safari 5D4N,International Tour,45000.0,50400.0,100000.0,1.984,15,2,0.133,0.861,5,1,Winter Peak,1.5,Holiday,1.35,Honeymooners,0.36,0.3,0.789,7.3,100.0,2
travel_package,PKG-04,Goa Beach & Nightlife Getaway 4D3N,Coastal/Leisure,16500.0,17400.0,17300.0,0.994,30,8,0.267,0.717,12,0,Autumn Regular,1.0,Normal Day,1.0,Family Group,0.91,3.2,0.451,0.3,53.5,0
travel_package,PKG-05,Goa Beach & Nightlife Getaway 4D3N,Coastal/Leisure,16500.0,17000.0,19200.0,1.129,30,12,0.4,0.6,22,0,Autumn Regular,1.0,Normal Day,1.0,Solo Backpacker,1.35,0.8,0.435,2.3,54.45,3
travel_package,PKG-06,Kerala Backwaters & Tea Hills 5D4N,Nature/Wellness,19500.0,21100.0,29200.0,1.384,35,13,0.371,0.624,40,1,Autumn Regular,1.0,Holiday,1.35,Corporate Retreat,0.38,0.8,0.637,3.3,77.42,4
travel_package,PKG-07,Rajasthan Royal Palaces Safari 4D3N,Heritage/Luxury,24000.0,25000.0,24200.0,0.968,22,9,0.409,0.579,4,0,Autumn Regular,1.0,Normal Day,1.0,Corporate Retreat,0.38,0.6,0.409,0.3,43.19,0
travel_package,PKG-08,Andaman Island Reef Explorer 5D4N,Island/Diving,32000.0,31000.0,45300.0,1.461,18,7,0.389,0.613,30,1,Autumn Regular,1.0,Holiday,1.35,Corporate Retreat,0.36,2.4,0.646,4.3,78.65,6
travel_package,PKG-01,Andaman Island Reef Explorer 5D4N,Island/Diving,32000.0,35900.0,36900.0,1.028,18,3,0.167,0.824,4,0,Autumn Regular,1.0,Normal Day,1.0,Honeymooners,0.27,0.6,0.534,1.3,61.07,2
travel_package,PKG-02,Goa Beach & Nightlife Getaway 4D3N,Coastal/Leisure,16500.0,17100.0,22600.0,1.322,30,2,0.067,0.937,15,1,Autumn Regular,1.0,Festival,1.45,Solo Backpacker,1.34,0.3,0.578,1.3,75.76,0
travel_package,PKG-03,Kashmir Paradise Valley Tour 6D5N,Hills/Scenic,28000.0,28600.0,26800.0,0.937,20,9,0.45,0.533,29,0,Autumn Regular,1.0,Normal Day,1.0,Corporate Retreat,0.45,1.4,0.36,0.3,36.35,0
travel_package,PKG-04,Dubai Extravaganza & Safari 5D4N,International Tour,45000.0,44700.0,43500.0,0.973,15,6,0.4,0.576,9,0,Autumn Regular,1.0,Normal Day,1.0,Solo Backpacker,1.29,0.8,0.358,1.3,42.36,0
travel_package,PKG-05,Goa Beach & Nightlife Getaway 4D3N,Coastal/Leisure,16500.0,17200.0,15300.0,0.89,30,11,0.367,0.633,13,0,Autumn Regular,1.0,Normal Day,1.0,Honeymooners,0.25,0.3,0.451,0.3,48.52,0
travel_package,PKG-06,Kashmir Paradise Valley Tour 6D5N,Hills/Scenic,28000.0,29900.0,54100.0,1.809,20,5,0.25,0.774,4,1,Spring Festive,1.25,Festival,1.45,Family Group,0.9,1.3,0.745,1.3,97.55,1
travel_package,PKG-07,Dubai Extravaganza & Safari 5D4N,International Tour,45000.0,46800.0,105700.0,2.259,15,4,0.267,0.729,17,0,Winter Peak,1.5,Major Event,1.5,Honeymooners,0.27,1.6,0.791,2.3,99.68,4
travel_package,PKG-08,Himachal Adventure & Treks 6D5N,Adventure/Sports,17800.0,17500.0,17200.0,0.983,25,14,0.56,0.451,45,0,Autumn Regular,1.0,Normal Day,1.0,Honeymooners,0.31,1.7,0.41,1.3,42.79,1
travel_package,PKG-01,Golden Triangle Heritage 5D4N,Cultural/Heritage,21000.0,20200.0,17100.0,0.847,25,12,0.48,0.526,20,0,Monsoon (Low),0.75,Normal Day,1.0,Family Group,0.87,1.0,0.354,0.3,38.66,1
travel_package,PKG-02,Andaman Island Reef Explorer 5D4N,Island/Diving,32000.0,33500.0,32700.0,0.976,18,5,0.278,0.706,8,0,Autumn Regular,1.0,Normal Day,1.0,Honeymooners,0.31,2.2,0.427,0.3,45.39,0
travel_package,PKG-03,Rajasthan Royal Palaces Safari 4D3N,Heritage/Luxury,24000.0,23600.0,17200.0,0.729,22,9,0.409,0.598,4,0,Monsoon (Low),0.75,Normal Day,1.0,Solo Backpacker,1.29,0.4,0.254,0.3,26.78,0
travel_package,PKG-04,Andaman Island Reef Explorer 5D4N,Island/Diving,32000.0,33200.0,27400.0,0.825,18,7,0.389,0.591,8,0,Monsoon (Low),0.75,Normal Day,1.0,Corporate Retreat,0.37,1.1,0.405,1.3,42.52,1
travel_package,PKG-05,Kerala Backwaters & Tea Hills 5D4N,Nature/Wellness,19500.0,17900.0,14600.0,0.816,35,16,0.457,0.532,10,0,Monsoon (Low),0.75,Normal Day,1.0,Family Group,0.89,1.2,0.341,2.3,36.8,1
travel_package,PKG-06,Goa Beach & Nightlife Getaway 4D3N,Coastal/Leisure,16500.0,19200.0,22700.0,1.182,30,4,0.133,0.855,4,1,Autumn Regular,1.0,Holiday,1.35,Solo Backpacker,1.26,0.3,0.544,3.3,70.02,4
travel_package,PKG-07,Golden Triangle Heritage 5D4N,Cultural/Heritage,21000.0,21100.0,40500.0,1.919,25,11,0.44,0.544,35,1,Spring Festive,1.25,Holiday,1.35,Corporate Retreat,0.4,0.5,0.785,3.3,99.72,6
travel_package,PKG-08,Andaman Island Reef Explorer 5D4N,Island/Diving,32000.0,31900.0,20400.0,0.639,18,10,0.556,0.444,37,0,Monsoon (Low),0.75,Normal Day,1.0,Solo Backpacker,1.28,0.6,0.242,3.3,24.83,1
travel_package,PKG-01,Golden Triangle Heritage 5D4N,Cultural/Heritage,21000.0,21100.0,19400.0,0.919,25,15,0.6,0.412,60,0,Autumn Regular,1.0,Normal Day,1.0,Family Group,0.86,1.0,0.345,0.3,37.14,1
travel_package,PKG-02,Golden Triangle Heritage 5D4N,Cultural/Heritage,21000.0,22200.0,38200.0,1.721,25,7,0.28,0.738,8,1,Spring Festive,1.25,Holiday,1.35,Family Group,0.93,1.7,0.716,4.3,93.37,6
travel_package,PKG-03,Andaman Island Reef Explorer 5D4N,Island/Diving,32000.0,32000.0,34400.0,1.075,18,6,0.333,0.668,3,1,Monsoon (Low),0.75,Holiday,1.35,Family Group,0.96,3.6,0.517,4.3,63.68,4
travel_package,PKG-04,Rajasthan Royal Palaces Safari 4D3N,Heritage/Luxury,24000.0,23800.0,22500.0,0.945,22,11,0.5,0.491,27,0,Autumn Regular,1.0,Normal Day,1.0,Family Group,0.94,0.2,0.356,0.3,39.44,0
travel_package,PKG-05,Dubai Extravaganza & Safari 5D4N,International Tour,45000.0,46800.0,94400.0,2.017,15,3,0.2,0.781,16,1,Winter Peak,1.5,Holiday,1.35,Solo Backpacker,1.23,2.5,0.708,1.3,94.39,1
travel_package,PKG-06,Rajasthan Royal Palaces Safari 4D3N,Heritage/Luxury,24000.0,26300.0,38300.0,1.456,22,2,0.091,0.914,6,1,Autumn Regular,1.0,Holiday,1.35,Family Group,0.93,0.2,0.709,6.3,92.36,2
travel_package,PKG-07,Andaman Island Reef Explorer 5D4N,Island/Diving,32000.0,30300.0,28200.0,0.931,18,12,0.667,0.337,60,0,Autumn Regular,1.0,Normal Day,1.0,Family Group,0.88,1.0,0.342,1.3,36.88,0
travel_package,PKG-08,Dubai Extravaganza & Safari 5D4N,International Tour,45000.0,50400.0,44000.0,0.873,15,4,0.267,0.721,5,0,Autumn Regular,1.0,Normal Day,1.0,Honeymooners,0.33,0.1,0.464,0.3,51.05,0
travel_package,PKG-01,Goa Beach & Nightlife Getaway 4D3N,Coastal/Leisure,16500.0,17300.0,12900.0,0.746,30,10,0.333,0.68,4,0,Monsoon (Low),0.75,Normal Day,1.0,Corporate Retreat,0.42,0.3,0.386,2.3,40.03,2
travel_package,PKG-02,Andaman Island Reef Explorer 5D4N,Island/Diving,32000.0,33800.0,36000.0,1.065,18,6,0.333,0.661,15,0,Autumn Regular,1.0,Normal Day,1.0,Corporate Retreat,0.36,0.5,0.448,0.3,48.94,1
travel_package,PKG-03,Kerala Backwaters & Tea Hills 5D4N,Nature/Wellness,19500.0,20700.0,47800.0,2.309,35,6,0.171,0.828,7,1,Winter Peak,1.5,Holiday,1.35,Honeymooners,0.38,0.7,0.788,6.3,100.0,6
travel_package,PKG-04,Kashmir Paradise Valley Tour 6D5N,Hills/Scenic,28000.0,28200.0,23300.0,0.826,20,9,0.45,0.568,37,0,Monsoon (Low),0.75,Normal Day,1.0,Honeymooners,0.29,1.6,0.377,0.3,37.7,1
travel_package,PKG-05,Andaman Island Reef Explorer 5D4N,Island/Diving,32000.0,33400.0,34400.0,1.03,18,3,0.167,0.81,5,0,Autumn Regular,1.0,Normal Day,1.0,Solo Backpacker,1.38,1.1,0.468,2.3,59.58,2
travel_package,PKG-06,Golden Triangle Heritage 5D4N,Cultural/Heritage,21000.0,23100.0,19800.0,0.857,25,6,0.24,0.755,11,0,Autumn Regular,1.0,Normal Day,1.0,Honeymooners,0.31,0.1,0.46,2.3,50.26,3
travel_package,PKG-07,Himachal Adventure & Treks 6D5N,Adventure/Sports,17800.0,18300.0,36800.0,2.011,25,5,0.2,0.798,7,1,Spring Festive,1.25,Festival,1.45,Family Group,0.9,0.9,0.762,5.3,100.0,5
travel_package,PKG-08,Goa Beach & Nightlife Getaway 4D3N,Coastal/Leisure,16500.0,17100.0,23000.0,1.345,30,10,0.333,0.661,18,1,Autumn Regular,1.0,Holiday,1.35,Family Group,0.9,1.6,0.639,4.3,81.64,6
travel_package,PKG-01,Himachal Adventure & Treks 6D5N,Adventure/Sports,17800.0,19800.0,24700.0,1.247,25,4,0.16,0.832,3,1,Autumn Regular,1.0,Holiday,1.35,Solo Backpacker,1.32,0.6,0.604,4.3,79.49,4
travel_package,PKG-02,Golden Triangle Heritage 5D4N,Cultural/Heritage,21000.0,21800.0,37600.0,1.725,25,7,0.28,0.708,22,1,Spring Festive,1.25,Holiday,1.35,Solo Backpacker,1.37,0.8,0.692,3.3,93.04,4
travel_package,PKG-03,Rajasthan Royal Palaces Safari 4D3N,Heritage/Luxury,24000.0,23500.0,42800.0,1.821,22,9,0.409,0.588,47,1,Spring Festive,1.25,Holiday,1.35,Family Group,0.97,0.9,0.651,2.3,83.89,1
travel_package,PKG-04,Dubai Extravaganza & Safari 5D4N,International Tour,45000.0,49200.0,114400.0,2.325,15,1,0.067,0.95,3,0,Winter Peak,1.5,Major Event,1.5,Honeymooners,0.29,0.5,0.792,0.3,100.0,1
travel_package,PKG-05,Kashmir Paradise Valley Tour 6D5N,Hills/Scenic,28000.0,28600.0,52300.0,1.829,20,5,0.25,0.747,14,0,Spring Festive,1.25,Major Event,1.5,Corporate Retreat,0.43,1.6,0.767,3.3,97.26,4
travel_package,PKG-06,Goa Beach & Nightlife Getaway 4D3N,Coastal/Leisure,16500.0,17400.0,21500.0,1.236,30,19,0.633,0.378,25,1,Autumn Regular,1.0,Holiday,1.35,Corporate Retreat,0.39,0.6,0.549,4.3,64.21,6
travel_package,PKG-07,Kerala Backwaters & Tea Hills 5D4N,Nature/Wellness,19500.0,20400.0,48200.0,2.363,35,8,0.229,0.765,3,0,Winter Peak,1.5,Festival,1.45,Corporate Retreat,0.36,2.3,0.789,4.3,100.0,8
travel_package,PKG-08,Andaman Island Reef Explorer 5D4N,Island/Diving,32000.0,33200.0,44300.0,1.334,18,6,0.333,0.653,19,1,Autumn Regular,1.0,Holiday,1.35,Honeymooners,0.35,0.8,0.607,3.3,72.68,3
travel_package,PKG-01,Dubai Extravaganza & Safari 5D4N,International Tour,45000.0,46200.0,34700.0,0.751,15,6,0.4,0.617,14,0,Monsoon (Low),0.75,Normal Day,1.0,Solo Backpacker,1.26,4.2,0.36,2.3,42.41,1
travel_package,PKG-02,Golden Triangle Heritage 5D4N,Cultural/Heritage,21000.0,21400.0,46300.0,2.164,25,9,0.36,0.639,20,0,Winter Peak,1.5,Major Event,1.5,Solo Backpacker,1.28,1.1,0.743,4.3,100.0,6
travel_package,PKG-03,Kashmir Paradise Valley Tour 6D5N,Hills/Scenic,28000.0,27600.0,41000.0,1.486,20,12,0.6,0.425,57,1,Autumn Regular,1.0,Festival,1.45,Family Group,0.88,2.3,0.531,4.3,65.18,5
travel_package,PKG-04,Kashmir Paradise Valley Tour 6D5N,Hills/Scenic,28000.0,28700.0,63900.0,2.226,20,7,0.35,0.644,21,0,Winter Peak,1.5,Festival,1.45,Family Group,0.92,1.7,0.752,2.3,98.66,3
travel_package,PKG-05,Kashmir Paradise Valley Tour 6D5N,Hills/Scenic,28000.0,28700.0,39100.0,1.362,20,9,0.45,0.555,48,1,Autumn Regular,1.0,Holiday,1.35,Family Group,0.89,3.1,0.568,3.3,70.92,5
travel_package,PKG-06,Goa Beach & Nightlife Getaway 4D3N,Coastal/Leisure,16500.0,16500.0,17300.0,1.048,30,13,0.433,0.56,22,1,Monsoon (Low),0.75,Holiday,1.35,Family Group,0.9,0.1,0.427,3.3,49.79,3
travel_package,PKG-07,Golden Triangle Heritage 5D4N,Cultural/Heritage,21000.0,20300.0,22300.0,1.099,25,10,0.4,0.595,16,0,Autumn Regular,1.0,Normal Day,1.0,Corporate Retreat,0.42,0.4,0.492,1.3,55.89,2
travel_package,PKG-08,Goa Beach & Nightlife Getaway 4D3N,Coastal/Leisure,16500.0,17700.0,23900.0,1.35,30,7,0.233,0.758,9,1,Autumn Regular,1.0,Holiday,1.35,Honeymooners,0.3,3.0,0.681,3.3,83.41,6
travel_package,PKG-01,Himachal Adventure & Treks 6D5N,Adventure/Sports,17800.0,17900.0,19900.0,1.112,25,12,0.48,0.524,21,1,Monsoon (Low),0.75,Festival,1.45,Family Group,0.91,0.1,0.409,0.3,47.25,0
travel_package,PKG-02,Goa Beach & Nightlife Getaway 4D3N,Coastal/Leisure,16500.0,15800.0,30200.0,1.911,30,18,0.6,0.404,46,0,Spring Festive,1.25,Festival,1.45,Family Group,0.91,1.3,0.596,2.3,75.25,3
travel_package,PKG-03,Kerala Backwaters & Tea Hills 5D4N,Nature/Wellness,19500.0,21000.0,33100.0,1.576,35,16,0.457,0.53,54,0,Spring Festive,1.25,Festival,1.45,Corporate Retreat,0.47,0.3,0.619,2.3,75.37,2
travel_package,PKG-04,Himachal Adventure & Treks 6D5N,Adventure/Sports,17800.0,19200.0,19900.0,1.036,25,2,0.08,0.912,6,0,Autumn Regular,1.0,Normal Day,1.0,Honeymooners,0.33,0.5,0.508,1.3,57.61,0
travel_package,PKG-05,Goa Beach & Nightlife Getaway 4D3N,Coastal/Leisure,16500.0,16900.0,36300.0,2.148,30,9,0.3,0.714,15,1,Winter Peak,1.5,Holiday,1.35,Family Group,0.9,3.4,0.762,3.3,100.0,6
travel_package,PKG-06,Rajasthan Royal Palaces Safari 4D3N,Heritage/Luxury,24000.0,24800.0,42900.0,1.73,22,9,0.409,0.59,43,1,Spring Festive,1.25,Holiday,1.35,Family Group,0.85,0.8,0.656,2.3,83.72,3
travel_package,PKG-07,Kerala Backwaters & Tea Hills 5D4N,Nature/Wellness,19500.0,19100.0,18900.0,0.99,35,17,0.486,0.526,10,0,Autumn Regular,1.0,Normal Day,1.0,Honeymooners,0.26,7.2,0.416,1.3,43.31,0
travel_package,PKG-08,Goa Beach & Nightlife Getaway 4D3N,Coastal/Leisure,16500.0,15900.0,27500.0,1.73,30,9,0.3,0.704,19,1,Spring Festive,1.25,Festival,1.45,Family Group,0.9,0.2,0.745,4.3,97.52,7
travel_package,PKG-01,Himachal Adventure & Treks 6D5N,Adventure/Sports,17800.0,20100.0,35000.0,1.741,25,3,0.12,0.882,20,0,Spring Festive,1.25,Festival,1.45,Family Group,0.87,3.9,0.743,4.3,97.03,3
travel_package,PKG-02,Rajasthan Royal Palaces Safari 4D3N,Heritage/Luxury,24000.0,26800.0,55900.0,2.086,22,1,0.045,0.941,4,1,Winter Peak,1.5,Holiday,1.35,Solo Backpacker,1.27,2.8,0.743,2.3,100.0,1
travel_package,PKG-03,Goa Beach & Nightlife Getaway 4D3N,Coastal/Leisure,16500.0,17400.0,18300.0,1.052,30,10,0.333,0.658,14,1,Monsoon (Low),0.75,Holiday,1.35,Honeymooners,0.34,0.2,0.599,4.3,71.42,2
travel_package,PKG-04,Kerala Backwaters & Tea Hills 5D4N,Nature/Wellness,19500.0,22100.0,51500.0,2.33,35,2,0.057,0.95,8,0,Winter Peak,1.5,Major Event,1.5,Honeymooners,0.33,0.6,0.79,3.3,100.0,2
travel_package,PKG-05,Goa Beach & Nightlife Getaway 4D3N,Coastal/Leisure,16500.0,17400.0,41600.0,2.391,30,3,0.1,0.886,7,0,Winter Peak,1.5,Festival,1.45,Honeymooners,0.25,2.4,0.794,3.3,100.0,3
travel_package,PKG-06,Kashmir Paradise Valley Tour 6D5N,Hills/Scenic,28000.0,28900.0,46300.0,1.602,20,4,0.2,0.779,10,1,Autumn Regular,1.0,Festival,1.45,Family Group,0.82,0.5,0.669,2.3,85.53,2
travel_package,PKG-07,Golden Triangle Heritage 5D4N,Cultural/Heritage,21000.0,22800.0,29300.0,1.285,25,7,0.28,0.72,17,1,Autumn Regular,1.0,Festival,1.45,Corporate Retreat,0.36,2.6,0.648,4.3,78.89,4
travel_package,PKG-08,Goa Beach & Nightlife Getaway 4D3N,Coastal/Leisure,16500.0,18100.0,40200.0,2.221,30,3,0.1,0.907,8,0,Winter Peak,1.5,Major Event,1.5,Family Group,0.93,2.5,0.76,6.3,100.0,3
travel_package,PKG-01,Goa Beach & Nightlife Getaway 4D3N,Coastal/Leisure,16500.0,17900.0,29500.0,1.648,30,6,0.2,0.786,10,0,Spring Festive,1.25,Major Event,1.5,Corporate Retreat,0.4,2.5,0.685,2.3,84.79,3
travel_package,PKG-02,Kashmir Paradise Valley Tour 6D5N,Hills/Scenic,28000.0,31000.0,29000.0,0.935,20,6,0.3,0.718,12,0,Autumn Regular,1.0,Normal Day,1.0,Honeymooners,0.3,0.3,0.498,1.3,55.89,1
travel_package,PKG-03,Rajasthan Royal Palaces Safari 4D3N,Heritage/Luxury,24000.0,24700.0,32500.0,1.316,22,11,0.5,0.507,49,1,Autumn Regular,1.0,Holiday,1.35,Honeymooners,0.26,0.2,0.615,3.3,73.17,5
travel_package,PKG-04,Golden Triangle Heritage 5D4N,Cultural/Heritage,21000.0,21600.0,23000.0,1.065,25,9,0.36,0.659,17,0,Autumn Regular,1.0,Normal Day,1.0,Family Group,0.86,2.2,0.503,2.3,60.84,1
travel_package,PKG-05,Dubai Extravaganza & Safari 5D4N,International Tour,45000.0,46000.0,96200.0,2.091,15,5,0.333,0.642,16,1,Winter Peak,1.5,Holiday,1.35,Corporate Retreat,0.42,0.8,0.786,2.3,100.0,4
travel_package,PKG-06,Himachal Adventure & Treks 6D5N,Adventure/Sports,17800.0,18700.0,13200.0,0.706,25,8,0.32,0.68,14,0,Monsoon (Low),0.75,Normal Day,1.0,Family Group,0.92,1.8,0.327,0.3,35.0,0
travel_package,PKG-07,Dubai Extravaganza & Safari 5D4N,International Tour,45000.0,46300.0,88000.0,1.901,15,7,0.467,0.566,19,0,Spring Festive,1.25,Major Event,1.5,Honeymooners,0.35,0.4,0.729,6.3,91.05,7
travel_package,PKG-08,Golden Triangle Heritage 5D4N,Cultural/Heritage,21000.0,22800.0,46700.0,2.048,25,6,0.24,0.775,16,1,Winter Peak,1.5,Festival,1.45,Family Group,0.85,1.0,0.744,1.3,97.03,1
travel_package,PKG-01,Rajasthan Royal Palaces Safari 4D3N,Heritage/Luxury,24000.0,25700.0,49500.0,1.926,22,7,0.318,0.683,33,1,Winter Peak,1.5,Holiday,1.35,Solo Backpacker,1.28,2.1,0.743,3.3,100.0,6
travel_package,PKG-02,Kerala Backwaters & Tea Hills 5D4N,Nature/Wellness,19500.0,22200.0,40400.0,1.82,35,5,0.143,0.863,16,0,Spring Festive,1.25,Major Event,1.5,Solo Backpacker,1.18,2.3,0.686,2.3,90.77,3
travel_package,PKG-03,Kashmir Paradise Valley Tour 6D5N,Hills/Scenic,28000.0,29500.0,65100.0,2.207,20,4,0.2,0.815,21,1,Winter Peak,1.5,Holiday,1.35,Honeymooners,0.35,0.8,0.789,1.3,100.0,1
travel_package,PKG-04,Rajasthan Royal Palaces Safari 4D3N,Heritage/Luxury,24000.0,23200.0,23400.0,1.009,22,11,0.5,0.507,22,0,Autumn Regular,1.0,Normal Day,1.0,Corporate Retreat,0.4,2.8,0.443,0.3,48.42,1
travel_package,PKG-05,Andaman Island Reef Explorer 5D4N,Island/Diving,32000.0,35500.0,78500.0,2.211,18,4,0.222,0.788,13,0,Winter Peak,1.5,Major Event,1.5,Honeymooners,0.32,2.5,0.791,2.3,100.0,4
travel_package,PKG-06,Golden Triangle Heritage 5D4N,Cultural/Heritage,21000.0,21900.0,32200.0,1.47,25,9,0.36,0.635,51,1,Spring Festive,1.25,Holiday,1.35,Family Group,0.94,4.5,0.667,4.3,86.08,5
travel_package,PKG-07,Dubai Extravaganza & Safari 5D4N,International Tour,45000.0,47900.0,39400.0,0.823,15,4,0.267,0.753,4,0,Monsoon (Low),0.75,Normal Day,1.0,Honeymooners,0.29,2.6,0.419,2.3,44.06,2
travel_package,PKG-08,Himachal Adventure & Treks 6D5N,Adventure/Sports,17800.0,17500.0,16800.0,0.96,25,12,0.48,0.523,19,0,Autumn Regular,1.0,Normal Day,1.0,Family Group,0.9,2.6,0.412,0.3,47.53,1
travel_package,PKG-01,Golden Triangle Heritage 5D4N,Cultural/Heritage,21000.0,20000.0,13600.0,0.68,25,19,0.76,0.221,60,0,Monsoon (Low),0.75,Normal Day,1.0,Honeymooners,0.37,0.3,0.261,0.3,20.92,0
travel_package,PKG-02,Dubai Extravaganza & Safari 5D4N,International Tour,45000.0,48700.0,38400.0,0.789,15,7,0.467,0.536,15,0,Monsoon (Low),0.75,Normal Day,1.0,Solo Backpacker,1.32,1.1,0.265,1.3,28.65,1
travel_package,PKG-03,Goa Beach & Nightlife Getaway 4D3N,Coastal/Leisure,16500.0,17700.0,37900.0,2.141,30,6,0.2,0.788,26,0,Winter Peak,1.5,Festival,1.45,Family Group,0.9,0.7,0.762,3.3,100.0,5
travel_package,PKG-04,Golden Triangle Heritage 5D4N,Cultural/Heritage,21000.0,23200.0,46700.0,2.013,25,4,0.16,0.859,11,0,Spring Festive,1.25,Major Event,1.5,Family Group,0.89,0.8,0.762,4.3,100.0,4
travel_package,PKG-05,Himachal Adventure & Treks 6D5N,Adventure/Sports,17800.0,19200.0,17200.0,0.896,25,11,0.44,0.545,9,0,Autumn Regular,1.0,Normal Day,1.0,Honeymooners,0.23,1.1,0.399,0.3,40.6,1
travel_package,PKG-06,Andaman Island Reef Explorer 5D4N,Island/Diving,32000.0,33300.0,44200.0,1.327,18,4,0.222,0.75,19,1,Autumn Regular,1.0,Holiday,1.35,Family Group,0.87,2.0,0.686,6.3,88.39,4
travel_package,PKG-07,Golden Triangle Heritage 5D4N,Cultural/Heritage,21000.0,21200.0,21800.0,1.028,25,11,0.44,0.563,3,0,Autumn Regular,1.0,Normal Day,1.0,Honeymooners,0.34,0.2,0.395,2.3,40.79,0
travel_package,PKG-08,Kashmir Paradise Valley Tour 6D5N,Hills/Scenic,28000.0,27300.0,32000.0,1.172,20,9,0.45,0.533,13,0,Autumn Regular,1.0,Normal Day,1.0,Solo Backpacker,1.29,1.8,0.386,0.3,46.53,0
travel_package,PKG-01,Golden Triangle Heritage 5D4N,Cultural/Heritage,21000.0,22200.0,45300.0,2.041,25,6,0.24,0.742,50,0,Winter Peak,1.5,Festival,1.45,Corporate Retreat,0.39,1.1,0.736,2.3,92.38,4
travel_package,PKG-02,Rajasthan Royal Palaces Safari 4D3N,Heritage/Luxury,24000.0,25400.0,24800.0,0.976,22,7,0.318,0.695,7,0,Autumn Regular,1.0,Normal Day,1.0,Family Group,0.88,1.4,0.393,0.3,44.51,1
travel_package,PKG-03,Rajasthan Royal Palaces Safari 4D3N,Heritage/Luxury,24000.0,25400.0,49600.0,1.953,22,2,0.091,0.915,23,0,Spring Festive,1.25,Festival,1.45,Family Group,0.88,2.0,0.743,4.3,97.09,2
travel_package,PKG-04,Kerala Backwaters & Tea Hills 5D4N,Nature/Wellness,19500.0,20500.0,20500.0,1.0,35,13,0.371,0.619,12,0,Autumn Regular,1.0,Normal Day,1.0,Honeymooners,0.34,1.8,0.522,4.3,59.82,3
travel_package,PKG-05,Rajasthan Royal Palaces Safari 4D3N,Heritage/Luxury,24000.0,24900.0,47600.0,1.912,22,1,0.045,0.945,3,1,Spring Festive,1.25,Festival,1.45,Honeymooners,0.29,0.6,0.792,2.3,100.0,1
travel_package,PKG-06,Golden Triangle Heritage 5D4N,Cultural/Heritage,21000.0,20500.0,28500.0,1.39,25,14,0.56,0.428,24,1,Autumn Regular,1.0,Festival,1.45,Family Group,0.87,0.3,0.596,3.3,74.94,2
travel_package,PKG-07,Rajasthan Royal Palaces Safari 4D3N,Heritage/Luxury,24000.0,25800.0,19800.0,0.767,22,7,0.318,0.672,6,0,Monsoon (Low),0.75,Normal Day,1.0,Honeymooners,0.25,1.5,0.438,1.3,46.6,1
travel_package,PKG-08,Goa Beach & Nightlife Getaway 4D3N,Coastal/Leisure,16500.0,18500.0,40400.0,2.184,30,5,0.167,0.817,23,1,Winter Peak,1.5,Festival,1.45,Honeymooners,0.33,0.4,0.79,6.3,100.0,5
travel_package,PKG-01,Goa Beach & Nightlife Getaway 4D3N,Coastal/Leisure,16500.0,16700.0,11500.0,0.689,30,12,0.4,0.584,24,0,Monsoon (Low),0.75,Normal Day,1.0,Family Group,0.89,3.3,0.325,1.3,34.5,1
travel_package,PKG-02,Andaman Island Reef Explorer 5D4N,Island/Diving,32000.0,33700.0,68300.0,2.027,18,7,0.389,0.604,18,0,Winter Peak,1.5,Festival,1.45,Honeymooners,0.32,1.0,0.791,4.3,100.0,5
travel_package,PKG-03,Himachal Adventure & Treks 6D5N,Adventure/Sports,17800.0,18800.0,15400.0,0.819,25,4,0.16,0.833,11,0,Monsoon (Low),0.75,Normal Day,1.0,Solo Backpacker,1.22,0.7,0.317,1.3,35.63,1
travel_package,PKG-04,Kerala Backwaters & Tea Hills 5D4N,Nature/Wellness,19500.0,19700.0,18900.0,0.959,35,20,0.571,0.425,60,0,Autumn Regular,1.0,Normal Day,1.0,Honeymooners,0.32,3.6,0.403,1.3,41.86,1
travel_package,PKG-05,Dubai Extravaganza & Safari 5D4N,International Tour,45000.0,47800.0,46300.0,0.969,15,4,0.267,0.737,9,0,Autumn Regular,1.0,Normal Day,1.0,Corporate Retreat,0.38,0.1,0.475,2.3,53.05,0
travel_package,PKG-06,Andaman Island Reef Explorer 5D4N,Island/Diving,32000.0,32900.0,64500.0,1.96,18,5,0.278,0.726,8,0,Spring Festive,1.25,Festival,1.45,Family Group,0.86,1.3,0.75,4.3,97.97,5
travel_package,PKG-07,Kashmir Paradise Valley Tour 6D5N,Hills/Scenic,28000.0,31100.0,69000.0,2.219,20,1,0.05,0.95,9,0,Spring Festive,1.25,Major Event,1.5,Honeymooners,0.39,1.0,0.787,6.3,100.0,1
travel_package,PKG-08,Dubai Extravaganza & Safari 5D4N,International Tour,45000.0,48400.0,80700.0,1.667,15,4,0.267,0.756,11,1,Winter Peak,1.5,Holiday,1.35,Honeymooners,0.28,0.3,0.793,5.3,100.0,4
travel_package,PKG-01,Goa Beach & Nightlife Getaway 4D3N,Coastal/Leisure,16500.0,17500.0,25400.0,1.451,30,8,0.267,0.741,35,1,Autumn Regular,1.0,Festival,1.45,Family Group,0.9,2.0,0.618,0.3,78.42,0
travel_package,PKG-02,Kerala Backwaters & Tea Hills 5D4N,Nature/Wellness,19500.0,20700.0,41200.0,1.99,35,4,0.114,0.876,11,0,Winter Peak,1.5,Major Event,1.5,Family Group,0.96,0.9,0.759,2.3,100.0,2
travel_package,PKG-03,Rajasthan Royal Palaces Safari 4D3N,Heritage/Luxury,24000.0,25000.0,48600.0,1.944,22,8,0.364,0.636,17,0,Spring Festive,1.25,Festival,1.45,Honeymooners,0.32,1.3,0.689,2.3,84.73,3
travel_package,PKG-04,Rajasthan Royal Palaces Safari 4D3N,Heritage/Luxury,24000.0,24600.0,53500.0,2.175,22,10,0.455,0.538,35,1,Winter Peak,1.5,Festival,1.45,Honeymooners,0.3,2.4,0.792,4.3,100.0,8
travel_package,PKG-05,Goa Beach & Nightlife Getaway 4D3N,Coastal/Leisure,16500.0,17800.0,31000.0,1.742,30,6,0.2,0.806,10,1,Spring Festive,1.25,Festival,1.45,Honeymooners,0.32,0.5,0.791,3.3,100.0,5
travel_package,PKG-06,Rajasthan Royal Palaces Safari 4D3N,Heritage/Luxury,24000.0,26600.0,37000.0,1.391,22,4,0.182,0.811,7,1,Autumn Regular,1.0,Festival,1.45,Solo Backpacker,1.29,3.1,0.705,4.3,94.48,4
travel_package,PKG-07,Dubai Extravaganza & Safari 5D4N,International Tour,45000.0,47100.0,103700.0,2.202,15,5,0.333,0.667,20,0,Winter Peak,1.5,Major Event,1.5,Honeymooners,0.27,0.4,0.793,3.3,100.0,4
travel_package,PKG-08,Goa Beach & Nightlife Getaway 4D3N,Coastal/Leisure,16500.0,17600.0,37700.0,2.142,30,4,0.133,0.879,27,0,Winter Peak,1.5,Festival,1.45,Honeymooners,0.28,1.5,0.793,4.3,100.0,4
travel_package,PKG-01,Goa Beach & Nightlife Getaway 4D3N,Coastal/Leisure,16500.0,15800.0,16900.0,1.07,30,12,0.4,0.605,15,0,Autumn Regular,1.0,Normal Day,1.0,Family Group,0.88,0.2,0.409,1.3,46.89,1
travel_package,PKG-02,Rajasthan Royal Palaces Safari 4D3N,Heritage/Luxury,24000.0,25300.0,43900.0,1.735,22,6,0.273,0.705,9,0,Spring Festive,1.25,Festival,1.45,Corporate Retreat,0.42,8.0,0.7,2.3,87.21,3
travel_package,PKG-03,Dubai Extravaganza & Safari 5D4N,International Tour,45000.0,49700.0,120500.0,2.425,15,3,0.2,0.822,9,0,Winter Peak,1.5,Major Event,1.5,Honeymooners,0.29,0.2,0.792,1.3,100.0,1
travel_package,PKG-04,Goa Beach & Nightlife Getaway 4D3N,Coastal/Leisure,16500.0,17300.0,24800.0,1.434,30,9,0.3,0.687,13,1,Autumn Regular,1.0,Holiday,1.35,Honeymooners,0.33,3.3,0.682,1.3,83.7,2
travel_package,PKG-05,Golden Triangle Heritage 5D4N,Cultural/Heritage,21000.0,23200.0,20400.0,0.879,25,8,0.32,0.686,11,0,Autumn Regular,1.0,Normal Day,1.0,Honeymooners,0.33,3.3,0.466,0.3,51.44,0
travel_package,PKG-06,Kerala Backwaters & Tea Hills 5D4N,Nature/Wellness,19500.0,19800.0,15000.0,0.758,35,15,0.429,0.571,9,0,Monsoon (Low),0.75,Normal Day,1.0,Solo Backpacker,1.32,3.2,0.272,1.3,29.68,0
travel_package,PKG-07,Kashmir Paradise Valley Tour 6D5N,Hills/Scenic,28000.0,28300.0,27600.0,0.975,20,10,0.5,0.51,16,0,Autumn Regular,1.0,Normal Day,1.0,Family Group,0.82,0.3,0.399,1.3,44.99,0
travel_package,PKG-08,Himachal Adventure & Treks 6D5N,Adventure/Sports,17800.0,17500.0,18100.0,1.034,25,16,0.64,0.341,28,1,Monsoon (Low),0.75,Festival,1.45,Family Group,0.84,4.4,0.504,4.3,60.91,3
travel_package,PKG-01,Dubai Extravaganza & Safari 5D4N,International Tour,45000.0,47000.0,47400.0,1.009,15,3,0.2,0.768,9,0,Autumn Regular,1.0,Normal Day,1.0,Family Group,0.95,2.2,0.436,2.3,51.5,1
travel_package,PKG-02,Golden Triangle Heritage 5D4N,Cultural/Heritage,21000.0,23200.0,47400.0,2.043,25,6,0.24,0.763,21,1,Winter Peak,1.5,Holiday,1.35,Family Group,0.93,0.3,0.746,3.3,97.94,6
travel_package,PKG-03,Rajasthan Royal Palaces Safari 4D3N,Heritage/Luxury,24000.0,24900.0,47000.0,1.888,22,8,0.364,0.627,20,0,Winter Peak,1.5,Major Event,1.5,Family Group,0.92,2.1,0.709,2.3,92.29,1
travel_package,PKG-04,Andaman Island Reef Explorer 5D4N,Island/Diving,32000.0,30200.0,23800.0,0.788,18,10,0.556,0.457,39,0,Monsoon (Low),0.75,Normal Day,1.0,Honeymooners,0.34,3.6,0.359,1.3,35.39,1
travel_package,PKG-05,Kashmir Paradise Valley Tour 6D5N,Hills/Scenic,28000.0,30700.0,61700.0,2.01,20,2,0.1,0.911,5,0,Spring Festive,1.25,Festival,1.45,Honeymooners,0.31,0.8,0.763,3.3,95.85,2
travel_package,PKG-06,Rajasthan Royal Palaces Safari 4D3N,Heritage/Luxury,24000.0,25000.0,33000.0,1.32,22,8,0.364,0.632,25,1,Autumn Regular,1.0,Holiday,1.35,Family Group,0.91,4.0,0.582,3.3,73.12,4
travel_package,PKG-07,Dubai Extravaganza & Safari 5D4N,International Tour,45000.0,41300.0,42500.0,1.029,15,10,0.667,0.348,42,0,Autumn Regular,1.0,Normal Day,1.0,Family Group,0.88,0.0,0.351,4.3,38.18,3
travel_package,PKG-08,Kashmir Paradise Valley Tour 6D5N,Hills/Scenic,28000.0,28500.0,27600.0,0.968,20,9,0.45,0.54,25,0,Autumn Regular,1.0,Normal Day,1.0,Family Group,0.88,0.8,0.362,0.3,39.86,1
travel_package,PKG-01,Golden Triangle Heritage 5D4N,Cultural/Heritage,21000.0,22400.0,20200.0,0.902,25,10,0.4,0.605,22,0,Autumn Regular,1.0,Normal Day,1.0,Solo Backpacker,1.28,0.5,0.353,0.3,41.52,0
travel_package,PKG-02,Kerala Backwaters & Tea Hills 5D4N,Nature/Wellness,19500.0,19100.0,20200.0,1.058,35,12,0.343,0.662,8,0,Autumn Regular,1.0,Normal Day,1.0,Family Group,0.95,0.9,0.417,1.3,48.69,1
travel_package,PKG-03,Goa Beach & Nightlife Getaway 4D3N,Coastal/Leisure,16500.0,17500.0,17600.0,1.006,30,8,0.267,0.725,13,1,Monsoon (Low),0.75,Festival,1.45,Solo Backpacker,1.36,0.7,0.472,2.3,59.99,4
travel_package,PKG-04,Dubai Extravaganza & Safari 5D4N,International Tour,45000.0,47100.0,37000.0,0.786,15,4,0.267,0.711,12,0,Monsoon (Low),0.75,Normal Day,1.0,Family Group,0.94,0.8,0.292,2.3,29.92,2
travel_package,PKG-05,Goa Beach & Nightlife Getaway 4D3N,Coastal/Leisure,16500.0,18100.0,40900.0,2.26,30,6,0.2,0.816,11,0,Winter Peak,1.5,Major Event,1.5,Family Group,0.98,1.4,0.758,5.3,100.0,6
travel_package,PKG-06,Himachal Adventure & Treks 6D5N,Adventure/Sports,17800.0,19100.0,38700.0,2.026,25,6,0.24,0.776,26,1,Winter Peak,1.5,Holiday,1.35,Corporate Retreat,0.49,1.1,0.782,4.3,100.0,5
travel_package,PKG-07,Himachal Adventure & Treks 6D5N,Adventure/Sports,17800.0,19200.0,37900.0,1.974,25,4,0.16,0.825,15,0,Spring Festive,1.25,Festival,1.45,Family Group,0.9,3.9,0.7,1.3,90.76,2
travel_package,PKG-08,Rajasthan Royal Palaces Safari 4D3N,Heritage/Luxury,24000.0,25200.0,26700.0,1.06,22,3,0.136,0.874,8,0,Autumn Regular,1.0,Normal Day,1.0,Family Group,0.95,1.2,0.513,4.3,63.06,3
travel_package,PKG-01,Himachal Adventure & Treks 6D5N,Adventure/Sports,17800.0,17900.0,24500.0,1.369,25,13,0.52,0.462,29,1,Autumn Regular,1.0,Holiday,1.35,Family Group,0.87,2.1,0.548,1.3,67.69,1
travel_package,PKG-02,Goa Beach & Nightlife Getaway 4D3N,Coastal/Leisure,16500.0,16000.0,11000.0,0.688,30,16,0.533,0.452,41,0,Monsoon (Low),0.75,Normal Day,1.0,Family Group,0.94,0.7,0.254,0.3,24.13,1
travel_package,PKG-03,Dubai Extravaganza & Safari 5D4N,International Tour,45000.0,43700.0,84800.0,1.941,15,10,0.667,0.36,44,0,Spring Festive,1.25,Festival,1.45,Corporate Retreat,0.44,2.4,0.731,4.3,91.91,5
travel_package,PKG-04,Golden Triangle Heritage 5D4N,Cultural/Heritage,21000.0,21800.0,16100.0,0.739,25,10,0.4,0.6,8,0,Monsoon (Low),0.75,Normal Day,1.0,Honeymooners,0.29,0.9,0.381,0.3,38.32,0
travel_package,PKG-05,Kashmir Paradise Valley Tour 6D5N,Hills/Scenic,28000.0,27700.0,26200.0,0.946,20,10,0.5,0.509,19,0,Autumn Regular,1.0,Normal Day,1.0,Family Group,0.94,1.6,0.337,0.3,36.57,0
travel_package,PKG-06,Goa Beach & Nightlife Getaway 4D3N,Coastal/Leisure,16500.0,16500.0,18000.0,1.091,30,14,0.467,0.529,21,0,Autumn Regular,1.0,Normal Day,1.0,Family Group,0.84,0.4,0.401,0.3,45.48,0
travel_package,PKG-07,Himachal Adventure & Treks 6D5N,Adventure/Sports,17800.0,16700.0,12800.0,0.766,25,14,0.56,0.452,18,0,Monsoon (Low),0.75,Normal Day,1.0,Family Group,0.96,0.4,0.272,0.3,26.97,0
travel_package,PKG-08,Andaman Island Reef Explorer 5D4N,Island/Diving,32000.0,32200.0,73600.0,2.286,18,7,0.389,0.618,22,0,Winter Peak,1.5,Major Event,1.5,Family Group,0.87,2.9,0.763,2.3,100.0,3
travel_package,PKG-01,Golden Triangle Heritage 5D4N,Cultural/Heritage,21000.0,22100.0,43100.0,1.95,25,12,0.48,0.501,42,0,Winter Peak,1.5,Festival,1.45,Honeymooners,0.29,2.0,0.765,0.3,95.87,1
travel_package,PKG-02,Andaman Island Reef Explorer 5D4N,Island/Diving,32000.0,33600.0,34000.0,1.012,18,6,0.333,0.672,10,0,Autumn Regular,1.0,Normal Day,1.0,Solo Backpacker,1.29,1.3,0.347,0.3,40.74,0
travel_package,PKG-03,Kerala Backwaters & Tea Hills 5D4N,Nature/Wellness,19500.0,19300.0,44300.0,2.295,35,14,0.4,0.586,51,0,Winter Peak,1.5,Major Event,1.5,Corporate Retreat,0.41,3.5,0.786,1.3,100.0,2
travel_package,PKG-04,Rajasthan Royal Palaces Safari 4D3N,Heritage/Luxury,24000.0,24300.0,40300.0,1.658,22,7,0.318,0.696,31,1,Autumn Regular,1.0,Festival,1.45,Corporate Retreat,0.37,0.9,0.698,5.3,86.46,7
travel_package,PKG-05,Andaman Island Reef Explorer 5D4N,Island/Diving,32000.0,32600.0,53900.0,1.653,18,8,0.444,0.571,14,0,Spring Festive,1.25,Festival,1.45,Family Group,0.86,1.0,0.606,2.3,76.35,3
travel_package,PKG-06,Dubai Extravaganza & Safari 5D4N,International Tour,45000.0,46900.0,36300.0,0.774,15,5,0.333,0.64,7,0,Monsoon (Low),0.75,Normal Day,1.0,Family Group,0.84,0.5,0.339,0.3,36.22,1
travel_package,PKG-07,Rajasthan Royal Palaces Safari 4D3N,Heritage/Luxury,24000.0,24700.0,23700.0,0.96,22,9,0.409,0.601,13,0,Autumn Regular,1.0,Normal Day,1.0,Family Group,0.87,1.0,0.383,1.3,42.96,1
travel_package,PKG-08,Goa Beach & Nightlife Getaway 4D3N,Coastal/Leisure,16500.0,17600.0,40200.0,2.284,30,11,0.367,0.639,21,0,Winter Peak,1.5,Major Event,1.5,Family Group,0.91,3.4,0.761,3.3,100.0,5
travel_package,PKG-01,Rajasthan Royal Palaces Safari 4D3N,Heritage/Luxury,24000.0,25700.0,38900.0,1.514,22,8,0.364,0.656,8,1,Autumn Regular,1.0,Festival,1.45,Family Group,0.95,1.0,0.679,4.3,87.95,6
travel_package,PKG-02,Andaman Island Reef Explorer 5D4N,Island/Diving,32000.0,36000.0,34300.0,0.953,18,5,0.278,0.712,8,0,Autumn Regular,1.0,Normal Day,1.0,Family Group,0.94,2.9,0.442,2.3,52.39,3
travel_package,PKG-03,Rajasthan Royal Palaces Safari 4D3N,Heritage/Luxury,24000.0,24600.0,25300.0,1.028,22,9,0.409,0.597,10,0,Autumn Regular,1.0,Normal Day,1.0,Family Group,0.85,1.3,0.357,0.3,38.87,0
travel_package,PKG-04,Kerala Backwaters & Tea Hills 5D4N,Nature/Wellness,19500.0,20100.0,19600.0,0.975,35,15,0.429,0.572,15,0,Autumn Regular,1.0,Normal Day,1.0,Honeymooners,0.27,0.3,0.503,2.3,56.54,2
travel_package,PKG-05,Goa Beach & Nightlife Getaway 4D3N,Coastal/Leisure,16500.0,18500.0,34600.0,1.87,30,4,0.133,0.864,15,0,Spring Festive,1.25,Festival,1.45,Solo Backpacker,1.32,2.9,0.672,3.3,89.66,4
travel_package,PKG-06,Himachal Adventure & Treks 6D5N,Adventure/Sports,17800.0,16300.0,39700.0,2.436,25,15,0.6,0.407,60,0,Winter Peak,1.5,Major Event,1.5,Family Group,0.96,0.2,0.689,1.3,89.5,2
travel_package,PKG-07,Golden Triangle Heritage 5D4N,Cultural/Heritage,21000.0,23000.0,26600.0,1.157,25,2,0.08,0.928,7,0,Autumn Regular,1.0,Normal Day,1.0,Corporate Retreat,0.46,1.7,0.559,1.3,66.23,1
travel_package,PKG-08,Himachal Adventure & Treks 6D5N,Adventure/Sports,17800.0,16800.0,16800.0,1.0,25,18,0.72,0.267,56,0,Autumn Regular,1.0,Normal Day,1.0,Honeymooners,0.34,0.5,0.416,2.3,43.99,4
travel_package,PKG-01,Dubai Extravaganza & Safari 5D4N,International Tour,45000.0,45500.0,32800.0,0.721,15,7,0.467,0.554,13,0,Monsoon (Low),0.75,Normal Day,1.0,Family Group,0.9,2.1,0.317,1.3,33.25,1
travel_package,PKG-02,Kashmir Paradise Valley Tour 6D5N,Hills/Scenic,28000.0,30700.0,27800.0,0.906,20,7,0.35,0.674,5,0,Autumn Regular,1.0,Normal Day,1.0,Honeymooners,0.29,1.6,0.433,3.3,46.12,1
travel_package,PKG-03,Kerala Backwaters & Tea Hills 5D4N,Nature/Wellness,19500.0,21400.0,40300.0,1.883,35,8,0.229,0.765,17,0,Spring Festive,1.25,Major Event,1.5,Corporate Retreat,0.42,0.4,0.742,4.3,93.48,8
travel_package,PKG-04,Golden Triangle Heritage 5D4N,Cultural/Heritage,21000.0,23000.0,27800.0,1.209,25,5,0.2,0.808,7,1,Monsoon (Low),0.75,Festival,1.45,Honeymooners,0.34,0.9,0.587,2.3,69.56,1
travel_package,PKG-05,Golden Triangle Heritage 5D4N,Cultural/Heritage,21000.0,23100.0,42500.0,1.84,25,2,0.08,0.911,12,0,Winter Peak,1.5,Major Event,1.5,Family Group,0.94,3.5,0.76,1.3,100.0,1
travel_package,PKG-06,Kashmir Paradise Valley Tour 6D5N,Hills/Scenic,28000.0,26200.0,28600.0,1.092,20,13,0.65,0.335,39,1,Monsoon (Low),0.75,Festival,1.45,Solo Backpacker,1.32,0.8,0.498,7.3,63.55,6
travel_package,PKG-07,Golden Triangle Heritage 5D4N,Cultural/Heritage,21000.0,21700.0,44400.0,2.046,25,9,0.36,0.636,27,0,Winter Peak,1.5,Major Event,1.5,Family Group,0.92,1.0,0.761,3.3,100.0,4
travel_package,PKG-08,Kashmir Paradise Valley Tour 6D5N,Hills/Scenic,28000.0,26800.0,26400.0,0.985,20,13,0.65,0.35,60,1,Monsoon (Low),0.75,Festival,1.45,Family Group,0.89,3.8,0.545,7.3,67.36,6
travel_package,PKG-01,Dubai Extravaganza & Safari 5D4N,International Tour,45000.0,47500.0,126800.0,2.669,15,1,0.067,0.95,15,0,Winter Peak,1.5,Major Event,1.5,Honeymooners,0.3,0.4,0.792,3.3,100.0,1
travel_package,PKG-02,Andaman Island Reef Explorer 5D4N,Island/Diving,32000.0,32600.0,30000.0,0.92,18,9,0.5,0.482,10,0,Autumn Regular,1.0,Normal Day,1.0,Family Group,0.83,1.6,0.351,1.3,37.82,0
travel_package,PKG-03,Goa Beach & Nightlife Getaway 4D3N,Coastal/Leisure,16500.0,17200.0,13300.0,0.773,30,13,0.433,0.574,3,0,Monsoon (Low),0.75,Normal Day,1.0,Honeymooners,0.3,2.2,0.364,2.3,35.92,0
travel_package,PKG-04,Golden Triangle Heritage 5D4N,Cultural/Heritage,21000.0,23900.0,24400.0,1.021,25,4,0.16,0.824,5,0,Autumn Regular,1.0,Normal Day,1.0,Corporate Retreat,0.38,3.1,0.539,1.3,62.63,1
travel_package,PKG-05,Dubai Extravaganza & Safari 5D4N,International Tour,45000.0,46900.0,44200.0,0.942,15,5,0.333,0.654,39,0,Autumn Regular,1.0,Normal Day,1.0,Honeymooners,0.31,2.5,0.481,3.3,53.42,3
travel_package,PKG-06,Rajasthan Royal Palaces Safari 4D3N,Heritage/Luxury,24000.0,24900.0,26800.0,1.076,22,8,0.364,0.619,4,0,Autumn Regular,1.0,Normal Day,1.0,Honeymooners,0.33,1.0,0.44,0.3,47.47,0
travel_package,PKG-07,Kerala Backwaters & Tea Hills 5D4N,Nature/Wellness,19500.0,20600.0,13500.0,0.655,35,12,0.343,0.656,19,0,Monsoon (Low),0.75,Normal Day,1.0,Corporate Retreat,0.42,2.0,0.331,1.3,31.8,2
travel_package,PKG-08,Himachal Adventure & Treks 6D5N,Adventure/Sports,17800.0,20400.0,42300.0,2.074,25,2,0.08,0.92,3,1,Winter Peak,1.5,Festival,1.45,Honeymooners,0.25,0.2,0.794,2.3,100.0,2
travel_package,PKG-01,Andaman Island Reef Explorer 5D4N,Island/Diving,32000.0,33500.0,25500.0,0.761,18,5,0.278,0.733,10,0,Monsoon (Low),0.75,Normal Day,1.0,Family Group,0.88,3.1,0.368,0.3,40.85,0
travel_package,PKG-02,Golden Triangle Heritage 5D4N,Cultural/Heritage,21000.0,22000.0,19100.0,0.868,25,11,0.44,0.572,4,0,Autumn Regular,1.0,Normal Day,1.0,Corporate Retreat,0.36,2.1,0.405,1.3,42.5,1
travel_package,PKG-03,Kashmir Paradise Valley Tour 6D5N,Hills/Scenic,28000.0,29700.0,26800.0,0.902,20,6,0.3,0.713,3,0,Autumn Regular,1.0,Normal Day,1.0,Family Group,0.88,0.7,0.399,1.3,45.44,2
travel_package,PKG-04,Golden Triangle Heritage 5D4N,Cultural/Heritage,21000.0,20300.0,20500.0,1.01,25,18,0.72,0.29,58,1,Monsoon (Low),0.75,Festival,1.45,Corporate Retreat,0.38,1.7,0.472,4.3,52.7,5
travel_package,PKG-05,Rajasthan Royal Palaces Safari 4D3N,Heritage/Luxury,24000.0,24100.0,41500.0,1.722,22,13,0.591,0.419,59,0,Spring Festive,1.25,Festival,1.45,Honeymooners,0.25,2.4,0.679,3.3,82.69,4
travel_package,PKG-06,Andaman Island Reef Explorer 5D4N,Island/Diving,32000.0,32200.0,29400.0,0.913,18,11,0.611,0.374,60,1,Monsoon (Low),0.75,Holiday,1.35,Honeymooners,0.32,1.2,0.457,1.3,49.99,0
travel_package,PKG-07,Kashmir Paradise Valley Tour 6D5N,Hills/Scenic,28000.0,28600.0,30900.0,1.08,20,8,0.4,0.597,6,0,Autumn Regular,1.0,Normal Day,1.0,Family Group,0.92,2.4,0.368,0.3,41.08,0
travel_package,PKG-08,Goa Beach & Nightlife Getaway 4D3N,Coastal/Leisure,16500.0,16900.0,26900.0,1.592,30,15,0.5,0.506,53,1,Autumn Regular,1.0,Festival,1.45,Solo Backpacker,1.32,0.4,0.587,5.3,76.93,7
travel_package,PKG-01,Goa Beach & Nightlife Getaway 4D3N,Coastal/Leisure,16500.0,16600.0,11200.0,0.675,30,15,0.5,0.51,23,0,Monsoon (Low),0.75,Normal Day,1.0,Honeymooners,0.27,0.0,0.353,1.3,34.03,1
travel_package,PKG-02,Himachal Adventure & Treks 6D5N,Adventure/Sports,17800.0,19500.0,20800.0,1.067,25,6,0.24,0.761,7,0,Autumn Regular,1.0,Normal Day,1.0,Honeymooners,0.24,1.1,0.514,2.3,57.9,4
travel_package,PKG-03,Andaman Island Reef Explorer 5D4N,Island/Diving,32000.0,35100.0,63600.0,1.812,18,4,0.222,0.79,9,1,Spring Festive,1.25,Festival,1.45,Honeymooners,0.3,1.7,0.792,3.3,100.0,4
travel_package,PKG-04,Andaman Island Reef Explorer 5D4N,Island/Diving,32000.0,33400.0,24400.0,0.731,18,6,0.333,0.655,22,0,Monsoon (Low),0.75,Normal Day,1.0,Solo Backpacker,1.31,0.2,0.285,2.3,31.56,0
travel_package,PKG-05,Kerala Backwaters & Tea Hills 5D4N,Nature/Wellness,19500.0,20900.0,47900.0,2.292,35,4,0.114,0.894,32,0,Winter Peak,1.5,Major Event,1.5,Corporate Retreat,0.5,1.0,0.782,7.3,100.0,4
travel_package,PKG-06,Goa Beach & Nightlife Getaway 4D3N,Coastal/Leisure,16500.0,17700.0,31700.0,1.791,30,11,0.367,0.623,24,1,Spring Festive,1.25,Holiday,1.35,Solo Backpacker,1.32,1.3,0.666,3.3,88.81,5
travel_package,PKG-07,Himachal Adventure & Treks 6D5N,Adventure/Sports,17800.0,18500.0,26800.0,1.449,25,6,0.24,0.769,13,1,Autumn Regular,1.0,Holiday,1.35,Family Group,0.93,0.2,0.636,2.3,81.43,1
travel_package,PKG-08,Rajasthan Royal Palaces Safari 4D3N,Heritage/Luxury,24000.0,24700.0,56400.0,2.283,22,8,0.364,0.645,18,0,Winter Peak,1.5,Major Event,1.5,Family Group,0.94,0.6,0.76,4.3,100.0,6
travel_package,PKG-01,Andaman Island Reef Explorer 5D4N,Island/Diving,32000.0,33000.0,45400.0,1.376,18,7,0.389,0.604,30,1,Autumn Regular,1.0,Holiday,1.35,Honeymooners,0.24,2.4,0.714,6.3,87.9,5
travel_package,PKG-02,Golden Triangle Heritage 5D4N,Cultural/Heritage,21000.0,22200.0,21700.0,0.977,25,11,0.44,0.571,28,0,Autumn Regular,1.0,Normal Day,1.0,Honeymooners,0.26,2.8,0.497,0.3,55.5,0
travel_package,PKG-03,Himachal Adventure & Treks 6D5N,Adventure/Sports,17800.0,18600.0,19800.0,1.065,25,5,0.2,0.8,7,0,Autumn Regular,1.0,Normal Day,1.0,Family Group,0.82,1.7,0.524,2.3,63.71,1
travel_package,PKG-04,Himachal Adventure & Treks 6D5N,Adventure/Sports,17800.0,20200.0,43600.0,2.158,25,3,0.12,0.891,22,0,Winter Peak,1.5,Major Event,1.5,Solo Backpacker,1.32,1.5,0.724,1.3,97.44,2
travel_package,PKG-05,Dubai Extravaganza & Safari 5D4N,International Tour,45000.0,48500.0,115200.0,2.375,15,3,0.2,0.78,17,0,Winter Peak,1.5,Major Event,1.5,Family Group,0.91,0.1,0.761,5.3,100.0,3
travel_package,PKG-06,Himachal Adventure & Treks 6D5N,Adventure/Sports,17800.0,18200.0,11600.0,0.637,25,14,0.56,0.443,27,0,Monsoon (Low),0.75,Normal Day,1.0,Honeymooners,0.26,0.6,0.334,1.3,31.06,1
travel_package,PKG-07,Andaman Island Reef Explorer 5D4N,Island/Diving,32000.0,34900.0,79500.0,2.278,18,3,0.167,0.825,9,0,Winter Peak,1.5,Festival,1.45,Corporate Retreat,0.38,1.1,0.788,4.3,100.0,3
travel_package,PKG-08,Kerala Backwaters & Tea Hills 5D4N,Nature/Wellness,19500.0,19900.0,21100.0,1.06,35,16,0.457,0.544,19,0,Autumn Regular,1.0,Normal Day,1.0,Family Group,0.85,1.7,0.471,1.3,56.04,2
travel_package,PKG-01,Kashmir Paradise Valley Tour 6D5N,Hills/Scenic,28000.0,28300.0,60100.0,2.124,20,8,0.4,0.601,47,1,Winter Peak,1.5,Holiday,1.35,Honeymooners,0.31,2.8,0.791,3.3,100.0,6
travel_package,PKG-02,Goa Beach & Nightlife Getaway 4D3N,Coastal/Leisure,16500.0,15900.0,35500.0,2.233,30,13,0.433,0.571,40,1,Winter Peak,1.5,Holiday,1.35,Solo Backpacker,1.38,1.4,0.738,3.3,100.0,6
travel_package,PKG-03,Rajasthan Royal Palaces Safari 4D3N,Heritage/Luxury,24000.0,27000.0,49600.0,1.837,22,4,0.182,0.829,15,0,Spring Festive,1.25,Major Event,1.5,Honeymooners,0.25,1.2,0.794,7.3,100.0,4
travel_package,PKG-04,Golden Triangle Heritage 5D4N,Cultural/Heritage,21000.0,20400.0,15300.0,0.75,25,13,0.52,0.491,29,0,Monsoon (Low),0.75,Normal Day,1.0,Honeymooners,0.36,0.5,0.361,1.3,35.9,1
travel_package,PKG-05,Kerala Backwaters & Tea Hills 5D4N,Nature/Wellness,19500.0,21800.0,46900.0,2.151,35,2,0.057,0.945,10,1,Winter Peak,1.5,Festival,1.45,Corporate Retreat,0.4,0.8,0.787,5.3,100.0,2
travel_package,PKG-06,Goa Beach & Nightlife Getaway 4D3N,Coastal/Leisure,16500.0,18800.0,37500.0,1.995,30,2,0.067,0.95,10,1,Winter Peak,1.5,Holiday,1.35,Corporate Retreat,0.35,0.6,0.789,1.3,100.0,2
travel_package,PKG-07,Dubai Extravaganza & Safari 5D4N,International Tour,45000.0,46500.0,47000.0,1.011,15,5,0.333,0.642,22,0,Autumn Regular,1.0,Normal Day,1.0,Family Group,0.91,2.9,0.447,0.3,52.94,0
travel_package,PKG-08,Rajasthan Royal Palaces Safari 4D3N,Heritage/Luxury,24000.0,24800.0,40300.0,1.625,22,6,0.273,0.724,5,1,Autumn Regular,1.0,Festival,1.45,Family Group,0.91,3.0,0.651,3.3,83.49,5
travel_package,PKG-01,Himachal Adventure & Treks 6D5N,Adventure/Sports,17800.0,19800.0,18800.0,0.949,25,4,0.16,0.839,10,1,Monsoon (Low),0.75,Holiday,1.35,Honeymooners,0.35,2.0,0.567,5.3,66.67,4
travel_package,PKG-02,Kashmir Paradise Valley Tour 6D5N,Hills/Scenic,28000.0,27900.0,31800.0,1.14,20,8,0.4,0.624,32,1,Monsoon (Low),0.75,Festival,1.45,Family Group,0.97,0.2,0.447,0.3,53.28,1
travel_package,PKG-03,Dubai Extravaganza & Safari 5D4N,International Tour,45000.0,45800.0,50200.0,1.096,15,6,0.4,0.579,22,0,Autumn Regular,1.0,Normal Day,1.0,Family Group,0.87,1.2,0.409,1.3,46.92,2
travel_package,PKG-04,Kerala Backwaters & Tea Hills 5D4N,Nature/Wellness,19500.0,20000.0,21600.0,1.08,35,8,0.229,0.762,15,0,Autumn Regular,1.0,Normal Day,1.0,Corporate Retreat,0.4,0.7,0.457,0.3,50.48,0
travel_package,PKG-05,Himachal Adventure & Treks 6D5N,Adventure/Sports,17800.0,19500.0,36500.0,1.872,25,2,0.08,0.926,12,1,Spring Festive,1.25,Festival,1.45,Solo Backpacker,1.33,1.2,0.711,1.3,95.6,2
travel_package,PKG-06,Goa Beach & Nightlife Getaway 4D3N,Coastal/Leisure,16500.0,17200.0,26600.0,1.547,30,10,0.333,0.676,41,1,Autumn Regular,1.0,Festival,1.45,Family Group,0.98,1.0,0.606,4.3,77.32,5
travel_package,PKG-07,Golden Triangle Heritage 5D4N,Cultural/Heritage,21000.0,20700.0,53700.0,2.594,25,12,0.48,0.529,60,0,Winter Peak,1.5,Major Event,1.5,Solo Backpacker,1.28,2.3,0.743,8.3,100.0,11
travel_package,PKG-08,Goa Beach & Nightlife Getaway 4D3N,Coastal/Leisure,16500.0,15400.0,17300.0,1.123,30,14,0.467,0.52,34,0,Autumn Regular,1.0,Normal Day,1.0,Honeymooners,0.35,8.6,0.462,1.3,50.99,0
travel_package,PKG-01,Himachal Adventure & Treks 6D5N,Adventure/Sports,17800.0,17300.0,16500.0,0.954,25,14,0.56,0.422,44,0,Autumn Regular,1.0,Normal Day,1.0,Family Group,0.86,0.4,0.385,3.3,43.26,2
travel_package,PKG-02,Kerala Backwaters & Tea Hills 5D4N,Nature/Wellness,19500.0,20600.0,42200.0,2.049,35,12,0.343,0.644,42,0,Spring Festive,1.25,Major Event,1.5,Honeymooners,0.3,0.5,0.752,3.3,93.98,3
travel_package,PKG-03,Kerala Backwaters & Tea Hills 5D4N,Nature/Wellness,19500.0,19500.0,14300.0,0.733,35,22,0.629,0.377,43,0,Monsoon (Low),0.75,Normal Day,1.0,Solo Backpacker,1.37,5.3,0.229,0.3,23.65,0
travel_package,PKG-04,Rajasthan Royal Palaces Safari 4D3N,Heritage/Luxury,24000.0,24500.0,60800.0,2.482,22,4,0.182,0.808,6,0,Winter Peak,1.5,Major Event,1.5,Family Group,0.92,2.3,0.761,2.3,100.0,2
travel_package,PKG-05,Kashmir Paradise Valley Tour 6D5N,Hills/Scenic,28000.0,31200.0,74900.0,2.401,20,2,0.1,0.894,32,0,Winter Peak,1.5,Major Event,1.5,Corporate Retreat,0.46,1.1,0.784,5.3,100.0,2
travel_package,PKG-06,Goa Beach & Nightlife Getaway 4D3N,Coastal/Leisure,16500.0,17400.0,14600.0,0.839,30,13,0.433,0.581,6,0,Autumn Regular,1.0,Normal Day,1.0,Family Group,0.9,0.8,0.459,0.3,54.56,0
travel_package,PKG-07,Kashmir Paradise Valley Tour 6D5N,Hills/Scenic,28000.0,29300.0,27700.0,0.945,20,7,0.35,0.632,31,0,Autumn Regular,1.0,Normal Day,1.0,Family Group,0.93,0.6,0.4,0.3,45.95,0
travel_package,PKG-08,Golden Triangle Heritage 5D4N,Cultural/Heritage,21000.0,21300.0,23000.0,1.08,25,8,0.32,0.672,10,0,Autumn Regular,1.0,Normal Day,1.0,Corporate Retreat,0.39,4.3,0.509,1.3,58.28,0
travel_package,PKG-01,Rajasthan Royal Palaces Safari 4D3N,Heritage/Luxury,24000.0,24900.0,52300.0,2.1,22,5,0.227,0.751,3,0,Winter Peak,1.5,Major Event,1.5,Family Group,0.89,1.4,0.699,0.3,90.51,0
travel_package,PKG-02,Golden Triangle Heritage 5D4N,Cultural/Heritage,21000.0,20800.0,20300.0,0.976,25,12,0.48,0.539,33,1,Monsoon (Low),0.75,Holiday,1.35,Honeymooners,0.23,1.8,0.542,3.3,61.96,5
travel_package,PKG-03,Kashmir Paradise Valley Tour 6D5N,Hills/Scenic,28000.0,29500.0,22700.0,0.769,20,6,0.3,0.694,9,0,Monsoon (Low),0.75,Normal Day,1.0,Honeymooners,0.31,0.7,0.388,1.3,39.53,1
travel_package,PKG-04,Golden Triangle Heritage 5D4N,Cultural/Heritage,21000.0,23000.0,35600.0,1.548,25,4,0.16,0.83,5,1,Autumn Regular,1.0,Festival,1.45,Family Group,0.9,2.2,0.618,1.3,78.43,0
travel_package,PKG-05,Dubai Extravaganza & Safari 5D4N,International Tour,45000.0,50100.0,32100.0,0.641,15,6,0.4,0.623,9,0,Monsoon (Low),0.75,Normal Day,1.0,Honeymooners,0.31,2.4,0.365,1.3,36.08,1
travel_package,PKG-06,Rajasthan Royal Palaces Safari 4D3N,Heritage/Luxury,24000.0,25600.0,36800.0,1.438,22,5,0.227,0.772,5,1,Autumn Regular,1.0,Festival,1.45,Family Group,0.9,2.7,0.675,5.3,87.07,5
travel_package,PKG-07,Dubai Extravaganza & Safari 5D4N,International Tour,45000.0,44300.0,46400.0,1.047,15,11,0.733,0.297,60,0,Autumn Regular,1.0,Normal Day,1.0,Family Group,0.88,0.3,0.261,0.3,24.72,0
travel_package,PKG-08,Kashmir Paradise Valley Tour 6D5N,Hills/Scenic,28000.0,28200.0,43200.0,1.532,20,8,0.4,0.593,10,1,Autumn Regular,1.0,Holiday,1.35,Honeymooners,0.28,0.5,0.647,0.3,78.09,1
travel_package,PKG-01,Golden Triangle Heritage 5D4N,Cultural/Heritage,21000.0,21900.0,21200.0,0.968,25,9,0.36,0.659,16,0,Autumn Regular,1.0,Normal Day,1.0,Family Group,0.81,0.2,0.355,1.3,38.38,1
travel_package,PKG-02,Dubai Extravaganza & Safari 5D4N,International Tour,45000.0,49900.0,105600.0,2.116,15,3,0.2,0.813,36,0,Winter Peak,1.5,Major Event,1.5,Corporate Retreat,0.42,0.4,0.786,5.3,100.0,3
travel_package,PKG-03,Himachal Adventure & Treks 6D5N,Adventure/Sports,17800.0,18800.0,40600.0,2.16,25,4,0.16,0.821,21,1,Spring Festive,1.25,Festival,1.45,Honeymooners,0.32,5.7,0.791,3.3,100.0,4
travel_package,PKG-04,Andaman Island Reef Explorer 5D4N,Island/Diving,32000.0,31900.0,69600.0,2.182,18,7,0.389,0.609,25,1,Winter Peak,1.5,Holiday,1.35,Honeymooners,0.38,0.7,0.788,3.3,100.0,5
travel_package,PKG-05,Himachal Adventure & Treks 6D5N,Adventure/Sports,17800.0,17800.0,42100.0,2.365,25,11,0.44,0.557,37,0,Winter Peak,1.5,Major Event,1.5,Honeymooners,0.23,1.8,0.795,3.3,100.0,4
travel_package,PKG-06,Rajasthan Royal Palaces Safari 4D3N,Heritage/Luxury,24000.0,25000.0,20600.0,0.824,22,5,0.227,0.789,6,0,Monsoon (Low),0.75,Normal Day,1.0,Family Group,0.85,0.0,0.36,1.3,39.32,1
travel_package,PKG-07,Himachal Adventure & Treks 6D5N,Adventure/Sports,17800.0,18900.0,42000.0,2.222,25,1,0.04,0.95,9,0,Winter Peak,1.5,Major Event,1.5,Family Group,0.89,1.8,0.762,3.3,100.0,1
travel_package,PKG-08,Golden Triangle Heritage 5D4N,Cultural/Heritage,21000.0,21800.0,18500.0,0.849,25,12,0.48,0.512,5,0,Autumn Regular,1.0,Normal Day,1.0,Corporate Retreat,0.4,4.8,0.41,0.3,43.46,1
travel_package,PKG-01,Rajasthan Royal Palaces Safari 4D3N,Heritage/Luxury,24000.0,25100.0,30800.0,1.227,22,8,0.364,0.651,18,1,Autumn Regular,1.0,Holiday,1.35,Corporate Retreat,0.39,0.9,0.591,1.3,70.65,1
travel_package,PKG-02,Goa Beach & Nightlife Getaway 4D3N,Coastal/Leisure,16500.0,16500.0,16800.0,1.018,30,8,0.267,0.748,4,0,Autumn Regular,1.0,Normal Day,1.0,Honeymooners,0.3,1.7,0.444,0.3,47.86,1
travel_package,PKG-03,Himachal Adventure & Treks 6D5N,Adventure/Sports,17800.0,18400.0,28100.0,1.527,25,9,0.36,0.631,35,0,Spring Festive,1.25,Festival,1.45,Family Group,0.89,0.6,0.57,4.3,71.22,5
travel_package,PKG-04,Golden Triangle Heritage 5D4N,Cultural/Heritage,21000.0,22700.0,22900.0,1.009,25,7,0.28,0.732,5,0,Autumn Regular,1.0,Normal Day,1.0,Family Group,0.92,0.0,0.489,3.3,59.19,3
travel_package,PKG-05,Andaman Island Reef Explorer 5D4N,Island/Diving,32000.0,34200.0,61700.0,1.804,18,4,0.222,0.798,9,0,Spring Festive,1.25,Festival,1.45,Solo Backpacker,1.21,3.4,0.684,2.3,90.63,4
travel_package,PKG-06,Golden Triangle Heritage 5D4N,Cultural/Heritage,21000.0,21300.0,28000.0,1.315,25,11,0.44,0.555,32,1,Autumn Regular,1.0,Holiday,1.35,Honeymooners,0.31,2.2,0.553,1.3,64.26,1
travel_package,PKG-07,Kerala Backwaters & Tea Hills 5D4N,Nature/Wellness,19500.0,19200.0,14200.0,0.74,35,18,0.514,0.492,19,0,Monsoon (Low),0.75,Normal Day,1.0,Family Group,0.82,1.6,0.333,2.3,35.16,1
travel_package,PKG-08,Golden Triangle Heritage 5D4N,Cultural/Heritage,21000.0,24300.0,52300.0,2.152,25,1,0.04,0.95,3,0,Winter Peak,1.5,Festival,1.45,Honeymooners,0.35,1.5,0.782,2.3,98.88,1
travel_package,PKG-01,Golden Triangle Heritage 5D4N,Cultural/Heritage,21000.0,20800.0,20900.0,1.005,25,13,0.52,0.486,21,0,Autumn Regular,1.0,Normal Day,1.0,Corporate Retreat,0.39,2.0,0.455,2.3,50.23,4
travel_package,PKG-02,Rajasthan Royal Palaces Safari 4D3N,Heritage/Luxury,24000.0,23600.0,25000.0,1.059,22,10,0.455,0.564,17,0,Autumn Regular,1.0,Normal Day,1.0,Solo Backpacker,1.3,1.1,0.335,1.3,38.97,0
travel_package,PKG-03,Golden Triangle Heritage 5D4N,Cultural/Heritage,21000.0,21900.0,40400.0,1.845,25,8,0.32,0.691,13,0,Spring Festive,1.25,Major Event,1.5,Solo Backpacker,1.31,0.7,0.636,2.3,84.19,1
travel_package,PKG-04,Kashmir Paradise Valley Tour 6D5N,Hills/Scenic,28000.0,27500.0,28800.0,1.047,20,7,0.35,0.635,23,0,Autumn Regular,1.0,Normal Day,1.0,Corporate Retreat,0.39,0.1,0.403,1.3,42.34,1
travel_package,PKG-05,Andaman Island Reef Explorer 5D4N,Island/Diving,32000.0,31800.0,60500.0,1.903,18,7,0.389,0.636,35,0,Spring Festive,1.25,Major Event,1.5,Family Group,0.94,1.4,0.638,0.3,81.77,1
travel_package,PKG-06,Andaman Island Reef Explorer 5D4N,Island/Diving,32000.0,33700.0,53100.0,1.576,18,3,0.167,0.825,6,1,Autumn Regular,1.0,Holiday,1.35,Honeymooners,0.28,1.6,0.793,4.3,100.0,3
travel_package,PKG-07,Goa Beach & Nightlife Getaway 4D3N,Coastal/Leisure,16500.0,17200.0,36500.0,2.122,30,8,0.267,0.735,15,1,Winter Peak,1.5,Holiday,1.35,Family Group,0.9,1.2,0.762,5.3,100.0,7
travel_package,PKG-08,Dubai Extravaganza & Safari 5D4N,International Tour,45000.0,45100.0,86600.0,1.92,15,5,0.333,0.677,28,0,Spring Festive,1.25,Major Event,1.5,Family Group,0.84,0.9,0.679,3.3,87.22,3
travel_package,PKG-01,Rajasthan Royal Palaces Safari 4D3N,Heritage/Luxury,24000.0,24900.0,39200.0,1.574,22,6,0.273,0.727,4,1,Autumn Regular,1.0,Festival,1.45,Honeymooners,0.33,0.4,0.691,2.3,85.1,3
travel_package,PKG-02,Rajasthan Royal Palaces Safari 4D3N,Heritage/Luxury,24000.0,24500.0,22700.0,0.927,22,8,0.364,0.62,14,0,Autumn Regular,1.0,Normal Day,1.0,Corporate Retreat,0.38,3.1,0.417,1.3,44.34,2
travel_package,PKG-03,Kashmir Paradise Valley Tour 6D5N,Hills/Scenic,28000.0,26700.0,21800.0,0.816,20,11,0.55,0.429,15,0,Monsoon (Low),0.75,Normal Day,1.0,Corporate Retreat,0.42,1.3,0.361,0.3,36.32,0
travel_package,PKG-04,Goa Beach & Nightlife Getaway 4D3N,Coastal/Leisure,16500.0,18100.0,27100.0,1.497,30,6,0.2,0.805,6,1,Autumn Regular,1.0,Holiday,1.35,Family Group,0.92,4.2,0.659,0.3,84.82,0
travel_package,PKG-05,Goa Beach & Nightlife Getaway 4D3N,Coastal/Leisure,16500.0,16700.0,32900.0,1.97,30,14,0.467,0.549,48,1,Winter Peak,1.5,Holiday,1.35,Family Group,0.87,1.0,0.712,1.3,92.26,1
travel_package,PKG-06,Rajasthan Royal Palaces Safari 4D3N,Heritage/Luxury,24000.0,27500.0,18400.0,0.669,22,4,0.182,0.84,9,0,Monsoon (Low),0.75,Normal Day,1.0,Honeymooners,0.3,3.3,0.417,0.3,43.87,0
travel_package,PKG-07,Goa Beach & Nightlife Getaway 4D3N,Coastal/Leisure,16500.0,17700.0,36300.0,2.051,30,11,0.367,0.642,29,1,Winter Peak,1.5,Festival,1.45,Solo Backpacker,1.38,3.1,0.738,4.3,100.0,5
travel_package,PKG-08,Golden Triangle Heritage 5D4N,Cultural/Heritage,21000.0,21100.0,17700.0,0.839,25,9,0.36,0.658,15,0,Monsoon (Low),0.75,Normal Day,1.0,Family Group,0.89,1.4,0.301,0.3,30.82,1
travel_package,PKG-01,Andaman Island Reef Explorer 5D4N,Island/Diving,32000.0,34900.0,30100.0,0.862,18,5,0.278,0.749,9,1,Monsoon (Low),0.75,Holiday,1.35,Solo Backpacker,1.37,0.4,0.468,4.3,59.54,2
travel_package,PKG-02,Rajasthan Royal Palaces Safari 4D3N,Heritage/Luxury,24000.0,27200.0,51800.0,1.904,22,1,0.045,0.95,4,1,Winter Peak,1.5,Festival,1.45,Honeymooners,0.26,2.8,0.794,2.3,100.0,1
travel_package,PKG-03,Kashmir Paradise Valley Tour 6D5N,Hills/Scenic,28000.0,32400.0,71500.0,2.207,20,1,0.05,0.95,13,1,Winter Peak,1.5,Festival,1.45,Family Group,0.94,1.2,0.76,3.3,100.0,1
travel_package,PKG-04,Kerala Backwaters & Tea Hills 5D4N,Nature/Wellness,19500.0,22000.0,37100.0,1.686,35,8,0.229,0.782,38,0,Spring Festive,1.25,Major Event,1.5,Family Group,0.83,0.8,0.752,7.3,98.02,8
travel_package,PKG-05,Dubai Extravaganza & Safari 5D4N,International Tour,45000.0,46300.0,46000.0,0.994,15,5,0.333,0.639,12,0,Autumn Regular,1.0,Normal Day,1.0,Family Group,0.83,2.0,0.401,1.3,45.45,0
travel_package,PKG-06,Rajasthan Royal Palaces Safari 4D3N,Heritage/Luxury,24000.0,25500.0,31400.0,1.231,22,7,0.318,0.702,5,1,Autumn Regular,1.0,Holiday,1.35,Honeymooners,0.24,1.8,0.626,1.3,74.72,1
travel_package,PKG-07,Dubai Extravaganza & Safari 5D4N,International Tour,45000.0,47900.0,83400.0,1.741,15,3,0.2,0.787,3,1,Spring Festive,1.25,Holiday,1.35,Family Group,0.98,3.0,0.689,0.3,89.76,0
travel_package,PKG-08,Himachal Adventure & Treks 6D5N,Adventure/Sports,17800.0,19500.0,47600.0,2.441,25,1,0.04,0.95,6,0,Winter Peak,1.5,Major Event,1.5,Family Group,0.89,0.6,0.762,4.3,100.0,1
travel_package,PKG-01,Himachal Adventure & Treks 6D5N,Adventure/Sports,17800.0,19100.0,46100.0,2.414,25,5,0.2,0.798,4,1,Winter Peak,1.5,Festival,1.45,Honeymooners,0.35,1.4,0.789,3.3,100.0,3
travel_package,PKG-02,Kashmir Paradise Valley Tour 6D5N,Hills/Scenic,28000.0,27000.0,27700.0,1.026,20,14,0.7,0.314,60,0,Autumn Regular,1.0,Normal Day,1.0,Solo Backpacker,1.37,3.2,0.322,3.3,37.59,1
travel_package,PKG-03,Himachal Adventure & Treks 6D5N,Adventure/Sports,17800.0,18500.0,18100.0,0.978,25,10,0.4,0.582,31,0,Autumn Regular,1.0,Normal Day,1.0,Family Group,0.96,2.2,0.362,0.3,40.47,0
travel_package,PKG-04,Kashmir Paradise Valley Tour 6D5N,Hills/Scenic,28000.0,30500.0,23200.0,0.761,20,6,0.3,0.711,9,0,Monsoon (Low),0.75,Normal Day,1.0,Honeymooners,0.32,0.6,0.413,3.3,43.36,3
travel_package,PKG-05,Dubai Extravaganza & Safari 5D4N,International Tour,45000.0,46900.0,98600.0,2.102,15,5,0.333,0.668,42,0,Winter Peak,1.5,Festival,1.45,Honeymooners,0.32,0.4,0.791,3.3,100.0,5
travel_package,PKG-06,Dubai Extravaganza & Safari 5D4N,International Tour,45000.0,46900.0,88500.0,1.887,15,4,0.267,0.723,12,0,Spring Festive,1.25,Major Event,1.5,Honeymooners,0.35,0.1,0.698,2.3,86.39,2
travel_package,PKG-07,Himachal Adventure & Treks 6D5N,Adventure/Sports,17800.0,17500.0,18000.0,1.029,25,12,0.48,0.513,46,0,Autumn Regular,1.0,Normal Day,1.0,Honeymooners,0.3,3.2,0.457,0.3,49.77,0
travel_package,PKG-08,Kerala Backwaters & Tea Hills 5D4N,Nature/Wellness,19500.0,19300.0,14900.0,0.772,35,18,0.514,0.49,35,0,Monsoon (Low),0.75,Normal Day,1.0,Solo Backpacker,1.31,2.7,0.253,2.3,26.84,1
travel_package,PKG-01,Kashmir Paradise Valley Tour 6D5N,Hills/Scenic,28000.0,31000.0,42900.0,1.384,20,5,0.25,0.759,12,1,Autumn Regular,1.0,Festival,1.45,Family Group,0.9,3.8,0.577,0.3,72.28,0
travel_package,PKG-02,Kerala Backwaters & Tea Hills 5D4N,Nature/Wellness,19500.0,21300.0,34000.0,1.596,35,8,0.229,0.773,21,1,Spring Festive,1.25,Holiday,1.35,Family Group,0.9,4.3,0.695,4.3,90.03,3
travel_package,PKG-03,Andaman Island Reef Explorer 5D4N,Island/Diving,32000.0,32400.0,34900.0,1.077,18,5,0.278,0.706,3,1,Monsoon (Low),0.75,Holiday,1.35,Corporate Retreat,0.38,1.2,0.6,3.3,71.92,2
travel_package,PKG-04,Kashmir Paradise Valley Tour 6D5N,Hills/Scenic,28000.0,31100.0,50600.0,1.627,20,4,0.2,0.821,12,1,Spring Festive,1.25,Festival,1.45,Honeymooners,0.3,3.3,0.744,1.3,92.8,1
travel_package,PKG-05,Kerala Backwaters & Tea Hills 5D4N,Nature/Wellness,19500.0,20000.0,18700.0,0.935,35,12,0.343,0.669,3,0,Autumn Regular,1.0,Normal Day,1.0,Honeymooners,0.29,1.1,0.501,1.3,56.27,2
travel_package,PKG-06,Kashmir Paradise Valley Tour 6D5N,Hills/Scenic,28000.0,29200.0,70900.0,2.428,20,3,0.15,0.842,18,0,Winter Peak,1.5,Major Event,1.5,Family Group,0.88,1.4,0.763,4.3,100.0,3
travel_package,PKG-07,Rajasthan Royal Palaces Safari 4D3N,Heritage/Luxury,24000.0,24700.0,24700.0,1.0,22,8,0.364,0.653,12,0,Autumn Regular,1.0,Normal Day,1.0,Solo Backpacker,1.31,3.4,0.374,1.3,44.92,2
travel_package,PKG-08,Kerala Backwaters & Tea Hills 5D4N,Nature/Wellness,19500.0,20000.0,48400.0,2.42,35,13,0.371,0.62,27,0,Winter Peak,1.5,Major Event,1.5,Solo Backpacker,1.29,0.7,0.742,3.3,100.0,3
travel_package,PKG-01,Kerala Backwaters & Tea Hills 5D4N,Nature/Wellness,19500.0,19600.0,19700.0,1.005,35,15,0.429,0.564,37,0,Autumn Regular,1.0,Normal Day,1.0,Honeymooners,0.29,1.1,0.431,0.3,45.8,0
travel_package,PKG-02,Himachal Adventure & Treks 6D5N,Adventure/Sports,17800.0,18900.0,18400.0,0.974,25,11,0.44,0.545,30,0,Autumn Regular,1.0,Normal Day,1.0,Honeymooners,0.31,1.9,0.41,2.3,42.79,2
travel_package,PKG-03,Kerala Backwaters & Tea Hills 5D4N,Nature/Wellness,19500.0,20300.0,19700.0,0.97,35,9,0.257,0.741,8,1,Monsoon (Low),0.75,Holiday,1.35,Family Group,0.79,2.2,0.557,2.3,68.42,4
travel_package,PKG-04,Goa Beach & Nightlife Getaway 4D3N,Coastal/Leisure,16500.0,17700.0,40700.0,2.299,30,10,0.333,0.678,28,0,Winter Peak,1.5,Major Event,1.5,Solo Backpacker,1.43,0.5,0.713,4.3,96.75,6
travel_package,PKG-05,Goa Beach & Nightlife Getaway 4D3N,Coastal/Leisure,16500.0,16300.0,26700.0,1.638,30,9,0.3,0.695,23,1,Autumn Regular,1.0,Festival,1.45,Solo Backpacker,1.3,0.5,0.633,5.3,83.71,6
travel_package,PKG-06,Himachal Adventure & Treks 6D5N,Adventure/Sports,17800.0,18400.0,17200.0,0.935,25,9,0.36,0.62,14,1,Monsoon (Low),0.75,Holiday,1.35,Honeymooners,0.34,2.7,0.503,4.3,57.01,6
travel_package,PKG-07,Dubai Extravaganza & Safari 5D4N,International Tour,45000.0,48100.0,52200.0,1.085,15,2,0.133,0.869,3,1,Monsoon (Low),0.75,Festival,1.45,Honeymooners,0.29,4.6,0.622,2.3,74.42,2
travel_package,PKG-08,Golden Triangle Heritage 5D4N,Cultural/Heritage,21000.0,21700.0,20700.0,0.954,25,9,0.36,0.639,19,0,Autumn Regular,1.0,Normal Day,1.0,Honeymooners,0.29,2.0,0.439,0.3,47.03,1
travel_package,PKG-01,Kerala Backwaters & Tea Hills 5D4N,Nature/Wellness,19500.0,20200.0,19600.0,0.97,35,13,0.371,0.64,31,0,Autumn Regular,1.0,Normal Day,1.0,Honeymooners,0.35,2.5,0.398,1.3,41.34,1
travel_package,PKG-02,Goa Beach & Nightlife Getaway 4D3N,Coastal/Leisure,16500.0,16500.0,23700.0,1.436,30,11,0.367,0.629,25,1,Autumn Regular,1.0,Holiday,1.35,Family Group,0.95,1.7,0.583,1.3,73.61,1
travel_package,PKG-03,Kerala Backwaters & Tea Hills 5D4N,Nature/Wellness,19500.0,19700.0,14200.0,0.721,35,12,0.343,0.654,30,0,Monsoon (Low),0.75,Normal Day,1.0,Honeymooners,0.27,0.7,0.343,1.3,32.53,1
travel_package,PKG-04,Rajasthan Royal Palaces Safari 4D3N,Heritage/Luxury,24000.0,24000.0,18500.0,0.771,22,10,0.455,0.559,7,0,Monsoon (Low),0.75,Normal Day,1.0,Solo Backpacker,1.36,0.3,0.273,0.3,30.16,0
travel_package,PKG-05,Goa Beach & Nightlife Getaway 4D3N,Coastal/Leisure,16500.0,18100.0,38900.0,2.149,30,3,0.1,0.9,8,0,Winter Peak,1.5,Major Event,1.5,Honeymooners,0.31,1.0,0.791,2.3,100.0,3
travel_package,PKG-06,Kashmir Paradise Valley Tour 6D5N,Hills/Scenic,28000.0,25800.0,28500.0,1.105,20,11,0.55,0.433,20,0,Autumn Regular,1.0,Normal Day,1.0,Family Group,0.87,0.7,0.319,1.3,33.42,0
travel_package,PKG-07,Kashmir Paradise Valley Tour 6D5N,Hills/Scenic,28000.0,29000.0,23500.0,0.81,20,6,0.3,0.681,7,0,Monsoon (Low),0.75,Normal Day,1.0,Honeymooners,0.33,1.6,0.401,4.3,41.69,4
travel_package,PKG-08,Kerala Backwaters & Tea Hills 5D4N,Nature/Wellness,19500.0,19800.0,45200.0,2.283,35,13,0.371,0.625,18,0,Winter Peak,1.5,Festival,1.45,Family Group,0.91,0.2,0.761,6.3,100.0,10
travel_package,PKG-01,Dubai Extravaganza & Safari 5D4N,International Tour,45000.0,47800.0,47000.0,0.983,15,3,0.2,0.813,4,0,Autumn Regular,1.0,Normal Day,1.0,Solo Backpacker,1.31,1.4,0.405,1.3,49.55,1
travel_package,PKG-02,Dubai Extravaganza & Safari 5D4N,International Tour,45000.0,45400.0,96100.0,2.117,15,8,0.533,0.449,60,0,Winter Peak,1.5,Festival,1.45,Solo Backpacker,1.3,2.5,0.63,1.3,83.2,2
travel_package,PKG-03,Himachal Adventure & Treks 6D5N,Adventure/Sports,17800.0,18400.0,19900.0,1.082,25,2,0.08,0.909,3,0,Autumn Regular,1.0,Normal Day,1.0,Solo Backpacker,1.35,0.8,0.418,0.3,51.88,0
travel_package,PKG-04,Himachal Adventure & Treks 6D5N,Adventure/Sports,17800.0,17800.0,19000.0,1.067,25,10,0.4,0.615,6,0,Autumn Regular,1.0,Normal Day,1.0,Family Group,0.87,2.0,0.434,2.3,50.58,2
travel_package,PKG-05,Dubai Extravaganza & Safari 5D4N,International Tour,45000.0,48400.0,53200.0,1.099,15,4,0.267,0.737,19,1,Monsoon (Low),0.75,Festival,1.45,Solo Backpacker,1.32,1.1,0.448,1.3,56.07,2
travel_package,PKG-06,Rajasthan Royal Palaces Safari 4D3N,Heritage/Luxury,24000.0,22700.0,24700.0,1.088,22,11,0.5,0.489,11,0,Autumn Regular,1.0,Normal Day,1.0,Corporate Retreat,0.39,1.4,0.462,3.3,51.23,3
travel_package,PKG-07,Kerala Backwaters & Tea Hills 5D4N,Nature/Wellness,19500.0,20200.0,31300.0,1.55,35,9,0.257,0.738,4,1,Autumn Regular,1.0,Festival,1.45,Solo Backpacker,1.26,3.2,0.599,3.3,78.3,4
travel_package,PKG-08,Kerala Backwaters & Tea Hills 5D4N,Nature/Wellness,19500.0,19600.0,22400.0,1.143,35,17,0.486,0.51,48,1,Autumn Regular,1.0,Holiday,1.35,Honeymooners,0.36,3.2,0.636,3.3,77.1,4
travel_package,PKG-01,Andaman Island Reef Explorer 5D4N,Island/Diving,32000.0,31700.0,24300.0,0.767,18,6,0.333,0.653,12,0,Monsoon (Low),0.75,Normal Day,1.0,Family Group,0.84,0.6,0.336,1.3,35.77,1
travel_package,PKG-02,Golden Triangle Heritage 5D4N,Cultural/Heritage,21000.0,22300.0,16700.0,0.749,25,8,0.32,0.692,18,0,Monsoon (Low),0.75,Normal Day,1.0,Solo Backpacker,1.35,1.2,0.284,0.3,31.72,1
travel_package,PKG-03,Kashmir Paradise Valley Tour 6D5N,Hills/Scenic,28000.0,27200.0,27400.0,1.007,20,13,0.65,0.369,60,0,Autumn Regular,1.0,Normal Day,1.0,Solo Backpacker,1.31,1.2,0.335,1.3,39.11,0
travel_package,PKG-04,Dubai Extravaganza & Safari 5D4N,International Tour,45000.0,46600.0,100100.0,2.148,15,3,0.2,0.78,40,0,Winter Peak,1.5,Major Event,1.5,Honeymooners,0.4,2.9,0.787,2.3,100.0,3
travel_package,PKG-05,Himachal Adventure & Treks 6D5N,Adventure/Sports,17800.0,19800.0,45200.0,2.283,25,7,0.28,0.732,23,1,Winter Peak,1.5,Festival,1.45,Family Group,0.88,0.3,0.763,2.3,100.0,4
travel_package,PKG-06,Goa Beach & Nightlife Getaway 4D3N,Coastal/Leisure,16500.0,17700.0,16300.0,0.921,30,10,0.333,0.666,24,1,Monsoon (Low),0.75,Holiday,1.35,Corporate Retreat,0.44,0.8,0.514,3.3,59.47,6
travel_package,PKG-07,Kerala Backwaters & Tea Hills 5D4N,Nature/Wellness,19500.0,21000.0,44800.0,2.133,35,9,0.257,0.755,55,0,Winter Peak,1.5,Major Event,1.5,Family Group,0.93,1.1,0.76,6.3,100.0,9
travel_package,PKG-08,Rajasthan Royal Palaces Safari 4D3N,Heritage/Luxury,24000.0,25900.0,21000.0,0.811,22,3,0.136,0.863,11,0,Monsoon (Low),0.75,Normal Day,1.0,Family Group,0.9,2.2,0.382,1.3,43.05,1
travel_package,PKG-01,Golden Triangle Heritage 5D4N,Cultural/Heritage,21000.0,21800.0,21200.0,0.972,25,12,0.48,0.502,13,1,Monsoon (Low),0.75,Holiday,1.35,Family Group,0.85,1.0,0.449,3.3,52.78,4
travel_package,PKG-02,Andaman Island Reef Explorer 5D4N,Island/Diving,32000.0,31900.0,42800.0,1.342,18,8,0.444,0.546,13,1,Autumn Regular,1.0,Holiday,1.35,Honeymooners,0.23,1.9,0.627,1.3,74.71,1
travel_package,PKG-03,Andaman Island Reef Explorer 5D4N,Island/Diving,32000.0,34000.0,69100.0,2.032,18,5,0.278,0.746,3,0,Winter Peak,1.5,Festival,1.45,Honeymooners,0.35,4.8,0.789,3.3,100.0,5
travel_package,PKG-04,Andaman Island Reef Explorer 5D4N,Island/Diving,32000.0,34600.0,64400.0,1.861,18,2,0.111,0.894,3,1,Spring Festive,1.25,Holiday,1.35,Honeymooners,0.28,0.0,0.793,5.3,100.0,2
travel_package,PKG-05,Goa Beach & Nightlife Getaway 4D3N,Coastal/Leisure,16500.0,16600.0,12100.0,0.729,30,12,0.4,0.591,14,0,Monsoon (Low),0.75,Normal Day,1.0,Corporate Retreat,0.35,0.6,0.378,1.3,38.38,1
travel_package,PKG-06,Rajasthan Royal Palaces Safari 4D3N,Heritage/Luxury,24000.0,26300.0,42900.0,1.631,22,3,0.136,0.858,8,0,Spring Festive,1.25,Festival,1.45,Family Group,0.92,3.5,0.71,2.3,92.33,0
travel_package,PKG-07,Kashmir Paradise Valley Tour 6D5N,Hills/Scenic,28000.0,28400.0,22500.0,0.792,20,10,0.5,0.52,43,0,Monsoon (Low),0.75,Normal Day,1.0,Corporate Retreat,0.41,0.4,0.372,0.3,37.86,1
travel_package,PKG-08,Kerala Backwaters & Tea Hills 5D4N,Nature/Wellness,19500.0,20500.0,38000.0,1.854,35,8,0.229,0.775,17,0,Spring Festive,1.25,Major Event,1.5,Honeymooners,0.33,2.0,0.79,4.3,100.0,6
travel_package,PKG-01,Goa Beach & Nightlife Getaway 4D3N,Coastal/Leisure,16500.0,17500.0,24400.0,1.394,30,9,0.3,0.699,20,1,Autumn Regular,1.0,Holiday,1.35,Family Group,0.9,0.8,0.593,1.3,74.69,2
travel_package,PKG-02,Kashmir Paradise Valley Tour 6D5N,Hills/Scenic,28000.0,29000.0,31000.0,1.069,20,4,0.2,0.795,25,0,Autumn Regular,1.0,Normal Day,1.0,Solo Backpacker,1.23,2.4,0.453,1.3,56.23,0
travel_package,PKG-03,Andaman Island Reef Explorer 5D4N,Island/Diving,32000.0,34300.0,75200.0,2.192,18,4,0.222,0.785,21,0,Winter Peak,1.5,Festival,1.45,Honeymooners,0.32,1.4,0.791,3.3,100.0,4
travel_package,PKG-04,Goa Beach & Nightlife Getaway 4D3N,Coastal/Leisure,16500.0,16200.0,17300.0,1.068,30,13,0.433,0.551,15,1,Monsoon (Low),0.75,Festival,1.45,Solo Backpacker,1.27,2.0,0.486,3.3,61.48,1
travel_package,PKG-05,Kashmir Paradise Valley Tour 6D5N,Hills/Scenic,28000.0,28000.0,26000.0,0.929,20,11,0.55,0.466,20,0,Autumn Regular,1.0,Normal Day,1.0,Family Group,0.94,3.9,0.414,1.3,48.11,1
travel_package,PKG-06,Himachal Adventure & Treks 6D5N,Adventure/Sports,17800.0,19900.0,39600.0,1.99,25,6,0.24,0.755,7,0,Spring Festive,1.25,Major Event,1.5,Family Group,0.91,1.4,0.74,4.3,96.85,6
travel_package,PKG-07,Himachal Adventure & Treks 6D5N,Adventure/Sports,17800.0,17900.0,20000.0,1.117,25,8,0.32,0.663,18,0,Autumn Regular,1.0,Normal Day,1.0,Honeymooners,0.27,1.5,0.435,0.3,46.34,1
travel_package,PKG-08,Himachal Adventure & Treks 6D5N,Adventure/Sports,17800.0,18800.0,43100.0,2.293,25,4,0.16,0.858,14,0,Winter Peak,1.5,Festival,1.45,Corporate Retreat,0.39,0.1,0.787,5.3,100.0,3
travel_package,PKG-01,Kashmir Paradise Valley Tour 6D5N,Hills/Scenic,28000.0,29500.0,31600.0,1.071,20,6,0.3,0.714,3,0,Autumn Regular,1.0,Normal Day,1.0,Family Group,0.9,3.3,0.378,1.3,42.38,1
travel_package,PKG-02,Kashmir Paradise Valley Tour 6D5N,Hills/Scenic,28000.0,29000.0,67800.0,2.338,20,4,0.2,0.785,7,0,Winter Peak,1.5,Major Event,1.5,Family Group,0.88,1.0,0.763,1.3,100.0,2
travel_package,PKG-03,Golden Triangle Heritage 5D4N,Cultural/Heritage,21000.0,19600.0,44800.0,2.286,25,17,0.68,0.337,60,0,Winter Peak,1.5,Festival,1.45,Honeymooners,0.3,0.8,0.792,5.3,100.0,7
travel_package,PKG-04,Kashmir Paradise Valley Tour 6D5N,Hills/Scenic,28000.0,27300.0,26600.0,0.974,20,13,0.65,0.337,60,0,Autumn Regular,1.0,Normal Day,1.0,Solo Backpacker,1.32,0.8,0.342,1.3,40.16,2
travel_package,PKG-05,Goa Beach & Nightlife Getaway 4D3N,Coastal/Leisure,16500.0,17300.0,39400.0,2.277,30,12,0.4,0.617,25,0,Winter Peak,1.5,Major Event,1.5,Family Group,0.82,1.0,0.766,3.3,100.0,4
travel_package,PKG-06,Kerala Backwaters & Tea Hills 5D4N,Nature/Wellness,19500.0,21100.0,45600.0,2.161,35,8,0.229,0.781,3,0,Winter Peak,1.5,Major Event,1.5,Family Group,0.87,2.6,0.763,4.3,100.0,7
travel_package,PKG-07,Golden Triangle Heritage 5D4N,Cultural/Heritage,21000.0,21700.0,48500.0,2.235,25,5,0.2,0.798,13,0,Winter Peak,1.5,Major Event,1.5,Honeymooners,0.38,1.6,0.788,6.3,100.0,5
travel_package,PKG-08,Rajasthan Royal Palaces Safari 4D3N,Heritage/Luxury,24000.0,26600.0,65300.0,2.455,22,1,0.045,0.95,5,0,Winter Peak,1.5,Major Event,1.5,Honeymooners,0.25,2.1,0.794,6.3,100.0,1
travel_package,PKG-01,Kashmir Paradise Valley Tour 6D5N,Hills/Scenic,28000.0,28000.0,36200.0,1.293,20,11,0.55,0.436,35,1,Autumn Regular,1.0,Holiday,1.35,Solo Backpacker,1.28,0.2,0.525,2.3,67.39,3
travel_package,PKG-02,Kerala Backwaters & Tea Hills 5D4N,Nature/Wellness,19500.0,21200.0,48000.0,2.264,35,9,0.257,0.749,7,0,Winter Peak,1.5,Major Event,1.5,Family Group,0.96,1.0,0.759,1.3,100.0,1
travel_package,PKG-03,Rajasthan Royal Palaces Safari 4D3N,Heritage/Luxury,24000.0,23900.0,24400.0,1.021,22,10,0.455,0.544,23,0,Autumn Regular,1.0,Normal Day,1.0,Family Group,0.92,1.2,0.404,3.3,46.55,0
travel_package,PKG-04,Kashmir Paradise Valley Tour 6D5N,Hills/Scenic,28000.0,31200.0,29700.0,0.952,20,7,0.35,0.629,22,0,Autumn Regular,1.0,Normal Day,1.0,Corporate Retreat,0.33,1.5,0.485,2.3,54.17,3
travel_package,PKG-05,Goa Beach & Nightlife Getaway 4D3N,Coastal/Leisure,16500.0,18900.0,37700.0,1.995,30,2,0.067,0.946,3,0,Winter Peak,1.5,Major Event,1.5,Honeymooners,0.18,2.4,0.798,6.3,100.0,2
travel_package,PKG-06,Andaman Island Reef Explorer 5D4N,Island/Diving,32000.0,32200.0,25800.0,0.801,18,8,0.444,0.579,4,0,Monsoon (Low),0.75,Normal Day,1.0,Honeymooners,0.37,2.5,0.377,1.3,38.33,2
travel_package,PKG-07,Rajasthan Royal Palaces Safari 4D3N,Heritage/Luxury,24000.0,25200.0,34900.0,1.385,22,9,0.409,0.591,47,1,Autumn Regular,1.0,Holiday,1.35,Solo Backpacker,1.39,1.5,0.502,3.3,64.75,3
travel_package,PKG-08,Kashmir Paradise Valley Tour 6D5N,Hills/Scenic,28000.0,31300.0,51900.0,1.658,20,6,0.3,0.697,18,1,Spring Festive,1.25,Festival,1.45,Family Group,0.9,0.7,0.68,2.3,87.71,3
travel_package,PKG-01,Golden Triangle Heritage 5D4N,Cultural/Heritage,21000.0,23000.0,50500.0,2.196,25,2,0.08,0.907,16,1,Winter Peak,1.5,Holiday,1.35,Honeymooners,0.33,0.5,0.79,2.3,100.0,1
travel_package,PKG-02,Dubai Extravaganza & Safari 5D4N,International Tour,45000.0,45000.0,43600.0,0.969,15,6,0.4,0.578,15,0,Autumn Regular,1.0,Normal Day,1.0,Corporate Retreat,0.42,1.4,0.445,4.3,48.87,1
travel_package,PKG-03,Dubai Extravaganza & Safari 5D4N,International Tour,45000.0,41700.0,36300.0,0.871,15,10,0.667,0.343,60,0,Autumn Regular,1.0,Normal Day,1.0,Family Group,0.98,1.8,0.338,0.3,37.06,0
travel_package,PKG-04,Andaman Island Reef Explorer 5D4N,Island/Diving,32000.0,36800.0,56300.0,1.53,18,1,0.056,0.95,4,1,Autumn Regular,1.0,Festival,1.45,Family Group,0.87,1.5,0.716,2.3,92.94,1
travel_package,PKG-05,Andaman Island Reef Explorer 5D4N,Island/Diving,32000.0,34000.0,58300.0,1.715,18,2,0.111,0.889,15,1,Spring Festive,1.25,Holiday,1.35,Corporate Retreat,0.42,2.1,0.709,0.3,88.57,1
travel_package,PKG-06,Andaman Island Reef Explorer 5D4N,Island/Diving,32000.0,31900.0,22700.0,0.712,18,6,0.333,0.65,11,0,Monsoon (Low),0.75,Normal Day,1.0,Honeymooners,0.31,0.9,0.353,1.3,34.3,1
travel_package,PKG-07,Himachal Adventure & Treks 6D5N,Adventure/Sports,17800.0,17200.0,40900.0,2.378,25,12,0.48,0.525,57,0,Winter Peak,1.5,Festival,1.45,Family Group,0.94,1.6,0.76,2.3,100.0,3
travel_package,PKG-08,Goa Beach & Nightlife Getaway 4D3N,Coastal/Leisure,16500.0,17900.0,33200.0,1.855,30,3,0.1,0.887,25,1,Spring Festive,1.25,Festival,1.45,Honeymooners,0.32,1.9,0.768,1.3,96.57,2
travel_package,PKG-01,Dubai Extravaganza & Safari 5D4N,International Tour,45000.0,45000.0,37100.0,0.824,15,5,0.333,0.699,11,0,Monsoon (Low),0.75,Normal Day,1.0,Corporate Retreat,0.38,0.6,0.399,1.3,41.72,0
travel_package,PKG-02,Rajasthan Royal Palaces Safari 4D3N,Heritage/Luxury,24000.0,24300.0,19000.0,0.782,22,10,0.455,0.551,22,0,Monsoon (Low),0.75,Normal Day,1.0,Honeymooners,0.28,0.2,0.326,1.3,30.01,2
travel_package,PKG-03,Andaman Island Reef Explorer 5D4N,Island/Diving,32000.0,35100.0,60300.0,1.718,18,3,0.167,0.837,12,1,Spring Festive,1.25,Festival,1.45,Corporate Retreat,0.45,4.9,0.784,5.3,100.0,3
travel_package,PKG-04,Andaman Island Reef Explorer 5D4N,Island/Diving,32000.0,33100.0,85000.0,2.568,18,2,0.111,0.866,26,0,Winter Peak,1.5,Major Event,1.5,Solo Backpacker,1.33,2.9,0.74,2.3,100.0,2
travel_package,PKG-05,Himachal Adventure & Treks 6D5N,Adventure/Sports,17800.0,18900.0,49100.0,2.598,25,5,0.2,0.79,10,0,Winter Peak,1.5,Major Event,1.5,Corporate Retreat,0.41,2.1,0.786,4.3,100.0,5
travel_package,PKG-06,Golden Triangle Heritage 5D4N,Cultural/Heritage,21000.0,21600.0,49100.0,2.273,25,11,0.44,0.557,41,0,Winter Peak,1.5,Major Event,1.5,Family Group,0.98,1.3,0.758,2.3,100.0,2
travel_package,PKG-07,Golden Triangle Heritage 5D4N,Cultural/Heritage,21000.0,22400.0,16800.0,0.75,25,8,0.32,0.686,12,0,Monsoon (Low),0.75,Normal Day,1.0,Corporate Retreat,0.43,2.6,0.457,2.3,50.82,2
travel_package,PKG-08,Himachal Adventure & Treks 6D5N,Adventure/Sports,17800.0,18900.0,16000.0,0.847,25,12,0.48,0.508,25,0,Autumn Regular,1.0,Normal Day,1.0,Solo Backpacker,1.32,1.9,0.4,2.3,48.93,3
travel_package,PKG-01,Goa Beach & Nightlife Getaway 4D3N,Coastal/Leisure,16500.0,15900.0,16900.0,1.063,30,13,0.433,0.556,30,0,Autumn Regular,1.0,Normal Day,1.0,Honeymooners,0.29,2.5,0.406,1.3,42.12,0
travel_package,PKG-02,Kashmir Paradise Valley Tour 6D5N,Hills/Scenic,28000.0,30500.0,29400.0,0.964,20,5,0.25,0.737,5,1,Monsoon (Low),0.75,Festival,1.45,Family Group,0.9,2.0,0.583,5.3,73.26,5
travel_package,PKG-03,Rajasthan Royal Palaces Safari 4D3N,Heritage/Luxury,24000.0,25400.0,47100.0,1.854,22,5,0.227,0.771,18,0,Spring Festive,1.25,Major Event,1.5,Honeymooners,0.29,0.2,0.72,1.3,89.2,1
travel_package,PKG-04,Rajasthan Royal Palaces Safari 4D3N,Heritage/Luxury,24000.0,26700.0,63800.0,2.39,22,1,0.045,0.95,15,0,Winter Peak,1.5,Festival,1.45,Solo Backpacker,1.3,1.6,0.742,2.3,100.0,1
travel_package,PKG-05,Golden Triangle Heritage 5D4N,Cultural/Heritage,21000.0,20800.0,15400.0,0.74,25,14,0.56,0.446,30,0,Monsoon (Low),0.75,Normal Day,1.0,Honeymooners,0.29,0.5,0.306,0.3,27.01,0
travel_package,PKG-06,Andaman Island Reef Explorer 5D4N,Island/Diving,32000.0,38900.0,85500.0,2.198,18,2,0.111,0.913,23,0,Winter Peak,1.5,Festival,1.45,Corporate Retreat,0.42,0.6,0.786,3.3,100.0,2
travel_package,PKG-07,Kerala Backwaters & Tea Hills 5D4N,Nature/Wellness,19500.0,19600.0,25800.0,1.316,35,10,0.286,0.725,17,1,Autumn Regular,1.0,Holiday,1.35,Solo Backpacker,1.23,1.0,0.593,2.3,77.15,1
travel_package,PKG-08,Rajasthan Royal Palaces Safari 4D3N,Heritage/Luxury,24000.0,24700.0,25300.0,1.024,22,8,0.364,0.657,13,0,Autumn Regular,1.0,Normal Day,1.0,Honeymooners,0.28,2.0,0.465,0.3,50.84,0
travel_package,PKG-01,Golden Triangle Heritage 5D4N,Cultural/Heritage,21000.0,21500.0,15900.0,0.74,25,12,0.48,0.53,11,0,Monsoon (Low),0.75,Normal Day,1.0,Family Group,0.86,0.9,0.341,1.3,36.62,1
travel_package,PKG-02,Rajasthan Royal Palaces Safari 4D3N,Heritage/Luxury,24000.0,24900.0,26100.0,1.048,22,9,0.409,0.574,14,0,Autumn Regular,1.0,Normal Day,1.0,Family Group,0.91,1.2,0.455,1.3,54.02,1
travel_package,PKG-03,Himachal Adventure & Treks 6D5N,Adventure/Sports,17800.0,17400.0,11700.0,0.672,25,18,0.72,0.295,60,0,Monsoon (Low),0.75,Normal Day,1.0,Corporate Retreat,0.37,0.8,0.302,1.3,27.11,0
travel_package,PKG-04,Dubai Extravaganza & Safari 5D4N,International Tour,45000.0,44100.0,64600.0,1.465,15,6,0.4,0.577,23,1,Autumn Regular,1.0,Festival,1.45,Family Group,0.8,1.7,0.705,4.3,90.81,5
travel_package,PKG-05,Himachal Adventure & Treks 6D5N,Adventure/Sports,17800.0,17500.0,21500.0,1.229,25,15,0.6,0.397,40,1,Autumn Regular,1.0,Festival,1.45,Honeymooners,0.23,1.5,0.609,3.3,72.01,4
travel_package,PKG-06,Kashmir Paradise Valley Tour 6D5N,Hills/Scenic,28000.0,28900.0,32100.0,1.111,20,6,0.3,0.688,24,0,Autumn Regular,1.0,Normal Day,1.0,Family Group,0.87,2.2,0.438,3.3,51.23,4
travel_package,PKG-07,Dubai Extravaganza & Safari 5D4N,International Tour,45000.0,46800.0,92700.0,1.981,15,3,0.2,0.784,15,0,Spring Festive,1.25,Major Event,1.5,Corporate Retreat,0.38,0.7,0.774,3.3,98.02,3
travel_package,PKG-08,Golden Triangle Heritage 5D4N,Cultural/Heritage,21000.0,19600.0,19000.0,0.969,25,15,0.6,0.389,53,0,Autumn Regular,1.0,Normal Day,1.0,Corporate Retreat,0.47,0.4,0.427,1.3,46.6,1
travel_package,PKG-01,Goa Beach & Nightlife Getaway 4D3N,Coastal/Leisure,16500.0,17300.0,30100.0,1.74,30,10,0.333,0.68,31,0,Spring Festive,1.25,Major Event,1.5,Honeymooners,0.34,3.3,0.709,3.3,87.96,5
travel_package,PKG-02,Rajasthan Royal Palaces Safari 4D3N,Heritage/Luxury,24000.0,25000.0,18200.0,0.728,22,6,0.273,0.739,6,0,Monsoon (Low),0.75,Normal Day,1.0,Family Group,0.88,0.6,0.337,1.3,36.14,1
travel_package,PKG-03,Goa Beach & Nightlife Getaway 4D3N,Coastal/Leisure,16500.0,17900.0,31800.0,1.777,30,4,0.133,0.853,18,0,Spring Festive,1.25,Major Event,1.5,Honeymooners,0.38,1.8,0.769,4.3,97.17,4
travel_package,PKG-04,Goa Beach & Nightlife Getaway 4D3N,Coastal/Leisure,16500.0,16700.0,16600.0,0.994,30,13,0.433,0.57,15,0,Autumn Regular,1.0,Normal Day,1.0,Family Group,0.87,2.6,0.385,1.3,43.22,2
travel_package,PKG-05,Dubai Extravaganza & Safari 5D4N,International Tour,45000.0,47400.0,48500.0,1.023,15,5,0.333,0.673,8,0,Autumn Regular,1.0,Normal Day,1.0,Honeymooners,0.28,0.6,0.413,1.3,42.99,1
travel_package,PKG-06,Goa Beach & Nightlife Getaway 4D3N,Coastal/Leisure,16500.0,17400.0,39800.0,2.287,30,8,0.267,0.726,16,0,Winter Peak,1.5,Major Event,1.5,Solo Backpacker,1.26,3.4,0.744,5.3,100.0,8
travel_package,PKG-07,Golden Triangle Heritage 5D4N,Cultural/Heritage,21000.0,22000.0,49300.0,2.241,25,10,0.4,0.619,15,0,Winter Peak,1.5,Major Event,1.5,Honeymooners,0.37,2.1,0.788,1.3,100.0,1
travel_package,PKG-08,Andaman Island Reef Explorer 5D4N,Island/Diving,32000.0,34100.0,52600.0,1.543,18,3,0.167,0.832,10,1,Autumn Regular,1.0,Festival,1.45,Corporate Retreat,0.41,0.4,0.701,1.3,87.21,2
travel_package,PKG-01,Kashmir Paradise Valley Tour 6D5N,Hills/Scenic,28000.0,30200.0,57000.0,1.887,20,4,0.2,0.781,32,0,Winter Peak,1.5,Major Event,1.5,Honeymooners,0.27,2.7,0.767,2.3,96.1,3
travel_package,PKG-02,Kashmir Paradise Valley Tour 6D5N,Hills/Scenic,28000.0,30200.0,68600.0,2.272,20,3,0.15,0.849,5,0,Winter Peak,1.5,Festival,1.45,Corporate Retreat,0.46,0.5,0.784,2.3,100.0,3
travel_package,PKG-03,Kashmir Paradise Valley Tour 6D5N,Hills/Scenic,28000.0,28100.0,30300.0,1.078,20,11,0.55,0.462,35,1,Monsoon (Low),0.75,Holiday,1.35,Family Group,0.93,3.2,0.513,5.3,62.96,8
travel_package,PKG-04,Rajasthan Royal Palaces Safari 4D3N,Heritage/Luxury,24000.0,26300.0,24100.0,0.916,22,5,0.227,0.753,4,1,Monsoon (Low),0.75,Holiday,1.35,Family Group,0.89,0.6,0.475,0.3,56.86,1
travel_package,PKG-05,Golden Triangle Heritage 5D4N,Cultural/Heritage,21000.0,21600.0,17700.0,0.819,25,11,0.44,0.557,8,0,Monsoon (Low),0.75,Normal Day,1.0,Honeymooners,0.3,1.3,0.374,1.3,37.35,1
travel_package,PKG-06,Kerala Backwaters & Tea Hills 5D4N,Nature/Wellness,19500.0,19700.0,14100.0,0.716,35,11,0.314,0.683,7,0,Monsoon (Low),0.75,Normal Day,1.0,Family Group,0.88,2.2,0.308,1.3,31.87,0
travel_package,PKG-07,Golden Triangle Heritage 5D4N,Cultural/Heritage,21000.0,19900.0,29000.0,1.457,25,15,0.6,0.416,57,1,Autumn Regular,1.0,Holiday,1.35,Honeymooners,0.31,0.4,0.591,0.3,69.93,1
travel_package,PKG-08,Dubai Extravaganza & Safari 5D4N,International Tour,45000.0,46700.0,51300.0,1.099,15,5,0.333,0.664,9,0,Autumn Regular,1.0,Normal Day,1.0,Family Group,0.87,0.8,0.476,2.3,57.0,4
travel_package,PKG-01,Kerala Backwaters & Tea Hills 5D4N,Nature/Wellness,19500.0,19800.0,36800.0,1.859,35,12,0.343,0.662,14,0,Spring Festive,1.25,Festival,1.45,Honeymooners,0.24,1.4,0.697,2.3,85.31,2
travel_package,PKG-02,Kerala Backwaters & Tea Hills 5D4N,Nature/Wellness,19500.0,18600.0,19300.0,1.038,35,22,0.629,0.36,44,1,Monsoon (Low),0.75,Festival,1.45,Solo Backpacker,1.36,1.7,0.5,6.3,64.19,3
travel_package,PKG-03,Goa Beach & Nightlife Getaway 4D3N,Coastal/Leisure,16500.0,17100.0,18100.0,1.058,30,4,0.133,0.868,10,0,Autumn Regular,1.0,Normal Day,1.0,Family Group,0.89,4.9,0.474,2.3,56.84,1
travel_package,PKG-04,Kerala Backwaters & Tea Hills 5D4N,Nature/Wellness,19500.0,20900.0,41000.0,1.962,35,7,0.2,0.794,10,1,Spring Festive,1.25,Festival,1.45,Corporate Retreat,0.38,2.6,0.788,3.3,100.0,4
travel_package,PKG-05,Dubai Extravaganza & Safari 5D4N,International Tour,45000.0,46100.0,36300.0,0.787,15,6,0.4,0.584,13,0,Monsoon (Low),0.75,Normal Day,1.0,Solo Backpacker,1.29,0.3,0.252,0.3,26.47,0
travel_package,PKG-06,Goa Beach & Nightlife Getaway 4D3N,Coastal/Leisure,16500.0,18400.0,44500.0,2.418,30,2,0.067,0.943,6,0,Winter Peak,1.5,Festival,1.45,Honeymooners,0.28,1.5,0.793,3.3,100.0,2
travel_package,PKG-07,Kerala Backwaters & Tea Hills 5D4N,Nature/Wellness,19500.0,20800.0,36200.0,1.74,35,6,0.171,0.824,24,1,Spring Festive,1.25,Holiday,1.35,Honeymooners,0.35,0.4,0.789,4.3,100.0,6
travel_package,PKG-08,Kashmir Paradise Valley Tour 6D5N,Hills/Scenic,28000.0,30500.0,41400.0,1.357,20,4,0.2,0.78,7,1,Autumn Regular,1.0,Holiday,1.35,Honeymooners,0.25,0.6,0.679,6.3,82.69,4
travel_package,PKG-01,Kerala Backwaters & Tea Hills 5D4N,Nature/Wellness,19500.0,20500.0,37700.0,1.839,35,3,0.086,0.906,5,0,Spring Festive,1.25,Festival,1.45,Family Group,0.95,0.4,0.728,4.3,95.33,3
travel_package,PKG-02,Himachal Adventure & Treks 6D5N,Adventure/Sports,17800.0,19800.0,41500.0,2.096,25,1,0.04,0.95,10,1,Winter Peak,1.5,Festival,1.45,Honeymooners,0.29,0.2,0.792,4.3,100.0,1
travel_package,PKG-03,Kashmir Paradise Valley Tour 6D5N,Hills/Scenic,28000.0,27100.0,29500.0,1.089,20,8,0.4,0.588,5,0,Autumn Regular,1.0,Normal Day,1.0,Family Group,0.83,1.0,0.384,1.3,42.78,0
travel_package,PKG-04,Golden Triangle Heritage 5D4N,Cultural/Heritage,21000.0,22600.0,26300.0,1.164,25,8,0.32,0.7,30,1,Monsoon (Low),0.75,Festival,1.45,Solo Backpacker,1.3,0.2,0.486,2.3,61.6,3
travel_package,PKG-05,Kashmir Paradise Valley Tour 6D5N,Hills/Scenic,28000.0,30100.0,77900.0,2.588,20,1,0.05,0.95,7,1,Winter Peak,1.5,Festival,1.45,Family Group,0.89,3.1,0.762,4.3,100.0,1
travel_package,PKG-06,Goa Beach & Nightlife Getaway 4D3N,Coastal/Leisure,16500.0,17700.0,34700.0,1.96,30,2,0.067,0.95,7,0,Spring Festive,1.25,Major Event,1.5,Solo Backpacker,1.27,1.9,0.743,0.3,100.0,0
travel_package,PKG-07,Andaman Island Reef Explorer 5D4N,Island/Diving,32000.0,31100.0,57400.0,1.846,18,10,0.556,0.42,58,0,Spring Festive,1.25,Festival,1.45,Honeymooners,0.37,1.9,0.702,2.3,87.02,3
travel_package,PKG-08,Kashmir Paradise Valley Tour 6D5N,Hills/Scenic,28000.0,28300.0,20100.0,0.71,20,9,0.45,0.541,12,0,Monsoon (Low),0.75,Normal Day,1.0,Honeymooners,0.31,0.9,0.327,0.3,30.38,0
travel_package,PKG-01,Kerala Backwaters & Tea Hills 5D4N,Nature/Wellness,19500.0,20000.0,29200.0,1.46,35,13,0.371,0.619,7,1,Autumn Regular,1.0,Holiday,1.35,Honeymooners,0.32,2.3,0.655,2.3,79.65,2
travel_package,PKG-02,Andaman Island Reef Explorer 5D4N,Island/Diving,32000.0,33200.0,79700.0,2.401,18,7,0.389,0.639,60,0,Winter Peak,1.5,Major Event,1.5,Family Group,0.94,1.4,0.76,1.3,100.0,2
travel_package,PKG-03,Dubai Extravaganza & Safari 5D4N,International Tour,45000.0,42500.0,116700.0,2.746,15,6,0.4,0.608,60,0,Winter Peak,1.5,Major Event,1.5,Family Group,0.96,0.4,0.759,7.3,100.0,6
travel_package,PKG-04,Kerala Backwaters & Tea Hills 5D4N,Nature/Wellness,19500.0,20200.0,26500.0,1.312,35,15,0.429,0.578,40,1,Autumn Regular,1.0,Holiday,1.35,Honeymooners,0.3,1.1,0.685,7.3,83.94,10
travel_package,PKG-05,Dubai Extravaganza & Safari 5D4N,International Tour,45000.0,49000.0,107300.0,2.19,15,4,0.267,0.745,26,0,Winter Peak,1.5,Major Event,1.5,Honeymooners,0.36,1.1,0.789,0.3,100.0,0
travel_package,PKG-06,Andaman Island Reef Explorer 5D4N,Island/Diving,32000.0,33100.0,34300.0,1.036,18,7,0.389,0.592,4,0,Autumn Regular,1.0,Normal Day,1.0,Family Group,0.97,1.7,0.388,1.3,44.41,1
travel_package,PKG-07,Himachal Adventure & Treks 6D5N,Adventure/Sports,17800.0,19500.0,39400.0,2.021,25,7,0.28,0.737,22,0,Winter Peak,1.5,Festival,1.45,Honeymooners,0.28,0.9,0.793,1.3,100.0,1
travel_package,PKG-08,Dubai Extravaganza & Safari 5D4N,International Tour,45000.0,42900.0,82100.0,1.914,15,8,0.533,0.495,44,0,Spring Festive,1.25,Major Event,1.5,Family Group,0.91,0.9,0.668,2.3,86.02,2
travel_package,PKG-01,Kashmir Paradise Valley Tour 6D5N,Hills/Scenic,28000.0,30400.0,41400.0,1.362,20,7,0.35,0.66,24,1,Autumn Regular,1.0,Festival,1.45,Corporate Retreat,0.38,3.0,0.677,2.3,83.44,4
travel_package,PKG-02,Rajasthan Royal Palaces Safari 4D3N,Heritage/Luxury,24000.0,22100.0,22700.0,1.027,22,18,0.818,0.16,60,0,Autumn Regular,1.0,Normal Day,1.0,Family Group,0.88,0.9,0.307,0.3,31.66,0
travel_package,PKG-03,Rajasthan Royal Palaces Safari 4D3N,Heritage/Luxury,24000.0,24700.0,49300.0,1.996,22,8,0.364,0.651,17,0,Spring Festive,1.25,Major Event,1.5,Honeymooners,0.33,2.1,0.665,0.3,81.19,1
travel_package,PKG-04,Himachal Adventure & Treks 6D5N,Adventure/Sports,17800.0,18700.0,18400.0,0.984,25,8,0.32,0.668,10,0,Autumn Regular,1.0,Normal Day,1.0,Family Group,0.92,2.8,0.424,1.3,49.44,1
travel_package,PKG-05,Rajasthan Royal Palaces Safari 4D3N,Heritage/Luxury,24000.0,25700.0,27500.0,1.07,22,5,0.227,0.763,19,1,Monsoon (Low),0.75,Festival,1.45,Honeymooners,0.26,0.6,0.626,3.3,74.86,3
travel_package,PKG-06,Rajasthan Royal Palaces Safari 4D3N,Heritage/Luxury,24000.0,27100.0,25700.0,0.948,22,6,0.273,0.715,10,0,Autumn Regular,1.0,Normal Day,1.0,Solo Backpacker,1.31,1.5,0.374,2.3,44.9,0
travel_package,PKG-07,Goa Beach & Nightlife Getaway 4D3N,Coastal/Leisure,16500.0,17000.0,12200.0,0.718,30,9,0.3,0.706,13,0,Monsoon (Low),0.75,Normal Day,1.0,Solo Backpacker,1.27,1.9,0.304,0.3,34.11,0
travel_package,PKG-08,Goa Beach & Nightlife Getaway 4D3N,Coastal/Leisure,16500.0,17400.0,12300.0,0.707,30,8,0.267,0.717,3,0,Monsoon (Low),0.75,Normal Day,1.0,Family Group,0.82,1.7,0.327,0.3,34.18,1
travel_package,PKG-01,Rajasthan Royal Palaces Safari 4D3N,Heritage/Luxury,24000.0,26100.0,55800.0,2.138,22,10,0.455,0.538,60,0,Winter Peak,1.5,Major Event,1.5,Honeymooners,0.37,0.8,0.788,9.3,100.0,10
travel_package,PKG-02,Kerala Backwaters & Tea Hills 5D4N,Nature/Wellness,19500.0,21600.0,22300.0,1.032,35,5,0.143,0.847,13,0,Autumn Regular,1.0,Normal Day,1.0,Family Group,0.93,0.1,0.488,3.3,59.24,1
travel_package,PKG-03,Golden Triangle Heritage 5D4N,Cultural/Heritage,21000.0,20300.0,16800.0,0.828,25,11,0.44,0.571,28,0,Monsoon (Low),0.75,Normal Day,1.0,Family Group,0.86,1.4,0.372,0.3,41.24,1
travel_package,PKG-04,Goa Beach & Nightlife Getaway 4D3N,Coastal/Leisure,16500.0,17600.0,17300.0,0.983,30,7,0.233,0.78,5,0,Autumn Regular,1.0,Normal Day,1.0,Family Group,0.93,0.4,0.445,2.3,52.65,2
travel_package,PKG-05,Goa Beach & Nightlife Getaway 4D3N,Coastal/Leisure,16500.0,16500.0,22300.0,1.352,30,18,0.6,0.412,42,1,Autumn Regular,1.0,Festival,1.45,Honeymooners,0.3,2.3,0.629,2.3,75.62,3
travel_package,PKG-06,Andaman Island Reef Explorer 5D4N,Island/Diving,32000.0,32000.0,47100.0,1.472,18,9,0.5,0.48,30,1,Autumn Regular,1.0,Festival,1.45,Corporate Retreat,0.41,2.3,0.609,2.3,73.46,3
travel_package,PKG-07,Himachal Adventure & Treks 6D5N,Adventure/Sports,17800.0,20300.0,23800.0,1.172,25,4,0.16,0.832,13,0,Autumn Regular,1.0,Normal Day,1.0,Honeymooners,0.32,0.5,0.515,0.3,58.63,1
travel_package,PKG-08,Kerala Backwaters & Tea Hills 5D4N,Nature/Wellness,19500.0,19700.0,16400.0,0.832,35,12,0.343,0.65,6,0,Monsoon (Low),0.75,Normal Day,1.0,Honeymooners,0.28,1.9,0.398,1.3,40.76,2
travel_package,PKG-01,Rajasthan Royal Palaces Safari 4D3N,Heritage/Luxury,24000.0,24800.0,37200.0,1.5,22,7,0.318,0.671,29,1,Autumn Regular,1.0,Festival,1.45,Corporate Retreat,0.41,0.5,0.68,4.3,84.01,4
travel_package,PKG-02,Andaman Island Reef Explorer 5D4N,Island/Diving,32000.0,33500.0,47500.0,1.418,18,8,0.444,0.545,30,1,Autumn Regular,1.0,Holiday,1.35,Family Group,0.86,1.1,0.572,3.3,71.28,6
travel_package,PKG-03,Rajasthan Royal Palaces Safari 4D3N,Heritage/Luxury,24000.0,26100.0,47400.0,1.816,22,2,0.091,0.89,7,0,Spring Festive,1.25,Festival,1.45,Honeymooners,0.33,2.1,0.76,3.3,95.5,2
travel_package,PKG-04,Kerala Backwaters & Tea Hills 5D4N,Nature/Wellness,19500.0,19700.0,20900.0,1.061,35,11,0.314,0.682,15,0,Autumn Regular,1.0,Normal Day,1.0,Solo Backpacker,1.31,1.3,0.421,3.3,52.02,4
travel_package,PKG-05,Dubai Extravaganza & Safari 5D4N,International Tour,45000.0,47700.0,37200.0,0.78,15,3,0.2,0.784,6,0,Monsoon (Low),0.75,Normal Day,1.0,Family Group,0.92,0.6,0.378,2.3,42.66,1
travel_package,PKG-06,Rajasthan Royal Palaces Safari 4D3N,Heritage/Luxury,24000.0,26000.0,18800.0,0.723,22,6,0.273,0.708,5,0,Monsoon (Low),0.75,Normal Day,1.0,Family Group,0.93,0.5,0.369,2.3,41.26,0
travel_package,PKG-07,Himachal Adventure & Treks 6D5N,Adventure/Sports,17800.0,19100.0,14600.0,0.764,25,7,0.28,0.709,10,0,Monsoon (Low),0.75,Normal Day,1.0,Honeymooners,0.29,0.8,0.455,0.3,49.35,0
travel_package,PKG-08,Dubai Extravaganza & Safari 5D4N,International Tour,45000.0,47500.0,45600.0,0.96,15,4,0.267,0.736,5,0,Autumn Regular,1.0,Normal Day,1.0,Family Group,0.98,0.2,0.411,2.3,48.02,1
travel_package,PKG-01,Kerala Backwaters & Tea Hills 5D4N,Nature/Wellness,19500.0,19800.0,45900.0,2.318,35,15,0.429,0.565,57,0,Winter Peak,1.5,Major Event,1.5,Family Group,0.91,4.3,0.761,5.3,100.0,10
travel_package,PKG-02,Golden Triangle Heritage 5D4N,Cultural/Heritage,21000.0,20800.0,36400.0,1.75,25,12,0.48,0.513,25,1,Spring Festive,1.25,Festival,1.45,Family Group,0.92,1.6,0.659,2.3,84.79,3
travel_package,PKG-03,Kashmir Paradise Valley Tour 6D5N,Hills/Scenic,28000.0,28000.0,39700.0,1.418,20,5,0.25,0.75,16,1,Autumn Regular,1.0,Holiday,1.35,Family Group,0.92,0.9,0.599,1.3,75.72,2
travel_package,PKG-04,Himachal Adventure & Treks 6D5N,Adventure/Sports,17800.0,18200.0,25000.0,1.374,25,8,0.32,0.698,3,1,Autumn Regular,1.0,Festival,1.45,Honeymooners,0.25,0.9,0.695,5.3,85.11,7
travel_package,PKG-05,Dubai Extravaganza & Safari 5D4N,International Tour,45000.0,45400.0,34400.0,0.758,15,7,0.467,0.503,24,0,Monsoon (Low),0.75,Normal Day,1.0,Solo Backpacker,1.28,2.9,0.247,1.3,25.61,0
travel_package,PKG-06,Kerala Backwaters & Tea Hills 5D4N,Nature/Wellness,19500.0,19400.0,15300.0,0.789,35,15,0.429,0.566,8,0,Monsoon (Low),0.75,Normal Day,1.0,Family Group,0.87,0.6,0.317,0.3,33.12,1
travel_package,PKG-07,Golden Triangle Heritage 5D4N,Cultural/Heritage,21000.0,20100.0,22800.0,1.134,25,11,0.44,0.563,40,0,Autumn Regular,1.0,Normal Day,1.0,Corporate Retreat,0.35,1.7,0.446,1.3,48.58,1
travel_package,PKG-08,Himachal Adventure & Treks 6D5N,Adventure/Sports,17800.0,19400.0,13900.0,0.716,25,7,0.28,0.71,11,0,Monsoon (Low),0.75,Normal Day,1.0,Honeymooners,0.37,3.4,0.422,1.3,45.05,1
travel_package,PKG-01,Andaman Island Reef Explorer 5D4N,Island/Diving,32000.0,32700.0,47000.0,1.437,18,7,0.389,0.635,5,1,Autumn Regular,1.0,Holiday,1.35,Family Group,0.91,1.6,0.639,3.3,81.7,3
travel_package,PKG-02,Andaman Island Reef Explorer 5D4N,Island/Diving,32000.0,35700.0,70000.0,1.961,18,4,0.222,0.802,4,1,Winter Peak,1.5,Holiday,1.35,Solo Backpacker,1.28,0.5,0.743,2.3,100.0,3
travel_package,PKG-03,Goa Beach & Nightlife Getaway 4D3N,Coastal/Leisure,16500.0,17000.0,12700.0,0.747,30,10,0.333,0.659,5,0,Monsoon (Low),0.75,Normal Day,1.0,Family Group,0.98,2.0,0.369,1.3,41.77,0
travel_package,PKG-04,Golden Triangle Heritage 5D4N,Cultural/Heritage,21000.0,20500.0,47000.0,2.293,25,10,0.4,0.604,32,0,Winter Peak,1.5,Major Event,1.5,Family Group,0.86,1.8,0.764,2.3,100.0,4
travel_package,PKG-05,Golden Triangle Heritage 5D4N,Cultural/Heritage,21000.0,21500.0,42200.0,1.963,25,4,0.16,0.851,11,1,Spring Festive,1.25,Holiday,1.35,Honeymooners,0.28,0.4,0.793,2.3,100.0,1
travel_package,PKG-06,Andaman Island Reef Explorer 5D4N,Island/Diving,32000.0,31400.0,40600.0,1.293,18,9,0.5,0.517,5,1,Autumn Regular,1.0,Festival,1.45,Solo Backpacker,1.23,1.9,0.551,1.3,70.92,2
travel_package,PKG-07,Kerala Backwaters & Tea Hills 5D4N,Nature/Wellness,19500.0,21200.0,21800.0,1.028,35,10,0.286,0.703,24,1,Monsoon (Low),0.75,Holiday,1.35,Family Group,0.99,4.5,0.518,4.3,64.09,3
travel_package,PKG-08,Goa Beach & Nightlife Getaway 4D3N,Coastal/Leisure,16500.0,16200.0,16500.0,1.019,30,16,0.533,0.483,13,0,Autumn Regular,1.0,Normal Day,1.0,Family Group,0.83,3.7,0.44,2.3,51.2,2
travel_package,PKG-01,Kashmir Paradise Valley Tour 6D5N,Hills/Scenic,28000.0,31500.0,74900.0,2.378,20,5,0.25,0.766,9,0,Winter Peak,1.5,Major Event,1.5,Honeymooners,0.26,1.7,0.794,1.3,100.0,2
travel_package,PKG-02,Andaman Island Reef Explorer 5D4N,Island/Diving,32000.0,33200.0,33400.0,1.006,18,2,0.111,0.871,5,0,Autumn Regular,1.0,Normal Day,1.0,Solo Backpacker,1.34,2.1,0.417,1.3,51.66,0
travel_package,PKG-03,Golden Triangle Heritage 5D4N,Cultural/Heritage,21000.0,22000.0,48900.0,2.223,25,4,0.16,0.84,7,0,Winter Peak,1.5,Festival,1.45,Honeymooners,0.27,2.3,0.793,8.3,100.0,4
travel_package,PKG-04,Kerala Backwaters & Tea Hills 5D4N,Nature/Wellness,19500.0,21200.0,38300.0,1.807,35,11,0.314,0.678,4,0,Spring Festive,1.25,Major Event,1.5,Family Group,0.88,1.3,0.665,2.3,85.37,2
travel_package,PKG-05,Dubai Extravaganza & Safari 5D4N,International Tour,45000.0,43400.0,40500.0,0.933,15,11,0.733,0.283,60,0,Autumn Regular,1.0,Normal Day,1.0,Family Group,0.9,0.8,0.325,1.3,34.54,0
travel_package,PKG-06,Kerala Backwaters & Tea Hills 5D4N,Nature/Wellness,19500.0,20200.0,34700.0,1.718,35,12,0.343,0.656,33,1,Spring Festive,1.25,Holiday,1.35,Solo Backpacker,1.31,0.6,0.693,3.3,92.71,3
travel_package,PKG-07,Kashmir Paradise Valley Tour 6D5N,Hills/Scenic,28000.0,30100.0,30600.0,1.017,20,6,0.3,0.678,14,0,Autumn Regular,1.0,Normal Day,1.0,Family Group,0.93,0.1,0.437,1.3,51.47,0
travel_package,PKG-08,Goa Beach & Nightlife Getaway 4D3N,Coastal/Leisure,16500.0,17300.0,22400.0,1.295,30,12,0.4,0.61,20,1,Autumn Regular,1.0,Holiday,1.35,Honeymooners,0.33,0.8,0.656,6.3,79.85,8
travel_package,PKG-01,Himachal Adventure & Treks 6D5N,Adventure/Sports,17800.0,19200.0,46600.0,2.427,25,4,0.16,0.855,17,0,Winter Peak,1.5,Festival,1.45,Solo Backpacker,1.37,0.7,0.738,3.3,100.0,2
travel_package,PKG-02,Kerala Backwaters & Tea Hills 5D4N,Nature/Wellness,19500.0,19700.0,14900.0,0.756,35,17,0.486,0.524,48,0,Monsoon (Low),0.75,Normal Day,1.0,Family Group,0.95,0.5,0.298,0.3,30.78,0
travel_package,PKG-03,Dubai Extravaganza & Safari 5D4N,International Tour,45000.0,41200.0,60500.0,1.468,15,12,0.8,0.198,60,1,Autumn Regular,1.0,Festival,1.45,Family Group,0.88,1.7,0.543,2.3,67.08,3
travel_package,PKG-04,Andaman Island Reef Explorer 5D4N,Island/Diving,32000.0,31700.0,26500.0,0.836,18,9,0.5,0.499,11,0,Monsoon (Low),0.75,Normal Day,1.0,Family Group,0.9,3.2,0.293,0.3,29.63,0
travel_package,PKG-05,Golden Triangle Heritage 5D4N,Cultural/Heritage,21000.0,23700.0,47800.0,2.017,25,4,0.16,0.849,7,1,Winter Peak,1.5,Holiday,1.35,Honeymooners,0.29,1.3,0.792,3.3,100.0,4
travel_package,PKG-06,Kashmir Paradise Valley Tour 6D5N,Hills/Scenic,28000.0,27400.0,27700.0,1.011,20,13,0.65,0.347,46,0,Autumn Regular,1.0,Normal Day,1.0,Family Group,0.88,1.0,0.335,1.3,35.91,0
travel_package,PKG-07,Golden Triangle Heritage 5D4N,Cultural/Heritage,21000.0,21200.0,40100.0,1.892,25,12,0.48,0.529,60,1,Winter Peak,1.5,Holiday,1.35,Corporate Retreat,0.45,1.2,0.735,2.3,92.66,2
travel_package,PKG-08,Goa Beach & Nightlife Getaway 4D3N,Coastal/Leisure,16500.0,16300.0,19100.0,1.172,30,9,0.3,0.712,11,0,Autumn Regular,1.0,Normal Day,1.0,Honeymooners,0.3,1.2,0.527,3.3,60.34,2
travel_package,PKG-01,Dubai Extravaganza & Safari 5D4N,International Tour,45000.0,47300.0,69100.0,1.461,15,6,0.4,0.568,45,1,Autumn Regular,1.0,Festival,1.45,Solo Backpacker,1.31,1.7,0.634,5.3,83.94,6
travel_package,PKG-02,Kashmir Paradise Valley Tour 6D5N,Hills/Scenic,28000.0,30800.0,52700.0,1.711,20,6,0.3,0.711,36,0,Spring Festive,1.25,Festival,1.45,Family Group,0.89,0.8,0.676,4.3,87.08,5
travel_package,PKG-03,Dubai Extravaganza & Safari 5D4N,International Tour,45000.0,47100.0,47200.0,1.002,15,4,0.267,0.714,11,0,Autumn Regular,1.0,Normal Day,1.0,Solo Backpacker,1.32,1.1,0.397,0.3,48.44,0
travel_package,PKG-04,Goa Beach & Nightlife Getaway 4D3N,Coastal/Leisure,16500.0,17700.0,33300.0,1.881,30,2,0.067,0.921,7,1,Spring Festive,1.25,Holiday,1.35,Solo Backpacker,1.23,2.9,0.744,2.3,99.87,2
travel_package,PKG-05,Kashmir Paradise Valley Tour 6D5N,Hills/Scenic,28000.0,28800.0,23300.0,0.809,20,7,0.35,0.662,11,0,Monsoon (Low),0.75,Normal Day,1.0,Family Group,0.85,0.6,0.281,0.3,27.54,0
travel_package,PKG-06,Golden Triangle Heritage 5D4N,Cultural/Heritage,21000.0,22700.0,53700.0,2.366,25,1,0.04,0.95,13,0,Winter Peak,1.5,Major Event,1.5,Family Group,0.9,1.9,0.762,1.3,100.0,1
travel_package,PKG-07,Rajasthan Royal Palaces Safari 4D3N,Heritage/Luxury,24000.0,26300.0,59600.0,2.266,22,2,0.091,0.89,18,0,Winter Peak,1.5,Festival,1.45,Family Group,0.92,0.3,0.761,5.3,100.0,2
travel_package,PKG-08,Golden Triangle Heritage 5D4N,Cultural/Heritage,21000.0,21700.0,16300.0,0.751,25,7,0.28,0.721,3,0,Monsoon (Low),0.75,Normal Day,1.0,Corporate Retreat,0.42,0.5,0.297,0.3,26.72,0
travel_package,PKG-01,Rajasthan Royal Palaces Safari 4D3N,Heritage/Luxury,24000.0,24100.0,19900.0,0.826,22,12,0.545,0.46,37,0,Monsoon (Low),0.75,Normal Day,1.0,Family Group,0.86,0.1,0.274,0.3,26.61,0
travel_package,PKG-02,Dubai Extravaganza & Safari 5D4N,International Tour,45000.0,52600.0,104700.0,1.99,15,1,0.067,0.926,24,1,Winter Peak,1.5,Festival,1.45,Solo Backpacker,1.29,2.4,0.742,1.3,100.0,1
travel_package,PKG-03,Andaman Island Reef Explorer 5D4N,Island/Diving,32000.0,32300.0,30700.0,0.95,18,7,0.389,0.608,9,0,Autumn Regular,1.0,Normal Day,1.0,Honeymooners,0.37,0.3,0.423,0.3,45.29,1
travel_package,PKG-04,Golden Triangle Heritage 5D4N,Cultural/Heritage,21000.0,21200.0,21800.0,1.028,25,13,0.52,0.49,15,1,Monsoon (Low),0.75,Holiday,1.35,Family Group,0.87,1.3,0.377,1.3,42.05,0
travel_package,PKG-05,Kashmir Paradise Valley Tour 6D5N,Hills/Scenic,28000.0,29300.0,41400.0,1.413,20,4,0.2,0.825,23,1,Autumn Regular,1.0,Holiday,1.35,Honeymooners,0.25,0.9,0.751,3.3,93.57,4
travel_package,PKG-06,Rajasthan Royal Palaces Safari 4D3N,Heritage/Luxury,24000.0,23100.0,25100.0,1.087,22,9,0.409,0.591,4,0,Autumn Regular,1.0,Normal Day,1.0,Family Group,0.89,0.2,0.456,1.3,54.09,0
travel_package,PKG-07,Himachal Adventure & Treks 6D5N,Adventure/Sports,17800.0,17700.0,17500.0,0.989,25,12,0.48,0.524,30,0,Autumn Regular,1.0,Normal Day,1.0,Honeymooners,0.31,1.3,0.43,0.3,45.82,0
travel_package,PKG-08,Dubai Extravaganza & Safari 5D4N,International Tour,45000.0,45500.0,87300.0,1.919,15,5,0.333,0.651,12,0,Spring Festive,1.25,Major Event,1.5,Honeymooners,0.26,1.5,0.707,1.3,87.03,2
travel_package,PKG-01,Goa Beach & Nightlife Getaway 4D3N,Coastal/Leisure,16500.0,17200.0,40300.0,2.343,30,7,0.233,0.765,8,0,Winter Peak,1.5,Festival,1.45,Family Group,0.92,2.3,0.761,2.3,100.0,1
travel_package,PKG-02,Kashmir Paradise Valley Tour 6D5N,Hills/Scenic,28000.0,30100.0,66100.0,2.196,20,4,0.2,0.819,19,1,Winter Peak,1.5,Holiday,1.35,Solo Backpacker,1.29,2.1,0.742,6.3,100.0,4
travel_package,PKG-03,Golden Triangle Heritage 5D4N,Cultural/Heritage,21000.0,21600.0,41400.0,1.917,25,11,0.44,0.556,26,0,Spring Festive,1.25,Major Event,1.5,Honeymooners,0.36,1.0,0.719,5.3,89.59,5
travel_package,PKG-04,Golden Triangle Heritage 5D4N,Cultural/Heritage,21000.0,22900.0,38800.0,1.694,25,8,0.32,0.672,8,1,Spring Festive,1.25,Festival,1.45,Honeymooners,0.27,0.3,0.729,2.3,90.37,2
travel_package,PKG-05,Kerala Backwaters & Tea Hills 5D4N,Nature/Wellness,19500.0,20500.0,32500.0,1.585,35,9,0.257,0.753,4,1,Autumn Regular,1.0,Festival,1.45,Corporate Retreat,0.39,1.1,0.694,2.3,86.09,3
travel_package,PKG-06,Andaman Island Reef Explorer 5D4N,Island/Diving,32000.0,33700.0,77000.0,2.285,18,4,0.222,0.802,13,0,Winter Peak,1.5,Major Event,1.5,Honeymooners,0.36,1.6,0.789,3.3,100.0,4
travel_package,PKG-07,Himachal Adventure & Treks 6D5N,Adventure/Sports,17800.0,18400.0,19600.0,1.065,25,8,0.32,0.695,7,1,Monsoon (Low),0.75,Holiday,1.35,Family Group,0.87,2.0,0.52,4.3,63.56,5
travel_package,PKG-08,Golden Triangle Heritage 5D4N,Cultural/Heritage,21000.0,22100.0,23100.0,1.045,25,9,0.36,0.648,3,1,Monsoon (Low),0.75,Holiday,1.35,Family Group,0.92,2.7,0.541,5.3,67.07,4
travel_package,PKG-01,Andaman Island Reef Explorer 5D4N,Island/Diving,32000.0,32300.0,69200.0,2.142,18,5,0.278,0.712,5,0,Spring Festive,1.25,Major Event,1.5,Corporate Retreat,0.3,1.4,0.766,3.3,96.14,5
travel_package,PKG-02,Andaman Island Reef Explorer 5D4N,Island/Diving,32000.0,33400.0,60500.0,1.811,18,3,0.167,0.811,17,1,Spring Festive,1.25,Holiday,1.35,Honeymooners,0.27,2.3,0.765,1.3,95.73,0
travel_package,PKG-03,Kerala Backwaters & Tea Hills 5D4N,Nature/Wellness,19500.0,20400.0,49900.0,2.446,35,10,0.286,0.712,18,0,Winter Peak,1.5,Major Event,1.5,Family Group,0.87,1.2,0.763,6.3,100.0,9
travel_package,PKG-04,Kerala Backwaters & Tea Hills 5D4N,Nature/Wellness,19500.0,19900.0,46100.0,2.317,35,12,0.343,0.645,19,0,Winter Peak,1.5,Major Event,1.5,Honeymooners,0.31,0.1,0.791,4.3,100.0,8
travel_package,PKG-05,Goa Beach & Nightlife Getaway 4D3N,Coastal/Leisure,16500.0,17400.0,39700.0,2.282,30,8,0.267,0.748,30,0,Winter Peak,1.5,Festival,1.45,Family Group,0.94,1.5,0.75,3.3,98.5,4
travel_package,PKG-06,Andaman Island Reef Explorer 5D4N,Island/Diving,32000.0,33500.0,34300.0,1.024,18,7,0.389,0.611,9,0,Autumn Regular,1.0,Normal Day,1.0,Corporate Retreat,0.42,0.3,0.504,2.3,57.69,2
travel_package,PKG-07,Andaman Island Reef Explorer 5D4N,Island/Diving,32000.0,33800.0,33000.0,0.976,18,7,0.389,0.635,8,0,Autumn Regular,1.0,Normal Day,1.0,Family Group,0.89,1.4,0.41,0.3,47.16,0
travel_package,PKG-08,Kashmir Paradise Valley Tour 6D5N,Hills/Scenic,28000.0,28100.0,30600.0,1.089,20,7,0.35,0.635,6,1,Monsoon (Low),0.75,Holiday,1.35,Honeymooners,0.31,0.3,0.571,4.3,66.91,3
travel_package,PKG-01,Goa Beach & Nightlife Getaway 4D3N,Coastal/Leisure,16500.0,15600.0,13900.0,0.891,30,19,0.633,0.383,49,0,Autumn Regular,1.0,Normal Day,1.0,Honeymooners,0.3,1.8,0.411,1.3,42.87,2
travel_package,PKG-02,Andaman Island Reef Explorer 5D4N,Island/Diving,32000.0,35000.0,35400.0,1.011,18,4,0.222,0.787,3,0,Autumn Regular,1.0,Normal Day,1.0,Honeymooners,0.31,3.7,0.466,0.3,51.23,1
travel_package,PKG-03,Kashmir Paradise Valley Tour 6D5N,Hills/Scenic,28000.0,30300.0,68400.0,2.257,20,1,0.05,0.934,29,1,Winter Peak,1.5,Holiday,1.35,Solo Backpacker,1.29,0.8,0.742,2.3,100.0,1
travel_package,PKG-04,Rajasthan Royal Palaces Safari 4D3N,Heritage/Luxury,24000.0,24800.0,26800.0,1.081,22,9,0.409,0.569,19,1,Monsoon (Low),0.75,Festival,1.45,Family Group,0.85,6.0,0.604,5.3,75.95,5
travel_package,PKG-05,Golden Triangle Heritage 5D4N,Cultural/Heritage,21000.0,20700.0,16400.0,0.792,25,13,0.52,0.478,38,0,Monsoon (Low),0.75,Normal Day,1.0,Honeymooners,0.32,2.0,0.341,0.3,32.57,1
travel_package,PKG-06,Rajasthan Royal Palaces Safari 4D3N,Heritage/Luxury,24000.0,25500.0,39000.0,1.529,22,8,0.364,0.634,9,1,Autumn Regular,1.0,Festival,1.45,Corporate Retreat,0.37,0.3,0.687,2.3,84.82,4
travel_package,PKG-07,Rajasthan Royal Palaces Safari 4D3N,Heritage/Luxury,24000.0,23700.0,34100.0,1.439,22,8,0.364,0.647,8,1,Autumn Regular,1.0,Holiday,1.35,Corporate Retreat,0.5,0.3,0.625,2.3,76.55,3
travel_package,PKG-08,Goa Beach & Nightlife Getaway 4D3N,Coastal/Leisure,16500.0,16900.0,12800.0,0.757,30,19,0.633,0.372,52,0,Monsoon (Low),0.75,Normal Day,1.0,Family Group,0.9,0.3,0.22,2.3,18.74,2
travel_package,PKG-01,Rajasthan Royal Palaces Safari 4D3N,Heritage/Luxury,24000.0,27300.0,51700.0,1.894,22,3,0.136,0.848,10,0,Spring Festive,1.25,Major Event,1.5,Solo Backpacker,1.26,1.1,0.732,6.3,98.23,3
travel_package,PKG-02,Kashmir Paradise Valley Tour 6D5N,Hills/Scenic,28000.0,29900.0,63900.0,2.137,20,5,0.25,0.749,17,0,Winter Peak,1.5,Major Event,1.5,Honeymooners,0.29,0.8,0.792,3.3,100.0,4
travel_package,PKG-03,Kashmir Paradise Valley Tour 6D5N,Hills/Scenic,28000.0,29200.0,23400.0,0.801,20,10,0.5,0.508,51,1,Monsoon (Low),0.75,Holiday,1.35,Corporate Retreat,0.4,2.0,0.474,2.3,53.09,3
travel_package,PKG-04,Dubai Extravaganza & Safari 5D4N,International Tour,45000.0,47800.0,73800.0,1.544,15,4,0.267,0.764,17,1,Autumn Regular,1.0,Festival,1.45,Honeymooners,0.31,0.8,0.785,4.3,99.1,4
travel_package,PKG-05,Andaman Island Reef Explorer 5D4N,Island/Diving,32000.0,36400.0,61800.0,1.698,18,3,0.167,0.847,14,1,Spring Festive,1.25,Holiday,1.35,Honeymooners,0.26,0.1,0.743,4.3,92.35,3
travel_package,PKG-06,Golden Triangle Heritage 5D4N,Cultural/Heritage,21000.0,24400.0,22400.0,0.918,25,8,0.32,0.675,17,0,Autumn Regular,1.0,Normal Day,1.0,Family Group,0.84,2.0,0.428,1.3,49.43,1
travel_package,PKG-07,Himachal Adventure & Treks 6D5N,Adventure/Sports,17800.0,18900.0,20000.0,1.058,25,6,0.24,0.753,6,0,Autumn Regular,1.0,Normal Day,1.0,Family Group,0.86,1.0,0.457,1.3,53.95,0
travel_package,PKG-08,Kashmir Paradise Valley Tour 6D5N,Hills/Scenic,28000.0,26400.0,30100.0,1.14,20,13,0.65,0.334,57,1,Monsoon (Low),0.75,Festival,1.45,Family Group,0.83,0.9,0.508,4.3,61.43,3
travel_package,PKG-01,Kashmir Paradise Valley Tour 6D5N,Hills/Scenic,28000.0,30400.0,24100.0,0.793,20,6,0.3,0.718,4,0,Monsoon (Low),0.75,Normal Day,1.0,Honeymooners,0.3,1.2,0.398,1.3,40.95,1
travel_package,PKG-02,Golden Triangle Heritage 5D4N,Cultural/Heritage,21000.0,22500.0,45300.0,2.013,25,5,0.2,0.807,15,0,Spring Festive,1.25,Major Event,1.5,Family Group,0.91,1.5,0.697,1.3,90.39,1
travel_package,PKG-03,Kerala Backwaters & Tea Hills 5D4N,Nature/Wellness,19500.0,22000.0,30500.0,1.386,35,3,0.086,0.912,13,1,Autumn Regular,1.0,Holiday,1.35,Family Group,0.9,1.9,0.697,4.3,90.34,3
travel_package,PKG-04,Golden Triangle Heritage 5D4N,Cultural/Heritage,21000.0,21900.0,34100.0,1.557,25,6,0.24,0.749,35,1,Autumn Regular,1.0,Festival,1.45,Corporate Retreat,0.42,3.7,0.786,6.3,100.0,6
travel_package,PKG-05,Rajasthan Royal Palaces Safari 4D3N,Heritage/Luxury,24000.0,26900.0,50200.0,1.866,22,5,0.227,0.755,22,0,Winter Peak,1.5,Major Event,1.5,Honeymooners,0.28,0.7,0.783,2.3,98.5,3
travel_package,PKG-06,Kerala Backwaters & Tea Hills 5D4N,Nature/Wellness,19500.0,21600.0,48100.0,2.227,35,8,0.229,0.761,3,0,Winter Peak,1.5,Festival,1.45,Corporate Retreat,0.33,2.0,0.79,1.3,100.0,2
travel_package,PKG-07,Andaman Island Reef Explorer 5D4N,Island/Diving,32000.0,31300.0,27700.0,0.885,18,7,0.389,0.626,16,0,Monsoon (Low),0.75,Normal Day,1.0,Honeymooners,0.35,0.1,0.377,0.3,38.23,1
travel_package,PKG-08,Andaman Island Reef Explorer 5D4N,Island/Diving,32000.0,34500.0,21700.0,0.629,18,10,0.556,0.457,45,0,Monsoon (Low),0.75,Normal Day,1.0,Family Group,0.88,2.6,0.243,1.3,21.98,0
travel_package,PKG-01,Kashmir Paradise Valley Tour 6D5N,Hills/Scenic,28000.0,25600.0,26000.0,1.016,20,11,0.55,0.462,23,0,Autumn Regular,1.0,Normal Day,1.0,Family Group,0.89,1.3,0.34,0.3,36.75,0
travel_package,PKG-02,Goa Beach & Nightlife Getaway 4D3N,Coastal/Leisure,16500.0,16800.0,17500.0,1.042,30,13,0.433,0.562,17,0,Autumn Regular,1.0,Normal Day,1.0,Honeymooners,0.34,0.9,0.426,0.3,45.51,0
travel_package,PKG-03,Goa Beach & Nightlife Getaway 4D3N,Coastal/Leisure,16500.0,19000.0,17000.0,0.895,30,9,0.3,0.698,19,0,Autumn Regular,1.0,Normal Day,1.0,Honeymooners,0.27,1.0,0.416,1.3,43.43,2
travel_package,PKG-04,Kerala Backwaters & Tea Hills 5D4N,Nature/Wellness,19500.0,18600.0,13400.0,0.72,35,23,0.657,0.351,36,0,Monsoon (Low),0.75,Normal Day,1.0,Solo Backpacker,1.3,1.9,0.206,0.3,19.58,1
travel_package,PKG-05,Andaman Island Reef Explorer 5D4N,Island/Diving,32000.0,34100.0,31300.0,0.918,18,6,0.333,0.694,5,0,Autumn Regular,1.0,Normal Day,1.0,Family Group,0.9,2.6,0.457,1.3,54.24,0
travel_package,PKG-06,Goa Beach & Nightlife Getaway 4D3N,Coastal/Leisure,16500.0,17200.0,25800.0,1.5,30,6,0.2,0.789,10,1,Autumn Regular,1.0,Festival,1.45,Family Group,0.93,4.9,0.672,3.3,86.71,5
travel_package,PKG-07,Kerala Backwaters & Tea Hills 5D4N,Nature/Wellness,19500.0,21000.0,18300.0,0.871,35,9,0.257,0.748,10,0,Autumn Regular,1.0,Normal Day,1.0,Family Group,0.89,3.7,0.489,2.3,58.98,2
travel_package,PKG-08,Goa Beach & Nightlife Getaway 4D3N,Coastal/Leisure,16500.0,17200.0,12400.0,0.721,30,14,0.467,0.544,25,0,Monsoon (Low),0.75,Normal Day,1.0,Corporate Retreat,0.42,2.0,0.375,2.3,38.38,0
travel_package,PKG-01,Kashmir Paradise Valley Tour 6D5N,Hills/Scenic,28000.0,28800.0,21000.0,0.729,20,8,0.4,0.59,23,0,Monsoon (Low),0.75,Normal Day,1.0,Family Group,0.91,1.0,0.351,1.3,38.54,0
travel_package,PKG-02,Rajasthan Royal Palaces Safari 4D3N,Heritage/Luxury,24000.0,25700.0,56700.0,2.206,22,8,0.364,0.634,8,0,Winter Peak,1.5,Major Event,1.5,Family Group,0.9,6.6,0.762,5.3,100.0,6
travel_package,PKG-03,Andaman Island Reef Explorer 5D4N,Island/Diving,32000.0,32700.0,48100.0,1.471,18,8,0.444,0.563,17,1,Autumn Regular,1.0,Holiday,1.35,Corporate Retreat,0.39,0.2,0.599,2.3,71.82,1
travel_package,PKG-04,Rajasthan Royal Palaces Safari 4D3N,Heritage/Luxury,24000.0,26800.0,53400.0,1.993,22,5,0.227,0.786,30,1,Winter Peak,1.5,Holiday,1.35,Corporate Retreat,0.43,0.6,0.785,3.3,100.0,5
travel_package,PKG-05,Kerala Backwaters & Tea Hills 5D4N,Nature/Wellness,19500.0,22600.0,41200.0,1.823,35,5,0.143,0.848,30,1,Winter Peak,1.5,Holiday,1.35,Honeymooners,0.27,1.8,0.793,3.3,100.0,3
travel_package,PKG-06,Kashmir Paradise Valley Tour 6D5N,Hills/Scenic,28000.0,28900.0,28100.0,0.972,20,8,0.4,0.578,20,0,Autumn Regular,1.0,Normal Day,1.0,Family Group,0.9,0.7,0.379,2.3,42.64,0
travel_package,PKG-07,Rajasthan Royal Palaces Safari 4D3N,Heritage/Luxury,24000.0,24400.0,24400.0,1.0,22,7,0.318,0.685,16,1,Monsoon (Low),0.75,Holiday,1.35,Family Group,0.91,0.3,0.489,4.3,59.19,2
travel_package,PKG-08,Kerala Backwaters & Tea Hills 5D4N,Nature/Wellness,19500.0,22200.0,42400.0,1.91,35,4,0.114,0.894,10,0,Spring Festive,1.25,Major Event,1.5,Solo Backpacker,1.3,1.4,0.658,2.3,87.49,2
travel_package,PKG-01,Kashmir Paradise Valley Tour 6D5N,Hills/Scenic,28000.0,24500.0,19200.0,0.784,20,15,0.75,0.229,60,0,Monsoon (Low),0.75,Normal Day,1.0,Family Group,0.83,3.0,0.263,1.3,24.65,0
travel_package,PKG-02,Kerala Backwaters & Tea Hills 5D4N,Nature/Wellness,19500.0,20100.0,19300.0,0.96,35,18,0.514,0.493,21,0,Autumn Regular,1.0,Normal Day,1.0,Solo Backpacker,1.31,0.5,0.287,0.3,31.91,0
travel_package,PKG-03,Golden Triangle Heritage 5D4N,Cultural/Heritage,21000.0,22100.0,15600.0,0.706,25,8,0.32,0.668,12,0,Monsoon (Low),0.75,Normal Day,1.0,Honeymooners,0.24,0.9,0.414,2.3,42.9,1
travel_package,PKG-04,Kerala Backwaters & Tea Hills 5D4N,Nature/Wellness,19500.0,19400.0,19300.0,0.995,35,20,0.571,0.424,45,0,Autumn Regular,1.0,Normal Day,1.0,Solo Backpacker,1.37,0.2,0.258,1.3,27.96,1
travel_package,PKG-05,Goa Beach & Nightlife Getaway 4D3N,Coastal/Leisure,16500.0,16200.0,11800.0,0.728,30,12,0.4,0.608,16,0,Monsoon (Low),0.75,Normal Day,1.0,Corporate Retreat,0.42,1.0,0.356,0.3,35.59,1
travel_package,PKG-06,Andaman Island Reef Explorer 5D4N,Island/Diving,32000.0,32300.0,29900.0,0.926,18,7,0.389,0.597,18,0,Autumn Regular,1.0,Normal Day,1.0,Corporate Retreat,0.38,0.1,0.388,0.3,40.1,1
travel_package,PKG-07,Kashmir Paradise Valley Tour 6D5N,Hills/Scenic,28000.0,26400.0,19100.0,0.723,20,14,0.7,0.314,47,0,Monsoon (Low),0.75,Normal Day,1.0,Family Group,0.96,0.8,0.229,0.3,20.52,0
travel_package,PKG-08,Golden Triangle Heritage 5D4N,Cultural/Heritage,21000.0,23200.0,48500.0,2.091,25,7,0.28,0.714,12,0,Winter Peak,1.5,Festival,1.45,Solo Backpacker,1.24,1.1,0.745,1.3,100.0,2
travel_package,PKG-01,Dubai Extravaganza & Safari 5D4N,International Tour,45000.0,42200.0,58900.0,1.396,15,11,0.733,0.28,51,1,Autumn Regular,1.0,Festival,1.45,Corporate Retreat,0.38,0.3,0.628,4.3,76.04,4
travel_package,PKG-02,Kerala Backwaters & Tea Hills 5D4N,Nature/Wellness,19500.0,19600.0,14600.0,0.745,35,19,0.543,0.462,25,0,Monsoon (Low),0.75,Normal Day,1.0,Family Group,0.96,1.4,0.263,3.3,25.62,0
travel_package,PKG-03,Andaman Island Reef Explorer 5D4N,Island/Diving,32000.0,35500.0,35800.0,1.008,18,4,0.222,0.788,10,1,Monsoon (Low),0.75,Holiday,1.35,Family Group,0.85,0.5,0.496,1.3,59.72,0
travel_package,PKG-04,Andaman Island Reef Explorer 5D4N,Island/Diving,32000.0,33300.0,78300.0,2.351,18,5,0.278,0.702,14,1,Winter Peak,1.5,Festival,1.45,Honeymooners,0.26,4.1,0.794,0.3,100.0,1
travel_package,PKG-05,Golden Triangle Heritage 5D4N,Cultural/Heritage,21000.0,24400.0,52300.0,2.143,25,1,0.04,0.95,19,0,Winter Peak,1.5,Major Event,1.5,Honeymooners,0.31,0.2,0.791,7.3,100.0,1
travel_package,PKG-06,Dubai Extravaganza & Safari 5D4N,International Tour,45000.0,48400.0,66600.0,1.376,15,4,0.267,0.745,6,1,Autumn Regular,1.0,Holiday,1.35,Corporate Retreat,0.43,1.8,0.692,3.3,85.98,4
travel_package,PKG-07,Kerala Backwaters & Tea Hills 5D4N,Nature/Wellness,19500.0,21100.0,34400.0,1.63,35,5,0.143,0.848,27,1,Autumn Regular,1.0,Holiday,1.35,Family Group,0.88,1.5,0.616,1.3,78.0,1
travel_package,PKG-08,Dubai Extravaganza & Safari 5D4N,International Tour,45000.0,41300.0,36100.0,0.874,15,10,0.667,0.356,32,0,Monsoon (Low),0.75,Normal Day,1.0,Family Group,0.92,0.2,0.263,0.3,25.29,0
travel_package,PKG-01,Goa Beach & Nightlife Getaway 4D3N,Coastal/Leisure,16500.0,16500.0,16200.0,0.982,30,15,0.5,0.513,37,0,Autumn Regular,1.0,Normal Day,1.0,Honeymooners,0.28,1.3,0.412,4.3,42.85,4
travel_package,PKG-02,Golden Triangle Heritage 5D4N,Cultural/Heritage,21000.0,22100.0,57200.0,2.588,25,3,0.12,0.898,4,0,Winter Peak,1.5,Major Event,1.5,Family Group,0.92,4.9,0.761,1.3,100.0,2
travel_package,PKG-03,Andaman Island Reef Explorer 5D4N,Island/Diving,32000.0,34500.0,69300.0,2.009,18,5,0.278,0.736,29,0,Winter Peak,1.5,Festival,1.45,Family Group,0.85,0.7,0.749,4.3,97.76,5
travel_package,PKG-04,Goa Beach & Nightlife Getaway 4D3N,Coastal/Leisure,16500.0,16700.0,23100.0,1.383,30,12,0.4,0.604,46,1,Autumn Regular,1.0,Festival,1.45,Family Group,0.85,4.1,0.611,2.3,77.06,3
travel_package,PKG-05,Goa Beach & Nightlife Getaway 4D3N,Coastal/Leisure,16500.0,17400.0,33400.0,1.92,30,9,0.3,0.692,16,0,Spring Festive,1.25,Major Event,1.5,Solo Backpacker,1.3,0.5,0.613,2.3,80.63,4
travel_package,PKG-06,Himachal Adventure & Treks 6D5N,Adventure/Sports,17800.0,18500.0,31400.0,1.697,25,10,0.4,0.613,14,1,Spring Festive,1.25,Festival,1.45,Family Group,0.98,1.4,0.703,3.3,91.77,5
travel_package,PKG-07,Himachal Adventure & Treks 6D5N,Adventure/Sports,17800.0,18000.0,14700.0,0.817,25,13,0.52,0.462,37,0,Autumn Regular,1.0,Normal Day,1.0,Family Group,0.9,0.3,0.338,0.3,36.45,0
travel_package,PKG-08,Rajasthan Royal Palaces Safari 4D3N,Heritage/Luxury,24000.0,26900.0,56300.0,2.093,22,3,0.136,0.86,8,0,Winter Peak,1.5,Major Event,1.5,Solo Backpacker,1.27,0.5,0.743,2.3,100.0,3
travel_package,PKG-01,Andaman Island Reef Explorer 5D4N,Island/Diving,32000.0,34000.0,32000.0,0.941,18,8,0.444,0.563,22,0,Autumn Regular,1.0,Normal Day,1.0,Solo Backpacker,1.33,0.7,0.327,0.3,38.07,1
travel_package,PKG-02,Andaman Island Reef Explorer 5D4N,Island/Diving,32000.0,30100.0,31900.0,1.06,18,11,0.611,0.388,41,0,Autumn Regular,1.0,Normal Day,1.0,Corporate Retreat,0.34,0.6,0.396,1.3,40.93,0
travel_package,PKG-03,Goa Beach & Nightlife Getaway 4D3N,Coastal/Leisure,16500.0,17000.0,16700.0,0.982,30,11,0.367,0.638,19,0,Autumn Regular,1.0,Normal Day,1.0,Family Group,0.87,1.4,0.409,0.3,46.91,0
travel_package,PKG-04,Andaman Island Reef Explorer 5D4N,Island/Diving,32000.0,36900.0,36500.0,0.989,18,1,0.056,0.936,9,0,Autumn Regular,1.0,Normal Day,1.0,Honeymooners,0.31,1.0,0.505,1.3,57.06,1
travel_package,PKG-05,Golden Triangle Heritage 5D4N,Cultural/Heritage,21000.0,21400.0,21900.0,1.023,25,12,0.48,0.534,7,1,Monsoon (Low),0.75,Holiday,1.35,Corporate Retreat,0.36,4.9,0.551,8.3,64.35,9
travel_package,PKG-06,Golden Triangle Heritage 5D4N,Cultural/Heritage,21000.0,21300.0,21200.0,0.995,25,9,0.36,0.631,12,0,Autumn Regular,1.0,Normal Day,1.0,Solo Backpacker,1.27,0.5,0.339,1.3,39.35,1
travel_package,PKG-07,Andaman Island Reef Explorer 5D4N,Island/Diving,32000.0,31200.0,27600.0,0.885,18,7,0.389,0.633,7,0,Monsoon (Low),0.75,Normal Day,1.0,Honeymooners,0.29,0.8,0.373,3.3,37.06,3
travel_package,PKG-08,Andaman Island Reef Explorer 5D4N,Island/Diving,32000.0,34800.0,37700.0,1.083,18,5,0.278,0.715,5,1,Monsoon (Low),0.75,Festival,1.45,Family Group,0.93,2.0,0.581,4.3,73.06,2
travel_package,PKG-01,Dubai Extravaganza & Safari 5D4N,International Tour,45000.0,42500.0,44200.0,1.04,15,9,0.6,0.389,60,0,Autumn Regular,1.0,Normal Day,1.0,Corporate Retreat,0.45,4.5,0.463,1.3,51.86,1
travel_package,PKG-02,Goa Beach & Nightlife Getaway 4D3N,Coastal/Leisure,16500.0,16900.0,18600.0,1.101,30,9,0.3,0.697,23,0,Autumn Regular,1.0,Normal Day,1.0,Solo Backpacker,1.35,0.2,0.35,0.3,41.68,1
travel_package,PKG-03,Dubai Extravaganza & Safari 5D4N,International Tour,45000.0,42700.0,40800.0,0.956,15,8,0.533,0.441,32,0,Autumn Regular,1.0,Normal Day,1.0,Solo Backpacker,1.33,1.8,0.368,2.3,44.23,3
travel_package,PKG-04,Andaman Island Reef Explorer 5D4N,Island/Diving,32000.0,33600.0,29400.0,0.875,18,6,0.333,0.687,14,0,Monsoon (Low),0.75,Normal Day,1.0,Honeymooners,0.34,3.4,0.391,1.3,40.18,1
travel_package,PKG-05,Golden Triangle Heritage 5D4N,Cultural/Heritage,21000.0,23200.0,44900.0,1.935,25,5,0.2,0.809,12,1,Winter Peak,1.5,Holiday,1.35,Honeymooners,0.33,1.5,0.79,1.3,100.0,2
travel_package,PKG-06,Andaman Island Reef Explorer 5D4N,Island/Diving,32000.0,34900.0,76000.0,2.178,18,3,0.167,0.848,5,0,Winter Peak,1.5,Major Event,1.5,Corporate Retreat,0.39,0.7,0.787,5.3,100.0,3
travel_package,PKG-07,Golden Triangle Heritage 5D4N,Cultural/Heritage,21000.0,22000.0,23000.0,1.045,25,7,0.28,0.707,9,0,Autumn Regular,1.0,Normal Day,1.0,Family Group,0.85,5.1,0.449,2.3,52.79,1
travel_package,PKG-08,Rajasthan Royal Palaces Safari 4D3N,Heritage/Luxury,24000.0,25600.0,38900.0,1.52,22,6,0.273,0.708,23,1,Autumn Regular,1.0,Holiday,1.35,Family Group,0.9,1.7,0.55,1.3,68.32,1
travel_package,PKG-01,Himachal Adventure & Treks 6D5N,Adventure/Sports,17800.0,16800.0,16400.0,0.976,25,15,0.6,0.403,22,0,Autumn Regular,1.0,Normal Day,1.0,Family Group,0.91,0.2,0.411,1.3,47.51,1
travel_package,PKG-02,Goa Beach & Nightlife Getaway 4D3N,Coastal/Leisure,16500.0,15800.0,12700.0,0.804,30,18,0.6,0.405,23,0,Monsoon (Low),0.75,Normal Day,1.0,Solo Backpacker,1.35,2.4,0.31,2.3,35.65,1
travel_package,PKG-03,Andaman Island Reef Explorer 5D4N,Island/Diving,32000.0,29800.0,30000.0,1.007,18,12,0.667,0.307,32,0,Autumn Regular,1.0,Normal Day,1.0,Family Group,0.92,0.9,0.341,0.3,37.0,0
travel_package,PKG-04,Kerala Backwaters & Tea Hills 5D4N,Nature/Wellness,19500.0,18400.0,19000.0,1.033,35,24,0.686,0.324,60,0,Autumn Regular,1.0,Normal Day,1.0,Family Group,0.87,1.1,0.346,1.3,37.47,1
travel_package,PKG-05,Dubai Extravaganza & Safari 5D4N,International Tour,45000.0,48300.0,104700.0,2.168,15,3,0.2,0.809,21,1,Spring Festive,1.25,Festival,1.45,Family Group,0.94,2.9,0.76,1.3,100.0,2
travel_package,PKG-06,Goa Beach & Nightlife Getaway 4D3N,Coastal/Leisure,16500.0,18200.0,18400.0,1.011,30,4,0.133,0.867,11,1,Monsoon (Low),0.75,Holiday,1.35,Corporate Retreat,0.39,0.2,0.538,1.3,62.68,1
travel_package,PKG-07,Kerala Backwaters & Tea Hills 5D4N,Nature/Wellness,19500.0,21300.0,37600.0,1.765,35,9,0.257,0.737,10,0,Spring Festive,1.25,Festival,1.45,Family Group,0.93,2.3,0.676,2.3,87.44,2
travel_package,PKG-08,Andaman Island Reef Explorer 5D4N,Island/Diving,32000.0,33500.0,23000.0,0.687,18,6,0.333,0.673,5,0,Monsoon (Low),0.75,Normal Day,1.0,Family Group,0.9,0.3,0.3,2.3,30.69,1
travel_package,PKG-01,Rajasthan Royal Palaces Safari 4D3N,Heritage/Luxury,24000.0,23700.0,54700.0,2.308,22,9,0.409,0.585,30,0,Winter Peak,1.5,Major Event,1.5,Solo Backpacker,1.35,0.8,0.684,2.3,91.72,3
travel_package,PKG-02,Kashmir Paradise Valley Tour 6D5N,Hills/Scenic,28000.0,30200.0,73000.0,2.417,20,2,0.1,0.896,32,0,Winter Peak,1.5,Festival,1.45,Family Group,0.83,2.0,0.765,2.3,100.0,2
travel_package,PKG-03,Golden Triangle Heritage 5D4N,Cultural/Heritage,21000.0,23200.0,48700.0,2.099,25,4,0.16,0.833,4,0,Winter Peak,1.5,Festival,1.45,Family Group,0.9,1.6,0.762,3.3,100.0,4
travel_package,PKG-04,Himachal Adventure & Treks 6D5N,Adventure/Sports,17800.0,18000.0,13600.0,0.756,25,9,0.36,0.655,6,0,Monsoon (Low),0.75,Normal Day,1.0,Corporate Retreat,0.37,1.3,0.385,0.3,39.47,0
travel_package,PKG-05,Himachal Adventure & Treks 6D5N,Adventure/Sports,17800.0,18500.0,40100.0,2.168,25,7,0.28,0.709,7,0,Winter Peak,1.5,Festival,1.45,Honeymooners,0.29,0.5,0.757,2.3,94.79,2
travel_package,PKG-06,Golden Triangle Heritage 5D4N,Cultural/Heritage,21000.0,24500.0,26500.0,1.082,25,1,0.04,0.95,7,1,Monsoon (Low),0.75,Festival,1.45,Corporate Retreat,0.36,1.0,0.614,4.3,73.73,1
travel_package,PKG-07,Himachal Adventure & Treks 6D5N,Adventure/Sports,17800.0,17600.0,20900.0,1.188,25,9,0.36,0.644,9,0,Autumn Regular,1.0,Normal Day,1.0,Solo Backpacker,1.29,0.4,0.37,0.3,44.14,1
travel_package,PKG-08,Dubai Extravaganza & Safari 5D4N,International Tour,45000.0,45800.0,50400.0,1.1,15,5,0.333,0.668,48,1,Monsoon (Low),0.75,Festival,1.45,Honeymooners,0.25,4.6,0.591,1.3,69.51,1
travel_package,PKG-01,Goa Beach & Nightlife Getaway 4D3N,Coastal/Leisure,16500.0,16700.0,16200.0,0.97,30,14,0.467,0.539,18,0,Autumn Regular,1.0,Normal Day,1.0,Honeymooners,0.31,1.2,0.397,1.3,40.93,1
travel_package,PKG-02,Goa Beach & Nightlife Getaway 4D3N,Coastal/Leisure,16500.0,17600.0,38800.0,2.205,30,2,0.067,0.92,3,1,Winter Peak,1.5,Festival,1.45,Honeymooners,0.26,4.4,0.794,5.3,100.0,2
travel_package,PKG-03,Golden Triangle Heritage 5D4N,Cultural/Heritage,21000.0,20900.0,43200.0,2.067,25,3,0.12,0.862,15,0,Spring Festive,1.25,Major Event,1.5,Family Group,0.84,1.6,0.727,1.3,94.41,1
travel_package,PKG-04,Kerala Backwaters & Tea Hills 5D4N,Nature/Wellness,19500.0,19800.0,19800.0,1.0,35,14,0.4,0.605,10,0,Autumn Regular,1.0,Normal Day,1.0,Family Group,0.91,0.9,0.428,0.3,50.0,0
travel_package,PKG-05,Kerala Backwaters & Tea Hills 5D4N,Nature/Wellness,19500.0,19700.0,27800.0,1.411,35,10,0.286,0.707,23,1,Autumn Regular,1.0,Holiday,1.35,Family Group,0.82,3.5,0.607,2.3,76.2,0
travel_package,PKG-06,Himachal Adventure & Treks 6D5N,Adventure/Sports,17800.0,19600.0,36300.0,1.852,25,7,0.28,0.706,18,1,Winter Peak,1.5,Holiday,1.35,Honeymooners,0.3,0.8,0.792,3.3,100.0,6
travel_package,PKG-07,Andaman Island Reef Explorer 5D4N,Island/Diving,32000.0,35000.0,26000.0,0.743,18,5,0.278,0.702,11,0,Monsoon (Low),0.75,Normal Day,1.0,Honeymooners,0.23,2.1,0.363,0.3,35.11,0
travel_package,PKG-08,Goa Beach & Nightlife Getaway 4D3N,Coastal/Leisure,16500.0,17100.0,24600.0,1.439,30,13,0.433,0.572,19,1,Autumn Regular,1.0,Festival,1.45,Honeymooners,0.32,0.7,0.634,1.3,76.52,1
travel_package,PKG-01,Rajasthan Royal Palaces Safari 4D3N,Heritage/Luxury,24000.0,23100.0,18900.0,0.818,22,10,0.455,0.53,13,0,Monsoon (Low),0.75,Normal Day,1.0,Solo Backpacker,1.27,2.4,0.267,1.3,28.52,0
travel_package,PKG-02,Golden Triangle Heritage 5D4N,Cultural/Heritage,21000.0,22700.0,51700.0,2.278,25,7,0.28,0.72,29,0,Winter Peak,1.5,Major Event,1.5,Honeymooners,0.33,2.8,0.79,1.3,100.0,1
travel_package,PKG-03,Kerala Backwaters & Tea Hills 5D4N,Nature/Wellness,19500.0,22200.0,38600.0,1.739,35,4,0.114,0.887,3,1,Spring Festive,1.25,Holiday,1.35,Honeymooners,0.32,3.5,0.783,3.3,98.88,3
travel_package,PKG-04,Goa Beach & Nightlife Getaway 4D3N,Coastal/Leisure,16500.0,18100.0,40500.0,2.238,30,8,0.267,0.745,34,0,Winter Peak,1.5,Major Event,1.5,Honeymooners,0.38,2.8,0.788,3.3,100.0,4
travel_package,PKG-05,Andaman Island Reef Explorer 5D4N,Island/Diving,32000.0,32700.0,75600.0,2.312,18,3,0.167,0.813,6,0,Winter Peak,1.5,Festival,1.45,Family Group,0.86,0.9,0.764,3.3,100.0,3
travel_package,PKG-06,Dubai Extravaganza & Safari 5D4N,International Tour,45000.0,46100.0,106200.0,2.304,15,4,0.267,0.734,24,0,Winter Peak,1.5,Major Event,1.5,Honeymooners,0.25,1.4,0.794,5.3,100.0,4
travel_package,PKG-07,Kashmir Paradise Valley Tour 6D5N,Hills/Scenic,28000.0,28500.0,22500.0,0.789,20,9,0.45,0.57,3,0,Monsoon (Low),0.75,Normal Day,1.0,Corporate Retreat,0.47,0.4,0.342,0.3,33.89,1
travel_package,PKG-08,Himachal Adventure & Treks 6D5N,Adventure/Sports,17800.0,19600.0,37000.0,1.888,25,2,0.08,0.926,4,0,Spring Festive,1.25,Major Event,1.5,Solo Backpacker,1.31,3.0,0.741,5.3,100.0,2
travel_package,PKG-01,Kerala Backwaters & Tea Hills 5D4N,Nature/Wellness,19500.0,20400.0,21100.0,1.034,35,13,0.371,0.616,38,0,Autumn Regular,1.0,Normal Day,1.0,Family Group,0.91,1.4,0.406,1.3,46.75,0
travel_package,PKG-02,Kashmir Paradise Valley Tour 6D5N,Hills/Scenic,28000.0,27700.0,19000.0,0.686,20,9,0.45,0.544,21,0,Monsoon (Low),0.75,Normal Day,1.0,Honeymooners,0.33,1.5,0.328,1.3,30.6,0
travel_package,PKG-03,Kerala Backwaters & Tea Hills 5D4N,Nature/Wellness,19500.0,20700.0,15600.0,0.754,35,12,0.343,0.669,24,0,Monsoon (Low),0.75,Normal Day,1.0,Family Group,0.92,3.0,0.304,0.3,31.52,1
travel_package,PKG-04,Kashmir Paradise Valley Tour 6D5N,Hills/Scenic,28000.0,26600.0,33100.0,1.244,20,9,0.45,0.554,40,1,Autumn Regular,1.0,Holiday,1.35,Honeymooners,0.33,2.6,0.622,3.3,74.75,3
travel_package,PKG-05,Himachal Adventure & Treks 6D5N,Adventure/Sports,17800.0,18000.0,11700.0,0.65,25,11,0.44,0.567,32,0,Monsoon (Low),0.75,Normal Day,1.0,Honeymooners,0.29,1.2,0.339,1.3,32.03,1
travel_package,PKG-06,Himachal Adventure & Treks 6D5N,Adventure/Sports,17800.0,18400.0,30000.0,1.63,25,8,0.32,0.695,19,1,Spring Festive,1.25,Holiday,1.35,Family Group,0.91,2.4,0.722,6.3,94.07,8
travel_package,PKG-07,Kerala Backwaters & Tea Hills 5D4N,Nature/Wellness,19500.0,20800.0,45700.0,2.197,35,4,0.114,0.885,26,0,Winter Peak,1.5,Major Event,1.5,Honeymooners,0.3,0.1,0.792,2.3,100.0,3
travel_package,PKG-08,Dubai Extravaganza & Safari 5D4N,International Tour,45000.0,45600.0,90100.0,1.976,15,6,0.4,0.587,23,0,Spring Festive,1.25,Major Event,1.5,Family Group,0.88,4.5,0.712,2.3,92.37,3
travel_package,PKG-01,Himachal Adventure & Treks 6D5N,Adventure/Sports,17800.0,19600.0,38700.0,1.974,25,1,0.04,0.95,3,0,Spring Festive,1.25,Festival,1.45,Family Group,0.89,2.4,0.762,3.3,100.0,1
travel_package,PKG-02,Rajasthan Royal Palaces Safari 4D3N,Heritage/Luxury,24000.0,24900.0,45500.0,1.827,22,2,0.091,0.903,12,0,Spring Festive,1.25,Festival,1.45,Family Group,0.95,2.9,0.645,4.3,82.91,2
travel_package,PKG-03,Rajasthan Royal Palaces Safari 4D3N,Heritage/Luxury,24000.0,23900.0,24600.0,1.029,22,5,0.227,0.76,12,0,Autumn Regular,1.0,Normal Day,1.0,Honeymooners,0.28,0.4,0.443,1.3,47.57,2
travel_package,PKG-04,Rajasthan Royal Palaces Safari 4D3N,Heritage/Luxury,24000.0,25800.0,25900.0,1.004,22,5,0.227,0.77,29,1,Monsoon (Low),0.75,Holiday,1.35,Family Group,0.92,0.4,0.569,4.3,71.31,4
travel_package,PKG-05,Andaman Island Reef Explorer 5D4N,Island/Diving,32000.0,32500.0,34400.0,1.058,18,8,0.444,0.575,42,0,Autumn Regular,1.0,Normal Day,1.0,Honeymooners,0.26,1.1,0.447,1.3,48.02,1
travel_package,PKG-06,Golden Triangle Heritage 5D4N,Cultural/Heritage,21000.0,20700.0,41600.0,2.01,25,9,0.36,0.651,22,1,Spring Festive,1.25,Festival,1.45,Family Group,0.92,1.4,0.761,6.3,100.0,9
travel_package,PKG-07,Kerala Backwaters & Tea Hills 5D4N,Nature/Wellness,19500.0,22300.0,27900.0,1.251,35,4,0.114,0.874,11,1,Autumn Regular,1.0,Festival,1.45,Family Group,0.93,0.0,0.604,1.3,76.52,0
travel_package,PKG-08,Dubai Extravaganza & Safari 5D4N,International Tour,45000.0,53000.0,111400.0,2.102,15,1,0.067,0.95,22,0,Winter Peak,1.5,Festival,1.45,Honeymooners,0.29,1.9,0.792,2.3,100.0,1
travel_package,PKG-01,Himachal Adventure & Treks 6D5N,Adventure/Sports,17800.0,21200.0,41600.0,1.962,25,1,0.04,0.95,11,0,Winter Peak,1.5,Major Event,1.5,Family Group,0.87,1.0,0.763,3.3,100.0,1
travel_package,PKG-02,Kashmir Paradise Valley Tour 6D5N,Hills/Scenic,28000.0,30300.0,40800.0,1.347,20,5,0.25,0.749,15,1,Autumn Regular,1.0,Holiday,1.35,Family Group,0.93,1.0,0.533,1.3,65.99,1
travel_package,PKG-03,Kerala Backwaters & Tea Hills 5D4N,Nature/Wellness,19500.0,21700.0,42100.0,1.94,35,10,0.286,0.709,9,1,Winter Peak,1.5,Festival,1.45,Family Group,0.9,3.0,0.762,9.3,100.0,10
travel_package,PKG-04,Rajasthan Royal Palaces Safari 4D3N,Heritage/Luxury,24000.0,25300.0,36600.0,1.447,22,7,0.318,0.69,17,1,Autumn Regular,1.0,Festival,1.45,Family Group,0.93,1.9,0.659,3.3,84.79,5
travel_package,PKG-05,Kerala Backwaters & Tea Hills 5D4N,Nature/Wellness,19500.0,18800.0,20100.0,1.069,35,21,0.6,0.405,42,0,Autumn Regular,1.0,Normal Day,1.0,Solo Backpacker,1.31,3.4,0.3,0.3,33.8,0
travel_package,PKG-06,Kashmir Paradise Valley Tour 6D5N,Hills/Scenic,28000.0,27800.0,27700.0,0.996,20,9,0.45,0.572,5,0,Autumn Regular,1.0,Normal Day,1.0,Honeymooners,0.34,0.1,0.459,0.3,50.4,0
travel_package,PKG-07,Andaman Island Reef Explorer 5D4N,Island/Diving,32000.0,35100.0,86000.0,2.45,18,1,0.056,0.95,8,0,Winter Peak,1.5,Major Event,1.5,Family Group,0.84,1.3,0.765,2.3,100.0,1
travel_package,PKG-08,Kashmir Paradise Valley Tour 6D5N,Hills/Scenic,28000.0,29400.0,63200.0,2.15,20,7,0.35,0.652,24,1,Winter Peak,1.5,Festival,1.45,Family Group,0.85,0.2,0.764,5.3,100.0,7
travel_package,PKG-01,Dubai Extravaganza & Safari 5D4N,International Tour,45000.0,49100.0,50900.0,1.037,15,5,0.333,0.64,11,0,Autumn Regular,1.0,Normal Day,1.0,Solo Backpacker,1.26,1.6,0.37,1.3,43.88,0
travel_package,PKG-02,Andaman Island Reef Explorer 5D4N,Island/Diving,32000.0,32500.0,75600.0,2.326,18,1,0.056,0.95,10,0,Winter Peak,1.5,Major Event,1.5,Corporate Retreat,0.4,1.2,0.787,3.3,100.0,1
travel_package,PKG-03,Golden Triangle Heritage 5D4N,Cultural/Heritage,21000.0,21100.0,21900.0,1.038,25,11,0.44,0.577,8,0,Autumn Regular,1.0,Normal Day,1.0,Corporate Retreat,0.37,1.7,0.461,0.3,50.87,0
travel_package,PKG-04,Rajasthan Royal Palaces Safari 4D3N,Heritage/Luxury,24000.0,25700.0,39600.0,1.541,22,7,0.318,0.684,13,1,Spring Festive,1.25,Holiday,1.35,Family Group,0.93,3.2,0.691,3.3,89.7,4
travel_package,PKG-05,Andaman Island Reef Explorer 5D4N,Island/Diving,32000.0,35200.0,53400.0,1.517,18,3,0.167,0.828,10,1,Autumn Regular,1.0,Festival,1.45,Honeymooners,0.32,3.3,0.714,4.3,88.57,3
travel_package,PKG-06,Dubai Extravaganza & Safari 5D4N,International Tour,45000.0,47400.0,115400.0,2.435,15,5,0.333,0.693,36,0,Winter Peak,1.5,Festival,1.45,Family Group,0.86,0.9,0.764,5.3,100.0,5
travel_package,PKG-07,Dubai Extravaganza & Safari 5D4N,International Tour,45000.0,48100.0,102000.0,2.121,15,3,0.2,0.809,11,1,Winter Peak,1.5,Holiday,1.35,Family Group,0.91,1.7,0.761,3.3,100.0,3
travel_package,PKG-08,Kerala Backwaters & Tea Hills 5D4N,Nature/Wellness,19500.0,20700.0,36500.0,1.763,35,11,0.314,0.687,3,0,Spring Festive,1.25,Festival,1.45,Honeymooners,0.28,2.9,0.706,2.3,86.95,3
travel_package,PKG-01,Andaman Island Reef Explorer 5D4N,Island/Diving,32000.0,33800.0,25400.0,0.751,18,9,0.5,0.472,19,0,Monsoon (Low),0.75,Normal Day,1.0,Corporate Retreat,0.31,1.7,0.325,1.3,30.1,1
travel_package,PKG-02,Goa Beach & Nightlife Getaway 4D3N,Coastal/Leisure,16500.0,15600.0,11900.0,0.763,30,20,0.667,0.33,34,0,Monsoon (Low),0.75,Normal Day,1.0,Honeymooners,0.31,1.9,0.315,2.3,28.56,1
travel_package,PKG-03,Himachal Adventure & Treks 6D5N,Adventure/Sports,17800.0,19900.0,45900.0,2.307,25,2,0.08,0.903,6,0,Winter Peak,1.5,Major Event,1.5,Family Group,0.85,2.7,0.764,5.3,100.0,2
travel_package,PKG-04,Himachal Adventure & Treks 6D5N,Adventure/Sports,17800.0,18200.0,19200.0,1.055,25,10,0.4,0.597,7,0,Autumn Regular,1.0,Normal Day,1.0,Family Group,0.87,3.2,0.42,2.3,48.49,2
travel_package,PKG-05,Himachal Adventure & Treks 6D5N,Adventure/Sports,17800.0,17200.0,12800.0,0.744,25,14,0.56,0.46,21,0,Monsoon (Low),0.75,Normal Day,1.0,Solo Backpacker,1.29,2.5,0.302,2.3,33.95,2
travel_package,PKG-06,Kashmir Paradise Valley Tour 6D5N,Hills/Scenic,28000.0,31000.0,40900.0,1.319,20,3,0.15,0.853,10,1,Autumn Regular,1.0,Holiday,1.35,Honeymooners,0.26,1.1,0.652,2.3,78.77,2
travel_package,PKG-07,Kashmir Paradise Valley Tour 6D5N,Hills/Scenic,28000.0,30900.0,24700.0,0.799,20,7,0.35,0.65,19,0,Monsoon (Low),0.75,Normal Day,1.0,Solo Backpacker,1.34,1.1,0.271,1.3,29.77,0
travel_package,PKG-08,Goa Beach & Nightlife Getaway 4D3N,Coastal/Leisure,16500.0,17600.0,14800.0,0.841,30,8,0.267,0.729,8,0,Monsoon (Low),0.75,Normal Day,1.0,Honeymooners,0.32,1.1,0.406,0.3,42.29,0
travel_package,PKG-01,Dubai Extravaganza & Safari 5D4N,International Tour,45000.0,44400.0,44900.0,1.011,15,7,0.467,0.538,23,1,Monsoon (Low),0.75,Holiday,1.35,Family Group,0.89,0.3,0.432,3.3,50.51,4
travel_package,PKG-02,Golden Triangle Heritage 5D4N,Cultural/Heritage,21000.0,22300.0,23200.0,1.04,25,5,0.2,0.787,4,0,Autumn Regular,1.0,Normal Day,1.0,Honeymooners,0.33,2.3,0.483,1.3,53.88,1
travel_package,PKG-03,Golden Triangle Heritage 5D4N,Cultural/Heritage,21000.0,22700.0,20900.0,0.921,25,12,0.48,0.525,40,0,Autumn Regular,1.0,Normal Day,1.0,Solo Backpacker,1.33,0.4,0.324,0.3,37.59,0
travel_package,PKG-04,Kerala Backwaters & Tea Hills 5D4N,Nature/Wellness,19500.0,21400.0,37600.0,1.757,35,9,0.257,0.745,25,0,Spring Festive,1.25,Major Event,1.5,Family Group,0.88,4.0,0.719,6.3,93.52,8
travel_package,PKG-05,Andaman Island Reef Explorer 5D4N,Island/Diving,32000.0,34400.0,34900.0,1.015,18,8,0.444,0.568,29,0,Autumn Regular,1.0,Normal Day,1.0,Family Group,0.92,3.1,0.402,1.3,46.27,2
travel_package,PKG-06,Dubai Extravaganza & Safari 5D4N,International Tour,45000.0,46600.0,49400.0,1.06,15,5,0.333,0.673,28,0,Autumn Regular,1.0,Normal Day,1.0,Honeymooners,0.34,0.7,0.483,0.3,54.01,1
travel_package,PKG-07,Andaman Island Reef Explorer 5D4N,Island/Diving,32000.0,32100.0,70200.0,2.187,18,5,0.278,0.71,29,0,Spring Festive,1.25,Festival,1.45,Family Group,0.88,0.4,0.763,2.3,100.0,2
travel_package,PKG-08,Golden Triangle Heritage 5D4N,Cultural/Heritage,21000.0,22600.0,29900.0,1.323,25,3,0.12,0.861,19,1,Autumn Regular,1.0,Holiday,1.35,Family Group,0.88,0.9,0.685,3.3,88.42,3
travel_package,PKG-01,Golden Triangle Heritage 5D4N,Cultural/Heritage,21000.0,23900.0,50000.0,2.092,25,1,0.04,0.95,7,0,Winter Peak,1.5,Festival,1.45,Honeymooners,0.32,2.1,0.791,4.3,100.0,1
travel_package,PKG-02,Dubai Extravaganza & Safari 5D4N,International Tour,45000.0,45800.0,47600.0,1.039,15,4,0.267,0.715,3,0,Autumn Regular,1.0,Normal Day,1.0,Solo Backpacker,1.29,1.6,0.408,1.3,49.82,1
travel_package,PKG-03,Golden Triangle Heritage 5D4N,Cultural/Heritage,21000.0,21400.0,21800.0,1.019,25,9,0.36,0.639,7,0,Autumn Regular,1.0,Normal Day,1.0,Family Group,0.9,6.0,0.437,2.3,51.37,1
travel_package,PKG-04,Himachal Adventure & Treks 6D5N,Adventure/Sports,17800.0,18600.0,17700.0,0.952,25,7,0.28,0.711,6,0,Autumn Regular,1.0,Normal Day,1.0,Family Group,0.83,2.2,0.425,0.3,48.99,0
travel_package,PKG-05,Himachal Adventure & Treks 6D5N,Adventure/Sports,17800.0,18200.0,43600.0,2.396,25,7,0.28,0.719,17,0,Winter Peak,1.5,Major Event,1.5,Family Group,0.96,0.6,0.759,2.3,100.0,2
travel_package,PKG-06,Golden Triangle Heritage 5D4N,Cultural/Heritage,21000.0,22000.0,21300.0,0.968,25,9,0.36,0.627,15,0,Autumn Regular,1.0,Normal Day,1.0,Honeymooners,0.27,2.1,0.463,2.3,50.5,0
travel_package,PKG-07,Himachal Adventure & Treks 6D5N,Adventure/Sports,17800.0,18400.0,14900.0,0.81,25,9,0.36,0.63,5,0,Monsoon (Low),0.75,Normal Day,1.0,Honeymooners,0.25,0.1,0.419,1.3,43.72,0
travel_package,PKG-08,Golden Triangle Heritage 5D4N,Cultural/Heritage,21000.0,23800.0,48100.0,2.021,25,4,0.16,0.836,29,0,Winter Peak,1.5,Festival,1.45,Honeymooners,0.4,2.4,0.787,1.3,100.0,2
travel_package,PKG-01,Rajasthan Royal Palaces Safari 4D3N,Heritage/Luxury,24000.0,25300.0,19600.0,0.775,22,3,0.136,0.857,8,0,Monsoon (Low),0.75,Normal Day,1.0,Corporate Retreat,0.4,1.0,0.433,1.3,46.91,1
travel_package,PKG-02,Himachal Adventure & Treks 6D5N,Adventure/Sports,17800.0,16700.0,18500.0,1.108,25,15,0.6,0.385,36,0,Autumn Regular,1.0,Normal Day,1.0,Corporate Retreat,0.33,0.3,0.402,1.3,41.73,1
travel_package,PKG-03,Goa Beach & Nightlife Getaway 4D3N,Coastal/Leisure,16500.0,16000.0,15700.0,0.981,30,15,0.5,0.516,11,0,Autumn Regular,1.0,Normal Day,1.0,Honeymooners,0.24,0.4,0.393,0.3,39.82,0
travel_package,PKG-04,Rajasthan Royal Palaces Safari 4D3N,Heritage/Luxury,24000.0,25300.0,25700.0,1.016,22,7,0.318,0.675,13,0,Autumn Regular,1.0,Normal Day,1.0,Family Group,0.91,1.5,0.411,1.3,47.44,0
travel_package,PKG-05,Golden Triangle Heritage 5D4N,Cultural/Heritage,21000.0,22200.0,15900.0,0.716,25,6,0.24,0.778,5,0,Monsoon (Low),0.75,Normal Day,1.0,Family Group,0.86,0.2,0.348,0.3,37.7,0
travel_package,PKG-06,Rajasthan Royal Palaces Safari 4D3N,Heritage/Luxury,24000.0,25500.0,56700.0,2.224,22,5,0.227,0.764,17,0,Winter Peak,1.5,Major Event,1.5,Family Group,0.91,3.6,0.761,1.3,100.0,1
travel_package,PKG-07,Rajasthan Royal Palaces Safari 4D3N,Heritage/Luxury,24000.0,22600.0,18100.0,0.801,22,14,0.636,0.376,47,0,Monsoon (Low),0.75,Normal Day,1.0,Honeymooners,0.29,0.4,0.332,0.3,31.04,0
travel_package,PKG-08,Dubai Extravaganza & Safari 5D4N,International Tour,45000.0,50100.0,73600.0,1.469,15,1,0.067,0.95,3,1,Autumn Regular,1.0,Festival,1.45,Solo Backpacker,1.24,2.7,0.605,1.3,79.05,1
travel_package,PKG-01,Dubai Extravaganza & Safari 5D4N,International Tour,45000.0,50700.0,109100.0,2.152,15,2,0.133,0.849,3,0,Winter Peak,1.5,Major Event,1.5,Family Group,0.97,1.2,0.758,3.3,100.0,2
travel_package,PKG-02,Golden Triangle Heritage 5D4N,Cultural/Heritage,21000.0,22000.0,19700.0,0.895,25,5,0.2,0.795,6,0,Autumn Regular,1.0,Normal Day,1.0,Corporate Retreat,0.34,1.8,0.481,0.3,53.72,1
travel_package,PKG-03,Himachal Adventure & Treks 6D5N,Adventure/Sports,17800.0,17900.0,41800.0,2.335,25,7,0.28,0.722,25,0,Winter Peak,1.5,Major Event,1.5,Family Group,0.91,0.2,0.733,1.3,95.82,0
travel_package,PKG-04,Kashmir Paradise Valley Tour 6D5N,Hills/Scenic,28000.0,28100.0,31100.0,1.107,20,12,0.6,0.378,13,0,Autumn Regular,1.0,Normal Day,1.0,Family Group,0.88,0.1,0.371,0.3,41.25,0
travel_package,PKG-05,Kerala Backwaters & Tea Hills 5D4N,Nature/Wellness,19500.0,19900.0,19100.0,0.96,35,16,0.457,0.544,19,0,Autumn Regular,1.0,Normal Day,1.0,Corporate Retreat,0.37,0.3,0.417,2.3,44.27,1
travel_package,PKG-06,Golden Triangle Heritage 5D4N,Cultural/Heritage,21000.0,21200.0,30700.0,1.448,25,6,0.24,0.774,3,1,Autumn Regular,1.0,Holiday,1.35,Solo Backpacker,1.26,0.8,0.485,2.3,61.25,1
travel_package,PKG-07,Andaman Island Reef Explorer 5D4N,Island/Diving,32000.0,35200.0,79300.0,2.253,18,2,0.111,0.899,18,0,Winter Peak,1.5,Festival,1.45,Family Group,0.94,2.5,0.76,0.3,100.0,0
travel_package,PKG-08,Andaman Island Reef Explorer 5D4N,Island/Diving,32000.0,36000.0,47500.0,1.319,18,5,0.278,0.727,14,1,Autumn Regular,1.0,Holiday,1.35,Family Group,0.9,1.4,0.566,0.3,70.7,1
travel_package,PKG-01,Rajasthan Royal Palaces Safari 4D3N,Heritage/Luxury,24000.0,24300.0,19300.0,0.794,22,9,0.409,0.583,8,0,Monsoon (Low),0.75,Normal Day,1.0,Corporate Retreat,0.49,2.9,0.416,2.3,45.1,1
travel_package,PKG-02,Andaman Island Reef Explorer 5D4N,Island/Diving,32000.0,32600.0,26400.0,0.81,18,9,0.5,0.49,32,0,Autumn Regular,1.0,Normal Day,1.0,Family Group,0.87,1.6,0.339,0.3,36.38,0
travel_package,PKG-03,Dubai Extravaganza & Safari 5D4N,International Tour,45000.0,44700.0,52000.0,1.163,15,5,0.333,0.696,5,0,Autumn Regular,1.0,Normal Day,1.0,Family Group,0.91,4.1,0.426,0.3,49.69,0
travel_package,PKG-04,Kashmir Paradise Valley Tour 6D5N,Hills/Scenic,28000.0,29900.0,55700.0,1.863,20,2,0.1,0.898,3,1,Spring Festive,1.25,Holiday,1.35,Corporate Retreat,0.36,1.5,0.789,3.3,100.0,2
travel_package,PKG-05,Dubai Extravaganza & Safari 5D4N,International Tour,45000.0,46600.0,34700.0,0.745,15,8,0.533,0.482,14,0,Monsoon (Low),0.75,Normal Day,1.0,Honeymooners,0.27,2.6,0.365,0.3,35.79,0
travel_package,PKG-06,Andaman Island Reef Explorer 5D4N,Island/Diving,32000.0,38400.0,76500.0,1.992,18,1,0.056,0.945,8,1,Winter Peak,1.5,Festival,1.45,Corporate Retreat,0.42,1.6,0.786,2.3,100.0,1
travel_package,PKG-07,Andaman Island Reef Explorer 5D4N,Island/Diving,32000.0,32100.0,38300.0,1.193,18,6,0.333,0.674,19,0,Autumn Regular,1.0,Normal Day,1.0,Solo Backpacker,1.28,1.0,0.392,1.3,47.36,1
travel_package,PKG-08,Himachal Adventure & Treks 6D5N,Adventure/Sports,17800.0,17400.0,12600.0,0.724,25,11,0.44,0.551,4,0,Monsoon (Low),0.75,Normal Day,1.0,Family Group,0.89,2.5,0.306,1.3,31.6,0
travel_package,PKG-01,Dubai Extravaganza & Safari 5D4N,International Tour,45000.0,45900.0,46700.0,1.017,15,6,0.4,0.586,6,0,Autumn Regular,1.0,Normal Day,1.0,Family Group,0.93,5.5,0.426,0.3,49.81,1
travel_package,PKG-02,Kerala Backwaters & Tea Hills 5D4N,Nature/Wellness,19500.0,20300.0,37700.0,1.857,35,16,0.457,0.539,31,0,Winter Peak,1.5,Festival,1.45,Honeymooners,0.27,2.4,0.75,5.3,93.51,9
travel_package,PKG-03,Kashmir Paradise Valley Tour 6D5N,Hills/Scenic,28000.0,26600.0,26200.0,0.985,20,13,0.65,0.328,53,1,Monsoon (Low),0.75,Holiday,1.35,Solo Backpacker,1.3,0.4,0.438,4.3,54.38,4
travel_package,PKG-04,Kashmir Paradise Valley Tour 6D5N,Hills/Scenic,28000.0,30600.0,19200.0,0.627,20,7,0.35,0.638,4,0,Monsoon (Low),0.75,Normal Day,1.0,Honeymooners,0.32,3.4,0.394,1.3,40.45,0
travel_package,PKG-05,Himachal Adventure & Treks 6D5N,Adventure/Sports,17800.0,17900.0,19500.0,1.089,25,12,0.48,0.532,21,0,Autumn Regular,1.0,Normal Day,1.0,Solo Backpacker,1.37,2.0,0.383,2.3,46.76,3
travel_package,PKG-06,Dubai Extravaganza & Safari 5D4N,International Tour,45000.0,43500.0,49500.0,1.138,15,7,0.467,0.542,44,1,Monsoon (Low),0.75,Festival,1.45,Honeymooners,0.33,1.2,0.569,4.3,66.88,5
travel_package,PKG-07,Dubai Extravaganza & Safari 5D4N,International Tour,45000.0,44200.0,46900.0,1.061,15,6,0.4,0.614,23,0,Autumn Regular,1.0,Normal Day,1.0,Family Group,0.86,0.9,0.389,1.3,43.82,0
travel_package,PKG-08,Andaman Island Reef Explorer 5D4N,Island/Diving,32000.0,34600.0,71900.0,2.078,18,4,0.222,0.751,10,0,Winter Peak,1.5,Major Event,1.5,Family Group,0.96,2.2,0.759,2.3,100.0,3
travel_package,PKG-01,Golden Triangle Heritage 5D4N,Cultural/Heritage,21000.0,20800.0,43900.0,2.111,25,10,0.4,0.611,29,1,Winter Peak,1.5,Holiday,1.35,Corporate Retreat,0.41,1.7,0.786,5.3,100.0,8
travel_package,PKG-02,Rajasthan Royal Palaces Safari 4D3N,Heritage/Luxury,24000.0,26400.0,56900.0,2.155,22,4,0.182,0.832,22,0,Winter Peak,1.5,Festival,1.45,Family Group,0.87,0.8,0.763,3.3,100.0,4
travel_package,PKG-03,Goa Beach & Nightlife Getaway 4D3N,Coastal/Leisure,16500.0,17700.0,31800.0,1.797,30,7,0.233,0.758,7,0,Spring Festive,1.25,Major Event,1.5,Family Group,0.86,1.4,0.64,2.3,81.42,3
travel_package,PKG-04,Kerala Backwaters & Tea Hills 5D4N,Nature/Wellness,19500.0,22500.0,40700.0,1.809,35,4,0.114,0.874,24,1,Winter Peak,1.5,Holiday,1.35,Family Group,0.91,2.0,0.761,3.3,100.0,4
travel_package,PKG-05,Kashmir Paradise Valley Tour 6D5N,Hills/Scenic,28000.0,26900.0,37700.0,1.401,20,12,0.6,0.395,60,1,Autumn Regular,1.0,Festival,1.45,Solo Backpacker,1.22,1.2,0.52,4.3,66.11,3
travel_package,PKG-06,Goa Beach & Nightlife Getaway 4D3N,Coastal/Leisure,16500.0,16800.0,28400.0,1.69,30,10,0.333,0.666,4,1,Spring Festive,1.25,Holiday,1.35,Family Group,0.92,3.0,0.699,2.3,90.82,2
travel_package,PKG-07,Golden Triangle Heritage 5D4N,Cultural/Heritage,21000.0,20900.0,23000.0,1.1,25,12,0.48,0.518,30,1,Monsoon (Low),0.75,Festival,1.45,Solo Backpacker,1.36,7.0,0.565,5.3,73.91,4
travel_package,PKG-08,Goa Beach & Nightlife Getaway 4D3N,Coastal/Leisure,16500.0,16200.0,31100.0,1.92,30,12,0.4,0.594,60,0,Spring Festive,1.25,Major Event,1.5,Honeymooners,0.26,0.8,0.649,2.3,78.35,4
travel_package,PKG-01,Kerala Backwaters & Tea Hills 5D4N,Nature/Wellness,19500.0,21800.0,44700.0,2.05,35,2,0.057,0.95,8,0,Spring Festive,1.25,Major Event,1.5,Family Group,0.86,1.5,0.759,3.3,99.34,2
travel_package,PKG-02,Kashmir Paradise Valley Tour 6D5N,Hills/Scenic,28000.0,31000.0,29700.0,0.958,20,4,0.2,0.798,15,0,Autumn Regular,1.0,Normal Day,1.0,Honeymooners,0.3,0.5,0.437,1.3,46.86,0
travel_package,PKG-03,Himachal Adventure & Treks 6D5N,Adventure/Sports,17800.0,19800.0,37700.0,1.904,25,4,0.16,0.859,17,0,Spring Festive,1.25,Major Event,1.5,Corporate Retreat,0.45,2.6,0.784,5.3,100.0,4
travel_package,PKG-04,Rajasthan Royal Palaces Safari 4D3N,Heritage/Luxury,24000.0,24900.0,24400.0,0.98,22,9,0.409,0.586,9,0,Autumn Regular,1.0,Normal Day,1.0,Family Group,0.94,0.0,0.432,2.3,50.85,2
travel_package,PKG-05,Kashmir Paradise Valley Tour 6D5N,Hills/Scenic,28000.0,30500.0,40500.0,1.328,20,4,0.2,0.802,10,1,Autumn Regular,1.0,Holiday,1.35,Honeymooners,0.36,2.5,0.732,6.3,91.44,4
travel_package,PKG-06,Rajasthan Royal Palaces Safari 4D3N,Heritage/Luxury,24000.0,23700.0,24000.0,1.013,22,9,0.409,0.575,28,0,Autumn Regular,1.0,Normal Day,1.0,Corporate Retreat,0.42,0.4,0.392,1.3,40.9,0
travel_package,PKG-07,Rajasthan Royal Palaces Safari 4D3N,Heritage/Luxury,24000.0,25000.0,56400.0,2.256,22,8,0.364,0.656,9,0,Winter Peak,1.5,Festival,1.45,Family Group,0.93,1.8,0.76,5.3,100.0,8
travel_package,PKG-08,Dubai Extravaganza & Safari 5D4N,International Tour,45000.0,45600.0,41100.0,0.901,15,9,0.6,0.401,51,0,Autumn Regular,1.0,Normal Day,1.0,Family Group,0.93,2.1,0.336,0.3,36.34,1
travel_package,PKG-01,Andaman Island Reef Explorer 5D4N,Island/Diving,32000.0,36200.0,74100.0,2.047,18,3,0.167,0.842,35,0,Winter Peak,1.5,Festival,1.45,Corporate Retreat,0.37,0.4,0.788,3.3,100.0,3
travel_package,PKG-02,Himachal Adventure & Treks 6D5N,Adventure/Sports,17800.0,18700.0,43000.0,2.299,25,4,0.16,0.856,18,1,Winter Peak,1.5,Holiday,1.35,Corporate Retreat,0.42,1.0,0.786,1.3,100.0,2
travel_package,PKG-03,Kerala Backwaters & Tea Hills 5D4N,Nature/Wellness,19500.0,22400.0,49300.0,2.201,35,2,0.057,0.95,10,1,Winter Peak,1.5,Holiday,1.35,Honeymooners,0.27,0.0,0.793,4.3,100.0,2
travel_package,PKG-04,Goa Beach & Nightlife Getaway 4D3N,Coastal/Leisure,16500.0,16900.0,12200.0,0.722,30,14,0.467,0.527,18,0,Monsoon (Low),0.75,Normal Day,1.0,Honeymooners,0.26,0.3,0.4,3.3,40.99,1
travel_package,PKG-05,Goa Beach & Nightlife Getaway 4D3N,Coastal/Leisure,16500.0,18500.0,41900.0,2.265,30,2,0.067,0.95,16,0,Winter Peak,1.5,Major Event,1.5,Honeymooners,0.34,0.7,0.79,4.3,100.0,2
travel_package,PKG-06,Golden Triangle Heritage 5D4N,Cultural/Heritage,21000.0,22100.0,43400.0,1.964,25,6,0.24,0.76,34,1,Winter Peak,1.5,Holiday,1.35,Family Group,0.89,0.4,0.762,1.3,100.0,1
travel_package,PKG-07,Goa Beach & Nightlife Getaway 4D3N,Coastal/Leisure,16500.0,17000.0,12300.0,0.724,30,11,0.367,0.624,6,0,Monsoon (Low),0.75,Normal Day,1.0,Family Group,0.9,0.2,0.308,0.3,31.94,0
travel_package,PKG-08,Kerala Backwaters & Tea Hills 5D4N,Nature/Wellness,19500.0,20800.0,48700.0,2.341,35,5,0.143,0.847,5,0,Winter Peak,1.5,Festival,1.45,Family Group,0.86,0.8,0.764,3.3,100.0,2
travel_package,PKG-01,Andaman Island Reef Explorer 5D4N,Island/Diving,32000.0,32000.0,35600.0,1.113,18,9,0.5,0.522,26,1,Monsoon (Low),0.75,Festival,1.45,Family Group,0.89,1.1,0.454,0.3,53.72,0
travel_package,PKG-02,Himachal Adventure & Treks 6D5N,Adventure/Sports,17800.0,19300.0,38000.0,1.969,25,1,0.04,0.941,11,0,Spring Festive,1.25,Major Event,1.5,Honeymooners,0.29,1.1,0.792,4.3,100.0,1
travel_package,PKG-03,Himachal Adventure & Treks 6D5N,Adventure/Sports,17800.0,18700.0,18500.0,0.989,25,10,0.4,0.598,42,0,Autumn Regular,1.0,Normal Day,1.0,Solo Backpacker,1.26,1.0,0.411,3.3,50.09,2
travel_package,PKG-04,Goa Beach & Nightlife Getaway 4D3N,Coastal/Leisure,16500.0,17600.0,18800.0,1.068,30,9,0.3,0.687,23,1,Monsoon (Low),0.75,Festival,1.45,Corporate Retreat,0.4,0.1,0.556,3.3,65.4,3
travel_package,PKG-05,Kerala Backwaters & Tea Hills 5D4N,Nature/Wellness,19500.0,21000.0,22300.0,1.062,35,11,0.314,0.683,5,1,Monsoon (Low),0.75,Festival,1.45,Honeymooners,0.26,1.9,0.593,4.3,69.84,4
travel_package,PKG-06,Kashmir Paradise Valley Tour 6D5N,Hills/Scenic,28000.0,29700.0,50300.0,1.694,20,6,0.3,0.684,31,1,Spring Festive,1.25,Holiday,1.35,Family Group,0.92,1.3,0.694,0.3,89.95,1
travel_package,PKG-07,Dubai Extravaganza & Safari 5D4N,International Tour,45000.0,44100.0,31800.0,0.721,15,9,0.6,0.417,40,0,Monsoon (Low),0.75,Normal Day,1.0,Solo Backpacker,1.26,2.8,0.206,1.3,19.34,0
travel_package,PKG-08,Kashmir Paradise Valley Tour 6D5N,Hills/Scenic,28000.0,28700.0,30500.0,1.063,20,7,0.35,0.652,3,0,Autumn Regular,1.0,Normal Day,1.0,Family Group,0.92,1.8,0.442,1.3,52.17,1
travel_package,PKG-01,Golden Triangle Heritage 5D4N,Cultural/Heritage,21000.0,20800.0,22300.0,1.072,25,12,0.48,0.501,28,1,Monsoon (Low),0.75,Holiday,1.35,Solo Backpacker,1.22,0.6,0.463,1.3,57.62,0
travel_package,PKG-02,Kashmir Paradise Valley Tour 6D5N,Hills/Scenic,28000.0,28900.0,29900.0,1.035,20,10,0.5,0.494,14,0,Autumn Regular,1.0,Normal Day,1.0,Honeymooners,0.33,0.7,0.41,0.3,42.99,0
travel_package,PKG-03,Dubai Extravaganza & Safari 5D4N,International Tour,45000.0,49000.0,48700.0,0.994,15,3,0.2,0.786,4,0,Autumn Regular,1.0,Normal Day,1.0,Family Group,0.96,1.6,0.435,1.3,51.51,0
travel_package,PKG-04,Kashmir Paradise Valley Tour 6D5N,Hills/Scenic,28000.0,28900.0,54900.0,1.9,20,6,0.3,0.681,20,0,Spring Festive,1.25,Festival,1.45,Family Group,0.81,0.5,0.745,5.3,96.83,6
travel_package,PKG-05,Rajasthan Royal Palaces Safari 4D3N,Heritage/Luxury,24000.0,26100.0,27200.0,1.042,22,3,0.136,0.87,12,0,Autumn Regular,1.0,Normal Day,1.0,Honeymooners,0.32,0.7,0.498,1.3,56.17,2
travel_package,PKG-06,Himachal Adventure & Treks 6D5N,Adventure/Sports,17800.0,16300.0,16500.0,1.012,25,19,0.76,0.242,60,0,Autumn Regular,1.0,Normal Day,1.0,Family Group,0.9,1.1,0.368,0.3,40.96,1
travel_package,PKG-07,Andaman Island Reef Explorer 5D4N,Island/Diving,32000.0,33600.0,37500.0,1.116,18,5,0.278,0.749,5,0,Autumn Regular,1.0,Normal Day,1.0,Solo Backpacker,1.28,0.4,0.389,0.3,47.01,1
travel_package,PKG-08,Dubai Extravaganza & Safari 5D4N,International Tour,45000.0,49800.0,115100.0,2.311,15,1,0.067,0.914,8,1,Winter Peak,1.5,Holiday,1.35,Corporate Retreat,0.34,1.7,0.79,3.3,100.0,1
travel_package,PKG-01,Dubai Extravaganza & Safari 5D4N,International Tour,45000.0,48400.0,110600.0,2.285,15,2,0.133,0.842,11,0,Winter Peak,1.5,Festival,1.45,Family Group,0.82,1.0,0.766,6.3,100.0,2
travel_package,PKG-02,Andaman Island Reef Explorer 5D4N,Island/Diving,32000.0,36300.0,61700.0,1.7,18,1,0.056,0.95,7,0,Spring Festive,1.25,Major Event,1.5,Honeymooners,0.32,0.8,0.786,3.3,99.35,1
travel_package,PKG-03,Kerala Backwaters & Tea Hills 5D4N,Nature/Wellness,19500.0,18700.0,25500.0,1.364,35,21,0.6,0.406,52,1,Autumn Regular,1.0,Holiday,1.35,Family Group,0.93,2.0,0.572,3.3,71.8,4
travel_package,PKG-04,Kashmir Paradise Valley Tour 6D5N,Hills/Scenic,28000.0,29200.0,38700.0,1.325,20,5,0.25,0.763,13,1,Autumn Regular,1.0,Festival,1.45,Family Group,0.92,0.4,0.591,1.3,74.53,2
travel_package,PKG-05,Andaman Island Reef Explorer 5D4N,Island/Diving,32000.0,33400.0,43400.0,1.299,18,5,0.278,0.727,9,1,Autumn Regular,1.0,Holiday,1.35,Honeymooners,0.29,0.8,0.698,4.3,85.93,5
travel_package,PKG-06,Golden Triangle Heritage 5D4N,Cultural/Heritage,21000.0,23500.0,36800.0,1.566,25,3,0.12,0.868,5,1,Spring Festive,1.25,Holiday,1.35,Family Group,0.94,1.8,0.693,3.3,90.02,3
travel_package,PKG-07,Rajasthan Royal Palaces Safari 4D3N,Heritage/Luxury,24000.0,25600.0,33600.0,1.312,22,7,0.318,0.679,5,1,Autumn Regular,1.0,Holiday,1.35,Honeymooners,0.27,1.3,0.653,2.3,78.92,4
travel_package,PKG-08,Kerala Backwaters & Tea Hills 5D4N,Nature/Wellness,19500.0,19700.0,14500.0,0.736,35,11,0.314,0.673,13,0,Monsoon (Low),0.75,Normal Day,1.0,Family Group,0.87,1.5,0.324,1.3,34.18,0
travel_package,PKG-01,Andaman Island Reef Explorer 5D4N,Island/Diving,32000.0,31700.0,22900.0,0.722,18,12,0.667,0.343,18,0,Monsoon (Low),0.75,Normal Day,1.0,Solo Backpacker,1.29,1.3,0.247,1.3,25.72,0
travel_package,PKG-02,Himachal Adventure & Treks 6D5N,Adventure/Sports,17800.0,16500.0,13500.0,0.818,25,11,0.44,0.558,27,0,Monsoon (Low),0.75,Normal Day,1.0,Family Group,0.9,3.0,0.286,0.3,28.69,0
travel_package,PKG-03,Andaman Island Reef Explorer 5D4N,Island/Diving,32000.0,31800.0,44900.0,1.412,18,6,0.333,0.659,22,1,Autumn Regular,1.0,Holiday,1.35,Corporate Retreat,0.44,0.9,0.7,4.3,87.26,6
travel_package,PKG-04,Goa Beach & Nightlife Getaway 4D3N,Coastal/Leisure,16500.0,17100.0,39600.0,2.316,30,12,0.4,0.6,41,0,Winter Peak,1.5,Major Event,1.5,Family Group,0.86,0.9,0.764,4.3,100.0,6
travel_package,PKG-05,Dubai Extravaganza & Safari 5D4N,International Tour,45000.0,46900.0,46800.0,0.998,15,7,0.467,0.54,35,0,Autumn Regular,1.0,Normal Day,1.0,Honeymooners,0.33,0.2,0.444,0.3,48.05,0
travel_package,PKG-06,Rajasthan Royal Palaces Safari 4D3N,Heritage/Luxury,24000.0,24200.0,21900.0,0.905,22,9,0.409,0.612,14,0,Autumn Regular,1.0,Normal Day,1.0,Family Group,0.95,2.6,0.339,1.3,36.91,1
travel_package,PKG-07,Kerala Backwaters & Tea Hills 5D4N,Nature/Wellness,19500.0,20200.0,55700.0,2.757,35,2,0.057,0.933,11,0,Winter Peak,1.5,Major Event,1.5,Solo Backpacker,1.25,3.5,0.744,3.3,100.0,2
travel_package,PKG-08,Himachal Adventure & Treks 6D5N,Adventure/Sports,17800.0,19400.0,24500.0,1.263,25,7,0.28,0.723,14,1,Autumn Regular,1.0,Holiday,1.35,Family Group,0.92,0.8,0.587,5.3,73.88,6
travel_package,PKG-01,Andaman Island Reef Explorer 5D4N,Island/Diving,32000.0,34900.0,36700.0,1.052,18,7,0.389,0.636,5,0,Autumn Regular,1.0,Normal Day,1.0,Corporate Retreat,0.46,1.7,0.429,1.3,46.78,2
travel_package,PKG-02,Goa Beach & Nightlife Getaway 4D3N,Coastal/Leisure,16500.0,17100.0,12400.0,0.725,30,13,0.433,0.573,5,0,Monsoon (Low),0.75,Normal Day,1.0,Solo Backpacker,1.3,0.8,0.297,0.3,33.36,0
travel_package,PKG-03,Kerala Backwaters & Tea Hills 5D4N,Nature/Wellness,19500.0,20300.0,20900.0,1.03,35,14,0.4,0.607,16,0,Autumn Regular,1.0,Normal Day,1.0,Family Group,0.88,0.9,0.404,2.3,46.16,2
travel_package,PKG-04,Rajasthan Royal Palaces Safari 4D3N,Heritage/Luxury,24000.0,27200.0,54000.0,1.985,22,2,0.091,0.891,5,0,Spring Festive,1.25,Festival,1.45,Solo Backpacker,1.25,2.2,0.738,3.3,99.09,2
travel_package,PKG-05,Kerala Backwaters & Tea Hills 5D4N,Nature/Wellness,19500.0,18700.0,18500.0,0.989,35,26,0.743,0.263,60,1,Monsoon (Low),0.75,Holiday,1.35,Family Group,0.84,0.7,0.448,3.3,52.48,1
travel_package,PKG-06,Andaman Island Reef Explorer 5D4N,Island/Diving,32000.0,33000.0,74200.0,2.248,18,3,0.167,0.818,22,1,Winter Peak,1.5,Holiday,1.35,Solo Backpacker,1.32,1.6,0.741,2.3,100.0,3
travel_package,PKG-07,Himachal Adventure & Treks 6D5N,Adventure/Sports,17800.0,19800.0,44800.0,2.263,25,5,0.2,0.781,21,0,Winter Peak,1.5,Major Event,1.5,Family Group,0.89,0.4,0.762,3.3,100.0,5
travel_package,PKG-08,Himachal Adventure & Treks 6D5N,Adventure/Sports,17800.0,17900.0,16500.0,0.922,25,12,0.48,0.536,31,0,Autumn Regular,1.0,Normal Day,1.0,Honeymooners,0.31,0.0,0.427,1.3,45.41,1
travel_package,PKG-01,Dubai Extravaganza & Safari 5D4N,International Tour,45000.0,46900.0,53900.0,1.149,15,7,0.467,0.557,14,0,Autumn Regular,1.0,Normal Day,1.0,Family Group,0.83,3.4,0.417,0.3,47.82,0
travel_package,PKG-02,Goa Beach & Nightlife Getaway 4D3N,Coastal/Leisure,16500.0,17000.0,16900.0,0.994,30,10,0.333,0.662,8,1,Monsoon (Low),0.75,Holiday,1.35,Corporate Retreat,0.43,2.1,0.601,5.3,72.3,7
travel_package,PKG-03,Andaman Island Reef Explorer 5D4N,Island/Diving,32000.0,33100.0,44200.0,1.335,18,7,0.389,0.607,42,1,Autumn Regular,1.0,Festival,1.45,Honeymooners,0.3,0.1,0.627,1.3,75.32,1
travel_package,PKG-04,Andaman Island Reef Explorer 5D4N,Island/Diving,32000.0,33700.0,84900.0,2.519,18,3,0.167,0.848,11,0,Winter Peak,1.5,Major Event,1.5,Family Group,0.84,1.4,0.765,2.3,100.0,3
travel_package,PKG-05,Andaman Island Reef Explorer 5D4N,Island/Diving,32000.0,35500.0,79700.0,2.245,18,1,0.056,0.939,12,1,Winter Peak,1.5,Festival,1.45,Corporate Retreat,0.4,2.3,0.787,0.3,100.0,1
travel_package,PKG-06,Kerala Backwaters & Tea Hills 5D4N,Nature/Wellness,19500.0,18300.0,13000.0,0.71,35,27,0.771,0.239,60,0,Monsoon (Low),0.75,Normal Day,1.0,Honeymooners,0.33,0.9,0.263,1.3,20.92,0
travel_package,PKG-07,Golden Triangle Heritage 5D4N,Cultural/Heritage,21000.0,22100.0,16500.0,0.747,25,8,0.32,0.691,11,0,Monsoon (Low),0.75,Normal Day,1.0,Family Group,0.91,0.3,0.327,0.3,34.9,1
travel_package,PKG-08,Golden Triangle Heritage 5D4N,Cultural/Heritage,21000.0,21700.0,40200.0,1.853,25,13,0.52,0.499,39,0,Winter Peak,1.5,Major Event,1.5,Family Group,0.93,0.2,0.721,5.3,94.19,7
travel_package,PKG-01,Dubai Extravaganza & Safari 5D4N,International Tour,45000.0,48000.0,47500.0,0.99,15,5,0.333,0.676,28,0,Autumn Regular,1.0,Normal Day,1.0,Corporate Retreat,0.45,1.3,0.425,1.3,46.1,0
travel_package,PKG-02,Dubai Extravaganza & Safari 5D4N,International Tour,45000.0,46400.0,48500.0,1.045,15,4,0.267,0.734,25,0,Autumn Regular,1.0,Normal Day,1.0,Honeymooners,0.33,0.2,0.485,2.3,54.23,1
travel_package,PKG-03,Rajasthan Royal Palaces Safari 4D3N,Heritage/Luxury,24000.0,26300.0,56400.0,2.144,22,3,0.136,0.867,28,1,Winter Peak,1.5,Festival,1.45,Honeymooners,0.29,0.5,0.792,3.3,100.0,3
travel_package,PKG-04,Goa Beach & Nightlife Getaway 4D3N,Coastal/Leisure,16500.0,17800.0,24400.0,1.371,30,10,0.333,0.664,4,1,Autumn Regular,1.0,Holiday,1.35,Honeymooners,0.31,0.9,0.713,3.3,88.26,3
travel_package,PKG-05,Andaman Island Reef Explorer 5D4N,Island/Diving,32000.0,35400.0,80400.0,2.271,18,4,0.222,0.764,25,0,Winter Peak,1.5,Major Event,1.5,Family Group,0.88,0.1,0.763,2.3,100.0,4
travel_package,PKG-06,Rajasthan Royal Palaces Safari 4D3N,Heritage/Luxury,24000.0,22600.0,22000.0,0.973,22,19,0.864,0.119,55,0,Autumn Regular,1.0,Normal Day,1.0,Honeymooners,0.32,0.3,0.392,2.3,40.18,0
travel_package,PKG-07,Kashmir Paradise Valley Tour 6D5N,Hills/Scenic,28000.0,29800.0,48100.0,1.614,20,4,0.2,0.813,3,1,Autumn Regular,1.0,Festival,1.45,Solo Backpacker,1.26,10.0,0.734,7.3,98.5,4
travel_package,PKG-08,Himachal Adventure & Treks 6D5N,Adventure/Sports,17800.0,17100.0,18200.0,1.064,25,12,0.48,0.515,37,0,Autumn Regular,1.0,Normal Day,1.0,Corporate Retreat,0.4,1.2,0.477,0.3,53.61,1
travel_package,PKG-01,Himachal Adventure & Treks 6D5N,Adventure/Sports,17800.0,20500.0,45400.0,2.215,25,2,0.08,0.907,10,0,Winter Peak,1.5,Major Event,1.5,Family Group,0.9,1.2,0.762,5.3,100.0,2
travel_package,PKG-02,Kashmir Paradise Valley Tour 6D5N,Hills/Scenic,28000.0,31000.0,62000.0,2.0,20,4,0.2,0.824,6,1,Winter Peak,1.5,Holiday,1.35,Solo Backpacker,1.29,2.2,0.732,2.3,98.48,3
travel_package,PKG-03,Kashmir Paradise Valley Tour 6D5N,Hills/Scenic,28000.0,31300.0,62000.0,1.981,20,1,0.05,0.943,4,1,Winter Peak,1.5,Holiday,1.35,Family Group,0.82,2.4,0.766,4.3,100.0,1
travel_package,PKG-04,Dubai Extravaganza & Safari 5D4N,International Tour,45000.0,43500.0,86500.0,1.989,15,8,0.533,0.449,51,0,Spring Festive,1.25,Major Event,1.5,Honeymooners,0.27,1.5,0.793,8.3,100.0,8
travel_package,PKG-05,Dubai Extravaganza & Safari 5D4N,International Tour,45000.0,45200.0,45200.0,1.0,15,8,0.533,0.499,48,0,Autumn Regular,1.0,Normal Day,1.0,Corporate Retreat,0.43,1.1,0.402,0.3,42.5,1
travel_package,PKG-06,Golden Triangle Heritage 5D4N,Cultural/Heritage,21000.0,20500.0,32300.0,1.576,25,10,0.4,0.61,24,1,Autumn Regular,1.0,Festival,1.45,Family Group,0.89,3.1,0.621,4.3,78.79,1
travel_package,PKG-07,Golden Triangle Heritage 5D4N,Cultural/Heritage,21000.0,20600.0,42600.0,2.068,25,15,0.6,0.399,33,0,Spring Festive,1.25,Festival,1.45,Honeymooners,0.42,0.6,0.732,2.3,91.96,1
travel_package,PKG-08,Rajasthan Royal Palaces Safari 4D3N,Heritage/Luxury,24000.0,24700.0,25800.0,1.045,22,9,0.409,0.584,51,0,Autumn Regular,1.0,Normal Day,1.0,Honeymooners,0.27,0.9,0.485,2.3,53.82,1
travel_package,PKG-01,Dubai Extravaganza & Safari 5D4N,International Tour,45000.0,48300.0,106200.0,2.199,15,3,0.2,0.817,19,0,Winter Peak,1.5,Major Event,1.5,Family Group,0.91,3.9,0.761,2.3,100.0,3
travel_package,PKG-02,Goa Beach & Nightlife Getaway 4D3N,Coastal/Leisure,16500.0,18300.0,39000.0,2.131,30,6,0.2,0.803,12,0,Winter Peak,1.5,Major Event,1.5,Honeymooners,0.3,1.1,0.792,7.3,100.0,6
travel_package,PKG-03,Rajasthan Royal Palaces Safari 4D3N,Heritage/Luxury,24000.0,24200.0,56100.0,2.318,22,9,0.409,0.595,45,0,Winter Peak,1.5,Festival,1.45,Corporate Retreat,0.38,1.4,0.788,2.3,100.0,3
travel_package,PKG-04,Kashmir Paradise Valley Tour 6D5N,Hills/Scenic,28000.0,28900.0,29600.0,1.024,20,10,0.5,0.516,20,0,Autumn Regular,1.0,Normal Day,1.0,Family Group,0.92,3.9,0.375,0.3,42.21,1
travel_package,PKG-05,Himachal Adventure & Treks 6D5N,Adventure/Sports,17800.0,18900.0,35800.0,1.894,25,7,0.28,0.738,14,0,Winter Peak,1.5,Festival,1.45,Family Group,0.89,2.4,0.753,3.3,98.56,5
travel_package,PKG-06,Rajasthan Royal Palaces Safari 4D3N,Heritage/Luxury,24000.0,26700.0,54300.0,2.034,22,2,0.091,0.912,12,1,Winter Peak,1.5,Holiday,1.35,Family Group,0.89,0.2,0.762,2.3,100.0,1
travel_package,PKG-07,Goa Beach & Nightlife Getaway 4D3N,Coastal/Leisure,16500.0,18300.0,39200.0,2.142,30,2,0.067,0.95,13,0,Winter Peak,1.5,Festival,1.45,Honeymooners,0.31,1.9,0.791,4.3,100.0,2
travel_package,PKG-08,Goa Beach & Nightlife Getaway 4D3N,Coastal/Leisure,16500.0,17100.0,36200.0,2.117,30,9,0.3,0.694,38,0,Spring Festive,1.25,Major Event,1.5,Family Group,0.9,0.7,0.723,2.3,94.2,4
travel_package,PKG-01,Rajasthan Royal Palaces Safari 4D3N,Heritage/Luxury,24000.0,24800.0,25000.0,1.008,22,10,0.455,0.549,31,0,Autumn Regular,1.0,Normal Day,1.0,Family Group,0.87,1.3,0.383,0.3,42.95,0
travel_package,PKG-02,Goa Beach & Nightlife Getaway 4D3N,Coastal/Leisure,16500.0,16800.0,25800.0,1.536,30,7,0.233,0.753,28,1,Autumn Regular,1.0,Festival,1.45,Family Group,0.94,1.2,0.76,5.3,100.0,7
travel_package,PKG-03,Kerala Backwaters & Tea Hills 5D4N,Nature/Wellness,19500.0,20300.0,19200.0,0.946,35,14,0.4,0.595,13,0,Autumn Regular,1.0,Normal Day,1.0,Family Group,0.96,0.3,0.345,0.3,37.89,0
travel_package,PKG-04,Dubai Extravaganza & Safari 5D4N,International Tour,45000.0,47500.0,55000.0,1.158,15,3,0.2,0.782,5,1,Monsoon (Low),0.75,Festival,1.45,Corporate Retreat,0.46,0.8,0.552,2.3,65.2,3
travel_package,PKG-05,Kashmir Paradise Valley Tour 6D5N,Hills/Scenic,28000.0,28200.0,29100.0,1.032,20,9,0.45,0.541,23,0,Autumn Regular,1.0,Normal Day,1.0,Family Group,0.85,2.6,0.371,1.3,40.96,1
travel_package,PKG-06,Kerala Backwaters & Tea Hills 5D4N,Nature/Wellness,19500.0,19700.0,19300.0,0.98,35,16,0.457,0.537,20,0,Autumn Regular,1.0,Normal Day,1.0,Solo Backpacker,1.24,3.0,0.329,0.3,37.59,0
travel_package,PKG-07,Andaman Island Reef Explorer 5D4N,Island/Diving,32000.0,31900.0,23800.0,0.746,18,7,0.389,0.599,6,0,Monsoon (Low),0.75,Normal Day,1.0,Honeymooners,0.29,1.2,0.389,0.3,39.56,0
travel_package,PKG-08,Andaman Island Reef Explorer 5D4N,Island/Diving,32000.0,33700.0,29300.0,0.869,18,9,0.5,0.499,54,0,Autumn Regular,1.0,Normal Day,1.0,Corporate Retreat,0.41,1.3,0.403,1.3,42.57,1
travel_package,PKG-01,Himachal Adventure & Treks 6D5N,Adventure/Sports,17800.0,17500.0,39100.0,2.234,25,10,0.4,0.581,60,1,Winter Peak,1.5,Festival,1.45,Family Group,0.86,1.3,0.764,2.3,100.0,3
travel_package,PKG-02,Dubai Extravaganza & Safari 5D4N,International Tour,45000.0,51600.0,106300.0,2.06,15,1,0.067,0.95,21,0,Winter Peak,1.5,Festival,1.45,Solo Backpacker,1.32,1.8,0.699,2.3,93.75,1
travel_package,PKG-03,Dubai Extravaganza & Safari 5D4N,International Tour,45000.0,46400.0,42000.0,0.905,15,9,0.6,0.403,38,0,Autumn Regular,1.0,Normal Day,1.0,Corporate Retreat,0.39,0.1,0.356,0.3,35.38,1
travel_package,PKG-04,Himachal Adventure & Treks 6D5N,Adventure/Sports,17800.0,18100.0,19000.0,1.05,25,9,0.36,0.644,7,1,Monsoon (Low),0.75,Holiday,1.35,Honeymooners,0.27,0.9,0.514,3.3,58.08,4
travel_package,PKG-05,Dubai Extravaganza & Safari 5D4N,International Tour,45000.0,46600.0,43500.0,0.933,15,6,0.4,0.62,11,0,Autumn Regular,1.0,Normal Day,1.0,Family Group,0.89,0.6,0.41,1.3,47.18,2
travel_package,PKG-06,Golden Triangle Heritage 5D4N,Cultural/Heritage,21000.0,21900.0,15800.0,0.721,25,7,0.28,0.703,8,0,Monsoon (Low),0.75,Normal Day,1.0,Solo Backpacker,1.29,1.1,0.315,2.3,36.0,0
travel_package,PKG-07,Rajasthan Royal Palaces Safari 4D3N,Heritage/Luxury,24000.0,25500.0,57700.0,2.263,22,6,0.273,0.742,14,0,Winter Peak,1.5,Major Event,1.5,Honeymooners,0.28,0.5,0.793,3.3,100.0,4
travel_package,PKG-08,Andaman Island Reef Explorer 5D4N,Island/Diving,32000.0,33500.0,53200.0,1.588,18,6,0.333,0.686,27,0,Spring Festive,1.25,Festival,1.45,Family Group,0.94,3.4,0.638,4.3,81.76,5
travel_package,PKG-01,Kashmir Paradise Valley Tour 6D5N,Hills/Scenic,28000.0,27600.0,72300.0,2.62,20,6,0.3,0.684,21,0,Winter Peak,1.5,Major Event,1.5,Solo Backpacker,1.21,0.7,0.746,4.3,100.0,6
travel_package,PKG-02,Rajasthan Royal Palaces Safari 4D3N,Heritage/Luxury,24000.0,22400.0,23500.0,1.049,22,12,0.545,0.456,56,0,Autumn Regular,1.0,Normal Day,1.0,Family Group,0.88,2.0,0.439,3.3,51.45,4
travel_package,PKG-03,Andaman Island Reef Explorer 5D4N,Island/Diving,32000.0,35300.0,59100.0,1.674,18,4,0.222,0.797,4,1,Spring Festive,1.25,Holiday,1.35,Family Group,0.87,3.0,0.656,1.3,83.86,1
travel_package,PKG-04,Himachal Adventure & Treks 6D5N,Adventure/Sports,17800.0,19900.0,22200.0,1.116,25,4,0.16,0.847,7,0,Autumn Regular,1.0,Normal Day,1.0,Honeymooners,0.33,1.1,0.493,0.3,55.46,1
travel_package,PKG-05,Goa Beach & Nightlife Getaway 4D3N,Coastal/Leisure,16500.0,17100.0,38000.0,2.222,30,5,0.167,0.835,8,0,Winter Peak,1.5,Festival,1.45,Honeymooners,0.33,0.4,0.79,1.3,100.0,1
travel_package,PKG-06,Rajasthan Royal Palaces Safari 4D3N,Heritage/Luxury,24000.0,27700.0,65800.0,2.375,22,1,0.045,0.95,3,0,Winter Peak,1.5,Major Event,1.5,Family Group,0.87,0.2,0.763,5.3,100.0,1
travel_package,PKG-07,Rajasthan Royal Palaces Safari 4D3N,Heritage/Luxury,24000.0,24700.0,51600.0,2.089,22,8,0.364,0.644,27,1,Winter Peak,1.5,Holiday,1.35,Solo Backpacker,1.31,0.1,0.705,4.3,94.65,7
travel_package,PKG-08,Golden Triangle Heritage 5D4N,Cultural/Heritage,21000.0,22700.0,29300.0,1.291,25,4,0.16,0.82,7,1,Autumn Regular,1.0,Holiday,1.35,Solo Backpacker,1.31,1.1,0.619,5.3,81.69,4
travel_package,PKG-01,Golden Triangle Heritage 5D4N,Cultural/Heritage,21000.0,20700.0,22400.0,1.082,25,10,0.4,0.595,30,0,Autumn Regular,1.0,Normal Day,1.0,Corporate Retreat,0.38,0.2,0.482,1.3,54.21,1
travel_package,PKG-02,Kashmir Paradise Valley Tour 6D5N,Hills/Scenic,28000.0,31300.0,29700.0,0.949,20,3,0.15,0.867,3,0,Autumn Regular,1.0,Normal Day,1.0,Honeymooners,0.4,0.5,0.484,1.3,54.67,1
travel_package,PKG-03,Goa Beach & Nightlife Getaway 4D3N,Coastal/Leisure,16500.0,17800.0,40600.0,2.281,30,7,0.233,0.759,17,1,Winter Peak,1.5,Festival,1.45,Solo Backpacker,1.28,1.1,0.743,3.3,100.0,2
travel_package,PKG-04,Golden Triangle Heritage 5D4N,Cultural/Heritage,21000.0,22600.0,47000.0,2.08,25,4,0.16,0.825,5,0,Winter Peak,1.5,Festival,1.45,Solo Backpacker,1.34,3.3,0.74,5.3,100.0,4
travel_package,PKG-05,Himachal Adventure & Treks 6D5N,Adventure/Sports,17800.0,18700.0,34700.0,1.856,25,6,0.24,0.768,7,0,Spring Festive,1.25,Festival,1.45,Solo Backpacker,1.32,2.2,0.726,5.3,97.84,6
travel_package,PKG-06,Kashmir Paradise Valley Tour 6D5N,Hills/Scenic,28000.0,27900.0,39300.0,1.409,20,9,0.45,0.54,31,1,Autumn Regular,1.0,Holiday,1.35,Family Group,0.87,1.0,0.585,4.3,73.3,3
travel_package,PKG-07,Goa Beach & Nightlife Getaway 4D3N,Coastal/Leisure,16500.0,16300.0,17100.0,1.049,30,14,0.467,0.524,60,1,Monsoon (Low),0.75,Holiday,1.35,Corporate Retreat,0.4,2.2,0.55,4.3,64.57,3
travel_package,PKG-08,Goa Beach & Nightlife Getaway 4D3N,Coastal/Leisure,16500.0,17200.0,13200.0,0.767,30,6,0.2,0.789,8,0,Monsoon (Low),0.75,Normal Day,1.0,Family Group,0.89,0.1,0.424,2.3,49.31,2
travel_package,PKG-01,Kerala Backwaters & Tea Hills 5D4N,Nature/Wellness,19500.0,21800.0,21800.0,1.0,35,7,0.2,0.788,22,1,Monsoon (Low),0.75,Festival,1.45,Solo Backpacker,1.35,0.1,0.408,0.3,50.26,0
travel_package,PKG-02,Goa Beach & Nightlife Getaway 4D3N,Coastal/Leisure,16500.0,15500.0,11500.0,0.742,30,21,0.7,0.292,60,0,Monsoon (Low),0.75,Normal Day,1.0,Honeymooners,0.26,1.3,0.296,1.3,25.4,0
travel_package,PKG-03,Dubai Extravaganza & Safari 5D4N,International Tour,45000.0,47100.0,108300.0,2.299,15,5,0.333,0.675,13,0,Winter Peak,1.5,Major Event,1.5,Family Group,0.86,1.0,0.764,3.3,100.0,5
travel_package,PKG-04,Kerala Backwaters & Tea Hills 5D4N,Nature/Wellness,19500.0,19700.0,16100.0,0.817,35,20,0.571,0.438,44,0,Monsoon (Low),0.75,Normal Day,1.0,Family Group,0.96,2.8,0.268,0.3,26.37,0
travel_package,PKG-05,Rajasthan Royal Palaces Safari 4D3N,Heritage/Luxury,24000.0,25000.0,25600.0,1.024,22,10,0.455,0.568,27,0,Autumn Regular,1.0,Normal Day,1.0,Family Group,0.86,2.3,0.422,2.3,48.71,3
travel_package,PKG-06,Himachal Adventure & Treks 6D5N,Adventure/Sports,17800.0,18500.0,17500.0,0.946,25,12,0.48,0.513,12,0,Autumn Regular,1.0,Normal Day,1.0,Family Group,0.83,0.5,0.34,1.3,36.23,1
travel_package,PKG-07,Kashmir Paradise Valley Tour 6D5N,Hills/Scenic,28000.0,29400.0,35800.0,1.218,20,8,0.4,0.586,20,1,Autumn Regular,1.0,Holiday,1.35,Solo Backpacker,1.35,1.7,0.453,1.3,57.07,1
travel_package,PKG-08,Goa Beach & Nightlife Getaway 4D3N,Coastal/Leisure,16500.0,16800.0,30000.0,1.786,30,14,0.467,0.527,51,1,Spring Festive,1.25,Festival,1.45,Family Group,1.0,0.9,0.698,4.3,91.21,7
travel_package,PKG-01,Golden Triangle Heritage 5D4N,Cultural/Heritage,21000.0,20900.0,17900.0,0.856,25,6,0.24,0.779,12,0,Monsoon (Low),0.75,Normal Day,1.0,Corporate Retreat,0.41,1.0,0.404,0.3,42.73,0
travel_package,PKG-02,Rajasthan Royal Palaces Safari 4D3N,Heritage/Luxury,24000.0,26500.0,33200.0,1.253,22,4,0.182,0.825,4,1,Autumn Regular,1.0,Holiday,1.35,Corporate Retreat,0.39,1.5,0.605,2.3,72.74,3
travel_package,PKG-03,Golden Triangle Heritage 5D4N,Cultural/Heritage,21000.0,21800.0,23000.0,1.055,25,6,0.24,0.763,4,0,Autumn Regular,1.0,Normal Day,1.0,Honeymooners,0.33,4.9,0.52,0.3,59.42,0
travel_package,PKG-04,Golden Triangle Heritage 5D4N,Cultural/Heritage,21000.0,23200.0,51400.0,2.216,25,2,0.08,0.922,6,0,Winter Peak,1.5,Major Event,1.5,Honeymooners,0.29,4.9,0.792,2.3,100.0,2
travel_package,PKG-05,Kashmir Paradise Valley Tour 6D5N,Hills/Scenic,28000.0,30700.0,53800.0,1.752,20,4,0.2,0.793,9,1,Spring Festive,1.25,Holiday,1.35,Corporate Retreat,0.36,3.6,0.789,2.3,100.0,4
travel_package,PKG-06,Kerala Backwaters & Tea Hills 5D4N,Nature/Wellness,19500.0,21500.0,47800.0,2.223,35,4,0.114,0.878,24,0,Winter Peak,1.5,Major Event,1.5,Solo Backpacker,1.26,0.5,0.744,2.3,100.0,4
travel_package,PKG-07,Kashmir Paradise Valley Tour 6D5N,Hills/Scenic,28000.0,29900.0,22500.0,0.753,20,7,0.35,0.653,9,0,Monsoon (Low),0.75,Normal Day,1.0,Honeymooners,0.31,1.1,0.408,0.3,42.59,0
travel_package,PKG-08,Kashmir Paradise Valley Tour 6D5N,Hills/Scenic,28000.0,26500.0,20700.0,0.781,20,11,0.55,0.467,31,0,Monsoon (Low),0.75,Normal Day,1.0,Family Group,0.97,1.5,0.331,0.3,35.91,0
travel_package,PKG-01,Rajasthan Royal Palaces Safari 4D3N,Heritage/Luxury,24000.0,24600.0,19100.0,0.776,22,7,0.318,0.661,6,0,Monsoon (Low),0.75,Normal Day,1.0,Family Group,0.93,0.5,0.316,0.3,33.33,0
travel_package,PKG-02,Dubai Extravaganza & Safari 5D4N,International Tour,45000.0,44100.0,50900.0,1.154,15,7,0.467,0.507,49,0,Autumn Regular,1.0,Normal Day,1.0,Solo Backpacker,1.25,2.2,0.38,0.3,45.33,1
travel_package,PKG-03,Dubai Extravaganza & Safari 5D4N,International Tour,45000.0,51400.0,117700.0,2.29,15,1,0.067,0.95,5,0,Winter Peak,1.5,Major Event,1.5,Family Group,0.93,2.0,0.76,1.3,100.0,1
travel_package,PKG-04,Golden Triangle Heritage 5D4N,Cultural/Heritage,21000.0,22800.0,30400.0,1.333,25,3,0.12,0.865,21,1,Autumn Regular,1.0,Holiday,1.35,Honeymooners,0.28,1.5,0.705,3.3,86.86,3
travel_package,PKG-05,Dubai Extravaganza & Safari 5D4N,International Tour,45000.0,45800.0,37300.0,0.814,15,5,0.333,0.641,13,0,Monsoon (Low),0.75,Normal Day,1.0,Family Group,0.89,1.3,0.332,0.3,35.47,0
travel_package,PKG-06,Dubai Extravaganza & Safari 5D4N,International Tour,45000.0,45200.0,45500.0,1.007,15,6,0.4,0.621,6,1,Monsoon (Low),0.75,Holiday,1.35,Family Group,0.89,4.3,0.481,4.3,57.79,4
travel_package,PKG-07,Andaman Island Reef Explorer 5D4N,Island/Diving,32000.0,35100.0,44000.0,1.254,18,3,0.167,0.822,22,1,Autumn Regular,1.0,Holiday,1.35,Honeymooners,0.36,0.7,0.658,7.3,80.39,3
travel_package,PKG-08,Andaman Island Reef Explorer 5D4N,Island/Diving,32000.0,32400.0,33800.0,1.043,18,7,0.389,0.59,18,0,Autumn Regular,1.0,Normal Day,1.0,Corporate Retreat,0.36,2.6,0.441,1.3,47.9,1
travel_package,PKG-01,Dubai Extravaganza & Safari 5D4N,International Tour,45000.0,49700.0,100200.0,2.016,15,1,0.067,0.921,11,0,Spring Festive,1.25,Major Event,1.5,Corporate Retreat,0.32,3.9,0.791,3.3,100.0,1
travel_package,PKG-02,Andaman Island Reef Explorer 5D4N,Island/Diving,32000.0,31600.0,29600.0,0.937,18,11,0.611,0.386,44,1,Monsoon (Low),0.75,Holiday,1.35,Corporate Retreat,0.41,1.2,0.508,1.3,58.24,1
travel_package,PKG-03,Himachal Adventure & Treks 6D5N,Adventure/Sports,17800.0,18800.0,37300.0,1.984,25,3,0.12,0.861,14,1,Winter Peak,1.5,Holiday,1.35,Honeymooners,0.28,4.5,0.793,4.3,100.0,3
travel_package,PKG-04,Rajasthan Royal Palaces Safari 4D3N,Heritage/Luxury,24000.0,24900.0,49800.0,2.0,22,7,0.318,0.678,8,0,Spring Festive,1.25,Major Event,1.5,Corporate Retreat,0.44,1.2,0.752,2.3,95.12,2
travel_package,PKG-05,Rajasthan Royal Palaces Safari 4D3N,Heritage/Luxury,24000.0,24400.0,26200.0,1.074,22,6,0.273,0.705,26,0,Autumn Regular,1.0,Normal Day,1.0,Family Group,0.97,1.5,0.482,1.3,58.54,1
travel_package,PKG-06,Kashmir Paradise Valley Tour 6D5N,Hills/Scenic,28000.0,28900.0,38500.0,1.332,20,7,0.35,0.632,43,1,Autumn Regular,1.0,Holiday,1.35,Honeymooners,0.32,0.9,0.654,4.3,79.52,5
travel_package,PKG-07,Dubai Extravaganza & Safari 5D4N,International Tour,45000.0,45700.0,43000.0,0.941,15,8,0.533,0.496,27,0,Autumn Regular,1.0,Normal Day,1.0,Solo Backpacker,1.31,0.7,0.377,1.3,45.33,1
travel_package,PKG-08,Himachal Adventure & Treks 6D5N,Adventure/Sports,17800.0,19100.0,18300.0,0.958,25,5,0.2,0.816,4,0,Autumn Regular,1.0,Normal Day,1.0,Honeymooners,0.23,3.0,0.487,0.3,53.71,0
travel_package,PKG-01,Kerala Backwaters & Tea Hills 5D4N,Nature/Wellness,19500.0,18900.0,14800.0,0.783,35,18,0.514,0.494,14,0,Monsoon (Low),0.75,Normal Day,1.0,Solo Backpacker,1.31,0.6,0.307,1.3,34.92,0
travel_package,PKG-02,Rajasthan Royal Palaces Safari 4D3N,Heritage/Luxury,24000.0,22400.0,23800.0,1.062,22,16,0.727,0.279,41,0,Autumn Regular,1.0,Normal Day,1.0,Family Group,0.95,2.9,0.364,2.3,40.77,2
travel_package,PKG-03,Kerala Backwaters & Tea Hills 5D4N,Nature/Wellness,19500.0,21700.0,49000.0,2.258,35,5,0.143,0.858,3,0,Winter Peak,1.5,Major Event,1.5,Family Group,0.96,1.5,0.759,0.3,100.0,1
travel_package,PKG-04,Dubai Extravaganza & Safari 5D4N,International Tour,45000.0,45400.0,86200.0,1.899,15,4,0.267,0.729,35,0,Spring Festive,1.25,Major Event,1.5,Family Group,0.89,0.8,0.711,3.3,92.38,4
travel_package,PKG-05,Kashmir Paradise Valley Tour 6D5N,Hills/Scenic,28000.0,29500.0,27600.0,0.936,20,8,0.4,0.584,8,0,Autumn Regular,1.0,Normal Day,1.0,Corporate Retreat,0.45,0.7,0.406,0.3,43.32,1
travel_package,PKG-06,Goa Beach & Nightlife Getaway 4D3N,Coastal/Leisure,16500.0,18100.0,42000.0,2.32,30,2,0.067,0.933,3,0,Winter Peak,1.5,Festival,1.45,Family Group,0.93,0.9,0.76,4.3,100.0,2
travel_package,PKG-07,Kashmir Paradise Valley Tour 6D5N,Hills/Scenic,28000.0,28900.0,28200.0,0.976,20,7,0.35,0.65,4,0,Autumn Regular,1.0,Normal Day,1.0,Honeymooners,0.35,1.4,0.437,0.3,47.17,0
travel_package,PKG-08,Andaman Island Reef Explorer 5D4N,Island/Diving,32000.0,31400.0,48200.0,1.535,18,10,0.556,0.46,60,1,Spring Festive,1.25,Holiday,1.35,Honeymooners,0.26,0.2,0.666,4.3,80.87,4
travel_package,PKG-01,Dubai Extravaganza & Safari 5D4N,International Tour,45000.0,50700.0,46100.0,0.909,15,3,0.2,0.805,12,0,Autumn Regular,1.0,Normal Day,1.0,Corporate Retreat,0.43,1.8,0.495,1.3,56.45,0
travel_package,PKG-02,Kashmir Paradise Valley Tour 6D5N,Hills/Scenic,28000.0,28600.0,28300.0,0.99,20,7,0.35,0.644,5,0,Autumn Regular,1.0,Normal Day,1.0,Solo Backpacker,1.31,0.8,0.338,1.3,39.57,1
travel_package,PKG-03,Dubai Extravaganza & Safari 5D4N,International Tour,45000.0,48100.0,45000.0,0.936,15,5,0.333,0.675,5,0,Autumn Regular,1.0,Normal Day,1.0,Solo Backpacker,1.34,1.3,0.353,0.3,42.02,0
travel_package,PKG-04,Andaman Island Reef Explorer 5D4N,Island/Diving,32000.0,32200.0,54800.0,1.702,18,9,0.5,0.5,60,1,Spring Festive,1.25,Holiday,1.35,Corporate Retreat,0.38,0.4,0.715,5.3,89.08,9
travel_package,PKG-05,Himachal Adventure & Treks 6D5N,Adventure/Sports,17800.0,19500.0,40200.0,2.062,25,1,0.04,0.95,14,1,Winter Peak,1.5,Holiday,1.35,Solo Backpacker,1.32,3.9,0.741,3.3,100.0,1
travel_package,PKG-06,Golden Triangle Heritage 5D4N,Cultural/Heritage,21000.0,21700.0,15600.0,0.719,25,11,0.44,0.578,15,0,Monsoon (Low),0.75,Normal Day,1.0,Solo Backpacker,1.26,2.8,0.286,2.3,31.3,2
travel_package,PKG-07,Andaman Island Reef Explorer 5D4N,Island/Diving,32000.0,32600.0,34600.0,1.061,18,6,0.333,0.671,5,0,Autumn Regular,1.0,Normal Day,1.0,Corporate Retreat,0.32,0.5,0.466,4.3,51.37,5
travel_package,PKG-08,Kerala Backwaters & Tea Hills 5D4N,Nature/Wellness,19500.0,19500.0,39200.0,2.01,35,10,0.286,0.721,20,0,Spring Festive,1.25,Festival,1.45,Honeymooners,0.29,0.4,0.731,2.3,90.87,4
travel_package,PKG-01,Dubai Extravaganza & Safari 5D4N,International Tour,45000.0,45100.0,35800.0,0.794,15,8,0.533,0.439,46,0,Monsoon (Low),0.75,Normal Day,1.0,Corporate Retreat,0.43,1.7,0.373,0.3,38.21,1
travel_package,PKG-02,Kerala Backwaters & Tea Hills 5D4N,Nature/Wellness,19500.0,21800.0,46900.0,2.151,35,4,0.114,0.888,6,0,Winter Peak,1.5,Major Event,1.5,Solo Backpacker,1.39,0.6,0.737,2.3,100.0,2
travel_package,PKG-03,Himachal Adventure & Treks 6D5N,Adventure/Sports,17800.0,19600.0,41500.0,2.117,25,4,0.16,0.824,26,1,Winter Peak,1.5,Festival,1.45,Honeymooners,0.33,2.9,0.79,2.3,100.0,3
travel_package,PKG-04,Kashmir Paradise Valley Tour 6D5N,Hills/Scenic,28000.0,31600.0,67600.0,2.139,20,2,0.1,0.905,20,0,Winter Peak,1.5,Major Event,1.5,Honeymooners,0.36,0.6,0.789,1.3,100.0,1
travel_package,PKG-05,Goa Beach & Nightlife Getaway 4D3N,Coastal/Leisure,16500.0,17300.0,19100.0,1.104,30,11,0.367,0.626,17,1,Monsoon (Low),0.75,Festival,1.45,Corporate Retreat,0.38,1.0,0.606,4.3,72.73,4
travel_package,PKG-06,Andaman Island Reef Explorer 5D4N,Island/Diving,32000.0,32800.0,24300.0,0.741,18,6,0.333,0.682,7,0,Monsoon (Low),0.75,Normal Day,1.0,Honeymooners,0.35,0.9,0.369,0.3,36.95,0
travel_package,PKG-07,Kerala Backwaters & Tea Hills 5D4N,Nature/Wellness,19500.0,20700.0,49100.0,2.372,35,8,0.229,0.774,4,0,Winter Peak,1.5,Major Event,1.5,Honeymooners,0.29,0.1,0.792,1.3,100.0,1
travel_package,PKG-08,Kerala Backwaters & Tea Hills 5D4N,Nature/Wellness,19500.0,21200.0,34700.0,1.637,35,13,0.371,0.626,38,0,Spring Festive,1.25,Major Event,1.5,Honeymooners,0.36,0.4,0.698,3.3,86.33,5
travel_package,PKG-01,Kerala Backwaters & Tea Hills 5D4N,Nature/Wellness,19500.0,20600.0,46500.0,2.257,35,13,0.371,0.632,37,0,Winter Peak,1.5,Major Event,1.5,Corporate Retreat,0.37,1.3,0.788,3.3,100.0,5
travel_package,PKG-02,Kerala Backwaters & Tea Hills 5D4N,Nature/Wellness,19500.0,20300.0,16100.0,0.793,35,13,0.371,0.615,39,0,Monsoon (Low),0.75,Normal Day,1.0,Family Group,0.88,1.7,0.324,1.3,34.17,1
travel_package,PKG-03,Rajasthan Royal Palaces Safari 4D3N,Heritage/Luxury,24000.0,26800.0,60200.0,2.246,22,1,0.045,0.95,6,0,Winter Peak,1.5,Major Event,1.5,Family Group,0.94,0.3,0.76,4.3,100.0,1
travel_package,PKG-04,Andaman Island Reef Explorer 5D4N,Island/Diving,32000.0,33500.0,30900.0,0.922,18,5,0.278,0.747,8,0,Autumn Regular,1.0,Normal Day,1.0,Honeymooners,0.29,2.3,0.402,1.3,41.54,0
travel_package,PKG-05,Kashmir Paradise Valley Tour 6D5N,Hills/Scenic,28000.0,29800.0,27600.0,0.926,20,5,0.25,0.772,10,0,Autumn Regular,1.0,Normal Day,1.0,Family Group,0.91,1.1,0.405,1.3,46.55,0
travel_package,PKG-06,Dubai Extravaganza & Safari 5D4N,International Tour,45000.0,45100.0,46700.0,1.035,15,7,0.467,0.564,13,0,Autumn Regular,1.0,Normal Day,1.0,Solo Backpacker,1.28,0.9,0.447,0.3,55.59,0
travel_package,PKG-07,Golden Triangle Heritage 5D4N,Cultural/Heritage,21000.0,21800.0,24100.0,1.106,25,7,0.28,0.705,7,0,Autumn Regular,1.0,Normal Day,1.0,Corporate Retreat,0.43,1.1,0.438,0.3,47.92,1
travel_package,PKG-08,Himachal Adventure & Treks 6D5N,Adventure/Sports,17800.0,18800.0,42600.0,2.266,25,7,0.28,0.729,16,0,Winter Peak,1.5,Major Event,1.5,Family Group,0.94,0.3,0.76,1.3,100.0,2
travel_package,PKG-01,Goa Beach & Nightlife Getaway 4D3N,Coastal/Leisure,16500.0,17700.0,17900.0,1.011,30,7,0.233,0.782,9,1,Monsoon (Low),0.75,Holiday,1.35,Honeymooners,0.31,0.1,0.559,2.3,65.17,3
travel_package,PKG-02,Kashmir Paradise Valley Tour 6D5N,Hills/Scenic,28000.0,31100.0,67300.0,2.164,20,4,0.2,0.822,8,1,Winter Peak,1.5,Festival,1.45,Honeymooners,0.35,0.6,0.789,0.3,100.0,1
travel_package,PKG-03,Andaman Island Reef Explorer 5D4N,Island/Diving,32000.0,33600.0,70300.0,2.092,18,5,0.278,0.724,41,1,Winter Peak,1.5,Holiday,1.35,Family Group,0.91,4.4,0.761,5.3,100.0,5
travel_package,PKG-04,Himachal Adventure & Treks 6D5N,Adventure/Sports,17800.0,18200.0,19100.0,1.049,25,9,0.36,0.648,4,0,Autumn Regular,1.0,Normal Day,1.0,Honeymooners,0.33,0.3,0.465,0.3,51.19,1
travel_package,PKG-05,Kashmir Paradise Valley Tour 6D5N,Hills/Scenic,28000.0,28700.0,27100.0,0.944,20,12,0.6,0.397,44,0,Autumn Regular,1.0,Normal Day,1.0,Honeymooners,0.39,0.8,0.405,1.3,42.67,0
travel_package,PKG-06,Kerala Backwaters & Tea Hills 5D4N,Nature/Wellness,19500.0,19800.0,36600.0,1.848,35,13,0.371,0.631,18,1,Spring Festive,1.25,Holiday,1.35,Family Group,0.84,3.7,0.743,4.3,96.79,7
travel_package,PKG-07,Rajasthan Royal Palaces Safari 4D3N,Heritage/Luxury,24000.0,27300.0,55600.0,2.037,22,1,0.045,0.95,3,0,Spring Festive,1.25,Major Event,1.5,Honeymooners,0.33,3.2,0.79,4.3,100.0,1
travel_package,PKG-08,Rajasthan Royal Palaces Safari 4D3N,Heritage/Luxury,24000.0,23000.0,18500.0,0.804,22,13,0.591,0.398,13,0,Monsoon (Low),0.75,Normal Day,1.0,Honeymooners,0.33,0.5,0.318,0.3,29.1,0
travel_package,PKG-01,Kerala Backwaters & Tea Hills 5D4N,Nature/Wellness,19500.0,21400.0,17500.0,0.818,35,8,0.229,0.774,3,0,Monsoon (Low),0.75,Normal Day,1.0,Family Group,0.87,1.1,0.369,1.3,40.95,0
travel_package,PKG-02,Himachal Adventure & Treks 6D5N,Adventure/Sports,17800.0,19700.0,19700.0,1.0,25,9,0.36,0.629,27,1,Monsoon (Low),0.75,Festival,1.45,Corporate Retreat,0.43,0.7,0.541,5.3,63.44,7
travel_package,PKG-03,Dubai Extravaganza & Safari 5D4N,International Tour,45000.0,46700.0,110800.0,2.373,15,4,0.267,0.765,6,0,Winter Peak,1.5,Festival,1.45,Family Group,0.94,1.2,0.76,4.3,100.0,4
travel_package,PKG-04,Andaman Island Reef Explorer 5D4N,Island/Diving,32000.0,33700.0,66500.0,1.973,18,5,0.278,0.718,13,0,Spring Festive,1.25,Major Event,1.5,Honeymooners,0.24,0.2,0.771,4.3,96.38,5
travel_package,PKG-05,Kashmir Paradise Valley Tour 6D5N,Hills/Scenic,28000.0,29300.0,30100.0,1.027,20,6,0.3,0.724,4,0,Autumn Regular,1.0,Normal Day,1.0,Honeymooners,0.19,1.7,0.468,1.3,50.69,0
travel_package,PKG-06,Himachal Adventure & Treks 6D5N,Adventure/Sports,17800.0,18300.0,20400.0,1.115,25,13,0.52,0.461,53,1,Autumn Regular,1.0,Holiday,1.35,Family Group,0.92,2.1,0.526,3.3,64.85,3
travel_package,PKG-07,Dubai Extravaganza & Safari 5D4N,International Tour,45000.0,50900.0,100000.0,1.965,15,1,0.067,0.924,11,1,Winter Peak,1.5,Holiday,1.35,Honeymooners,0.35,1.6,0.789,4.3,100.0,1
travel_package,PKG-08,Golden Triangle Heritage 5D4N,Cultural/Heritage,21000.0,21300.0,21900.0,1.028,25,10,0.4,0.619,24,0,Autumn Regular,1.0,Normal Day,1.0,Corporate Retreat,0.41,2.4,0.422,1.3,45.41,0
travel_package,PKG-01,Golden Triangle Heritage 5D4N,Cultural/Heritage,21000.0,22000.0,46600.0,2.118,25,5,0.2,0.804,19,0,Spring Festive,1.25,Festival,1.45,Corporate Retreat,0.44,0.4,0.78,3.3,99.31,5
travel_package,PKG-02,Kashmir Paradise Valley Tour 6D5N,Hills/Scenic,28000.0,27400.0,53300.0,1.945,20,6,0.3,0.707,34,0,Spring Festive,1.25,Festival,1.45,Family Group,0.94,0.1,0.703,5.3,91.51,6
travel_package,PKG-03,Andaman Island Reef Explorer 5D4N,Island/Diving,32000.0,35200.0,35100.0,0.997,18,5,0.278,0.748,10,0,Autumn Regular,1.0,Normal Day,1.0,Solo Backpacker,1.22,0.3,0.412,1.3,49.96,1
travel_package,PKG-04,Kashmir Paradise Valley Tour 6D5N,Hills/Scenic,28000.0,28300.0,28900.0,1.021,20,11,0.55,0.468,5,1,Monsoon (Low),0.75,Holiday,1.35,Solo Backpacker,1.27,2.3,0.462,2.3,57.81,0
travel_package,PKG-05,Goa Beach & Nightlife Getaway 4D3N,Coastal/Leisure,16500.0,16400.0,16600.0,1.012,30,16,0.533,0.478,30,0,Autumn Regular,1.0,Normal Day,1.0,Family Group,0.93,2.8,0.391,1.3,44.69,2
travel_package,PKG-06,Golden Triangle Heritage 5D4N,Cultural/Heritage,21000.0,23500.0,48200.0,2.051,25,3,0.12,0.877,9,1,Winter Peak,1.5,Holiday,1.35,Honeymooners,0.29,1.2,0.792,1.3,100.0,1
travel_package,PKG-07,Goa Beach & Nightlife Getaway 4D3N,Coastal/Leisure,16500.0,18000.0,41200.0,2.289,30,3,0.1,0.909,11,1,Winter Peak,1.5,Festival,1.45,Family Group,0.87,1.7,0.763,2.3,100.0,1
travel_package,PKG-08,Himachal Adventure & Treks 6D5N,Adventure/Sports,17800.0,19200.0,33700.0,1.755,25,2,0.08,0.921,4,1,Spring Festive,1.25,Holiday,1.35,Family Group,0.84,2.7,0.759,1.3,99.16,2
travel_package,PKG-01,Dubai Extravaganza & Safari 5D4N,International Tour,45000.0,48300.0,87700.0,1.816,15,3,0.2,0.781,17,1,Spring Festive,1.25,Holiday,1.35,Honeymooners,0.28,0.2,0.788,2.3,99.27,3
travel_package,PKG-02,Rajasthan Royal Palaces Safari 4D3N,Heritage/Luxury,24000.0,25100.0,47800.0,1.904,22,6,0.273,0.747,43,0,Winter Peak,1.5,Festival,1.45,Family Group,0.89,0.8,0.762,4.3,100.0,6
travel_package,PKG-03,Rajasthan Royal Palaces Safari 4D3N,Heritage/Luxury,24000.0,25900.0,20000.0,0.772,22,5,0.227,0.767,24,0,Monsoon (Low),0.75,Normal Day,1.0,Solo Backpacker,1.29,0.7,0.34,0.3,39.69,0
travel_package,PKG-04,Himachal Adventure & Treks 6D5N,Adventure/Sports,17800.0,17900.0,18300.0,1.022,25,8,0.32,0.693,10,0,Autumn Regular,1.0,Normal Day,1.0,Honeymooners,0.34,2.9,0.454,0.3,49.68,0
travel_package,PKG-05,Dubai Extravaganza & Safari 5D4N,International Tour,45000.0,41600.0,45400.0,1.091,15,13,0.867,0.162,55,1,Monsoon (Low),0.75,Festival,1.45,Family Group,0.96,0.1,0.396,2.3,45.67,2
travel_package,PKG-06,Golden Triangle Heritage 5D4N,Cultural/Heritage,21000.0,22900.0,50100.0,2.188,25,5,0.2,0.811,11,0,Winter Peak,1.5,Major Event,1.5,Honeymooners,0.33,1.7,0.79,2.3,100.0,3
travel_package,PKG-07,Dubai Extravaganza & Safari 5D4N,International Tour,45000.0,48800.0,51000.0,1.045,15,4,0.267,0.755,5,0,Autumn Regular,1.0,Normal Day,1.0,Solo Backpacker,1.28,2.1,0.385,1.3,46.31,0
travel_package,PKG-08,Andaman Island Reef Explorer 5D4N,Island/Diving,32000.0,36100.0,66900.0,1.853,18,1,0.056,0.95,7,1,Spring Festive,1.25,Festival,1.45,Family Group,0.86,2.5,0.764,4.3,100.0,1
travel_package,PKG-01,Kashmir Paradise Valley Tour 6D5N,Hills/Scenic,28000.0,30800.0,28000.0,0.909,20,9,0.45,0.568,15,0,Autumn Regular,1.0,Normal Day,1.0,Solo Backpacker,1.32,0.6,0.311,0.3,35.51,1
travel_package,PKG-02,Kashmir Paradise Valley Tour 6D5N,Hills/Scenic,28000.0,29900.0,27800.0,0.93,20,5,0.25,0.741,24,0,Autumn Regular,1.0,Normal Day,1.0,Corporate Retreat,0.33,2.6,0.411,1.3,43.06,0
travel_package,PKG-03,Golden Triangle Heritage 5D4N,Cultural/Heritage,21000.0,21700.0,13500.0,0.622,25,12,0.48,0.532,9,0,Monsoon (Low),0.75,Normal Day,1.0,Honeymooners,0.24,1.9,0.308,0.3,26.94,0
travel_package,PKG-04,Rajasthan Royal Palaces Safari 4D3N,Heritage/Luxury,24000.0,26900.0,26600.0,0.989,22,7,0.318,0.668,15,0,Autumn Regular,1.0,Normal Day,1.0,Honeymooners,0.38,2.0,0.43,1.3,46.4,1
travel_package,PKG-05,Dubai Extravaganza & Safari 5D4N,International Tour,45000.0,45000.0,62800.0,1.396,15,7,0.467,0.541,43,1,Autumn Regular,1.0,Holiday,1.35,Honeymooners,0.25,0.5,0.639,2.3,76.75,2
travel_package,PKG-06,Golden Triangle Heritage 5D4N,Cultural/Heritage,21000.0,21900.0,21700.0,0.991,25,7,0.28,0.703,3,0,Autumn Regular,1.0,Normal Day,1.0,Family Group,0.88,1.6,0.406,1.3,46.45,1
travel_package,PKG-07,Kerala Backwaters & Tea Hills 5D4N,Nature/Wellness,19500.0,19800.0,23800.0,1.202,35,14,0.4,0.614,19,1,Autumn Regular,1.0,Holiday,1.35,Family Group,0.92,0.4,0.568,2.3,71.03,2
travel_package,PKG-08,Dubai Extravaganza & Safari 5D4N,International Tour,45000.0,48100.0,44800.0,0.931,15,7,0.467,0.561,8,0,Autumn Regular,1.0,Normal Day,1.0,Family Group,0.91,1.1,0.369,0.3,41.24,0
travel_package,PKG-01,Kerala Backwaters & Tea Hills 5D4N,Nature/Wellness,19500.0,21700.0,28500.0,1.313,35,7,0.2,0.803,7,1,Autumn Regular,1.0,Holiday,1.35,Honeymooners,0.31,1.2,0.676,3.3,82.73,5
travel_package,PKG-02,Andaman Island Reef Explorer 5D4N,Island/Diving,32000.0,32300.0,65300.0,2.022,18,8,0.444,0.572,14,0,Spring Festive,1.25,Major Event,1.5,Solo Backpacker,1.31,1.1,0.693,2.3,92.81,3
travel_package,PKG-03,Kerala Backwaters & Tea Hills 5D4N,Nature/Wellness,19500.0,20800.0,27000.0,1.298,35,11,0.314,0.687,9,1,Autumn Regular,1.0,Holiday,1.35,Solo Backpacker,1.28,2.6,0.525,1.3,67.34,2
travel_package,PKG-04,Golden Triangle Heritage 5D4N,Cultural/Heritage,21000.0,22300.0,30200.0,1.354,25,6,0.24,0.771,4,1,Autumn Regular,1.0,Holiday,1.35,Corporate Retreat,0.4,0.3,0.633,3.3,77.02,5
travel_package,PKG-05,Andaman Island Reef Explorer 5D4N,Island/Diving,32000.0,34500.0,38500.0,1.116,18,5,0.278,0.708,5,1,Monsoon (Low),0.75,Festival,1.45,Family Group,0.88,3.8,0.533,1.3,65.51,1
travel_package,PKG-06,Rajasthan Royal Palaces Safari 4D3N,Heritage/Luxury,24000.0,24200.0,39300.0,1.624,22,6,0.273,0.74,3,1,Autumn Regular,1.0,Festival,1.45,Corporate Retreat,0.38,1.8,0.724,1.3,90.5,1
travel_package,PKG-07,Kashmir Paradise Valley Tour 6D5N,Hills/Scenic,28000.0,30600.0,33000.0,1.078,20,3,0.15,0.862,8,0,Autumn Regular,1.0,Normal Day,1.0,Family Group,0.88,0.3,0.46,3.3,54.62,3
travel_package,PKG-08,Rajasthan Royal Palaces Safari 4D3N,Heritage/Luxury,24000.0,24600.0,50200.0,2.041,22,9,0.409,0.568,46,0,Winter Peak,1.5,Festival,1.45,Family Group,0.91,3.0,0.749,3.3,98.22,4
travel_package,PKG-01,Kerala Backwaters & Tea Hills 5D4N,Nature/Wellness,19500.0,22200.0,26900.0,1.212,35,9,0.257,0.738,9,1,Autumn Regular,1.0,Festival,1.45,Honeymooners,0.3,5.6,0.634,0.3,76.37,1
travel_package,PKG-02,Andaman Island Reef Explorer 5D4N,Island/Diving,32000.0,34700.0,84300.0,2.429,18,4,0.222,0.782,18,0,Winter Peak,1.5,Major Event,1.5,Honeymooners,0.27,0.3,0.793,2.3,100.0,1
travel_package,PKG-03,Rajasthan Royal Palaces Safari 4D3N,Heritage/Luxury,24000.0,23000.0,52600.0,2.287,22,7,0.318,0.665,16,0,Winter Peak,1.5,Major Event,1.5,Family Group,0.84,2.2,0.765,4.3,100.0,6
travel_package,PKG-04,Kerala Backwaters & Tea Hills 5D4N,Nature/Wellness,19500.0,20600.0,17600.0,0.854,35,7,0.2,0.808,8,0,Autumn Regular,1.0,Normal Day,1.0,Family Group,0.89,3.7,0.438,2.3,51.33,1
travel_package,PKG-05,Goa Beach & Nightlife Getaway 4D3N,Coastal/Leisure,16500.0,17200.0,15200.0,0.884,30,5,0.167,0.82,13,0,Monsoon (Low),0.75,Normal Day,1.0,Family Group,0.93,0.4,0.389,2.3,44.35,2
travel_package,PKG-06,Golden Triangle Heritage 5D4N,Cultural/Heritage,21000.0,21900.0,21300.0,0.973,25,8,0.32,0.669,13,0,Autumn Regular,1.0,Normal Day,1.0,Corporate Retreat,0.4,0.5,0.454,2.3,50.14,2
travel_package,PKG-07,Himachal Adventure & Treks 6D5N,Adventure/Sports,17800.0,18100.0,42000.0,2.32,25,10,0.4,0.585,35,0,Winter Peak,1.5,Major Event,1.5,Solo Backpacker,1.4,0.0,0.701,2.3,94.63,3
travel_package,PKG-08,Kashmir Paradise Valley Tour 6D5N,Hills/Scenic,28000.0,31800.0,53500.0,1.682,20,2,0.1,0.9,31,0,Spring Festive,1.25,Festival,1.45,Family Group,0.85,0.8,0.732,4.3,95.12,2
travel_package,PKG-01,Rajasthan Royal Palaces Safari 4D3N,Heritage/Luxury,24000.0,23500.0,20200.0,0.86,22,12,0.545,0.458,17,0,Monsoon (Low),0.75,Normal Day,1.0,Honeymooners,0.37,0.7,0.332,2.3,31.57,3
travel_package,PKG-02,Goa Beach & Nightlife Getaway 4D3N,Coastal/Leisure,16500.0,16000.0,16700.0,1.044,30,9,0.3,0.689,3,1,Monsoon (Low),0.75,Holiday,1.35,Corporate Retreat,0.35,1.1,0.628,3.3,75.85,4
travel_package,PKG-03,Rajasthan Royal Palaces Safari 4D3N,Heritage/Luxury,24000.0,25100.0,18700.0,0.745,22,10,0.455,0.552,24,0,Monsoon (Low),0.75,Normal Day,1.0,Family Group,0.87,0.8,0.357,0.3,39.02,0
travel_package,PKG-04,Andaman Island Reef Explorer 5D4N,Island/Diving,32000.0,34400.0,90500.0,2.631,18,3,0.167,0.839,5,0,Winter Peak,1.5,Major Event,1.5,Honeymooners,0.26,6.3,0.794,2.3,100.0,3
travel_package,PKG-05,Golden Triangle Heritage 5D4N,Cultural/Heritage,21000.0,22300.0,51000.0,2.287,25,6,0.24,0.748,11,0,Winter Peak,1.5,Major Event,1.5,Honeymooners,0.21,2.2,0.796,6.3,100.0,6
travel_package,PKG-06,Andaman Island Reef Explorer 5D4N,Island/Diving,32000.0,33700.0,77100.0,2.288,18,1,0.056,0.939,8,1,Winter Peak,1.5,Festival,1.45,Solo Backpacker,1.24,1.5,0.745,3.3,100.0,1
travel_package,PKG-07,Rajasthan Royal Palaces Safari 4D3N,Heritage/Luxury,24000.0,25500.0,58900.0,2.31,22,4,0.182,0.814,8,0,Winter Peak,1.5,Major Event,1.5,Family Group,0.87,0.4,0.763,1.3,100.0,2
travel_package,PKG-08,Goa Beach & Nightlife Getaway 4D3N,Coastal/Leisure,16500.0,17500.0,16900.0,0.966,30,4,0.133,0.862,5,0,Autumn Regular,1.0,Normal Day,1.0,Honeymooners,0.29,0.1,0.446,0.3,48.15,0
travel_package,PKG-01,Golden Triangle Heritage 5D4N,Cultural/Heritage,21000.0,21400.0,45000.0,2.103,25,12,0.48,0.527,15,1,Winter Peak,1.5,Holiday,1.35,Family Group,0.91,1.5,0.741,3.3,96.98,4
travel_package,PKG-02,Rajasthan Royal Palaces Safari 4D3N,Heritage/Luxury,24000.0,26000.0,48300.0,1.858,22,2,0.091,0.89,17,0,Spring Festive,1.25,Major Event,1.5,Honeymooners,0.32,0.8,0.785,1.3,99.15,2
travel_package,PKG-03,Goa Beach & Nightlife Getaway 4D3N,Coastal/Leisure,16500.0,18100.0,18100.0,1.0,30,7,0.233,0.765,20,0,Autumn Regular,1.0,Normal Day,1.0,Solo Backpacker,1.31,1.2,0.407,2.3,49.81,1
travel_package,PKG-04,Himachal Adventure & Treks 6D5N,Adventure/Sports,17800.0,18400.0,21200.0,1.152,25,5,0.2,0.793,3,0,Autumn Regular,1.0,Normal Day,1.0,Family Group,0.93,2.5,0.477,1.3,57.47,0
travel_package,PKG-05,Kashmir Paradise Valley Tour 6D5N,Hills/Scenic,28000.0,30000.0,27900.0,0.93,20,8,0.4,0.604,24,0,Autumn Regular,1.0,Normal Day,1.0,Family Group,0.92,0.1,0.391,1.3,44.55,1
travel_package,PKG-06,Kerala Backwaters & Tea Hills 5D4N,Nature/Wellness,19500.0,19700.0,31000.0,1.574,35,7,0.2,0.798,22,1,Autumn Regular,1.0,Festival,1.45,Family Group,0.93,4.9,0.727,3.3,95.08,5
travel_package,PKG-07,Rajasthan Royal Palaces Safari 4D3N,Heritage/Luxury,24000.0,26400.0,20200.0,0.765,22,5,0.227,0.795,6,0,Monsoon (Low),0.75,Normal Day,1.0,Solo Backpacker,1.36,0.9,0.314,1.3,36.23,0
travel_package,PKG-08,Kashmir Paradise Valley Tour 6D5N,Hills/Scenic,28000.0,27600.0,27200.0,0.986,20,9,0.45,0.538,35,0,Autumn Regular,1.0,Normal Day,1.0,Family Group,0.91,1.8,0.419,1.3,48.66,1
travel_package,PKG-01,Himachal Adventure & Treks 6D5N,Adventure/Sports,17800.0,17900.0,43400.0,2.425,25,10,0.4,0.618,29,0,Winter Peak,1.5,Major Event,1.5,Honeymooners,0.3,1.0,0.792,7.3,100.0,10
travel_package,PKG-02,Kashmir Paradise Valley Tour 6D5N,Hills/Scenic,28000.0,27900.0,27100.0,0.971,20,11,0.55,0.458,31,0,Autumn Regular,1.0,Normal Day,1.0,Family Group,0.92,1.8,0.324,0.3,34.46,0
travel_package,PKG-03,Kerala Backwaters & Tea Hills 5D4N,Nature/Wellness,19500.0,19800.0,34800.0,1.758,35,12,0.343,0.654,60,1,Spring Festive,1.25,Holiday,1.35,Solo Backpacker,1.35,2.3,0.643,3.3,85.57,5
travel_package,PKG-04,Kerala Backwaters & Tea Hills 5D4N,Nature/Wellness,19500.0,20800.0,45900.0,2.207,35,5,0.143,0.845,9,0,Winter Peak,1.5,Festival,1.45,Corporate Retreat,0.36,2.2,0.789,1.3,100.0,1
travel_package,PKG-05,Kerala Backwaters & Tea Hills 5D4N,Nature/Wellness,19500.0,21600.0,41600.0,1.926,35,4,0.114,0.883,3,0,Spring Festive,1.25,Major Event,1.5,Corporate Retreat,0.32,2.7,0.749,1.3,93.72,1
travel_package,PKG-06,Kashmir Paradise Valley Tour 6D5N,Hills/Scenic,28000.0,31200.0,56700.0,1.817,20,3,0.15,0.834,5,0,Spring Festive,1.25,Major Event,1.5,Corporate Retreat,0.39,1.8,0.725,2.3,90.71,3
travel_package,PKG-07,Kashmir Paradise Valley Tour 6D5N,Hills/Scenic,28000.0,31500.0,70100.0,2.225,20,3,0.15,0.873,3,0,Winter Peak,1.5,Major Event,1.5,Honeymooners,0.37,5.2,0.788,3.3,100.0,3
travel_package,PKG-08,Andaman Island Reef Explorer 5D4N,Island/Diving,32000.0,35200.0,65200.0,1.852,18,5,0.278,0.726,4,0,Spring Festive,1.25,Major Event,1.5,Family Group,0.83,0.6,0.639,1.3,81.08,1
travel_package,PKG-01,Golden Triangle Heritage 5D4N,Cultural/Heritage,21000.0,21400.0,20500.0,0.958,25,12,0.48,0.508,36,0,Autumn Regular,1.0,Normal Day,1.0,Solo Backpacker,1.31,2.8,0.327,3.3,37.85,2
travel_package,PKG-02,Golden Triangle Heritage 5D4N,Cultural/Heritage,21000.0,20400.0,22100.0,1.083,25,10,0.4,0.591,19,1,Monsoon (Low),0.75,Holiday,1.35,Honeymooners,0.23,0.1,0.575,4.3,66.92,4
travel_package,PKG-03,Rajasthan Royal Palaces Safari 4D3N,Heritage/Luxury,24000.0,26500.0,34300.0,1.294,22,4,0.182,0.799,12,1,Autumn Regular,1.0,Holiday,1.35,Solo Backpacker,1.28,0.7,0.54,1.3,69.63,1
travel_package,PKG-04,Rajasthan Royal Palaces Safari 4D3N,Heritage/Luxury,24000.0,25000.0,27100.0,1.084,22,8,0.364,0.63,22,0,Autumn Regular,1.0,Normal Day,1.0,Family Group,0.87,0.1,0.394,1.3,44.69,0
travel_package,PKG-05,Andaman Island Reef Explorer 5D4N,Island/Diving,32000.0,31600.0,24300.0,0.769,18,10,0.556,0.459,60,0,Monsoon (Low),0.75,Normal Day,1.0,Family Group,0.93,0.5,0.296,1.3,30.39,1
travel_package,PKG-06,Golden Triangle Heritage 5D4N,Cultural/Heritage,21000.0,22700.0,41400.0,1.824,25,4,0.16,0.821,5,0,Spring Festive,1.25,Major Event,1.5,Family Group,0.93,0.2,0.76,7.3,100.0,4
travel_package,PKG-07,Kashmir Paradise Valley Tour 6D5N,Hills/Scenic,28000.0,30900.0,38600.0,1.249,20,3,0.15,0.849,14,1,Autumn Regular,1.0,Holiday,1.35,Family Group,0.96,1.8,0.631,1.3,80.88,1
travel_package,PKG-08,Dubai Extravaganza & Safari 5D4N,International Tour,45000.0,50100.0,107400.0,2.144,15,1,0.067,0.95,14,0,Winter Peak,1.5,Festival,1.45,Honeymooners,0.29,2.0,0.792,2.3,100.0,1
travel_package,PKG-01,Himachal Adventure & Treks 6D5N,Adventure/Sports,17800.0,17800.0,44500.0,2.5,25,11,0.44,0.568,12,0,Winter Peak,1.5,Major Event,1.5,Corporate Retreat,0.38,1.5,0.788,3.3,100.0,4
travel_package,PKG-02,Kashmir Paradise Valley Tour 6D5N,Hills/Scenic,28000.0,29000.0,46100.0,1.59,20,5,0.25,0.747,12,1,Autumn Regular,1.0,Festival,1.45,Solo Backpacker,1.33,2.0,0.603,3.3,79.4,3
travel_package,PKG-03,Kerala Backwaters & Tea Hills 5D4N,Nature/Wellness,19500.0,21700.0,38500.0,1.774,35,5,0.143,0.843,16,0,Spring Festive,1.25,Major Event,1.5,Family Group,0.92,0.4,0.71,4.3,92.44,5
travel_package,PKG-04,Kashmir Paradise Valley Tour 6D5N,Hills/Scenic,28000.0,28000.0,28800.0,1.029,20,11,0.55,0.461,30,0,Autumn Regular,1.0,Normal Day,1.0,Solo Backpacker,1.3,2.4,0.316,0.3,36.21,1
travel_package,PKG-05,Himachal Adventure & Treks 6D5N,Adventure/Sports,17800.0,17800.0,36200.0,2.034,25,8,0.32,0.677,5,0,Spring Festive,1.25,Festival,1.45,Corporate Retreat,0.4,3.5,0.729,1.3,91.39,1
travel_package,PKG-06,Kerala Backwaters & Tea Hills 5D4N,Nature/Wellness,19500.0,19200.0,14700.0,0.766,35,17,0.486,0.517,11,0,Monsoon (Low),0.75,Normal Day,1.0,Honeymooners,0.33,1.7,0.385,1.3,39.2,1
travel_package,PKG-07,Goa Beach & Nightlife Getaway 4D3N,Coastal/Leisure,16500.0,18000.0,18500.0,1.028,30,7,0.233,0.771,5,1,Monsoon (Low),0.75,Holiday,1.35,Honeymooners,0.31,0.9,0.611,4.3,72.93,4
travel_package,PKG-08,Kerala Backwaters & Tea Hills 5D4N,Nature/Wellness,19500.0,19800.0,20900.0,1.056,35,14,0.4,0.589,11,0,Autumn Regular,1.0,Normal Day,1.0,Family Group,0.93,1.0,0.341,1.3,37.08,0
travel_package,PKG-01,Golden Triangle Heritage 5D4N,Cultural/Heritage,21000.0,22600.0,43600.0,1.929,25,1,0.04,0.941,8,0,Spring Festive,1.25,Major Event,1.5,Solo Backpacker,1.31,0.2,0.677,1.3,90.39,1
travel_package,PKG-02,Rajasthan Royal Palaces Safari 4D3N,Heritage/Luxury,24000.0,25300.0,19500.0,0.771,22,8,0.364,0.643,19,0,Monsoon (Low),0.75,Normal Day,1.0,Honeymooners,0.34,0.4,0.404,0.3,42.21,1
travel_package,PKG-03,Dubai Extravaganza & Safari 5D4N,International Tour,45000.0,48900.0,37100.0,0.759,15,3,0.2,0.785,3,0,Monsoon (Low),0.75,Normal Day,1.0,Family Group,0.87,0.7,0.302,1.3,30.87,0
travel_package,PKG-04,Golden Triangle Heritage 5D4N,Cultural/Heritage,21000.0,22800.0,22600.0,0.991,25,6,0.24,0.767,3,0,Autumn Regular,1.0,Normal Day,1.0,Solo Backpacker,1.27,0.2,0.417,0.3,51.13,0
travel_package,PKG-05,Kashmir Paradise Valley Tour 6D5N,Hills/Scenic,28000.0,27700.0,19800.0,0.715,20,11,0.55,0.434,9,0,Monsoon (Low),0.75,Normal Day,1.0,Honeymooners,0.27,0.7,0.32,2.3,29.08,2
travel_package,PKG-06,Himachal Adventure & Treks 6D5N,Adventure/Sports,17800.0,18100.0,41000.0,2.265,25,6,0.24,0.751,5,1,Winter Peak,1.5,Holiday,1.35,Family Group,0.92,1.3,0.761,3.3,100.0,4
travel_package,PKG-07,Kerala Backwaters & Tea Hills 5D4N,Nature/Wellness,19500.0,19400.0,25200.0,1.299,35,16,0.457,0.532,24,1,Autumn Regular,1.0,Holiday,1.35,Family Group,0.9,2.5,0.57,1.3,71.27,1
travel_package,PKG-08,Goa Beach & Nightlife Getaway 4D3N,Coastal/Leisure,16500.0,17100.0,14500.0,0.848,30,13,0.433,0.574,31,0,Monsoon (Low),0.75,Normal Day,1.0,Honeymooners,0.29,0.5,0.377,2.3,37.7,2
travel_package,PKG-01,Kerala Backwaters & Tea Hills 5D4N,Nature/Wellness,19500.0,19800.0,24400.0,1.232,35,20,0.571,0.441,26,1,Autumn Regular,1.0,Holiday,1.35,Corporate Retreat,0.34,0.6,0.56,1.3,65.53,0
travel_package,PKG-02,Himachal Adventure & Treks 6D5N,Adventure/Sports,17800.0,17500.0,26300.0,1.503,25,19,0.76,0.252,41,1,Spring Festive,1.25,Holiday,1.35,Honeymooners,0.3,1.8,0.637,2.3,76.73,4
travel_package,PKG-03,Golden Triangle Heritage 5D4N,Cultural/Heritage,21000.0,22400.0,37400.0,1.67,25,11,0.44,0.566,32,1,Spring Festive,1.25,Festival,1.45,Family Group,0.91,0.9,0.698,7.3,90.57,8
travel_package,PKG-04,Himachal Adventure & Treks 6D5N,Adventure/Sports,17800.0,19200.0,42400.0,2.208,25,7,0.28,0.714,11,0,Winter Peak,1.5,Festival,1.45,Honeymooners,0.31,0.7,0.791,3.3,100.0,3
travel_package,PKG-05,Goa Beach & Nightlife Getaway 4D3N,Coastal/Leisure,16500.0,16900.0,15400.0,0.911,30,9,0.3,0.698,5,0,Autumn Regular,1.0,Normal Day,1.0,Corporate Retreat,0.38,1.8,0.454,2.3,50.02,0
travel_package,PKG-06,Kerala Backwaters & Tea Hills 5D4N,Nature/Wellness,19500.0,18700.0,23700.0,1.267,35,15,0.429,0.562,42,1,Autumn Regular,1.0,Holiday,1.35,Family Group,0.99,0.5,0.593,1.3,75.35,1
travel_package,PKG-07,Dubai Extravaganza & Safari 5D4N,International Tour,45000.0,45900.0,36900.0,0.804,15,6,0.4,0.617,6,0,Monsoon (Low),0.75,Normal Day,1.0,Solo Backpacker,1.34,0.9,0.312,2.3,35.83,0
travel_package,PKG-08,Kashmir Paradise Valley Tour 6D5N,Hills/Scenic,28000.0,29200.0,52600.0,1.801,20,6,0.3,0.678,7,1,Spring Festive,1.25,Holiday,1.35,Corporate Retreat,0.34,1.7,0.715,1.3,88.85,2
travel_package,PKG-01,Dubai Extravaganza & Safari 5D4N,International Tour,45000.0,46300.0,66100.0,1.428,15,6,0.4,0.576,10,1,Autumn Regular,1.0,Holiday,1.35,Family Group,0.88,1.4,0.559,0.3,69.5,1
travel_package,PKG-02,Dubai Extravaganza & Safari 5D4N,International Tour,45000.0,44700.0,47200.0,1.056,15,7,0.467,0.537,27,0,Autumn Regular,1.0,Normal Day,1.0,Corporate Retreat,0.41,0.2,0.458,1.3,50.84,0
travel_package,PKG-03,Golden Triangle Heritage 5D4N,Cultural/Heritage,21000.0,19600.0,45800.0,2.337,25,15,0.6,0.42,55,0,Winter Peak,1.5,Festival,1.45,Family Group,0.96,1.9,0.742,2.3,97.52,3
travel_package,PKG-04,Dubai Extravaganza & Safari 5D4N,International Tour,45000.0,43400.0,105400.0,2.429,15,6,0.4,0.592,37,0,Winter Peak,1.5,Festival,1.45,Family Group,0.94,3.7,0.76,4.3,100.0,6
travel_package,PKG-05,Kashmir Paradise Valley Tour 6D5N,Hills/Scenic,28000.0,28400.0,49400.0,1.739,20,11,0.55,0.457,33,0,Spring Festive,1.25,Festival,1.45,Family Group,0.96,0.7,0.614,5.3,78.28,2
travel_package,PKG-06,Kashmir Paradise Valley Tour 6D5N,Hills/Scenic,28000.0,28600.0,25100.0,0.878,20,11,0.55,0.432,60,0,Autumn Regular,1.0,Normal Day,1.0,Honeymooners,0.22,2.5,0.354,1.3,33.78,1
travel_package,PKG-07,Himachal Adventure & Treks 6D5N,Adventure/Sports,17800.0,17500.0,22600.0,1.291,25,14,0.56,0.443,47,1,Autumn Regular,1.0,Holiday,1.35,Family Group,0.86,0.3,0.456,1.3,53.8,1
travel_package,PKG-08,Himachal Adventure & Treks 6D5N,Adventure/Sports,17800.0,18300.0,32200.0,1.76,25,9,0.36,0.631,32,0,Spring Festive,1.25,Festival,1.45,Corporate Retreat,0.36,1.2,0.759,5.3,95.53,4
travel_package,PKG-01,Dubai Extravaganza & Safari 5D4N,International Tour,45000.0,50600.0,93800.0,1.854,15,3,0.2,0.773,22,1,Winter Peak,1.5,Holiday,1.35,Family Group,0.9,2.1,0.762,3.3,100.0,3
travel_package,PKG-02,Andaman Island Reef Explorer 5D4N,Island/Diving,32000.0,33500.0,62000.0,1.851,18,4,0.222,0.766,16,0,Spring Festive,1.25,Festival,1.45,Family Group,0.93,1.2,0.633,1.3,80.9,1
travel_package,PKG-03,Kashmir Paradise Valley Tour 6D5N,Hills/Scenic,28000.0,26300.0,28500.0,1.084,20,13,0.65,0.359,40,1,Monsoon (Low),0.75,Festival,1.45,Corporate Retreat,0.34,0.8,0.511,4.3,58.16,3
travel_package,PKG-04,Golden Triangle Heritage 5D4N,Cultural/Heritage,21000.0,23700.0,45100.0,1.903,25,3,0.12,0.899,4,0,Winter Peak,1.5,Festival,1.45,Family Group,0.9,1.3,0.74,2.3,96.7,2
travel_package,PKG-05,Kerala Backwaters & Tea Hills 5D4N,Nature/Wellness,19500.0,22800.0,42700.0,1.873,35,2,0.057,0.95,5,0,Spring Festive,1.25,Major Event,1.5,Family Group,0.94,2.6,0.67,1.3,86.52,1
travel_package,PKG-06,Andaman Island Reef Explorer 5D4N,Island/Diving,32000.0,34900.0,35200.0,1.009,18,3,0.167,0.81,4,0,Autumn Regular,1.0,Normal Day,1.0,Family Group,0.9,0.5,0.453,2.3,53.72,2
travel_package,PKG-07,Himachal Adventure & Treks 6D5N,Adventure/Sports,17800.0,18700.0,16700.0,0.893,25,7,0.28,0.733,8,0,Autumn Regular,1.0,Normal Day,1.0,Family Group,0.93,0.2,0.375,0.3,42.19,0
travel_package,PKG-08,Dubai Extravaganza & Safari 5D4N,International Tour,45000.0,43000.0,44400.0,1.033,15,8,0.533,0.461,25,0,Autumn Regular,1.0,Normal Day,1.0,Family Group,0.87,1.9,0.394,0.3,44.67,1
travel_package,PKG-01,Andaman Island Reef Explorer 5D4N,Island/Diving,32000.0,33400.0,32500.0,0.973,18,7,0.389,0.589,38,0,Autumn Regular,1.0,Normal Day,1.0,Honeymooners,0.33,2.4,0.465,1.3,51.29,2
travel_package,PKG-02,Andaman Island Reef Explorer 5D4N,Island/Diving,32000.0,34200.0,76300.0,2.231,18,4,0.222,0.79,19,0,Winter Peak,1.5,Major Event,1.5,Honeymooners,0.28,1.4,0.793,2.3,100.0,3
travel_package,PKG-03,Goa Beach & Nightlife Getaway 4D3N,Coastal/Leisure,16500.0,16500.0,16000.0,0.97,30,14,0.467,0.524,22,0,Autumn Regular,1.0,Normal Day,1.0,Family Group,0.95,0.0,0.328,1.3,35.29,0
travel_package,PKG-04,Kashmir Paradise Valley Tour 6D5N,Hills/Scenic,28000.0,29500.0,22400.0,0.759,20,8,0.4,0.618,14,0,Monsoon (Low),0.75,Normal Day,1.0,Solo Backpacker,1.27,0.1,0.352,3.3,41.29,1
travel_package,PKG-05,Kashmir Paradise Valley Tour 6D5N,Hills/Scenic,28000.0,31100.0,70500.0,2.267,20,1,0.05,0.95,4,0,Winter Peak,1.5,Festival,1.45,Corporate Retreat,0.38,6.0,0.788,0.3,100.0,1
travel_package,PKG-06,Golden Triangle Heritage 5D4N,Cultural/Heritage,21000.0,19800.0,15700.0,0.793,25,15,0.6,0.394,27,0,Monsoon (Low),0.75,Normal Day,1.0,Family Group,0.9,2.5,0.271,0.3,26.42,0
travel_package,PKG-07,Andaman Island Reef Explorer 5D4N,Island/Diving,32000.0,34500.0,72000.0,2.087,18,8,0.444,0.575,40,0,Winter Peak,1.5,Major Event,1.5,Honeymooners,0.25,0.2,0.777,1.3,97.49,1
travel_package,PKG-08,Kerala Backwaters & Tea Hills 5D4N,Nature/Wellness,19500.0,21000.0,21300.0,1.014,35,8,0.229,0.77,6,0,Autumn Regular,1.0,Normal Day,1.0,Corporate Retreat,0.38,0.5,0.521,0.3,60.05,1
travel_package,PKG-01,Rajasthan Royal Palaces Safari 4D3N,Heritage/Luxury,24000.0,23700.0,22600.0,0.954,22,14,0.636,0.354,58,0,Autumn Regular,1.0,Normal Day,1.0,Family Group,0.88,0.5,0.383,1.3,43.1,0
travel_package,PKG-02,Kashmir Paradise Valley Tour 6D5N,Hills/Scenic,28000.0,30100.0,65600.0,2.179,20,3,0.15,0.85,18,1,Winter Peak,1.5,Holiday,1.35,Family Group,0.8,0.6,0.767,4.3,100.0,3
travel_package,PKG-03,Rajasthan Royal Palaces Safari 4D3N,Heritage/Luxury,24000.0,24300.0,17000.0,0.7,22,12,0.545,0.438,44,0,Monsoon (Low),0.75,Normal Day,1.0,Family Group,0.84,0.5,0.264,0.3,24.89,0
travel_package,PKG-04,Golden Triangle Heritage 5D4N,Cultural/Heritage,21000.0,22400.0,57300.0,2.558,25,5,0.2,0.791,40,0,Winter Peak,1.5,Major Event,1.5,Honeymooners,0.32,1.2,0.791,2.3,100.0,3
travel_package,PKG-05,Dubai Extravaganza & Safari 5D4N,International Tour,45000.0,46400.0,51000.0,1.099,15,4,0.267,0.747,10,0,Autumn Regular,1.0,Normal Day,1.0,Solo Backpacker,1.34,0.3,0.389,2.3,47.34,0
travel_package,PKG-06,Goa Beach & Nightlife Getaway 4D3N,Coastal/Leisure,16500.0,16900.0,16700.0,0.988,30,16,0.533,0.479,44,1,Monsoon (Low),0.75,Festival,1.45,Family Group,0.88,0.3,0.481,5.3,57.8,6
travel_package,PKG-07,Dubai Extravaganza & Safari 5D4N,International Tour,45000.0,47600.0,50300.0,1.057,15,5,0.333,0.676,10,1,Monsoon (Low),0.75,Festival,1.45,Family Group,0.78,0.5,0.536,4.3,65.19,2
travel_package,PKG-08,Kashmir Paradise Valley Tour 6D5N,Hills/Scenic,28000.0,28500.0,38600.0,1.354,20,8,0.4,0.601,36,1,Autumn Regular,1.0,Holiday,1.35,Family Group,0.92,1.4,0.544,3.3,67.52,4
travel_package,PKG-01,Rajasthan Royal Palaces Safari 4D3N,Heritage/Luxury,24000.0,24600.0,24900.0,1.012,22,8,0.364,0.641,17,0,Autumn Regular,1.0,Normal Day,1.0,Honeymooners,0.25,0.8,0.483,2.3,53.29,3
travel_package,PKG-02,Dubai Extravaganza & Safari 5D4N,International Tour,45000.0,49000.0,49500.0,1.01,15,4,0.267,0.726,20,0,Autumn Regular,1.0,Normal Day,1.0,Solo Backpacker,1.28,1.0,0.451,0.3,56.2,0
travel_package,PKG-03,Kashmir Paradise Valley Tour 6D5N,Hills/Scenic,28000.0,29900.0,31500.0,1.054,20,7,0.35,0.659,7,0,Autumn Regular,1.0,Normal Day,1.0,Solo Backpacker,1.31,0.1,0.394,0.3,47.89,0
travel_package,PKG-04,Goa Beach & Nightlife Getaway 4D3N,Coastal/Leisure,16500.0,17300.0,32500.0,1.879,30,3,0.1,0.915,4,0,Spring Festive,1.25,Major Event,1.5,Corporate Retreat,0.41,0.3,0.738,3.3,92.7,3
travel_package,PKG-05,Rajasthan Royal Palaces Safari 4D3N,Heritage/Luxury,24000.0,26100.0,20500.0,0.785,22,3,0.136,0.845,10,0,Monsoon (Low),0.75,Normal Day,1.0,Family Group,0.88,3.3,0.34,1.3,36.65,1
travel_package,PKG-06,Kashmir Paradise Valley Tour 6D5N,Hills/Scenic,28000.0,27900.0,47400.0,1.699,20,9,0.45,0.56,47,1,Spring Festive,1.25,Festival,1.45,Family Group,0.88,0.2,0.683,3.3,88.09,5
travel_package,PKG-07,Golden Triangle Heritage 5D4N,Cultural/Heritage,21000.0,23800.0,32100.0,1.349,25,6,0.24,0.75,21,1,Autumn Regular,1.0,Festival,1.45,Family Group,0.89,2.5,0.605,4.3,76.5,5
travel_package,PKG-08,Goa Beach & Nightlife Getaway 4D3N,Coastal/Leisure,16500.0,16300.0,13900.0,0.853,30,8,0.267,0.729,7,0,Monsoon (Low),0.75,Normal Day,1.0,Family Group,0.94,0.7,0.374,1.3,42.18,1
travel_package,PKG-01,Golden Triangle Heritage 5D4N,Cultural/Heritage,21000.0,21600.0,30600.0,1.417,25,8,0.32,0.686,3,1,Autumn Regular,1.0,Holiday,1.35,Honeymooners,0.34,1.0,0.647,4.3,78.64,3
travel_package,PKG-02,Himachal Adventure & Treks 6D5N,Adventure/Sports,17800.0,18100.0,33900.0,1.873,25,13,0.52,0.48,36,1,Spring Festive,1.25,Festival,1.45,Solo Backpacker,1.27,2.1,0.688,2.3,91.79,0
travel_package,PKG-03,Dubai Extravaganza & Safari 5D4N,International Tour,45000.0,48300.0,34600.0,0.716,15,5,0.333,0.675,28,0,Monsoon (Low),0.75,Normal Day,1.0,Family Group,0.9,0.6,0.307,2.3,31.79,4
travel_package,PKG-04,Himachal Adventure & Treks 6D5N,Adventure/Sports,17800.0,17500.0,13700.0,0.783,25,12,0.48,0.501,10,0,Monsoon (Low),0.75,Normal Day,1.0,Family Group,0.89,2.7,0.27,0.3,26.12,0
travel_package,PKG-05,Andaman Island Reef Explorer 5D4N,Island/Diving,32000.0,34500.0,82300.0,2.386,18,1,0.056,0.936,26,0,Winter Peak,1.5,Major Event,1.5,Solo Backpacker,1.33,0.2,0.74,5.3,100.0,1
travel_package,PKG-06,Dubai Extravaganza & Safari 5D4N,International Tour,45000.0,45300.0,57600.0,1.272,15,6,0.4,0.579,4,1,Autumn Regular,1.0,Holiday,1.35,Family Group,0.89,0.4,0.566,2.3,70.54,2
travel_package,PKG-07,Kerala Backwaters & Tea Hills 5D4N,Nature/Wellness,19500.0,20900.0,23100.0,1.105,35,12,0.343,0.651,14,1,Monsoon (Low),0.75,Festival,1.45,Honeymooners,0.34,0.4,0.556,3.3,65.02,2
travel_package,PKG-08,Goa Beach & Nightlife Getaway 4D3N,Coastal/Leisure,16500.0,18100.0,25900.0,1.431,30,3,0.1,0.889,9,1,Autumn Regular,1.0,Holiday,1.35,Family Group,0.88,0.1,0.663,6.3,85.02,3
travel_package,PKG-01,Kashmir Paradise Valley Tour 6D5N,Hills/Scenic,28000.0,28100.0,66900.0,2.381,20,8,0.4,0.575,29,0,Winter Peak,1.5,Major Event,1.5,Solo Backpacker,1.39,0.9,0.737,4.3,100.0,6
travel_package,PKG-02,Andaman Island Reef Explorer 5D4N,Island/Diving,32000.0,34100.0,62900.0,1.845,18,5,0.278,0.742,14,0,Spring Festive,1.25,Major Event,1.5,Family Group,0.96,0.6,0.716,3.3,93.63,3
travel_package,PKG-03,Dubai Extravaganza & Safari 5D4N,International Tour,45000.0,47700.0,111600.0,2.34,15,2,0.133,0.895,22,1,Winter Peak,1.5,Holiday,1.35,Family Group,0.9,0.1,0.762,3.3,100.0,2
travel_package,PKG-04,Kashmir Paradise Valley Tour 6D5N,Hills/Scenic,28000.0,29800.0,34500.0,1.158,20,3,0.15,0.825,3,1,Monsoon (Low),0.75,Festival,1.45,Solo Backpacker,1.35,2.5,0.514,2.3,66.27,3
travel_package,PKG-05,Kashmir Paradise Valley Tour 6D5N,Hills/Scenic,28000.0,27800.0,23900.0,0.86,20,7,0.35,0.632,6,0,Monsoon (Low),0.75,Normal Day,1.0,Solo Backpacker,1.3,1.6,0.321,1.3,36.97,1
travel_package,PKG-06,Himachal Adventure & Treks 6D5N,Adventure/Sports,17800.0,17700.0,13100.0,0.74,25,12,0.48,0.521,24,0,Monsoon (Low),0.75,Normal Day,1.0,Honeymooners,0.22,1.3,0.415,2.3,42.9,4
travel_package,PKG-07,Goa Beach & Nightlife Getaway 4D3N,Coastal/Leisure,16500.0,16100.0,17600.0,1.093,30,14,0.467,0.533,16,0,Autumn Regular,1.0,Normal Day,1.0,Family Group,0.88,1.8,0.399,2.3,45.47,4
travel_package,PKG-08,Andaman Island Reef Explorer 5D4N,Island/Diving,32000.0,36500.0,35200.0,0.964,18,2,0.111,0.904,9,0,Autumn Regular,1.0,Normal Day,1.0,Honeymooners,0.31,0.4,0.463,1.3,50.83,0
travel_package,PKG-01,Golden Triangle Heritage 5D4N,Cultural/Heritage,21000.0,22100.0,38100.0,1.724,25,6,0.24,0.755,26,1,Spring Festive,1.25,Holiday,1.35,Corporate Retreat,0.37,0.2,0.788,9.3,100.0,6
travel_package,PKG-02,Rajasthan Royal Palaces Safari 4D3N,Heritage/Luxury,24000.0,27400.0,57900.0,2.113,22,1,0.045,0.938,7,1,Winter Peak,1.5,Holiday,1.35,Solo Backpacker,1.27,4.1,0.743,4.3,100.0,1
travel_package,PKG-03,Golden Triangle Heritage 5D4N,Cultural/Heritage,21000.0,23000.0,49400.0,2.148,25,9,0.36,0.655,45,0,Winter Peak,1.5,Festival,1.45,Family Group,0.86,1.6,0.764,1.3,100.0,2
travel_package,PKG-04,Andaman Island Reef Explorer 5D4N,Island/Diving,32000.0,31400.0,25200.0,0.803,18,8,0.444,0.577,28,0,Monsoon (Low),0.75,Normal Day,1.0,Honeymooners,0.29,1.6,0.396,1.3,40.56,1
travel_package,PKG-05,Andaman Island Reef Explorer 5D4N,Island/Diving,32000.0,31900.0,23700.0,0.743,18,11,0.611,0.397,18,0,Monsoon (Low),0.75,Normal Day,1.0,Corporate Retreat,0.38,0.5,0.292,0.3,25.65,1
travel_package,PKG-06,Dubai Extravaganza & Safari 5D4N,International Tour,45000.0,48300.0,48200.0,0.998,15,3,0.2,0.801,4,0,Autumn Regular,1.0,Normal Day,1.0,Solo Backpacker,1.27,1.8,0.403,0.3,48.93,0
travel_package,PKG-07,Kerala Backwaters & Tea Hills 5D4N,Nature/Wellness,19500.0,19300.0,14300.0,0.741,35,17,0.486,0.524,18,0,Monsoon (Low),0.75,Normal Day,1.0,Family Group,0.95,3.6,0.348,0.3,38.25,0
travel_package,PKG-08,Goa Beach & Nightlife Getaway 4D3N,Coastal/Leisure,16500.0,14800.0,12300.0,0.831,30,25,0.833,0.164,60,0,Monsoon (Low),0.75,Normal Day,1.0,Family Group,0.88,2.2,0.282,2.3,27.9,2
travel_package,PKG-01,Golden Triangle Heritage 5D4N,Cultural/Heritage,21000.0,22400.0,21200.0,0.946,25,8,0.32,0.697,16,0,Autumn Regular,1.0,Normal Day,1.0,Family Group,0.88,0.3,0.429,1.3,49.98,1
travel_package,PKG-02,Kerala Backwaters & Tea Hills 5D4N,Nature/Wellness,19500.0,20900.0,29700.0,1.421,35,13,0.371,0.624,3,1,Autumn Regular,1.0,Holiday,1.35,Family Group,0.98,0.2,0.618,3.3,79.12,3
travel_package,PKG-03,Goa Beach & Nightlife Getaway 4D3N,Coastal/Leisure,16500.0,17200.0,15500.0,0.901,30,11,0.367,0.62,3,0,Autumn Regular,1.0,Normal Day,1.0,Solo Backpacker,1.28,1.2,0.389,1.3,46.89,0
travel_package,PKG-04,Rajasthan Royal Palaces Safari 4D3N,Heritage/Luxury,24000.0,23600.0,25300.0,1.072,22,9,0.409,0.596,11,1,Monsoon (Low),0.75,Holiday,1.35,Family Group,0.94,3.4,0.514,3.3,63.22,3
travel_package,PKG-05,Dubai Extravaganza & Safari 5D4N,International Tour,45000.0,46700.0,45200.0,0.968,15,5,0.333,0.637,4,0,Autumn Regular,1.0,Normal Day,1.0,Honeymooners,0.34,3.4,0.502,1.3,56.78,1
travel_package,PKG-06,Andaman Island Reef Explorer 5D4N,Island/Diving,32000.0,33800.0,56500.0,1.672,18,7,0.389,0.637,20,1,Spring Festive,1.25,Holiday,1.35,Family Group,0.87,0.9,0.76,6.3,99.54,7
travel_package,PKG-07,Kashmir Paradise Valley Tour 6D5N,Hills/Scenic,28000.0,28800.0,26500.0,0.92,20,9,0.45,0.534,17,1,Monsoon (Low),0.75,Holiday,1.35,Corporate Retreat,0.34,0.3,0.598,4.3,71.31,6
travel_package,PKG-08,Goa Beach & Nightlife Getaway 4D3N,Coastal/Leisure,16500.0,17300.0,13400.0,0.775,30,13,0.433,0.556,16,0,Monsoon (Low),0.75,Normal Day,1.0,Family Group,0.87,1.5,0.3,1.3,30.59,1
travel_package,PKG-01,Kerala Backwaters & Tea Hills 5D4N,Nature/Wellness,19500.0,21700.0,47700.0,2.198,35,3,0.086,0.916,10,0,Winter Peak,1.5,Festival,1.45,Corporate Retreat,0.44,1.3,0.785,4.3,100.0,3
travel_package,PKG-02,Himachal Adventure & Treks 6D5N,Adventure/Sports,17800.0,19100.0,46900.0,2.455,25,7,0.28,0.722,26,0,Winter Peak,1.5,Major Event,1.5,Solo Backpacker,1.29,1.1,0.742,3.3,100.0,4
travel_package,PKG-03,Kerala Backwaters & Tea Hills 5D4N,Nature/Wellness,19500.0,20700.0,31000.0,1.498,35,10,0.286,0.711,28,1,Autumn Regular,1.0,Festival,1.45,Family Group,0.91,0.4,0.616,4.3,78.16,5
travel_package,PKG-04,Himachal Adventure & Treks 6D5N,Adventure/Sports,17800.0,16800.0,11500.0,0.685,25,17,0.68,0.301,60,0,Monsoon (Low),0.75,Normal Day,1.0,Corporate Retreat,0.39,0.3,0.294,0.3,25.97,0
travel_package,PKG-05,Rajasthan Royal Palaces Safari 4D3N,Heritage/Luxury,24000.0,26300.0,26700.0,1.015,22,6,0.273,0.749,11,0,Autumn Regular,1.0,Normal Day,1.0,Corporate Retreat,0.37,1.9,0.509,1.3,58.06,0
travel_package,PKG-06,Himachal Adventure & Treks 6D5N,Adventure/Sports,17800.0,18300.0,17000.0,0.929,25,7,0.28,0.711,13,0,Autumn Regular,1.0,Normal Day,1.0,Honeymooners,0.3,4.1,0.381,0.3,38.37,1
travel_package,PKG-07,Kashmir Paradise Valley Tour 6D5N,Hills/Scenic,28000.0,28800.0,28500.0,0.99,20,8,0.4,0.615,34,0,Autumn Regular,1.0,Normal Day,1.0,Solo Backpacker,1.32,0.5,0.376,1.3,45.23,1
travel_package,PKG-08,Himachal Adventure & Treks 6D5N,Adventure/Sports,17800.0,16900.0,31100.0,1.84,25,11,0.44,0.561,18,1,Spring Festive,1.25,Holiday,1.35,Solo Backpacker,1.27,1.2,0.708,5.3,94.75,9
travel_package,PKG-01,Dubai Extravaganza & Safari 5D4N,International Tour,45000.0,40300.0,33500.0,0.831,15,10,0.667,0.327,51,0,Monsoon (Low),0.75,Normal Day,1.0,Honeymooners,0.3,1.2,0.325,3.3,30.0,2
travel_package,PKG-02,Goa Beach & Nightlife Getaway 4D3N,Coastal/Leisure,16500.0,17600.0,35600.0,2.023,30,8,0.267,0.748,37,0,Spring Festive,1.25,Major Event,1.5,Family Group,0.86,1.0,0.712,4.3,92.29,8
travel_package,PKG-03,Himachal Adventure & Treks 6D5N,Adventure/Sports,17800.0,19500.0,30100.0,1.544,25,8,0.32,0.692,35,1,Spring Festive,1.25,Holiday,1.35,Honeymooners,0.31,3.3,0.749,2.3,93.67,3
travel_package,PKG-04,Goa Beach & Nightlife Getaway 4D3N,Coastal/Leisure,16500.0,17400.0,24500.0,1.408,30,5,0.167,0.832,5,1,Autumn Regular,1.0,Holiday,1.35,Family Group,0.94,1.3,0.615,3.3,78.24,5
travel_package,PKG-05,Dubai Extravaganza & Safari 5D4N,International Tour,45000.0,46800.0,45900.0,0.981,15,7,0.467,0.521,33,0,Autumn Regular,1.0,Normal Day,1.0,Family Group,0.91,0.7,0.35,1.3,38.27,0
travel_package,PKG-06,Kashmir Paradise Valley Tour 6D5N,Hills/Scenic,28000.0,27400.0,24100.0,0.88,20,12,0.6,0.39,34,0,Autumn Regular,1.0,Normal Day,1.0,Corporate Retreat,0.33,2.2,0.355,1.3,34.78,1
travel_package,PKG-07,Himachal Adventure & Treks 6D5N,Adventure/Sports,17800.0,19900.0,45900.0,2.307,25,3,0.12,0.87,9,0,Winter Peak,1.5,Major Event,1.5,Solo Backpacker,1.32,2.5,0.741,6.3,100.0,3
travel_package,PKG-08,Golden Triangle Heritage 5D4N,Cultural/Heritage,21000.0,22300.0,21200.0,0.951,25,7,0.28,0.736,8,0,Autumn Regular,1.0,Normal Day,1.0,Corporate Retreat,0.4,0.5,0.444,3.3,48.61,1
travel_package,PKG-01,Dubai Extravaganza & Safari 5D4N,International Tour,45000.0,47100.0,46500.0,0.987,15,3,0.2,0.797,14,0,Autumn Regular,1.0,Normal Day,1.0,Honeymooners,0.29,0.3,0.415,0.3,43.49,1
travel_package,PKG-02,Golden Triangle Heritage 5D4N,Cultural/Heritage,21000.0,21400.0,16800.0,0.785,25,9,0.36,0.656,11,0,Monsoon (Low),0.75,Normal Day,1.0,Family Group,0.88,3.1,0.371,0.3,41.22,0
travel_package,PKG-03,Golden Triangle Heritage 5D4N,Cultural/Heritage,21000.0,21900.0,39700.0,1.813,25,8,0.32,0.688,3,1,Spring Festive,1.25,Festival,1.45,Family Group,0.9,0.4,0.762,2.3,100.0,3
travel_package,PKG-04,Dubai Extravaganza & Safari 5D4N,International Tour,45000.0,49200.0,116700.0,2.372,15,4,0.267,0.731,15,0,Winter Peak,1.5,Major Event,1.5,Family Group,0.93,2.2,0.76,4.3,100.0,4
travel_package,PKG-05,Andaman Island Reef Explorer 5D4N,Island/Diving,32000.0,34000.0,60500.0,1.779,18,5,0.278,0.714,35,0,Spring Festive,1.25,Major Event,1.5,Solo Backpacker,1.24,4.8,0.71,3.3,94.74,3
travel_package,PKG-06,Kerala Backwaters & Tea Hills 5D4N,Nature/Wellness,19500.0,21500.0,37500.0,1.744,35,4,0.114,0.88,3,0,Spring Festive,1.25,Festival,1.45,Corporate Retreat,0.34,1.5,0.747,5.3,93.55,4
travel_package,PKG-07,Dubai Extravaganza & Safari 5D4N,International Tour,45000.0,49200.0,60700.0,1.234,15,4,0.267,0.758,15,1,Autumn Regular,1.0,Holiday,1.35,Corporate Retreat,0.37,0.7,0.62,1.3,74.73,1
travel_package,PKG-08,Himachal Adventure & Treks 6D5N,Adventure/Sports,17800.0,18700.0,34100.0,1.824,25,8,0.32,0.68,6,1,Spring Festive,1.25,Holiday,1.35,Family Group,0.85,3.4,0.733,4.3,95.33,5
travel_package,PKG-01,Rajasthan Royal Palaces Safari 4D3N,Heritage/Luxury,24000.0,24300.0,24800.0,1.021,22,9,0.409,0.602,5,0,Autumn Regular,1.0,Normal Day,1.0,Honeymooners,0.32,0.1,0.454,1.3,49.46,2
travel_package,PKG-02,Andaman Island Reef Explorer 5D4N,Island/Diving,32000.0,34500.0,34800.0,1.009,18,7,0.389,0.598,31,1,Monsoon (Low),0.75,Holiday,1.35,Family Group,0.93,0.6,0.467,4.3,55.95,5
travel_package,PKG-03,Kerala Backwaters & Tea Hills 5D4N,Nature/Wellness,19500.0,20400.0,47400.0,2.324,35,10,0.286,0.706,27,1,Winter Peak,1.5,Festival,1.45,Corporate Retreat,0.41,1.0,0.786,4.3,100.0,7
travel_package,PKG-04,Rajasthan Royal Palaces Safari 4D3N,Heritage/Luxury,24000.0,24000.0,32800.0,1.367,22,10,0.455,0.551,13,1,Autumn Regular,1.0,Holiday,1.35,Family Group,0.92,0.9,0.583,6.3,73.37,9
travel_package,PKG-05,Andaman Island Reef Explorer 5D4N,Island/Diving,32000.0,32800.0,23500.0,0.716,18,8,0.444,0.566,7,0,Monsoon (Low),0.75,Normal Day,1.0,Honeymooners,0.23,4.5,0.365,0.3,35.42,1
travel_package,PKG-06,Dubai Extravaganza & Safari 5D4N,International Tour,45000.0,46100.0,78000.0,1.692,15,5,0.333,0.688,12,0,Spring Festive,1.25,Major Event,1.5,Honeymooners,0.23,0.3,0.731,3.3,90.43,4
travel_package,PKG-07,Rajasthan Royal Palaces Safari 4D3N,Heritage/Luxury,24000.0,24700.0,23000.0,0.931,22,10,0.455,0.542,32,0,Autumn Regular,1.0,Normal Day,1.0,Solo Backpacker,1.29,0.9,0.338,1.3,39.39,1
travel_package,PKG-08,Andaman Island Reef Explorer 5D4N,Island/Diving,32000.0,32300.0,52000.0,1.61,18,10,0.556,0.471,57,1,Spring Festive,1.25,Holiday,1.35,Honeymooners,0.29,1.4,0.771,4.3,96.82,7
travel_package,PKG-01,Kerala Backwaters & Tea Hills 5D4N,Nature/Wellness,19500.0,20500.0,22400.0,1.093,35,12,0.343,0.661,9,0,Autumn Regular,1.0,Normal Day,1.0,Family Group,0.87,0.3,0.435,2.3,50.73,0
travel_package,PKG-02,Goa Beach & Nightlife Getaway 4D3N,Coastal/Leisure,16500.0,17800.0,16400.0,0.921,30,10,0.333,0.683,8,0,Autumn Regular,1.0,Normal Day,1.0,Corporate Retreat,0.4,1.1,0.464,0.3,51.67,1
travel_package,PKG-03,Rajasthan Royal Palaces Safari 4D3N,Heritage/Luxury,24000.0,22100.0,17700.0,0.801,22,14,0.636,0.354,60,0,Monsoon (Low),0.75,Normal Day,1.0,Corporate Retreat,0.35,0.0,0.315,0.3,28.92,0
travel_package,PKG-04,Rajasthan Royal Palaces Safari 4D3N,Heritage/Luxury,24000.0,23500.0,41600.0,1.77,22,11,0.5,0.511,29,1,Spring Festive,1.25,Holiday,1.35,Honeymooners,0.33,1.1,0.752,3.3,94.22,4
travel_package,PKG-05,Rajasthan Royal Palaces Safari 4D3N,Heritage/Luxury,24000.0,26000.0,60700.0,2.335,22,8,0.364,0.619,46,0,Winter Peak,1.5,Major Event,1.5,Honeymooners,0.29,0.0,0.792,2.3,100.0,3
travel_package,PKG-06,Kerala Backwaters & Tea Hills 5D4N,Nature/Wellness,19500.0,19800.0,46600.0,2.354,35,16,0.457,0.555,54,0,Winter Peak,1.5,Festival,1.45,Corporate Retreat,0.39,1.2,0.787,5.3,100.0,8
travel_package,PKG-07,Andaman Island Reef Explorer 5D4N,Island/Diving,32000.0,34100.0,25700.0,0.754,18,7,0.389,0.637,14,0,Monsoon (Low),0.75,Normal Day,1.0,Solo Backpacker,1.23,0.4,0.289,1.3,31.62,0
travel_package,PKG-08,Himachal Adventure & Treks 6D5N,Adventure/Sports,17800.0,18900.0,27000.0,1.429,25,8,0.32,0.666,5,1,Autumn Regular,1.0,Holiday,1.35,Family Group,0.83,1.5,0.569,1.3,70.57,2
travel_package,PKG-01,Kerala Backwaters & Tea Hills 5D4N,Nature/Wellness,19500.0,20400.0,22000.0,1.078,35,14,0.4,0.597,15,0,Autumn Regular,1.0,Normal Day,1.0,Family Group,0.89,2.5,0.463,0.3,55.17,1
travel_package,PKG-02,Goa Beach & Nightlife Getaway 4D3N,Coastal/Leisure,16500.0,16300.0,28300.0,1.736,30,15,0.5,0.488,60,1,Spring Festive,1.25,Holiday,1.35,Family Group,0.88,1.9,0.72,2.3,93.62,4
travel_package,PKG-03,Goa Beach & Nightlife Getaway 4D3N,Coastal/Leisure,16500.0,16200.0,17500.0,1.08,30,14,0.467,0.53,25,0,Autumn Regular,1.0,Normal Day,1.0,Corporate Retreat,0.41,2.2,0.438,0.3,47.82,1
travel_package,PKG-04,Kashmir Paradise Valley Tour 6D5N,Hills/Scenic,28000.0,29500.0,55100.0,1.868,20,3,0.15,0.837,25,0,Spring Festive,1.25,Major Event,1.5,Family Group,0.89,1.4,0.762,5.3,100.0,3
travel_package,PKG-05,Kerala Backwaters & Tea Hills 5D4N,Nature/Wellness,19500.0,20400.0,27600.0,1.353,35,15,0.429,0.56,11,1,Autumn Regular,1.0,Festival,1.45,Family Group,0.95,0.2,0.611,7.3,77.75,9
travel_package,PKG-06,Goa Beach & Nightlife Getaway 4D3N,Coastal/Leisure,16500.0,16300.0,11600.0,0.712,30,17,0.567,0.424,34,0,Monsoon (Low),0.75,Normal Day,1.0,Family Group,0.92,0.4,0.231,0.3,20.58,1
travel_package,PKG-07,Andaman Island Reef Explorer 5D4N,Island/Diving,32000.0,32700.0,78600.0,2.404,18,7,0.389,0.618,37,0,Winter Peak,1.5,Major Event,1.5,Honeymooners,0.31,2.1,0.791,3.3,100.0,5
travel_package,PKG-08,Dubai Extravaganza & Safari 5D4N,International Tour,45000.0,43300.0,50600.0,1.169,15,7,0.467,0.519,39,1,Monsoon (Low),0.75,Holiday,1.35,Honeymooners,0.32,3.2,0.491,1.3,55.1,0
travel_package,PKG-01,Goa Beach & Nightlife Getaway 4D3N,Coastal/Leisure,16500.0,17900.0,19300.0,1.078,30,5,0.167,0.825,4,1,Monsoon (Low),0.75,Festival,1.45,Family Group,0.91,3.1,0.604,3.3,76.41,3
travel_package,PKG-02,Goa Beach & Nightlife Getaway 4D3N,Coastal/Leisure,16500.0,17200.0,18800.0,1.093,30,12,0.4,0.606,18,1,Monsoon (Low),0.75,Festival,1.45,Family Group,0.91,4.8,0.542,4.3,67.09,4
travel_package,PKG-03,Kashmir Paradise Valley Tour 6D5N,Hills/Scenic,28000.0,27900.0,28100.0,1.007,20,8,0.4,0.607,19,1,Monsoon (Low),0.75,Holiday,1.35,Honeymooners,0.24,3.5,0.53,2.3,60.34,1
travel_package,PKG-04,Rajasthan Royal Palaces Safari 4D3N,Heritage/Luxury,24000.0,25800.0,19700.0,0.764,22,5,0.227,0.756,10,0,Monsoon (Low),0.75,Normal Day,1.0,Honeymooners,0.28,1.3,0.413,1.3,43.06,2
travel_package,PKG-05,Rajasthan Royal Palaces Safari 4D3N,Heritage/Luxury,24000.0,24400.0,22200.0,0.91,22,10,0.455,0.532,6,1,Monsoon (Low),0.75,Festival,1.45,Family Group,0.93,0.8,0.442,1.3,52.25,0
travel_package,PKG-06,Kerala Backwaters & Tea Hills 5D4N,Nature/Wellness,19500.0,18300.0,28600.0,1.563,35,22,0.629,0.38,58,1,Autumn Regular,1.0,Festival,1.45,Corporate Retreat,0.42,1.7,0.695,5.3,86.44,9
travel_package,PKG-07,Golden Triangle Heritage 5D4N,Cultural/Heritage,21000.0,20600.0,17200.0,0.835,25,8,0.32,0.684,22,0,Monsoon (Low),0.75,Normal Day,1.0,Honeymooners,0.32,3.4,0.383,1.3,38.82,0
travel_package,PKG-08,Kerala Backwaters & Tea Hills 5D4N,Nature/Wellness,19500.0,22500.0,50300.0,2.236,35,2,0.057,0.95,4,0,Winter Peak,1.5,Major Event,1.5,Honeymooners,0.34,0.1,0.79,1.3,100.0,1
travel_package,PKG-01,Kerala Backwaters & Tea Hills 5D4N,Nature/Wellness,19500.0,21100.0,46900.0,2.223,35,6,0.171,0.821,13,0,Winter Peak,1.5,Festival,1.45,Corporate Retreat,0.43,0.3,0.785,1.3,100.0,2
travel_package,PKG-02,Himachal Adventure & Treks 6D5N,Adventure/Sports,17800.0,17200.0,30100.0,1.75,25,15,0.6,0.415,46,0,Spring Festive,1.25,Festival,1.45,Solo Backpacker,1.23,1.9,0.578,3.3,74.87,4
travel_package,PKG-03,Kashmir Paradise Valley Tour 6D5N,Hills/Scenic,28000.0,29800.0,62500.0,2.097,20,3,0.15,0.837,15,1,Spring Festive,1.25,Festival,1.45,Family Group,0.89,2.1,0.762,7.3,100.0,3
travel_package,PKG-04,Himachal Adventure & Treks 6D5N,Adventure/Sports,17800.0,18200.0,18900.0,1.038,25,11,0.44,0.554,14,0,Autumn Regular,1.0,Normal Day,1.0,Honeymooners,0.28,2.7,0.431,1.3,45.77,0
travel_package,PKG-05,Golden Triangle Heritage 5D4N,Cultural/Heritage,21000.0,21300.0,28200.0,1.324,25,10,0.4,0.618,34,1,Autumn Regular,1.0,Holiday,1.35,Honeymooners,0.33,1.2,0.602,2.3,71.81,1
travel_package,PKG-06,Kerala Backwaters & Tea Hills 5D4N,Nature/Wellness,19500.0,21000.0,34700.0,1.652,35,11,0.314,0.679,30,1,Spring Festive,1.25,Holiday,1.35,Honeymooners,0.42,0.8,0.69,1.3,85.69,1
travel_package,PKG-07,Kashmir Paradise Valley Tour 6D5N,Hills/Scenic,28000.0,28900.0,48500.0,1.678,20,8,0.4,0.606,28,0,Spring Festive,1.25,Major Event,1.5,Family Group,0.85,1.2,0.668,6.3,85.63,6
travel_package,PKG-08,Kashmir Paradise Valley Tour 6D5N,Hills/Scenic,28000.0,28500.0,29200.0,1.025,20,6,0.3,0.676,3,0,Autumn Regular,1.0,Normal Day,1.0,Honeymooners,0.23,4.0,0.504,1.3,56.26,2
travel_package,PKG-01,Kerala Backwaters & Tea Hills 5D4N,Nature/Wellness,19500.0,20200.0,20400.0,1.01,35,13,0.371,0.615,34,0,Autumn Regular,1.0,Normal Day,1.0,Family Group,0.87,1.6,0.413,2.3,47.48,2
travel_package,PKG-02,Golden Triangle Heritage 5D4N,Cultural/Heritage,21000.0,22200.0,22100.0,0.995,25,9,0.36,0.622,21,0,Autumn Regular,1.0,Normal Day,1.0,Family Group,0.99,0.7,0.352,0.3,39.29,0
travel_package,PKG-03,Dubai Extravaganza & Safari 5D4N,International Tour,45000.0,45400.0,35200.0,0.775,15,4,0.267,0.727,10,0,Monsoon (Low),0.75,Normal Day,1.0,Honeymooners,0.28,1.2,0.459,2.3,49.93,3
travel_package,PKG-04,Golden Triangle Heritage 5D4N,Cultural/Heritage,21000.0,22800.0,44700.0,1.961,25,6,0.24,0.776,19,0,Spring Festive,1.25,Festival,1.45,Honeymooners,0.29,1.6,0.769,1.3,96.46,1
travel_package,PKG-05,Goa Beach & Nightlife Getaway 4D3N,Coastal/Leisure,16500.0,18000.0,34700.0,1.928,30,4,0.133,0.868,5,0,Spring Festive,1.25,Major Event,1.5,Corporate Retreat,0.44,2.3,0.776,2.3,98.74,4
travel_package,PKG-06,Andaman Island Reef Explorer 5D4N,Island/Diving,32000.0,34500.0,37900.0,1.099,18,4,0.222,0.757,12,0,Autumn Regular,1.0,Normal Day,1.0,Family Group,0.85,0.5,0.474,2.3,56.44,2
travel_package,PKG-07,Goa Beach & Nightlife Getaway 4D3N,Coastal/Leisure,16500.0,17200.0,33100.0,1.924,30,11,0.367,0.623,43,0,Spring Festive,1.25,Major Event,1.5,Corporate Retreat,0.38,1.1,0.697,3.3,86.47,5
travel_package,PKG-08,Golden Triangle Heritage 5D4N,Cultural/Heritage,21000.0,22200.0,43300.0,1.95,25,3,0.12,0.868,19,1,Spring Festive,1.25,Festival,1.45,Family Group,0.89,0.2,0.762,5.3,100.0,3
travel_package,PKG-01,Golden Triangle Heritage 5D4N,Cultural/Heritage,21000.0,22400.0,17200.0,0.768,25,6,0.24,0.777,3,0,Monsoon (Low),0.75,Normal Day,1.0,Honeymooners,0.3,1.9,0.398,1.3,40.91,1
travel_package,PKG-02,Himachal Adventure & Treks 6D5N,Adventure/Sports,17800.0,18200.0,13900.0,0.764,25,11,0.44,0.559,13,0,Monsoon (Low),0.75,Normal Day,1.0,Family Group,0.87,1.1,0.318,1.3,33.16,0
travel_package,PKG-03,Andaman Island Reef Explorer 5D4N,Island/Diving,32000.0,31800.0,31600.0,0.994,18,9,0.5,0.495,41,0,Autumn Regular,1.0,Normal Day,1.0,Honeymooners,0.27,0.8,0.494,0.3,55.13,0
travel_package,PKG-04,Golden Triangle Heritage 5D4N,Cultural/Heritage,21000.0,22000.0,24500.0,1.114,25,8,0.32,0.68,13,1,Monsoon (Low),0.75,Holiday,1.35,Honeymooners,0.24,0.7,0.516,2.3,58.21,3
travel_package,PKG-05,Himachal Adventure & Treks 6D5N,Adventure/Sports,17800.0,17400.0,17400.0,1.0,25,11,0.44,0.557,10,0,Autumn Regular,1.0,Normal Day,1.0,Family Group,0.96,0.6,0.385,1.3,43.94,1
travel_package,PKG-06,Rajasthan Royal Palaces Safari 4D3N,Heritage/Luxury,24000.0,24900.0,16600.0,0.667,22,12,0.545,0.47,21,0,Monsoon (Low),0.75,Normal Day,1.0,Honeymooners,0.27,0.9,0.384,3.3,38.6,2
travel_package,PKG-07,Dubai Extravaganza & Safari 5D4N,International Tour,45000.0,49100.0,94300.0,1.921,15,1,0.067,0.95,3,0,Spring Festive,1.25,Festival,1.45,Family Group,0.89,3.2,0.762,2.3,100.0,1
travel_package,PKG-08,Rajasthan Royal Palaces Safari 4D3N,Heritage/Luxury,24000.0,25400.0,24600.0,0.969,22,5,0.227,0.776,4,0,Autumn Regular,1.0,Normal Day,1.0,Honeymooners,0.28,0.3,0.494,0.3,55.21,1
travel_package,PKG-01,Dubai Extravaganza & Safari 5D4N,International Tour,45000.0,46200.0,106300.0,2.301,15,2,0.133,0.881,13,0,Winter Peak,1.5,Festival,1.45,Family Group,0.85,1.4,0.764,3.3,100.0,2
travel_package,PKG-02,Dubai Extravaganza & Safari 5D4N,International Tour,45000.0,45400.0,50200.0,1.106,15,4,0.267,0.728,6,0,Autumn Regular,1.0,Normal Day,1.0,Family Group,0.89,1.6,0.444,1.3,52.21,2
travel_package,PKG-03,Rajasthan Royal Palaces Safari 4D3N,Heritage/Luxury,24000.0,25100.0,24400.0,0.972,22,7,0.318,0.699,26,0,Autumn Regular,1.0,Normal Day,1.0,Solo Backpacker,1.31,2.8,0.373,1.3,44.82,0
travel_package,PKG-04,Golden Triangle Heritage 5D4N,Cultural/Heritage,21000.0,21100.0,47700.0,2.261,25,10,0.4,0.588,46,0,Winter Peak,1.5,Major Event,1.5,Corporate Retreat,0.43,0.7,0.785,3.3,100.0,6
travel_package,PKG-05,Goa Beach & Nightlife Getaway 4D3N,Coastal/Leisure,16500.0,14500.0,11000.0,0.759,30,22,0.733,0.273,60,0,Monsoon (Low),0.75,Normal Day,1.0,Corporate Retreat,0.41,1.2,0.394,5.3,41.23,3
travel_package,PKG-06,Kashmir Paradise Valley Tour 6D5N,Hills/Scenic,28000.0,28700.0,44700.0,1.557,20,8,0.4,0.581,31,1,Spring Festive,1.25,Holiday,1.35,Family Group,0.94,0.6,0.671,4.3,86.77,8
travel_package,PKG-07,Kerala Backwaters & Tea Hills 5D4N,Nature/Wellness,19500.0,19500.0,37300.0,1.913,35,12,0.343,0.654,20,0,Spring Festive,1.25,Major Event,1.5,Honeymooners,0.28,2.2,0.744,2.3,92.73,4
travel_package,PKG-08,Kerala Backwaters & Tea Hills 5D4N,Nature/Wellness,19500.0,19600.0,18900.0,0.964,35,16,0.457,0.554,24,0,Autumn Regular,1.0,Normal Day,1.0,Honeymooners,0.34,1.3,0.419,0.3,44.43,0
travel_package,PKG-01,Kerala Backwaters & Tea Hills 5D4N,Nature/Wellness,19500.0,20900.0,41700.0,1.995,35,10,0.286,0.724,16,1,Winter Peak,1.5,Holiday,1.35,Honeymooners,0.34,2.3,0.79,2.3,100.0,3
travel_package,PKG-02,Dubai Extravaganza & Safari 5D4N,International Tour,45000.0,43500.0,83800.0,1.926,15,7,0.467,0.52,42,0,Spring Festive,1.25,Major Event,1.5,Family Group,1.0,1.3,0.648,3.3,83.69,4
travel_package,PKG-03,Dubai Extravaganza & Safari 5D4N,International Tour,45000.0,47600.0,45600.0,0.958,15,7,0.467,0.553,6,0,Autumn Regular,1.0,Normal Day,1.0,Solo Backpacker,1.32,0.8,0.351,0.3,41.5,0
travel_package,PKG-04,Golden Triangle Heritage 5D4N,Cultural/Heritage,21000.0,20500.0,28400.0,1.385,25,16,0.64,0.367,60,1,Autumn Regular,1.0,Holiday,1.35,Corporate Retreat,0.35,0.5,0.609,5.3,72.98,2
travel_package,PKG-05,Himachal Adventure & Treks 6D5N,Adventure/Sports,17800.0,18200.0,40000.0,2.198,25,11,0.44,0.55,56,0,Winter Peak,1.5,Major Event,1.5,Family Group,0.96,1.1,0.705,2.3,92.01,3
travel_package,PKG-06,Andaman Island Reef Explorer 5D4N,Island/Diving,32000.0,33600.0,58600.0,1.744,18,6,0.333,0.66,26,1,Spring Festive,1.25,Holiday,1.35,Corporate Retreat,0.36,5.6,0.789,4.3,100.0,5
travel_package,PKG-07,Rajasthan Royal Palaces Safari 4D3N,Heritage/Luxury,24000.0,26900.0,59900.0,2.227,22,3,0.136,0.874,8,0,Winter Peak,1.5,Festival,1.45,Family Group,0.89,0.4,0.762,3.3,100.0,3
travel_package,PKG-08,Goa Beach & Nightlife Getaway 4D3N,Coastal/Leisure,16500.0,16700.0,20200.0,1.21,30,9,0.3,0.712,7,1,Monsoon (Low),0.75,Festival,1.45,Corporate Retreat,0.46,1.7,0.622,4.3,75.74,6
travel_package,PKG-01,Goa Beach & Nightlife Getaway 4D3N,Coastal/Leisure,16500.0,19400.0,40000.0,2.062,30,2,0.067,0.95,3,0,Winter Peak,1.5,Major Event,1.5,Solo Backpacker,1.35,0.8,0.739,4.3,100.0,2
travel_package,PKG-02,Kerala Backwaters & Tea Hills 5D4N,Nature/Wellness,19500.0,20200.0,37600.0,1.861,35,2,0.057,0.95,10,0,Spring Festive,1.25,Festival,1.45,Family Group,0.87,0.2,0.709,4.3,91.85,2
travel_package,PKG-03,Dubai Extravaganza & Safari 5D4N,International Tour,45000.0,49200.0,36600.0,0.744,15,4,0.267,0.737,11,0,Monsoon (Low),0.75,Normal Day,1.0,Family Group,0.89,0.3,0.277,1.3,27.26,1
travel_package,PKG-04,Andaman Island Reef Explorer 5D4N,Island/Diving,32000.0,35100.0,68100.0,1.94,18,4,0.222,0.801,19,1,Winter Peak,1.5,Holiday,1.35,Solo Backpacker,1.37,1.4,0.736,3.3,99.66,4
travel_package,PKG-05,Andaman Island Reef Explorer 5D4N,Island/Diving,32000.0,30700.0,30200.0,0.984,18,9,0.5,0.482,44,0,Autumn Regular,1.0,Normal Day,1.0,Honeymooners,0.35,1.4,0.479,3.3,53.42,4
travel_package,PKG-06,Dubai Extravaganza & Safari 5D4N,International Tour,45000.0,46600.0,36800.0,0.79,15,4,0.267,0.747,3,0,Monsoon (Low),0.75,Normal Day,1.0,Corporate Retreat,0.41,0.1,0.414,1.3,44.11,1
travel_package,PKG-07,Andaman Island Reef Explorer 5D4N,Island/Diving,32000.0,36200.0,62700.0,1.732,18,3,0.167,0.836,7,0,Spring Festive,1.25,Festival,1.45,Solo Backpacker,1.3,0.5,0.672,3.3,89.51,3
travel_package,PKG-08,Dubai Extravaganza & Safari 5D4N,International Tour,45000.0,47300.0,46400.0,0.981,15,4,0.267,0.711,9,1,Monsoon (Low),0.75,Festival,1.45,Corporate Retreat,0.41,3.5,0.534,1.3,62.1,0
travel_package,PKG-01,Rajasthan Royal Palaces Safari 4D3N,Heritage/Luxury,24000.0,23400.0,27000.0,1.154,22,8,0.364,0.632,13,0,Autumn Regular,1.0,Normal Day,1.0,Family Group,0.87,3.1,0.478,1.3,57.2,1
travel_package,PKG-02,Dubai Extravaganza & Safari 5D4N,International Tour,45000.0,44500.0,44200.0,0.993,15,6,0.4,0.625,22,0,Autumn Regular,1.0,Normal Day,1.0,Honeymooners,0.3,0.2,0.465,1.3,50.97,0
travel_package,PKG-03,Kerala Backwaters & Tea Hills 5D4N,Nature/Wellness,19500.0,21000.0,42100.0,2.005,35,6,0.171,0.835,17,0,Spring Festive,1.25,Major Event,1.5,Family Group,0.83,1.2,0.731,1.3,94.81,0
travel_package,PKG-04,Andaman Island Reef Explorer 5D4N,Island/Diving,32000.0,36200.0,65600.0,1.812,18,4,0.222,0.794,4,1,Spring Festive,1.25,Festival,1.45,Family Group,0.84,2.0,0.765,3.3,100.0,4
travel_package,PKG-05,Kerala Backwaters & Tea Hills 5D4N,Nature/Wellness,19500.0,19700.0,31000.0,1.574,35,10,0.286,0.717,10,1,Spring Festive,1.25,Holiday,1.35,Honeymooners,0.29,3.1,0.694,3.3,85.31,4
travel_package,PKG-06,Rajasthan Royal Palaces Safari 4D3N,Heritage/Luxury,24000.0,24600.0,23700.0,0.963,22,6,0.273,0.724,6,0,Autumn Regular,1.0,Normal Day,1.0,Honeymooners,0.37,0.6,0.468,2.3,52.02,2
travel_package,PKG-07,Andaman Island Reef Explorer 5D4N,Island/Diving,32000.0,34700.0,33700.0,0.971,18,4,0.222,0.804,5,0,Autumn Regular,1.0,Normal Day,1.0,Corporate Retreat,0.44,3.3,0.519,2.3,60.2,3
travel_package,PKG-08,Kashmir Paradise Valley Tour 6D5N,Hills/Scenic,28000.0,28900.0,29300.0,1.014,20,7,0.35,0.632,5,1,Monsoon (Low),0.75,Festival,1.45,Solo Backpacker,1.31,0.0,0.513,1.3,65.72,1
travel_package,PKG-01,Kashmir Paradise Valley Tour 6D5N,Hills/Scenic,28000.0,29900.0,31600.0,1.057,20,4,0.2,0.816,17,0,Autumn Regular,1.0,Normal Day,1.0,Family Group,0.93,1.7,0.494,1.3,60.1,2
travel_package,PKG-02,Dubai Extravaganza & Safari 5D4N,International Tour,45000.0,47400.0,49900.0,1.053,15,3,0.2,0.78,4,0,Autumn Regular,1.0,Normal Day,1.0,Family Group,0.92,2.4,0.474,1.3,57.05,1
travel_package,PKG-03,Himachal Adventure & Treks 6D5N,Adventure/Sports,17800.0,18800.0,36900.0,1.963,25,11,0.44,0.577,43,1,Winter Peak,1.5,Holiday,1.35,Honeymooners,0.31,1.3,0.791,5.3,100.0,8
travel_package,PKG-04,Andaman Island Reef Explorer 5D4N,Island/Diving,32000.0,32900.0,33900.0,1.03,18,5,0.278,0.699,6,0,Autumn Regular,1.0,Normal Day,1.0,Family Group,0.83,2.2,0.494,1.3,59.39,1
travel_package,PKG-05,Andaman Island Reef Explorer 5D4N,Island/Diving,32000.0,33100.0,76300.0,2.305,18,4,0.222,0.79,16,1,Winter Peak,1.5,Festival,1.45,Honeymooners,0.35,0.5,0.789,4.3,100.0,4
travel_package,PKG-06,Andaman Island Reef Explorer 5D4N,Island/Diving,32000.0,35300.0,92800.0,2.629,18,1,0.056,0.948,22,0,Winter Peak,1.5,Festival,1.45,Family Group,0.96,1.3,0.759,0.3,100.0,1
travel_package,PKG-07,Himachal Adventure & Treks 6D5N,Adventure/Sports,17800.0,20000.0,41900.0,2.095,25,1,0.04,0.95,4,1,Winter Peak,1.5,Holiday,1.35,Honeymooners,0.29,0.9,0.792,0.3,100.0,1
travel_package,PKG-08,Dubai Extravaganza & Safari 5D4N,International Tour,45000.0,45700.0,101500.0,2.221,15,7,0.467,0.533,53,1,Winter Peak,1.5,Holiday,1.35,Honeymooners,0.44,1.7,0.785,6.3,100.0,7
travel_package,PKG-01,Kashmir Paradise Valley Tour 6D5N,Hills/Scenic,28000.0,29900.0,61600.0,2.06,20,3,0.15,0.852,18,1,Winter Peak,1.5,Festival,1.45,Honeymooners,0.29,3.4,0.792,5.3,100.0,3
travel_package,PKG-02,Goa Beach & Nightlife Getaway 4D3N,Coastal/Leisure,16500.0,16400.0,14700.0,0.896,30,18,0.6,0.398,60,0,Autumn Regular,1.0,Normal Day,1.0,Family Group,0.91,0.5,0.342,1.3,37.18,1
travel_package,PKG-03,Andaman Island Reef Explorer 5D4N,Island/Diving,32000.0,35300.0,75200.0,2.13,18,5,0.278,0.734,32,0,Winter Peak,1.5,Major Event,1.5,Family Group,0.83,1.8,0.765,2.3,100.0,3
travel_package,PKG-04,Himachal Adventure & Treks 6D5N,Adventure/Sports,17800.0,18000.0,35600.0,1.978,25,8,0.32,0.696,21,0,Spring Festive,1.25,Major Event,1.5,Family Group,0.87,3.0,0.763,5.3,100.0,8
travel_package,PKG-05,Golden Triangle Heritage 5D4N,Cultural/Heritage,21000.0,22600.0,32700.0,1.447,25,8,0.32,0.679,7,1,Autumn Regular,1.0,Festival,1.45,Honeymooners,0.29,0.9,0.683,1.3,83.62,1
travel_package,PKG-06,Dubai Extravaganza & Safari 5D4N,International Tour,45000.0,44600.0,49700.0,1.114,15,8,0.533,0.435,24,1,Monsoon (Low),0.75,Festival,1.45,Solo Backpacker,1.28,1.7,0.458,3.3,57.32,2
travel_package,PKG-07,Kashmir Paradise Valley Tour 6D5N,Hills/Scenic,28000.0,30000.0,43400.0,1.447,20,7,0.35,0.668,23,1,Spring Festive,1.25,Holiday,1.35,Corporate Retreat,0.46,3.1,0.748,6.3,94.66,7
travel_package,PKG-08,Rajasthan Royal Palaces Safari 4D3N,Heritage/Luxury,24000.0,26200.0,52800.0,2.015,22,4,0.182,0.834,27,0,Spring Festive,1.25,Major Event,1.5,Family Group,0.91,4.8,0.707,1.3,91.91,1
travel_package,PKG-01,Dubai Extravaganza & Safari 5D4N,International Tour,45000.0,49900.0,95700.0,1.918,15,3,0.2,0.805,19,1,Winter Peak,1.5,Holiday,1.35,Family Group,0.96,0.0,0.732,1.3,96.02,2
travel_package,PKG-02,Himachal Adventure & Treks 6D5N,Adventure/Sports,17800.0,19000.0,26400.0,1.389,25,7,0.28,0.714,13,1,Autumn Regular,1.0,Festival,1.45,Family Group,0.88,0.8,0.587,1.3,73.67,2
travel_package,PKG-03,Goa Beach & Nightlife Getaway 4D3N,Coastal/Leisure,16500.0,17700.0,40600.0,2.294,30,3,0.1,0.896,3,0,Winter Peak,1.5,Major Event,1.5,Honeymooners,0.3,1.3,0.792,2.3,100.0,2
travel_package,PKG-04,Kerala Backwaters & Tea Hills 5D4N,Nature/Wellness,19500.0,22500.0,43800.0,1.947,35,2,0.057,0.938,21,1,Winter Peak,1.5,Holiday,1.35,Honeymooners,0.26,0.1,0.794,4.3,100.0,2
travel_package,PKG-05,Kerala Backwaters & Tea Hills 5D4N,Nature/Wellness,19500.0,21300.0,50400.0,2.366,35,3,0.086,0.912,8,0,Winter Peak,1.5,Major Event,1.5,Honeymooners,0.3,0.0,0.792,0.3,100.0,1
travel_package,PKG-06,Kerala Backwaters & Tea Hills 5D4N,Nature/Wellness,19500.0,20600.0,45000.0,2.184,35,17,0.486,0.511,59,0,Winter Peak,1.5,Major Event,1.5,Family Group,0.94,2.0,0.738,5.3,96.7,8
travel_package,PKG-07,Goa Beach & Nightlife Getaway 4D3N,Coastal/Leisure,16500.0,16600.0,15700.0,0.946,30,19,0.633,0.353,55,0,Autumn Regular,1.0,Normal Day,1.0,Family Group,0.82,1.8,0.357,3.3,38.67,5
travel_package,PKG-08,Kashmir Paradise Valley Tour 6D5N,Hills/Scenic,28000.0,31400.0,62500.0,1.99,20,3,0.15,0.832,7,1,Winter Peak,1.5,Holiday,1.35,Corporate Retreat,0.3,1.1,0.792,3.3,100.0,3
travel_package,PKG-01,Goa Beach & Nightlife Getaway 4D3N,Coastal/Leisure,16500.0,18700.0,39400.0,2.107,30,2,0.067,0.95,4,1,Winter Peak,1.5,Festival,1.45,Corporate Retreat,0.48,0.1,0.783,3.3,100.0,2
travel_package,PKG-02,Rajasthan Royal Palaces Safari 4D3N,Heritage/Luxury,24000.0,25300.0,22300.0,0.881,22,11,0.5,0.492,39,0,Autumn Regular,1.0,Normal Day,1.0,Family Group,0.88,1.3,0.374,1.3,41.66,1
travel_package,PKG-03,Himachal Adventure & Treks 6D5N,Adventure/Sports,17800.0,19100.0,14400.0,0.754,25,7,0.28,0.716,3,0,Monsoon (Low),0.75,Normal Day,1.0,Family Group,0.88,2.6,0.37,1.3,41.06,0
travel_package,PKG-04,Kashmir Paradise Valley Tour 6D5N,Hills/Scenic,28000.0,31200.0,41000.0,1.314,20,2,0.1,0.905,4,1,Autumn Regular,1.0,Holiday,1.35,Honeymooners,0.27,2.6,0.721,4.3,89.23,2
travel_package,PKG-05,Himachal Adventure & Treks 6D5N,Adventure/Sports,17800.0,17700.0,16500.0,0.932,25,11,0.44,0.562,13,0,Autumn Regular,1.0,Normal Day,1.0,Honeymooners,0.27,1.0,0.404,1.3,41.59,1
travel_package,PKG-06,Kerala Backwaters & Tea Hills 5D4N,Nature/Wellness,19500.0,20100.0,24000.0,1.194,35,11,0.314,0.681,21,1,Monsoon (Low),0.75,Festival,1.45,Family Group,0.91,5.6,0.609,4.3,77.23,6
travel_package,PKG-07,Kerala Backwaters & Tea Hills 5D4N,Nature/Wellness,19500.0,19300.0,29000.0,1.503,35,18,0.514,0.493,60,1,Autumn Regular,1.0,Festival,1.45,Family Group,0.94,0.2,0.631,4.3,80.67,8
travel_package,PKG-08,Andaman Island Reef Explorer 5D4N,Island/Diving,32000.0,33700.0,82000.0,2.433,18,5,0.278,0.702,39,0,Winter Peak,1.5,Major Event,1.5,Honeymooners,0.35,1.5,0.789,4.3,100.0,5
travel_package,PKG-01,Andaman Island Reef Explorer 5D4N,Island/Diving,32000.0,33100.0,23900.0,0.722,18,6,0.333,0.663,7,0,Monsoon (Low),0.75,Normal Day,1.0,Honeymooners,0.28,1.9,0.414,0.3,43.27,1
travel_package,PKG-02,Golden Triangle Heritage 5D4N,Cultural/Heritage,21000.0,21700.0,21600.0,0.995,25,11,0.44,0.548,24,0,Autumn Regular,1.0,Normal Day,1.0,Solo Backpacker,1.28,2.0,0.367,1.3,43.59,2
travel_package,PKG-03,Kerala Backwaters & Tea Hills 5D4N,Nature/Wellness,19500.0,21200.0,41600.0,1.962,35,6,0.171,0.836,10,0,Spring Festive,1.25,Major Event,1.5,Honeymooners,0.35,1.0,0.759,2.3,95.5,3
travel_package,PKG-04,Golden Triangle Heritage 5D4N,Cultural/Heritage,21000.0,22800.0,40800.0,1.789,25,3,0.12,0.87,8,1,Spring Festive,1.25,Holiday,1.35,Corporate Retreat,0.46,2.2,0.779,5.3,99.31,3
travel_package,PKG-05,Rajasthan Royal Palaces Safari 4D3N,Heritage/Luxury,24000.0,25900.0,51700.0,1.996,22,2,0.091,0.907,3,0,Spring Festive,1.25,Major Event,1.5,Honeymooners,0.29,2.6,0.792,5.3,100.0,2
travel_package,PKG-06,Kerala Backwaters & Tea Hills 5D4N,Nature/Wellness,19500.0,21200.0,22800.0,1.075,35,5,0.143,0.861,6,0,Autumn Regular,1.0,Normal Day,1.0,Corporate Retreat,0.38,1.8,0.517,1.3,59.4,1
travel_package,PKG-07,Himachal Adventure & Treks 6D5N,Adventure/Sports,17800.0,17500.0,29200.0,1.669,25,12,0.48,0.535,28,1,Autumn Regular,1.0,Festival,1.45,Solo Backpacker,1.34,0.6,0.575,2.3,75.23,2
travel_package,PKG-08,Dubai Extravaganza & Safari 5D4N,International Tour,45000.0,44800.0,31400.0,0.701,15,10,0.667,0.324,38,0,Monsoon (Low),0.75,Normal Day,1.0,Honeymooners,0.3,0.5,0.265,1.3,21.07,1
travel_package,PKG-01,Kashmir Paradise Valley Tour 6D5N,Hills/Scenic,28000.0,30800.0,44000.0,1.429,20,5,0.25,0.736,3,1,Autumn Regular,1.0,Festival,1.45,Honeymooners,0.19,2.3,0.664,2.3,79.99,4
travel_package,PKG-02,Himachal Adventure & Treks 6D5N,Adventure/Sports,17800.0,18400.0,33900.0,1.842,25,5,0.2,0.802,27,0,Spring Festive,1.25,Festival,1.45,Honeymooners,0.27,0.6,0.766,6.3,95.96,5
travel_package,PKG-03,Golden Triangle Heritage 5D4N,Cultural/Heritage,21000.0,22800.0,35600.0,1.561,25,8,0.32,0.699,44,1,Spring Festive,1.25,Holiday,1.35,Family Group,0.89,0.8,0.762,11.3,100.0,8
travel_package,PKG-04,Andaman Island Reef Explorer 5D4N,Island/Diving,32000.0,31700.0,32300.0,1.019,18,13,0.722,0.261,48,0,Autumn Regular,1.0,Normal Day,1.0,Solo Backpacker,1.32,4.6,0.375,2.3,45.12,3
travel_package,PKG-05,Dubai Extravaganza & Safari 5D4N,International Tour,45000.0,45500.0,46300.0,1.018,15,6,0.4,0.623,22,0,Autumn Regular,1.0,Normal Day,1.0,Honeymooners,0.32,0.3,0.504,1.3,57.02,1
travel_package,PKG-06,Golden Triangle Heritage 5D4N,Cultural/Heritage,21000.0,20600.0,37500.0,1.82,25,14,0.56,0.453,60,0,Spring Festive,1.25,Major Event,1.5,Family Group,0.95,0.4,0.677,3.3,87.68,2
travel_package,PKG-07,Golden Triangle Heritage 5D4N,Cultural/Heritage,21000.0,21800.0,45700.0,2.096,25,8,0.32,0.699,10,1,Winter Peak,1.5,Holiday,1.35,Honeymooners,0.34,3.4,0.79,3.3,100.0,3
travel_package,PKG-08,Kerala Backwaters & Tea Hills 5D4N,Nature/Wellness,19500.0,19100.0,38800.0,2.031,35,11,0.314,0.681,30,0,Spring Festive,1.25,Major Event,1.5,Solo Backpacker,1.25,0.3,0.668,2.3,88.58,3
travel_package,PKG-01,Golden Triangle Heritage 5D4N,Cultural/Heritage,21000.0,21900.0,47500.0,2.169,25,3,0.12,0.898,8,1,Winter Peak,1.5,Holiday,1.35,Corporate Retreat,0.45,0.7,0.784,3.3,100.0,3
travel_package,PKG-02,Goa Beach & Nightlife Getaway 4D3N,Coastal/Leisure,16500.0,18100.0,34300.0,1.895,30,2,0.067,0.932,8,0,Spring Festive,1.25,Major Event,1.5,Solo Backpacker,1.31,0.1,0.732,2.3,98.63,2
travel_package,PKG-03,Kashmir Paradise Valley Tour 6D5N,Hills/Scenic,28000.0,28700.0,28700.0,1.0,20,9,0.45,0.555,14,0,Autumn Regular,1.0,Normal Day,1.0,Family Group,0.94,0.3,0.363,0.3,40.52,0
travel_package,PKG-04,Goa Beach & Nightlife Getaway 4D3N,Coastal/Leisure,16500.0,18100.0,34100.0,1.884,30,7,0.233,0.764,3,0,Spring Festive,1.25,Major Event,1.5,Family Group,0.86,2.8,0.705,4.3,91.15,5
travel_package,PKG-05,Goa Beach & Nightlife Getaway 4D3N,Coastal/Leisure,16500.0,18300.0,28700.0,1.568,30,4,0.133,0.861,7,1,Autumn Regular,1.0,Festival,1.45,Corporate Retreat,0.37,0.6,0.716,0.3,89.17,0
travel_package,PKG-06,Andaman Island Reef Explorer 5D4N,Island/Diving,32000.0,32600.0,62600.0,1.92,18,8,0.444,0.561,45,1,Winter Peak,1.5,Holiday,1.35,Family Group,0.82,1.4,0.766,1.3,100.0,2
travel_package,PKG-07,Goa Beach & Nightlife Getaway 4D3N,Coastal/Leisure,16500.0,16400.0,37600.0,2.293,30,9,0.3,0.709,16,0,Winter Peak,1.5,Major Event,1.5,Family Group,0.88,0.6,0.763,4.3,100.0,7
travel_package,PKG-08,Himachal Adventure & Treks 6D5N,Adventure/Sports,17800.0,17500.0,17500.0,1.0,25,11,0.44,0.574,33,0,Autumn Regular,1.0,Normal Day,1.0,Honeymooners,0.36,2.5,0.447,2.3,48.79,2
travel_package,PKG-01,Goa Beach & Nightlife Getaway 4D3N,Coastal/Leisure,16500.0,18200.0,38100.0,2.093,30,4,0.133,0.883,6,1,Winter Peak,1.5,Holiday,1.35,Family Group,0.88,0.8,0.763,4.3,100.0,4
travel_package,PKG-02,Rajasthan Royal Palaces Safari 4D3N,Heritage/Luxury,24000.0,25300.0,52700.0,2.083,22,6,0.273,0.726,32,0,Winter Peak,1.5,Major Event,1.5,Honeymooners,0.26,0.6,0.794,4.3,100.0,6
travel_package,PKG-03,Golden Triangle Heritage 5D4N,Cultural/Heritage,21000.0,22900.0,23500.0,1.026,25,5,0.2,0.799,3,0,Autumn Regular,1.0,Normal Day,1.0,Family Group,0.9,3.8,0.42,0.3,48.72,1
travel_package,PKG-04,Kerala Backwaters & Tea Hills 5D4N,Nature/Wellness,19500.0,21400.0,49600.0,2.318,35,5,0.143,0.855,6,0,Winter Peak,1.5,Major Event,1.5,Honeymooners,0.25,4.4,0.794,1.3,100.0,2
travel_package,PKG-05,Himachal Adventure & Treks 6D5N,Adventure/Sports,17800.0,18800.0,25600.0,1.362,25,7,0.28,0.714,38,1,Autumn Regular,1.0,Holiday,1.35,Family Group,0.94,0.6,0.569,2.3,71.41,2
travel_package,PKG-06,Goa Beach & Nightlife Getaway 4D3N,Coastal/Leisure,16500.0,16600.0,18300.0,1.102,30,13,0.433,0.561,14,0,Autumn Regular,1.0,Normal Day,1.0,Honeymooners,0.28,0.5,0.509,1.3,57.38,2
travel_package,PKG-07,Golden Triangle Heritage 5D4N,Cultural/Heritage,21000.0,21700.0,47200.0,2.175,25,10,0.4,0.609,30,0,Winter Peak,1.5,Major Event,1.5,Family Group,0.96,0.8,0.759,1.3,100.0,2
travel_package,PKG-08,Kashmir Paradise Valley Tour 6D5N,Hills/Scenic,28000.0,29900.0,42500.0,1.421,20,6,0.3,0.707,15,1,Spring Festive,1.25,Holiday,1.35,Honeymooners,0.34,0.8,0.682,2.3,83.83,0
travel_package,PKG-01,Dubai Extravaganza & Safari 5D4N,International Tour,45000.0,49500.0,78400.0,1.584,15,3,0.2,0.819,5,1,Spring Festive,1.25,Holiday,1.35,Honeymooners,0.21,2.2,0.796,4.3,100.0,3
travel_package,PKG-02,Kerala Backwaters & Tea Hills 5D4N,Nature/Wellness,19500.0,19200.0,22200.0,1.156,35,13,0.371,0.64,17,0,Autumn Regular,1.0,Normal Day,1.0,Family Group,0.97,0.3,0.413,0.3,48.23,0
travel_package,PKG-03,Golden Triangle Heritage 5D4N,Cultural/Heritage,21000.0,21500.0,22800.0,1.06,25,13,0.52,0.471,31,0,Autumn Regular,1.0,Normal Day,1.0,Honeymooners,0.25,2.4,0.433,1.3,45.82,1
travel_package,PKG-04,Dubai Extravaganza & Safari 5D4N,International Tour,45000.0,39100.0,44800.0,1.146,15,11,0.733,0.287,52,0,Autumn Regular,1.0,Normal Day,1.0,Honeymooners,0.27,0.2,0.422,0.3,44.32,1
travel_package,PKG-05,Rajasthan Royal Palaces Safari 4D3N,Heritage/Luxury,24000.0,25500.0,28100.0,1.102,22,7,0.318,0.672,10,0,Autumn Regular,1.0,Normal Day,1.0,Solo Backpacker,1.33,0.0,0.423,4.3,52.46,5
travel_package,PKG-06,Rajasthan Royal Palaces Safari 4D3N,Heritage/Luxury,24000.0,23200.0,26000.0,1.121,22,12,0.545,0.442,48,1,Monsoon (Low),0.75,Festival,1.45,Honeymooners,0.27,0.2,0.571,3.3,66.74,1
travel_package,PKG-07,Andaman Island Reef Explorer 5D4N,Island/Diving,32000.0,35300.0,79300.0,2.246,18,1,0.056,0.95,10,0,Winter Peak,1.5,Major Event,1.5,Solo Backpacker,1.28,0.2,0.743,6.3,100.0,1
travel_package,PKG-08,Goa Beach & Nightlife Getaway 4D3N,Coastal/Leisure,16500.0,16900.0,36900.0,2.183,30,4,0.133,0.864,8,0,Spring Festive,1.25,Major Event,1.5,Family Group,0.91,1.7,0.761,6.3,100.0,4
travel_package,PKG-01,Andaman Island Reef Explorer 5D4N,Island/Diving,32000.0,30200.0,63000.0,2.086,18,8,0.444,0.558,10,0,Spring Festive,1.25,Major Event,1.5,Family Group,0.91,1.6,0.701,2.3,90.94,4
travel_package,PKG-02,Himachal Adventure & Treks 6D5N,Adventure/Sports,17800.0,18500.0,37800.0,2.043,25,10,0.4,0.584,36,0,Spring Festive,1.25,Major Event,1.5,Corporate Retreat,0.43,0.9,0.731,4.3,91.88,3
travel_package,PKG-03,Rajasthan Royal Palaces Safari 4D3N,Heritage/Luxury,24000.0,23900.0,56600.0,2.368,22,7,0.318,0.678,37,1,Winter Peak,1.5,Festival,1.45,Solo Backpacker,1.29,1.4,0.742,1.3,100.0,1
travel_package,PKG-04,Golden Triangle Heritage 5D4N,Cultural/Heritage,21000.0,23500.0,55900.0,2.379,25,5,0.2,0.806,3,0,Winter Peak,1.5,Major Event,1.5,Honeymooners,0.33,1.7,0.79,4.3,100.0,5
travel_package,PKG-05,Golden Triangle Heritage 5D4N,Cultural/Heritage,21000.0,22700.0,42900.0,1.89,25,4,0.16,0.849,3,0,Spring Festive,1.25,Major Event,1.5,Family Group,0.9,0.5,0.66,1.3,84.7,2
travel_package,PKG-06,Kashmir Paradise Valley Tour 6D5N,Hills/Scenic,28000.0,28100.0,65000.0,2.313,20,4,0.2,0.784,9,0,Winter Peak,1.5,Festival,1.45,Family Group,0.79,1.2,0.767,5.3,100.0,4
travel_package,PKG-07,Kashmir Paradise Valley Tour 6D5N,Hills/Scenic,28000.0,27700.0,38400.0,1.386,20,8,0.4,0.614,35,1,Autumn Regular,1.0,Holiday,1.35,Corporate Retreat,0.33,1.4,0.674,3.3,82.59,5
travel_package,PKG-08,Rajasthan Royal Palaces Safari 4D3N,Heritage/Luxury,24000.0,24700.0,18400.0,0.745,22,11,0.5,0.519,20,0,Monsoon (Low),0.75,Normal Day,1.0,Family Group,0.9,2.8,0.312,2.3,32.5,1
travel_package,PKG-01,Andaman Island Reef Explorer 5D4N,Island/Diving,32000.0,34900.0,23400.0,0.67,18,6,0.333,0.64,15,0,Monsoon (Low),0.75,Normal Day,1.0,Family Group,0.87,1.8,0.281,1.3,27.71,1
travel_package,PKG-02,Kashmir Paradise Valley Tour 6D5N,Hills/Scenic,28000.0,29500.0,27600.0,0.936,20,7,0.35,0.663,15,0,Autumn Regular,1.0,Normal Day,1.0,Honeymooners,0.28,1.0,0.437,0.3,46.59,0
travel_package,PKG-03,Dubai Extravaganza & Safari 5D4N,International Tour,45000.0,48400.0,108800.0,2.248,15,1,0.067,0.95,17,1,Winter Peak,1.5,Holiday,1.35,Corporate Retreat,0.39,2.8,0.787,2.3,100.0,1
travel_package,PKG-04,Dubai Extravaganza & Safari 5D4N,International Tour,45000.0,44500.0,67500.0,1.517,15,5,0.333,0.684,3,1,Autumn Regular,1.0,Festival,1.45,Family Group,0.9,2.2,0.641,4.3,81.95,3
travel_package,PKG-05,Kerala Backwaters & Tea Hills 5D4N,Nature/Wellness,19500.0,20000.0,19400.0,0.97,35,10,0.286,0.701,4,0,Autumn Regular,1.0,Normal Day,1.0,Honeymooners,0.33,0.3,0.431,0.3,46.07,0
travel_package,PKG-06,Kashmir Paradise Valley Tour 6D5N,Hills/Scenic,28000.0,30800.0,59400.0,1.929,20,2,0.1,0.916,4,0,Spring Festive,1.25,Major Event,1.5,Solo Backpacker,1.27,0.3,0.675,5.3,89.84,2
travel_package,PKG-07,Kashmir Paradise Valley Tour 6D5N,Hills/Scenic,28000.0,29700.0,32600.0,1.098,20,6,0.3,0.696,4,1,Monsoon (Low),0.75,Holiday,1.35,Family Group,0.94,2.5,0.542,2.3,67.31,3
travel_package,PKG-08,Kerala Backwaters & Tea Hills 5D4N,Nature/Wellness,19500.0,20400.0,26800.0,1.314,35,7,0.2,0.804,13,1,Autumn Regular,1.0,Holiday,1.35,Honeymooners,0.26,0.8,0.67,3.3,81.39,4
travel_package,PKG-01,Golden Triangle Heritage 5D4N,Cultural/Heritage,21000.0,23100.0,49000.0,2.121,25,8,0.32,0.674,30,0,Winter Peak,1.5,Major Event,1.5,Solo Backpacker,1.29,0.4,0.71,3.3,95.11,5
travel_package,PKG-02,Kerala Backwaters & Tea Hills 5D4N,Nature/Wellness,19500.0,22100.0,42900.0,1.941,35,6,0.171,0.817,16,1,Winter Peak,1.5,Holiday,1.35,Family Group,0.87,1.3,0.738,1.3,96.29,2
travel_package,PKG-03,Andaman Island Reef Explorer 5D4N,Island/Diving,32000.0,33200.0,69500.0,2.093,18,9,0.5,0.518,60,1,Winter Peak,1.5,Festival,1.45,Honeymooners,0.22,2.0,0.796,5.3,100.0,6
travel_package,PKG-04,Kerala Backwaters & Tea Hills 5D4N,Nature/Wellness,19500.0,20500.0,21100.0,1.029,35,11,0.314,0.696,15,0,Autumn Regular,1.0,Normal Day,1.0,Honeymooners,0.28,0.7,0.502,1.3,56.33,2
travel_package,PKG-05,Rajasthan Royal Palaces Safari 4D3N,Heritage/Luxury,24000.0,24000.0,27400.0,1.142,22,3,0.136,0.884,25,1,Monsoon (Low),0.75,Holiday,1.35,Honeymooners,0.31,0.7,0.607,1.3,72.36,2
travel_package,PKG-06,Andaman Island Reef Explorer 5D4N,Island/Diving,32000.0,32500.0,75900.0,2.335,18,6,0.333,0.671,46,0,Winter Peak,1.5,Major Event,1.5,Family Group,0.91,0.6,0.761,5.3,100.0,6
travel_package,PKG-07,Golden Triangle Heritage 5D4N,Cultural/Heritage,21000.0,20900.0,20900.0,1.0,25,11,0.44,0.572,5,0,Autumn Regular,1.0,Normal Day,1.0,Family Group,0.94,0.5,0.371,1.3,41.7,1
travel_package,PKG-08,Golden Triangle Heritage 5D4N,Cultural/Heritage,21000.0,21400.0,16200.0,0.757,25,10,0.4,0.615,14,0,Monsoon (Low),0.75,Normal Day,1.0,Family Group,0.95,0.7,0.307,1.3,32.11,1
travel_package,PKG-01,Dubai Extravaganza & Safari 5D4N,International Tour,45000.0,43400.0,45100.0,1.039,15,7,0.467,0.542,18,1,Monsoon (Low),0.75,Holiday,1.35,Honeymooners,0.34,1.9,0.559,4.3,65.37,3
travel_package,PKG-02,Himachal Adventure & Treks 6D5N,Adventure/Sports,17800.0,17200.0,14900.0,0.866,25,16,0.64,0.375,60,0,Autumn Regular,1.0,Normal Day,1.0,Family Group,0.86,5.4,0.339,1.3,36.26,0
travel_package,PKG-03,Kashmir Paradise Valley Tour 6D5N,Hills/Scenic,28000.0,29400.0,70300.0,2.391,20,4,0.2,0.782,18,0,Winter Peak,1.5,Major Event,1.5,Solo Backpacker,1.28,2.4,0.743,4.3,100.0,4
travel_package,PKG-04,Dubai Extravaganza & Safari 5D4N,International Tour,45000.0,42400.0,44800.0,1.057,15,9,0.6,0.431,37,1,Monsoon (Low),0.75,Holiday,1.35,Honeymooners,0.26,0.9,0.51,2.3,57.48,4
travel_package,PKG-05,Dubai Extravaganza & Safari 5D4N,International Tour,45000.0,40400.0,34400.0,0.851,15,13,0.867,0.134,60,0,Monsoon (Low),0.75,Normal Day,1.0,Corporate Retreat,0.43,1.9,0.33,2.3,31.74,2
travel_package,PKG-06,Andaman Island Reef Explorer 5D4N,Island/Diving,32000.0,35200.0,35600.0,1.011,18,3,0.167,0.831,3,0,Autumn Regular,1.0,Normal Day,1.0,Honeymooners,0.26,0.5,0.529,0.3,60.36,1
travel_package,PKG-07,Himachal Adventure & Treks 6D5N,Adventure/Sports,17800.0,18500.0,29400.0,1.589,25,7,0.28,0.733,16,1,Spring Festive,1.25,Holiday,1.35,Corporate Retreat,0.46,0.5,0.679,2.3,84.24,0
travel_package,PKG-08,Rajasthan Royal Palaces Safari 4D3N,Heritage/Luxury,24000.0,22800.0,22200.0,0.974,22,15,0.682,0.333,60,0,Autumn Regular,1.0,Normal Day,1.0,Solo Backpacker,1.28,5.0,0.285,0.3,31.36,0
travel_package,PKG-01,Goa Beach & Nightlife Getaway 4D3N,Coastal/Leisure,16500.0,17500.0,38000.0,2.171,30,7,0.233,0.752,16,1,Winter Peak,1.5,Holiday,1.35,Family Group,0.86,1.3,0.764,3.3,100.0,5
travel_package,PKG-02,Rajasthan Royal Palaces Safari 4D3N,Heritage/Luxury,24000.0,22800.0,24600.0,1.079,22,14,0.636,0.379,41,1,Monsoon (Low),0.75,Holiday,1.35,Family Group,0.95,4.4,0.449,3.3,53.49,5
travel_package,PKG-03,Rajasthan Royal Palaces Safari 4D3N,Heritage/Luxury,24000.0,26400.0,60900.0,2.307,22,4,0.182,0.817,13,0,Winter Peak,1.5,Festival,1.45,Family Group,0.87,0.8,0.763,3.3,100.0,4
travel_package,PKG-04,Andaman Island Reef Explorer 5D4N,Island/Diving,32000.0,34800.0,82000.0,2.356,18,2,0.111,0.909,12,0,Winter Peak,1.5,Major Event,1.5,Honeymooners,0.39,0.8,0.787,1.3,100.0,2
travel_package,PKG-05,Kashmir Paradise Valley Tour 6D5N,Hills/Scenic,28000.0,30700.0,71600.0,2.332,20,5,0.25,0.755,29,0,Winter Peak,1.5,Major Event,1.5,Family Group,0.89,1.4,0.746,1.3,97.57,2
travel_package,PKG-06,Kerala Backwaters & Tea Hills 5D4N,Nature/Wellness,19500.0,21300.0,34500.0,1.62,35,6,0.171,0.84,4,1,Autumn Regular,1.0,Festival,1.45,Family Group,0.82,2.2,0.737,3.3,95.76,6
travel_package,PKG-07,Golden Triangle Heritage 5D4N,Cultural/Heritage,21000.0,22500.0,49100.0,2.182,25,3,0.12,0.876,8,0,Winter Peak,1.5,Major Event,1.5,Family Group,0.9,0.3,0.762,3.3,100.0,3
travel_package,PKG-08,Himachal Adventure & Treks 6D5N,Adventure/Sports,17800.0,18200.0,17900.0,0.984,25,8,0.32,0.666,5,1,Monsoon (Low),0.75,Holiday,1.35,Corporate Retreat,0.4,0.6,0.56,5.3,65.93,6
travel_package,PKG-01,Golden Triangle Heritage 5D4N,Cultural/Heritage,21000.0,22500.0,41000.0,1.822,25,7,0.28,0.734,29,1,Spring Festive,1.25,Holiday,1.35,Family Group,0.88,2.2,0.679,2.3,87.51,2
travel_package,PKG-02,Golden Triangle Heritage 5D4N,Cultural/Heritage,21000.0,23300.0,57400.0,2.464,25,2,0.08,0.918,4,0,Winter Peak,1.5,Major Event,1.5,Family Group,0.95,0.2,0.759,5.3,100.0,2
travel_package,PKG-03,Andaman Island Reef Explorer 5D4N,Island/Diving,32000.0,33100.0,70000.0,2.115,18,4,0.222,0.766,15,1,Winter Peak,1.5,Festival,1.45,Corporate Retreat,0.46,0.1,0.784,4.3,100.0,4
travel_package,PKG-04,Himachal Adventure & Treks 6D5N,Adventure/Sports,17800.0,16600.0,39400.0,2.373,25,10,0.4,0.595,36,1,Winter Peak,1.5,Festival,1.45,Family Group,0.85,1.1,0.764,1.3,100.0,2
travel_package,PKG-05,Dubai Extravaganza & Safari 5D4N,International Tour,45000.0,48000.0,112800.0,2.35,15,4,0.267,0.713,24,0,Winter Peak,1.5,Major Event,1.5,Solo Backpacker,1.33,2.7,0.74,4.3,100.0,2
travel_package,PKG-06,Dubai Extravaganza & Safari 5D4N,International Tour,45000.0,46400.0,49900.0,1.075,15,5,0.333,0.641,5,0,Autumn Regular,1.0,Normal Day,1.0,Family Group,0.96,0.3,0.395,0.3,45.5,1
travel_package,PKG-07,Golden Triangle Heritage 5D4N,Cultural/Heritage,21000.0,23400.0,48400.0,2.068,25,8,0.32,0.69,43,0,Winter Peak,1.5,Major Event,1.5,Corporate Retreat,0.42,2.8,0.786,6.3,100.0,8
travel_package,PKG-08,Goa Beach & Nightlife Getaway 4D3N,Coastal/Leisure,16500.0,17500.0,18800.0,1.074,30,9,0.3,0.696,10,0,Autumn Regular,1.0,Normal Day,1.0,Family Group,0.94,0.8,0.37,0.3,41.54,0
travel_package,PKG-01,Himachal Adventure & Treks 6D5N,Adventure/Sports,17800.0,19800.0,26000.0,1.313,25,6,0.24,0.762,11,1,Autumn Regular,1.0,Holiday,1.35,Honeymooners,0.34,0.7,0.663,3.3,81.05,4
travel_package,PKG-02,Golden Triangle Heritage 5D4N,Cultural/Heritage,21000.0,22100.0,32500.0,1.471,25,8,0.32,0.672,17,1,Autumn Regular,1.0,Holiday,1.35,Family Group,0.94,1.7,0.706,7.3,91.99,7
travel_package,PKG-03,Himachal Adventure & Treks 6D5N,Adventure/Sports,17800.0,18200.0,18000.0,0.989,25,12,0.48,0.522,39,1,Monsoon (Low),0.75,Holiday,1.35,Family Group,0.92,0.9,0.515,6.3,63.2,5
travel_package,PKG-04,Himachal Adventure & Treks 6D5N,Adventure/Sports,17800.0,19000.0,19200.0,1.011,25,8,0.32,0.665,12,0,Autumn Regular,1.0,Normal Day,1.0,Honeymooners,0.31,2.0,0.452,0.3,49.11,0
travel_package,PKG-05,Goa Beach & Nightlife Getaway 4D3N,Coastal/Leisure,16500.0,17600.0,40300.0,2.29,30,6,0.2,0.784,39,0,Winter Peak,1.5,Festival,1.45,Honeymooners,0.29,3.1,0.792,7.3,100.0,6
travel_package,PKG-06,Kashmir Paradise Valley Tour 6D5N,Hills/Scenic,28000.0,30600.0,30100.0,0.984,20,7,0.35,0.656,19,0,Autumn Regular,1.0,Normal Day,1.0,Honeymooners,0.33,0.8,0.443,1.3,47.88,1
travel_package,PKG-07,Golden Triangle Heritage 5D4N,Cultural/Heritage,21000.0,23300.0,23900.0,1.026,25,5,0.2,0.807,12,0,Autumn Regular,1.0,Normal Day,1.0,Corporate Retreat,0.44,3.8,0.507,2.3,58.34,3
travel_package,PKG-08,Andaman Island Reef Explorer 5D4N,Island/Diving,32000.0,34300.0,32500.0,0.948,18,7,0.389,0.604,20,0,Autumn Regular,1.0,Normal Day,1.0,Corporate Retreat,0.45,2.1,0.422,1.3,45.64,0
travel_package,PKG-01,Goa Beach & Nightlife Getaway 4D3N,Coastal/Leisure,16500.0,18000.0,38700.0,2.15,30,3,0.1,0.895,3,1,Winter Peak,1.5,Holiday,1.35,Honeymooners,0.24,1.7,0.795,5.3,100.0,3
travel_package,PKG-02,Dubai Extravaganza & Safari 5D4N,International Tour,45000.0,50800.0,90100.0,1.774,15,4,0.267,0.766,22,1,Winter Peak,1.5,Holiday,1.35,Solo Backpacker,1.3,0.1,0.733,2.3,98.7,3
travel_package,PKG-03,Golden Triangle Heritage 5D4N,Cultural/Heritage,21000.0,21200.0,36500.0,1.722,25,8,0.32,0.671,22,1,Autumn Regular,1.0,Festival,1.45,Honeymooners,0.28,5.8,0.764,3.3,95.68,3
travel_package,PKG-04,Rajasthan Royal Palaces Safari 4D3N,Heritage/Luxury,24000.0,25600.0,47500.0,1.855,22,2,0.091,0.901,5,1,Winter Peak,1.5,Holiday,1.35,Honeymooners,0.36,0.9,0.789,5.3,100.0,2
travel_package,PKG-05,Rajasthan Royal Palaces Safari 4D3N,Heritage/Luxury,24000.0,23700.0,28500.0,1.203,22,14,0.636,0.367,32,1,Autumn Regular,1.0,Holiday,1.35,Honeymooners,0.26,1.0,0.551,2.3,63.58,2
travel_package,PKG-06,Kerala Backwaters & Tea Hills 5D4N,Nature/Wellness,19500.0,19400.0,17800.0,0.918,35,22,0.629,0.365,60,0,Autumn Regular,1.0,Normal Day,1.0,Corporate Retreat,0.33,0.3,0.381,1.3,38.65,0
travel_package,PKG-07,Kerala Backwaters & Tea Hills 5D4N,Nature/Wellness,19500.0,18900.0,15900.0,0.841,35,19,0.543,0.45,40,0,Monsoon (Low),0.75,Normal Day,1.0,Solo Backpacker,1.33,2.3,0.245,0.3,25.67,1
travel_package,PKG-08,Golden Triangle Heritage 5D4N,Cultural/Heritage,21000.0,21900.0,42500.0,1.941,25,12,0.48,0.528,48,1,Winter Peak,1.5,Holiday,1.35,Family Group,0.86,5.5,0.73,2.3,94.96,2
travel_package,PKG-01,Kashmir Paradise Valley Tour 6D5N,Hills/Scenic,28000.0,28400.0,31100.0,1.095,20,8,0.4,0.588,3,1,Monsoon (Low),0.75,Festival,1.45,Family Group,0.94,0.6,0.486,1.3,59.01,1
travel_package,PKG-02,Goa Beach & Nightlife Getaway 4D3N,Coastal/Leisure,16500.0,16000.0,14600.0,0.912,30,19,0.633,0.379,60,0,Autumn Regular,1.0,Normal Day,1.0,Corporate Retreat,0.45,0.5,0.33,0.3,31.86,0
travel_package,PKG-03,Kerala Backwaters & Tea Hills 5D4N,Nature/Wellness,19500.0,20900.0,26900.0,1.287,35,12,0.343,0.663,10,1,Autumn Regular,1.0,Festival,1.45,Family Group,0.91,1.3,0.562,2.3,70.17,3
travel_package,PKG-04,Andaman Island Reef Explorer 5D4N,Island/Diving,32000.0,34100.0,61400.0,1.801,18,5,0.278,0.743,11,0,Spring Festive,1.25,Festival,1.45,Family Group,0.9,0.2,0.684,6.3,88.31,5
travel_package,PKG-05,Himachal Adventure & Treks 6D5N,Adventure/Sports,17800.0,19500.0,19600.0,1.005,25,4,0.16,0.832,5,0,Autumn Regular,1.0,Normal Day,1.0,Honeymooners,0.36,0.9,0.475,0.3,52.97,0
travel_package,PKG-06,Dubai Extravaganza & Safari 5D4N,International Tour,45000.0,44300.0,44700.0,1.009,15,6,0.4,0.602,13,0,Autumn Regular,1.0,Normal Day,1.0,Family Group,0.96,0.5,0.446,1.3,53.09,0
travel_package,PKG-07,Rajasthan Royal Palaces Safari 4D3N,Heritage/Luxury,24000.0,24600.0,38200.0,1.553,22,7,0.318,0.7,7,1,Autumn Regular,1.0,Festival,1.45,Family Group,0.91,1.8,0.594,2.3,74.92,2
travel_package,PKG-08,Andaman Island Reef Explorer 5D4N,Island/Diving,32000.0,35000.0,47500.0,1.357,18,2,0.111,0.87,7,1,Autumn Regular,1.0,Holiday,1.35,Family Group,0.89,1.2,0.612,3.3,77.53,2
travel_package,PKG-01,Goa Beach & Nightlife Getaway 4D3N,Coastal/Leisure,16500.0,17700.0,43200.0,2.441,30,6,0.2,0.8,19,1,Winter Peak,1.5,Festival,1.45,Family Group,0.9,0.6,0.762,8.3,100.0,6
travel_package,PKG-02,Goa Beach & Nightlife Getaway 4D3N,Coastal/Leisure,16500.0,18200.0,36100.0,1.984,30,8,0.267,0.749,29,1,Winter Peak,1.5,Holiday,1.35,Honeymooners,0.23,1.4,0.795,1.3,100.0,2
travel_package,PKG-03,Goa Beach & Nightlife Getaway 4D3N,Coastal/Leisure,16500.0,18200.0,41700.0,2.291,30,8,0.267,0.745,19,0,Winter Peak,1.5,Major Event,1.5,Solo Backpacker,1.33,0.9,0.74,8.3,100.0,8
travel_package,PKG-04,Rajasthan Royal Palaces Safari 4D3N,Heritage/Luxury,24000.0,27100.0,52900.0,1.952,22,4,0.182,0.799,17,0,Winter Peak,1.5,Festival,1.45,Honeymooners,0.35,0.2,0.781,3.3,98.74,4
travel_package,PKG-05,Rajasthan Royal Palaces Safari 4D3N,Heritage/Luxury,24000.0,25800.0,48700.0,1.888,22,6,0.273,0.707,22,1,Winter Peak,1.5,Holiday,1.35,Honeymooners,0.33,2.3,0.79,2.3,100.0,4
travel_package,PKG-06,Andaman Island Reef Explorer 5D4N,Island/Diving,32000.0,33100.0,33000.0,0.997,18,8,0.444,0.578,13,1,Monsoon (Low),0.75,Holiday,1.35,Corporate Retreat,0.39,2.5,0.463,1.3,51.36,0
travel_package,PKG-07,Kerala Backwaters & Tea Hills 5D4N,Nature/Wellness,19500.0,20000.0,13000.0,0.65,35,16,0.457,0.55,10,0,Monsoon (Low),0.75,Normal Day,1.0,Family Group,0.95,1.0,0.372,4.3,41.86,3
travel_package,PKG-08,Kashmir Paradise Valley Tour 6D5N,Hills/Scenic,28000.0,28000.0,51000.0,1.821,20,7,0.35,0.631,5,1,Spring Festive,1.25,Festival,1.45,Corporate Retreat,0.44,1.8,0.785,8.3,100.0,7
travel_package,PKG-01,Kerala Backwaters & Tea Hills 5D4N,Nature/Wellness,19500.0,20000.0,46600.0,2.33,35,13,0.371,0.632,15,0,Winter Peak,1.5,Festival,1.45,Family Group,0.92,0.2,0.725,1.3,94.58,2
travel_package,PKG-02,Kerala Backwaters & Tea Hills 5D4N,Nature/Wellness,19500.0,22000.0,29700.0,1.35,35,10,0.286,0.704,10,1,Autumn Regular,1.0,Festival,1.45,Honeymooners,0.34,0.3,0.646,2.3,78.5,3
travel_package,PKG-03,Kashmir Paradise Valley Tour 6D5N,Hills/Scenic,28000.0,29200.0,28900.0,0.99,20,5,0.25,0.733,5,0,Autumn Regular,1.0,Normal Day,1.0,Solo Backpacker,1.33,1.2,0.383,0.3,46.42,0
travel_package,PKG-04,Dubai Extravaganza & Safari 5D4N,International Tour,45000.0,47400.0,29900.0,0.631,15,7,0.467,0.566,9,0,Monsoon (Low),0.75,Normal Day,1.0,Honeymooners,0.3,3.3,0.31,0.3,27.74,0
travel_package,PKG-05,Kashmir Paradise Valley Tour 6D5N,Hills/Scenic,28000.0,29100.0,30000.0,1.031,20,4,0.2,0.792,14,0,Autumn Regular,1.0,Normal Day,1.0,Family Group,0.97,4.4,0.451,0.3,53.96,0
travel_package,PKG-06,Kerala Backwaters & Tea Hills 5D4N,Nature/Wellness,19500.0,19900.0,15200.0,0.764,35,11,0.314,0.695,3,0,Monsoon (Low),0.75,Normal Day,1.0,Family Group,0.96,0.6,0.296,0.3,30.56,0
travel_package,PKG-07,Goa Beach & Nightlife Getaway 4D3N,Coastal/Leisure,16500.0,17600.0,23600.0,1.341,30,10,0.333,0.652,34,1,Autumn Regular,1.0,Holiday,1.35,Family Group,0.89,0.6,0.612,3.3,77.44,2
travel_package,PKG-08,Kerala Backwaters & Tea Hills 5D4N,Nature/Wellness,19500.0,19700.0,46300.0,2.35,35,10,0.286,0.712,14,0,Winter Peak,1.5,Major Event,1.5,Corporate Retreat,0.4,0.8,0.787,2.3,100.0,1
travel_package,PKG-01,Kerala Backwaters & Tea Hills 5D4N,Nature/Wellness,19500.0,20800.0,39400.0,1.894,35,10,0.286,0.719,35,0,Spring Festive,1.25,Major Event,1.5,Family Group,0.82,1.1,0.7,3.3,90.1,4
travel_package,PKG-02,Dubai Extravaganza & Safari 5D4N,International Tour,45000.0,48800.0,45900.0,0.941,15,3,0.2,0.793,12,0,Autumn Regular,1.0,Normal Day,1.0,Solo Backpacker,1.34,1.7,0.365,2.3,43.75,3
travel_package,PKG-03,Goa Beach & Nightlife Getaway 4D3N,Coastal/Leisure,16500.0,15100.0,21400.0,1.417,30,14,0.467,0.518,22,1,Autumn Regular,1.0,Holiday,1.35,Solo Backpacker,1.32,2.6,0.554,4.3,71.94,6
travel_package,PKG-04,Golden Triangle Heritage 5D4N,Cultural/Heritage,21000.0,22400.0,21900.0,0.978,25,8,0.32,0.699,18,0,Autumn Regular,1.0,Normal Day,1.0,Family Group,0.85,0.6,0.471,2.3,56.0,3
travel_package,PKG-05,Kashmir Paradise Valley Tour 6D5N,Hills/Scenic,28000.0,28200.0,27200.0,0.965,20,9,0.45,0.558,33,0,Autumn Regular,1.0,Normal Day,1.0,Honeymooners,0.28,2.0,0.488,1.3,54.36,0
travel_package,PKG-06,Kashmir Paradise Valley Tour 6D5N,Hills/Scenic,28000.0,27800.0,58800.0,2.115,20,9,0.45,0.535,41,1,Winter Peak,1.5,Festival,1.45,Corporate Retreat,0.33,0.6,0.79,1.3,100.0,2
travel_package,PKG-07,Goa Beach & Nightlife Getaway 4D3N,Coastal/Leisure,16500.0,17800.0,37700.0,2.118,30,6,0.2,0.785,17,0,Winter Peak,1.5,Major Event,1.5,Honeymooners,0.33,0.1,0.79,2.3,100.0,2
travel_package,PKG-08,Himachal Adventure & Treks 6D5N,Adventure/Sports,17800.0,19900.0,46600.0,2.342,25,2,0.08,0.934,9,0,Winter Peak,1.5,Major Event,1.5,Honeymooners,0.26,1.0,0.794,7.3,100.0,2
travel_package,PKG-01,Himachal Adventure & Treks 6D5N,Adventure/Sports,17800.0,20100.0,42800.0,2.129,25,6,0.24,0.763,21,0,Winter Peak,1.5,Major Event,1.5,Honeymooners,0.27,0.2,0.793,2.3,100.0,4
travel_package,PKG-02,Golden Triangle Heritage 5D4N,Cultural/Heritage,21000.0,21600.0,45200.0,2.093,25,12,0.48,0.526,43,0,Winter Peak,1.5,Festival,1.45,Honeymooners,0.38,1.8,0.788,3.3,100.0,6
travel_package,PKG-03,Andaman Island Reef Explorer 5D4N,Island/Diving,32000.0,33600.0,62600.0,1.863,18,3,0.167,0.855,4,1,Spring Festive,1.25,Festival,1.45,Honeymooners,0.36,1.0,0.789,3.3,100.0,3
travel_package,PKG-04,Himachal Adventure & Treks 6D5N,Adventure/Sports,17800.0,17700.0,31300.0,1.768,25,15,0.6,0.383,50,1,Spring Festive,1.25,Holiday,1.35,Corporate Retreat,0.42,1.3,0.724,2.3,90.81,4
travel_package,PKG-05,Goa Beach & Nightlife Getaway 4D3N,Coastal/Leisure,16500.0,17600.0,18500.0,1.051,30,8,0.267,0.744,13,1,Monsoon (Low),0.75,Holiday,1.35,Family Group,0.87,1.8,0.507,1.3,61.61,2
travel_package,PKG-06,Kerala Backwaters & Tea Hills 5D4N,Nature/Wellness,19500.0,20800.0,38800.0,1.865,35,9,0.257,0.745,59,0,Spring Festive,1.25,Major Event,1.5,Family Group,0.89,1.2,0.69,3.3,89.11,6
travel_package,PKG-07,Himachal Adventure & Treks 6D5N,Adventure/Sports,17800.0,19000.0,34000.0,1.789,25,7,0.28,0.724,4,1,Spring Festive,1.25,Festival,1.45,Solo Backpacker,1.32,1.3,0.692,3.3,92.68,5
travel_package,PKG-08,Kerala Backwaters & Tea Hills 5D4N,Nature/Wellness,19500.0,19200.0,15300.0,0.797,35,15,0.429,0.58,14,0,Monsoon (Low),0.75,Normal Day,1.0,Family Group,0.91,3.3,0.322,3.3,34.19,0
travel_package,PKG-01,Kerala Backwaters & Tea Hills 5D4N,Nature/Wellness,19500.0,20600.0,20000.0,0.971,35,11,0.314,0.674,27,0,Autumn Regular,1.0,Normal Day,1.0,Solo Backpacker,1.33,1.2,0.353,2.3,41.98,2
travel_package,PKG-02,Kashmir Paradise Valley Tour 6D5N,Hills/Scenic,28000.0,29500.0,52500.0,1.78,20,6,0.3,0.69,26,1,Spring Festive,1.25,Holiday,1.35,Family Group,0.91,5.2,0.742,4.3,97.08,6
travel_package,PKG-03,Kerala Backwaters & Tea Hills 5D4N,Nature/Wellness,19500.0,20400.0,20700.0,1.015,35,13,0.371,0.616,5,0,Autumn Regular,1.0,Normal Day,1.0,Corporate Retreat,0.39,2.8,0.418,1.3,44.67,2
travel_package,PKG-04,Golden Triangle Heritage 5D4N,Cultural/Heritage,21000.0,21500.0,20800.0,0.967,25,11,0.44,0.568,6,0,Autumn Regular,1.0,Normal Day,1.0,Honeymooners,0.28,2.9,0.428,0.3,45.26,1
travel_package,PKG-05,Goa Beach & Nightlife Getaway 4D3N,Coastal/Leisure,16500.0,17500.0,29900.0,1.709,30,7,0.233,0.783,26,1,Spring Festive,1.25,Festival,1.45,Honeymooners,0.27,0.4,0.793,6.3,100.0,7
travel_package,PKG-06,Kerala Backwaters & Tea Hills 5D4N,Nature/Wellness,19500.0,19300.0,21600.0,1.119,35,9,0.257,0.74,4,0,Autumn Regular,1.0,Normal Day,1.0,Solo Backpacker,1.25,0.2,0.47,1.3,58.94,1
travel_package,PKG-07,Kashmir Paradise Valley Tour 6D5N,Hills/Scenic,28000.0,33200.0,55100.0,1.66,20,2,0.1,0.907,9,0,Spring Festive,1.25,Major Event,1.5,Corporate Retreat,0.42,0.2,0.662,2.3,81.47,2
travel_package,PKG-08,Kashmir Paradise Valley Tour 6D5N,Hills/Scenic,28000.0,29400.0,68200.0,2.32,20,5,0.25,0.763,36,0,Winter Peak,1.5,Festival,1.45,Honeymooners,0.22,1.9,0.796,6.3,100.0,5
travel_package,PKG-01,Himachal Adventure & Treks 6D5N,Adventure/Sports,17800.0,17900.0,18800.0,1.05,25,10,0.4,0.584,6,0,Autumn Regular,1.0,Normal Day,1.0,Honeymooners,0.32,2.8,0.423,2.3,44.83,2
travel_package,PKG-02,Kashmir Paradise Valley Tour 6D5N,Hills/Scenic,28000.0,31000.0,66600.0,2.148,20,2,0.1,0.904,22,1,Winter Peak,1.5,Festival,1.45,Family Group,0.96,4.2,0.759,1.3,100.0,2
travel_package,PKG-03,Dubai Extravaganza & Safari 5D4N,International Tour,45000.0,48200.0,68600.0,1.423,15,3,0.2,0.801,15,1,Autumn Regular,1.0,Festival,1.45,Solo Backpacker,1.24,1.0,0.638,4.3,83.96,3
travel_package,PKG-04,Himachal Adventure & Treks 6D5N,Adventure/Sports,17800.0,20000.0,41800.0,2.09,25,7,0.28,0.702,29,0,Winter Peak,1.5,Major Event,1.5,Family Group,0.9,0.3,0.762,4.3,100.0,4
travel_package,PKG-05,Dubai Extravaganza & Safari 5D4N,International Tour,45000.0,49200.0,103300.0,2.1,15,4,0.267,0.714,17,1,Winter Peak,1.5,Holiday,1.35,Honeymooners,0.38,1.1,0.788,2.3,100.0,4
travel_package,PKG-06,Goa Beach & Nightlife Getaway 4D3N,Coastal/Leisure,16500.0,17700.0,13400.0,0.757,30,13,0.433,0.568,18,0,Monsoon (Low),0.75,Normal Day,1.0,Corporate Retreat,0.38,1.7,0.358,1.3,35.58,1
travel_package,PKG-07,Rajasthan Royal Palaces Safari 4D3N,Heritage/Luxury,24000.0,26600.0,25700.0,0.966,22,5,0.227,0.782,3,1,Monsoon (Low),0.75,Holiday,1.35,Corporate Retreat,0.36,0.2,0.615,6.3,73.98,5
travel_package,PKG-08,Golden Triangle Heritage 5D4N,Cultural/Heritage,21000.0,23300.0,56200.0,2.412,25,1,0.04,0.95,10,0,Winter Peak,1.5,Major Event,1.5,Corporate Retreat,0.44,3.1,0.785,5.3,100.0,1
travel_package,PKG-01,Kerala Backwaters & Tea Hills 5D4N,Nature/Wellness,19500.0,21200.0,49400.0,2.33,35,4,0.114,0.875,34,0,Winter Peak,1.5,Major Event,1.5,Family Group,0.88,1.9,0.763,2.3,100.0,4
travel_package,PKG-02,Golden Triangle Heritage 5D4N,Cultural/Heritage,21000.0,20500.0,14900.0,0.727,25,15,0.6,0.396,60,0,Monsoon (Low),0.75,Normal Day,1.0,Corporate Retreat,0.31,0.2,0.3,0.3,26.29,0
travel_package,PKG-03,Himachal Adventure & Treks 6D5N,Adventure/Sports,17800.0,19000.0,45800.0,2.411,25,6,0.24,0.743,12,0,Winter Peak,1.5,Major Event,1.5,Corporate Retreat,0.42,2.7,0.786,4.3,100.0,5
travel_package,PKG-04,Golden Triangle Heritage 5D4N,Cultural/Heritage,21000.0,22800.0,21100.0,0.925,25,6,0.24,0.761,3,0,Autumn Regular,1.0,Normal Day,1.0,Family Group,0.9,0.3,0.454,3.3,53.84,3
travel_package,PKG-05,Kashmir Paradise Valley Tour 6D5N,Hills/Scenic,28000.0,30600.0,31600.0,1.033,20,5,0.25,0.775,22,1,Monsoon (Low),0.75,Holiday,1.35,Family Group,0.87,0.0,0.574,4.3,71.6,5
travel_package,PKG-06,Golden Triangle Heritage 5D4N,Cultural/Heritage,21000.0,20900.0,21500.0,1.029,25,9,0.36,0.622,43,0,Autumn Regular,1.0,Normal Day,1.0,Honeymooners,0.3,0.8,0.359,1.3,35.14,1
travel_package,PKG-07,Kerala Backwaters & Tea Hills 5D4N,Nature/Wellness,19500.0,20800.0,15500.0,0.745,35,13,0.371,0.622,13,0,Monsoon (Low),0.75,Normal Day,1.0,Solo Backpacker,1.26,0.5,0.333,1.3,38.44,1
travel_package,PKG-08,Golden Triangle Heritage 5D4N,Cultural/Heritage,21000.0,21700.0,19700.0,0.908,25,11,0.44,0.544,31,0,Autumn Regular,1.0,Normal Day,1.0,Solo Backpacker,1.31,2.3,0.322,2.3,37.09,1
travel_package,PKG-01,Kerala Backwaters & Tea Hills 5D4N,Nature/Wellness,19500.0,19700.0,31000.0,1.574,35,11,0.314,0.694,19,1,Autumn Regular,1.0,Festival,1.45,Honeymooners,0.37,0.4,0.698,2.3,86.46,2
travel_package,PKG-02,Rajasthan Royal Palaces Safari 4D3N,Heritage/Luxury,24000.0,25300.0,51900.0,2.051,22,3,0.136,0.868,6,1,Spring Festive,1.25,Festival,1.45,Family Group,0.9,0.7,0.762,1.3,100.0,0
travel_package,PKG-03,Rajasthan Royal Palaces Safari 4D3N,Heritage/Luxury,24000.0,25200.0,31700.0,1.258,22,8,0.364,0.658,15,1,Autumn Regular,1.0,Holiday,1.35,Corporate Retreat,0.45,1.1,0.656,3.3,80.79,2
travel_package,PKG-04,Rajasthan Royal Palaces Safari 4D3N,Heritage/Luxury,24000.0,25200.0,64300.0,2.552,22,9,0.409,0.61,38,0,Winter Peak,1.5,Major Event,1.5,Honeymooners,0.37,3.0,0.788,2.3,100.0,3
travel_package,PKG-05,Golden Triangle Heritage 5D4N,Cultural/Heritage,21000.0,21700.0,22500.0,1.037,25,8,0.32,0.664,9,0,Autumn Regular,1.0,Normal Day,1.0,Family Group,0.95,1.5,0.37,0.3,41.57,0
travel_package,PKG-06,Kerala Backwaters & Tea Hills 5D4N,Nature/Wellness,19500.0,20800.0,46800.0,2.25,35,8,0.229,0.76,20,0,Winter Peak,1.5,Major Event,1.5,Honeymooners,0.35,0.9,0.789,4.3,100.0,8
travel_package,PKG-07,Dubai Extravaganza & Safari 5D4N,International Tour,45000.0,50000.0,102900.0,2.058,15,1,0.067,0.95,6,1,Winter Peak,1.5,Holiday,1.35,Honeymooners,0.34,0.1,0.79,3.3,100.0,1
travel_package,PKG-08,Kashmir Paradise Valley Tour 6D5N,Hills/Scenic,28000.0,28400.0,38900.0,1.37,20,8,0.4,0.601,38,1,Autumn Regular,1.0,Holiday,1.35,Family Group,0.9,0.8,0.614,3.3,77.78,4
travel_package,PKG-01,Kerala Backwaters & Tea Hills 5D4N,Nature/Wellness,19500.0,20200.0,20700.0,1.025,35,12,0.343,0.659,12,0,Autumn Regular,1.0,Normal Day,1.0,Family Group,0.88,3.5,0.43,1.3,50.04,1
travel_package,PKG-02,Golden Triangle Heritage 5D4N,Cultural/Heritage,21000.0,23000.0,51700.0,2.248,25,3,0.12,0.871,15,0,Winter Peak,1.5,Major Event,1.5,Corporate Retreat,0.41,0.4,0.786,2.3,100.0,2
travel_package,PKG-03,Kerala Backwaters & Tea Hills 5D4N,Nature/Wellness,19500.0,21300.0,30900.0,1.451,35,9,0.257,0.756,19,1,Autumn Regular,1.0,Festival,1.45,Family Group,0.92,1.9,0.571,3.3,71.57,2
travel_package,PKG-04,Rajasthan Royal Palaces Safari 4D3N,Heritage/Luxury,24000.0,22500.0,16100.0,0.716,22,14,0.636,0.37,46,0,Monsoon (Low),0.75,Normal Day,1.0,Corporate Retreat,0.34,3.3,0.338,0.3,32.32,0
travel_package,PKG-05,Andaman Island Reef Explorer 5D4N,Island/Diving,32000.0,31600.0,43800.0,1.386,18,8,0.444,0.543,45,1,Autumn Regular,1.0,Holiday,1.35,Family Group,0.98,0.2,0.534,1.3,66.38,1
travel_package,PKG-06,Goa Beach & Nightlife Getaway 4D3N,Coastal/Leisure,16500.0,17100.0,16200.0,0.947,30,12,0.4,0.586,25,0,Autumn Regular,1.0,Normal Day,1.0,Corporate Retreat,0.35,1.4,0.456,0.3,49.99,0
travel_package,PKG-07,Goa Beach & Nightlife Getaway 4D3N,Coastal/Leisure,16500.0,17400.0,32300.0,1.856,30,9,0.3,0.69,9,0,Spring Festive,1.25,Festival,1.45,Solo Backpacker,1.36,1.9,0.595,2.3,78.44,2
travel_package,PKG-08,Golden Triangle Heritage 5D4N,Cultural/Heritage,21000.0,21600.0,38700.0,1.792,25,4,0.16,0.851,17,0,Spring Festive,1.25,Festival,1.45,Corporate Retreat,0.37,2.4,0.695,1.3,86.08,2
travel_package,PKG-01,Kashmir Paradise Valley Tour 6D5N,Hills/Scenic,28000.0,31800.0,73300.0,2.305,20,3,0.15,0.833,20,0,Winter Peak,1.5,Major Event,1.5,Family Group,0.87,0.3,0.763,5.3,100.0,3
travel_package,PKG-02,Andaman Island Reef Explorer 5D4N,Island/Diving,32000.0,31000.0,32200.0,1.039,18,8,0.444,0.538,46,0,Autumn Regular,1.0,Normal Day,1.0,Family Group,0.91,3.5,0.397,2.3,45.44,1
travel_package,PKG-03,Dubai Extravaganza & Safari 5D4N,International Tour,45000.0,52400.0,110800.0,2.115,15,1,0.067,0.95,7,0,Winter Peak,1.5,Major Event,1.5,Family Group,0.89,0.8,0.762,5.3,100.0,1
travel_package,PKG-04,Rajasthan Royal Palaces Safari 4D3N,Heritage/Luxury,24000.0,25200.0,50600.0,2.008,22,6,0.273,0.721,43,1,Winter Peak,1.5,Holiday,1.35,Family Group,0.91,1.0,0.761,5.3,100.0,5
travel_package,PKG-05,Himachal Adventure & Treks 6D5N,Adventure/Sports,17800.0,16100.0,12700.0,0.789,25,19,0.76,0.248,60,0,Monsoon (Low),0.75,Normal Day,1.0,Family Group,0.83,0.9,0.316,3.3,32.61,0
travel_package,PKG-06,Kashmir Paradise Valley Tour 6D5N,Hills/Scenic,28000.0,28900.0,26900.0,0.931,20,6,0.3,0.701,12,0,Autumn Regular,1.0,Normal Day,1.0,Honeymooners,0.38,2.8,0.475,2.3,53.1,3
travel_package,PKG-07,Himachal Adventure & Treks 6D5N,Adventure/Sports,17800.0,18500.0,33600.0,1.816,25,6,0.24,0.749,45,1,Spring Festive,1.25,Holiday,1.35,Honeymooners,0.34,1.2,0.781,1.3,98.77,1
travel_package,PKG-08,Andaman Island Reef Explorer 5D4N,Island/Diving,32000.0,32300.0,31500.0,0.975,18,7,0.389,0.604,19,0,Autumn Regular,1.0,Normal Day,1.0,Honeymooners,0.36,0.9,0.462,1.3,51.01,1
travel_package,PKG-01,Rajasthan Royal Palaces Safari 4D3N,Heritage/Luxury,24000.0,24400.0,17700.0,0.725,22,10,0.455,0.562,3,0,Monsoon (Low),0.75,Normal Day,1.0,Family Group,0.9,3.6,0.286,2.3,28.63,2
travel_package,PKG-02,Kashmir Paradise Valley Tour 6D5N,Hills/Scenic,28000.0,29300.0,31000.0,1.058,20,5,0.25,0.76,3,1,Monsoon (Low),0.75,Holiday,1.35,Family Group,0.92,0.6,0.488,3.3,59.12,1
travel_package,PKG-03,Golden Triangle Heritage 5D4N,Cultural/Heritage,21000.0,22500.0,23700.0,1.053,25,5,0.2,0.806,7,0,Autumn Regular,1.0,Normal Day,1.0,Family Group,0.84,0.1,0.485,3.3,57.99,1
travel_package,PKG-04,Kashmir Paradise Valley Tour 6D5N,Hills/Scenic,28000.0,30500.0,29900.0,0.98,20,6,0.3,0.712,21,0,Autumn Regular,1.0,Normal Day,1.0,Solo Backpacker,1.26,1.4,0.413,0.3,50.43,1
travel_package,PKG-05,Kerala Backwaters & Tea Hills 5D4N,Nature/Wellness,19500.0,20600.0,27000.0,1.311,35,19,0.543,0.445,57,1,Autumn Regular,1.0,Holiday,1.35,Honeymooners,0.33,1.4,0.571,2.3,67.14,2
travel_package,PKG-06,Goa Beach & Nightlife Getaway 4D3N,Coastal/Leisure,16500.0,18100.0,27000.0,1.492,30,7,0.233,0.766,18,1,Autumn Regular,1.0,Festival,1.45,Honeymooners,0.38,1.8,0.683,2.3,84.27,3
travel_package,PKG-07,Goa Beach & Nightlife Getaway 4D3N,Coastal/Leisure,16500.0,17000.0,18200.0,1.071,30,11,0.367,0.635,11,0,Autumn Regular,1.0,Normal Day,1.0,Family Group,0.9,0.6,0.435,1.3,50.97,2
travel_package,PKG-08,Dubai Extravaganza & Safari 5D4N,International Tour,45000.0,46100.0,42900.0,0.931,15,8,0.533,0.488,30,0,Autumn Regular,1.0,Normal Day,1.0,Family Group,0.88,2.3,0.398,1.3,45.35,0
travel_package,PKG-01,Kashmir Paradise Valley Tour 6D5N,Hills/Scenic,28000.0,29900.0,27500.0,0.92,20,8,0.4,0.619,21,0,Autumn Regular,1.0,Normal Day,1.0,Family Group,0.87,1.1,0.354,0.3,38.6,0
travel_package,PKG-02,Andaman Island Reef Explorer 5D4N,Island/Diving,32000.0,33300.0,34700.0,1.042,18,9,0.5,0.527,33,1,Monsoon (Low),0.75,Holiday,1.35,Family Group,0.85,3.2,0.532,3.3,65.14,3
travel_package,PKG-03,Golden Triangle Heritage 5D4N,Cultural/Heritage,21000.0,23500.0,24200.0,1.03,25,6,0.24,0.759,3,0,Autumn Regular,1.0,Normal Day,1.0,Family Group,0.91,1.1,0.463,1.3,55.29,1
travel_package,PKG-04,Golden Triangle Heritage 5D4N,Cultural/Heritage,21000.0,21700.0,15900.0,0.733,25,12,0.48,0.515,23,0,Monsoon (Low),0.75,Normal Day,1.0,Solo Backpacker,1.25,0.5,0.273,1.3,29.26,0
travel_package,PKG-05,Kerala Backwaters & Tea Hills 5D4N,Nature/Wellness,19500.0,19200.0,31700.0,1.651,35,17,0.486,0.521,26,1,Autumn Regular,1.0,Festival,1.45,Honeymooners,0.28,0.3,0.688,3.3,84.33,5
travel_package,PKG-06,Golden Triangle Heritage 5D4N,Cultural/Heritage,21000.0,22900.0,31500.0,1.376,25,6,0.24,0.759,5,1,Autumn Regular,1.0,Holiday,1.35,Corporate Retreat,0.4,3.0,0.673,4.3,82.92,6
travel_package,PKG-07,Himachal Adventure & Treks 6D5N,Adventure/Sports,17800.0,19200.0,36300.0,1.891,25,6,0.24,0.777,9,0,Spring Festive,1.25,Major Event,1.5,Corporate Retreat,0.39,0.2,0.787,2.3,100.0,4
travel_package,PKG-08,Golden Triangle Heritage 5D4N,Cultural/Heritage,21000.0,23900.0,28600.0,1.197,25,5,0.2,0.783,5,1,Autumn Regular,1.0,Holiday,1.35,Corporate Retreat,0.41,0.5,0.638,3.3,77.75,3
travel_package,PKG-01,Golden Triangle Heritage 5D4N,Cultural/Heritage,21000.0,23700.0,46900.0,1.979,25,4,0.16,0.823,19,0,Winter Peak,1.5,Major Event,1.5,Family Group,0.9,1.7,0.762,3.3,100.0,4
travel_package,PKG-02,Dubai Extravaganza & Safari 5D4N,International Tour,45000.0,47200.0,48400.0,1.025,15,6,0.4,0.573,15,1,Monsoon (Low),0.75,Festival,1.45,Corporate Retreat,0.46,1.1,0.543,4.3,63.84,2
travel_package,PKG-03,Golden Triangle Heritage 5D4N,Cultural/Heritage,21000.0,23600.0,47200.0,2.0,25,3,0.12,0.895,5,1,Winter Peak,1.5,Holiday,1.35,Honeymooners,0.24,0.6,0.795,3.3,100.0,3
travel_package,PKG-04,Goa Beach & Nightlife Getaway 4D3N,Coastal/Leisure,16500.0,16700.0,19100.0,1.144,30,9,0.3,0.709,12,0,Autumn Regular,1.0,Normal Day,1.0,Family Group,0.9,0.2,0.403,0.3,46.21,0
travel_package,PKG-05,Dubai Extravaganza & Safari 5D4N,International Tour,45000.0,48800.0,42800.0,0.877,15,4,0.267,0.742,10,0,Autumn Regular,1.0,Normal Day,1.0,Family Group,0.92,0.9,0.381,1.3,43.06,2
travel_package,PKG-06,Himachal Adventure & Treks 6D5N,Adventure/Sports,17800.0,17600.0,15000.0,0.852,25,11,0.44,0.575,11,0,Monsoon (Low),0.75,Normal Day,1.0,Honeymooners,0.25,3.1,0.463,1.3,50.25,1
travel_package,PKG-07,Dubai Extravaganza & Safari 5D4N,International Tour,45000.0,47800.0,115200.0,2.41,15,1,0.067,0.95,10,0,Winter Peak,1.5,Major Event,1.5,Corporate Retreat,0.37,0.3,0.788,1.3,100.0,1
travel_package,PKG-08,Rajasthan Royal Palaces Safari 4D3N,Heritage/Luxury,24000.0,24500.0,18200.0,0.743,22,11,0.5,0.491,31,0,Monsoon (Low),0.75,Normal Day,1.0,Family Group,0.93,1.8,0.245,2.3,22.74,1
travel_package,PKG-01,Golden Triangle Heritage 5D4N,Cultural/Heritage,21000.0,22000.0,30900.0,1.405,25,10,0.4,0.582,24,1,Autumn Regular,1.0,Holiday,1.35,Solo Backpacker,1.33,0.7,0.609,6.3,80.39,6
travel_package,PKG-02,Dubai Extravaganza & Safari 5D4N,International Tour,45000.0,49500.0,112300.0,2.269,15,1,0.067,0.901,9,0,Winter Peak,1.5,Major Event,1.5,Honeymooners,0.35,4.6,0.789,3.3,100.0,1
travel_package,PKG-03,Kashmir Paradise Valley Tour 6D5N,Hills/Scenic,28000.0,29600.0,40100.0,1.355,20,5,0.25,0.747,8,1,Autumn Regular,1.0,Festival,1.45,Honeymooners,0.3,1.6,0.696,3.3,85.7,4
travel_package,PKG-04,Rajasthan Royal Palaces Safari 4D3N,Heritage/Luxury,24000.0,22400.0,15000.0,0.67,22,13,0.591,0.397,23,0,Monsoon (Low),0.75,Normal Day,1.0,Family Group,0.91,1.5,0.308,2.3,32.0,2
travel_package,PKG-05,Kerala Backwaters & Tea Hills 5D4N,Nature/Wellness,19500.0,19200.0,15200.0,0.792,35,15,0.429,0.574,11,0,Monsoon (Low),0.75,Normal Day,1.0,Corporate Retreat,0.35,0.9,0.393,2.3,40.55,3
travel_package,PKG-06,Dubai Extravaganza & Safari 5D4N,International Tour,45000.0,48200.0,73100.0,1.517,15,4,0.267,0.715,6,1,Autumn Regular,1.0,Holiday,1.35,Honeymooners,0.34,1.0,0.676,4.3,82.9,4
travel_package,PKG-07,Dubai Extravaganza & Safari 5D4N,International Tour,45000.0,49100.0,54200.0,1.104,15,2,0.133,0.896,4,0,Autumn Regular,1.0,Normal Day,1.0,Family Group,0.91,1.6,0.484,2.3,58.42,1
travel_package,PKG-08,Andaman Island Reef Explorer 5D4N,Island/Diving,32000.0,31100.0,28100.0,0.904,18,11,0.611,0.39,44,0,Autumn Regular,1.0,Normal Day,1.0,Family Group,0.89,3.8,0.298,0.3,30.35,0
travel_package,PKG-01,Goa Beach & Nightlife Getaway 4D3N,Coastal/Leisure,16500.0,15300.0,32200.0,2.105,30,19,0.633,0.358,43,1,Winter Peak,1.5,Holiday,1.35,Family Group,0.92,0.5,0.731,4.3,95.49,7
travel_package,PKG-02,Himachal Adventure & Treks 6D5N,Adventure/Sports,17800.0,19000.0,28100.0,1.479,25,2,0.08,0.918,12,1,Autumn Regular,1.0,Festival,1.45,Family Group,0.89,1.0,0.712,4.3,92.46,2
travel_package,PKG-03,Rajasthan Royal Palaces Safari 4D3N,Heritage/Luxury,24000.0,26600.0,24200.0,0.91,22,7,0.318,0.667,38,1,Monsoon (Low),0.75,Holiday,1.35,Family Group,0.92,4.5,0.507,4.3,61.91,1
travel_package,PKG-04,Golden Triangle Heritage 5D4N,Cultural/Heritage,21000.0,22000.0,44000.0,2.0,25,6,0.24,0.745,12,0,Spring Festive,1.25,Major Event,1.5,Family Group,0.94,0.1,0.653,2.3,83.98,2
travel_package,PKG-05,Andaman Island Reef Explorer 5D4N,Island/Diving,32000.0,33700.0,56100.0,1.665,18,7,0.389,0.599,35,1,Spring Festive,1.25,Holiday,1.35,Family Group,0.92,0.1,0.706,6.3,91.78,7
travel_package,PKG-06,Rajasthan Royal Palaces Safari 4D3N,Heritage/Luxury,24000.0,25200.0,17400.0,0.69,22,6,0.273,0.719,21,0,Monsoon (Low),0.75,Normal Day,1.0,Honeymooners,0.33,0.1,0.414,2.3,43.51,1
travel_package,PKG-07,Andaman Island Reef Explorer 5D4N,Island/Diving,32000.0,33700.0,31200.0,0.926,18,8,0.444,0.576,15,0,Autumn Regular,1.0,Normal Day,1.0,Honeymooners,0.36,1.3,0.395,0.3,40.98,0
travel_package,PKG-08,Kashmir Paradise Valley Tour 6D5N,Hills/Scenic,28000.0,31500.0,60300.0,1.914,20,1,0.05,0.95,14,1,Winter Peak,1.5,Holiday,1.35,Family Group,0.81,0.2,0.766,4.3,100.0,1
travel_package,PKG-01,Goa Beach & Nightlife Getaway 4D3N,Coastal/Leisure,16500.0,16700.0,15200.0,0.91,30,16,0.533,0.479,35,0,Autumn Regular,1.0,Normal Day,1.0,Corporate Retreat,0.4,1.5,0.393,0.3,40.89,1
travel_package,PKG-02,Rajasthan Royal Palaces Safari 4D3N,Heritage/Luxury,24000.0,24300.0,23400.0,0.963,22,9,0.409,0.569,17,0,Autumn Regular,1.0,Normal Day,1.0,Family Group,0.84,2.7,0.406,1.3,46.24,2
travel_package,PKG-03,Himachal Adventure & Treks 6D5N,Adventure/Sports,17800.0,15700.0,12800.0,0.815,25,19,0.76,0.228,60,0,Monsoon (Low),0.75,Normal Day,1.0,Honeymooners,0.32,0.8,0.349,0.3,33.79,1
travel_package,PKG-04,Golden Triangle Heritage 5D4N,Cultural/Heritage,21000.0,21600.0,21300.0,0.986,25,11,0.44,0.565,24,1,Monsoon (Low),0.75,Holiday,1.35,Honeymooners,0.34,2.3,0.491,1.3,55.13,1
travel_package,PKG-05,Dubai Extravaganza & Safari 5D4N,International Tour,45000.0,42900.0,30900.0,0.72,15,8,0.533,0.464,11,0,Monsoon (Low),0.75,Normal Day,1.0,Family Group,0.93,1.8,0.3,1.3,30.93,2
travel_package,PKG-06,Rajasthan Royal Palaces Safari 4D3N,Heritage/Luxury,24000.0,26700.0,41400.0,1.551,22,5,0.227,0.761,28,1,Autumn Regular,1.0,Holiday,1.35,Family Group,0.85,0.6,0.678,4.3,87.12,5
travel_package,PKG-07,Andaman Island Reef Explorer 5D4N,Island/Diving,32000.0,33800.0,36600.0,1.083,18,2,0.111,0.864,8,1,Monsoon (Low),0.75,Holiday,1.35,Honeymooners,0.29,1.1,0.598,0.3,70.92,0
travel_package,PKG-08,Andaman Island Reef Explorer 5D4N,Island/Diving,32000.0,35400.0,24900.0,0.703,18,7,0.389,0.601,8,0,Monsoon (Low),0.75,Normal Day,1.0,Solo Backpacker,1.29,0.7,0.213,1.3,20.68,1
travel_package,PKG-01,Himachal Adventure & Treks 6D5N,Adventure/Sports,17800.0,17100.0,26900.0,1.573,25,8,0.32,0.696,11,1,Autumn Regular,1.0,Holiday,1.35,Corporate Retreat,0.37,1.1,0.7,2.3,86.82,2
travel_package,PKG-02,Rajasthan Royal Palaces Safari 4D3N,Heritage/Luxury,24000.0,25500.0,27100.0,1.063,22,6,0.273,0.744,11,0,Autumn Regular,1.0,Normal Day,1.0,Honeymooners,0.31,1.4,0.476,2.3,52.7,3
travel_package,PKG-03,Golden Triangle Heritage 5D4N,Cultural/Heritage,21000.0,21500.0,37200.0,1.73,25,10,0.4,0.599,30,0,Spring Festive,1.25,Festival,1.45,Honeymooners,0.3,2.1,0.667,4.3,81.36,5
travel_package,PKG-04,Kerala Backwaters & Tea Hills 5D4N,Nature/Wellness,19500.0,19000.0,13900.0,0.732,35,22,0.629,0.361,27,0,Monsoon (Low),0.75,Normal Day,1.0,Solo Backpacker,1.3,1.1,0.174,0.3,14.9,0
travel_package,PKG-05,Himachal Adventure & Treks 6D5N,Adventure/Sports,17800.0,18700.0,19800.0,1.059,25,4,0.16,0.829,4,0,Autumn Regular,1.0,Normal Day,1.0,Honeymooners,0.27,1.7,0.516,1.3,58.38,1
travel_package,PKG-06,Himachal Adventure & Treks 6D5N,Adventure/Sports,17800.0,18900.0,23900.0,1.265,25,5,0.2,0.802,3,1,Autumn Regular,1.0,Holiday,1.35,Corporate Retreat,0.43,1.5,0.686,4.3,85.09,5
travel_package,PKG-07,Golden Triangle Heritage 5D4N,Cultural/Heritage,21000.0,22300.0,17300.0,0.776,25,9,0.36,0.651,8,0,Monsoon (Low),0.75,Normal Day,1.0,Family Group,0.89,0.2,0.396,1.3,45.12,2
travel_package,PKG-08,Kashmir Paradise Valley Tour 6D5N,Hills/Scenic,28000.0,31700.0,46900.0,1.479,20,2,0.1,0.886,6,1,Autumn Regular,1.0,Holiday,1.35,Family Group,0.83,5.3,0.679,4.3,87.11,2
travel_package,PKG-01,Dubai Extravaganza & Safari 5D4N,International Tour,45000.0,47500.0,51800.0,1.091,15,2,0.133,0.838,3,0,Autumn Regular,1.0,Normal Day,1.0,Honeymooners,0.4,1.1,0.461,1.3,51.19,1
travel_package,PKG-02,Golden Triangle Heritage 5D4N,Cultural/Heritage,21000.0,23500.0,48500.0,2.064,25,5,0.2,0.805,26,1,Winter Peak,1.5,Holiday,1.35,Family Group,0.9,3.7,0.762,4.3,100.0,5
travel_package,PKG-03,Goa Beach & Nightlife Getaway 4D3N,Coastal/Leisure,16500.0,17700.0,44700.0,2.525,30,3,0.1,0.911,9,0,Winter Peak,1.5,Major Event,1.5,Honeymooners,0.32,3.1,0.791,2.3,100.0,2
travel_package,PKG-04,Golden Triangle Heritage 5D4N,Cultural/Heritage,21000.0,22000.0,22000.0,1.0,25,9,0.36,0.638,15,0,Autumn Regular,1.0,Normal Day,1.0,Honeymooners,0.31,1.9,0.455,0.3,49.62,1
travel_package,PKG-05,Kerala Backwaters & Tea Hills 5D4N,Nature/Wellness,19500.0,19000.0,17800.0,0.937,35,18,0.514,0.477,25,0,Autumn Regular,1.0,Normal Day,1.0,Solo Backpacker,1.27,0.5,0.363,5.3,42.94,1
travel_package,PKG-06,Dubai Extravaganza & Safari 5D4N,International Tour,45000.0,41700.0,40700.0,0.976,15,11,0.733,0.246,60,0,Autumn Regular,1.0,Normal Day,1.0,Honeymooners,0.35,4.0,0.347,0.3,33.72,0
travel_package,PKG-07,Andaman Island Reef Explorer 5D4N,Island/Diving,32000.0,32900.0,86700.0,2.635,18,4,0.222,0.789,17,1,Winter Peak,1.5,Festival,1.45,Family Group,0.89,1.7,0.762,3.3,100.0,4
travel_package,PKG-08,Dubai Extravaganza & Safari 5D4N,International Tour,45000.0,46600.0,49200.0,1.056,15,5,0.333,0.656,3,0,Autumn Regular,1.0,Normal Day,1.0,Family Group,0.97,1.5,0.449,2.3,53.61,1
travel_package,PKG-01,Dubai Extravaganza & Safari 5D4N,International Tour,45000.0,45200.0,70500.0,1.56,15,7,0.467,0.53,59,1,Autumn Regular,1.0,Festival,1.45,Honeymooners,0.32,0.6,0.695,4.3,85.63,5
travel_package,PKG-02,Kashmir Paradise Valley Tour 6D5N,Hills/Scenic,28000.0,29100.0,64000.0,2.199,20,3,0.15,0.853,4,0,Winter Peak,1.5,Festival,1.45,Family Group,0.91,3.1,0.761,2.3,100.0,3
travel_package,PKG-03,Himachal Adventure & Treks 6D5N,Adventure/Sports,17800.0,18100.0,28700.0,1.586,25,7,0.28,0.727,28,1,Spring Festive,1.25,Holiday,1.35,Family Group,0.86,5.9,0.764,6.3,100.0,7
travel_package,PKG-04,Kerala Backwaters & Tea Hills 5D4N,Nature/Wellness,19500.0,19900.0,45900.0,2.307,35,7,0.2,0.797,8,0,Winter Peak,1.5,Major Event,1.5,Corporate Retreat,0.39,1.7,0.787,6.3,100.0,7
travel_package,PKG-05,Rajasthan Royal Palaces Safari 4D3N,Heritage/Luxury,24000.0,26000.0,60300.0,2.319,22,1,0.045,0.95,15,0,Winter Peak,1.5,Festival,1.45,Solo Backpacker,1.3,0.8,0.742,3.3,100.0,1
travel_package,PKG-06,Golden Triangle Heritage 5D4N,Cultural/Heritage,21000.0,21000.0,16100.0,0.767,25,10,0.4,0.59,9,0,Monsoon (Low),0.75,Normal Day,1.0,Family Group,0.95,0.3,0.3,0.3,31.1,0
travel_package,PKG-07,Golden Triangle Heritage 5D4N,Cultural/Heritage,21000.0,21000.0,41000.0,1.952,25,9,0.36,0.621,22,0,Spring Festive,1.25,Major Event,1.5,Corporate Retreat,0.32,1.4,0.722,3.3,89.67,4
travel_package,PKG-08,Goa Beach & Nightlife Getaway 4D3N,Coastal/Leisure,16500.0,16800.0,11300.0,0.673,30,16,0.533,0.481,30,0,Monsoon (Low),0.75,Normal Day,1.0,Solo Backpacker,1.31,1.2,0.225,0.3,22.59,1
travel_package,PKG-01,Kashmir Paradise Valley Tour 6D5N,Hills/Scenic,28000.0,27500.0,28000.0,1.018,20,10,0.5,0.514,18,1,Monsoon (Low),0.75,Holiday,1.35,Honeymooners,0.24,2.4,0.64,4.3,76.75,6
travel_package,PKG-02,Himachal Adventure & Treks 6D5N,Adventure/Sports,17800.0,17000.0,22900.0,1.347,25,15,0.6,0.39,60,1,Autumn Regular,1.0,Holiday,1.35,Honeymooners,0.23,1.5,0.658,4.3,79.4,6
travel_package,PKG-03,Kashmir Paradise Valley Tour 6D5N,Hills/Scenic,28000.0,30800.0,21500.0,0.698,20,8,0.4,0.609,6,0,Monsoon (Low),0.75,Normal Day,1.0,Honeymooners,0.25,2.3,0.39,1.3,39.37,2
travel_package,PKG-04,Kerala Backwaters & Tea Hills 5D4N,Nature/Wellness,19500.0,19900.0,47400.0,2.382,35,9,0.257,0.731,9,0,Winter Peak,1.5,Major Event,1.5,Honeymooners,0.29,1.0,0.792,3.3,100.0,5
travel_package,PKG-05,Andaman Island Reef Explorer 5D4N,Island/Diving,32000.0,35000.0,25900.0,0.74,18,5,0.278,0.703,6,0,Monsoon (Low),0.75,Normal Day,1.0,Family Group,0.83,0.4,0.298,1.3,29.86,0
travel_package,PKG-06,Kerala Backwaters & Tea Hills 5D4N,Nature/Wellness,19500.0,22000.0,17500.0,0.795,35,5,0.143,0.852,4,0,Monsoon (Low),0.75,Normal Day,1.0,Family Group,0.9,0.7,0.391,1.3,44.43,1
travel_package,PKG-07,Dubai Extravaganza & Safari 5D4N,International Tour,45000.0,47400.0,49600.0,1.046,15,4,0.267,0.713,23,1,Monsoon (Low),0.75,Holiday,1.35,Corporate Retreat,0.37,1.2,0.573,7.3,67.74,4
travel_package,PKG-08,Golden Triangle Heritage 5D4N,Cultural/Heritage,21000.0,20300.0,15400.0,0.759,25,15,0.6,0.391,27,0,Monsoon (Low),0.75,Normal Day,1.0,Honeymooners,0.35,1.9,0.331,1.3,31.23,0
travel_package,PKG-01,Kashmir Paradise Valley Tour 6D5N,Hills/Scenic,28000.0,28700.0,26200.0,0.913,20,9,0.45,0.526,33,1,Monsoon (Low),0.75,Festival,1.45,Honeymooners,0.29,4.8,0.506,2.3,57.04,3
travel_package,PKG-02,Dubai Extravaganza & Safari 5D4N,International Tour,45000.0,47100.0,110800.0,2.352,15,5,0.333,0.664,46,0,Winter Peak,1.5,Major Event,1.5,Family Group,0.95,0.6,0.759,2.3,100.0,2
travel_package,PKG-03,Himachal Adventure & Treks 6D5N,Adventure/Sports,17800.0,18600.0,17500.0,0.941,25,10,0.4,0.609,24,1,Monsoon (Low),0.75,Holiday,1.35,Honeymooners,0.35,1.6,0.49,1.3,55.06,1
travel_package,PKG-04,Andaman Island Reef Explorer 5D4N,Island/Diving,32000.0,32000.0,34500.0,1.078,18,4,0.222,0.788,3,0,Autumn Regular,1.0,Normal Day,1.0,Honeymooners,0.32,0.2,0.481,0.3,53.6,0
travel_package,PKG-05,Andaman Island Reef Explorer 5D4N,Island/Diving,32000.0,33200.0,75700.0,2.28,18,5,0.278,0.721,23,0,Winter Peak,1.5,Festival,1.45,Corporate Retreat,0.45,2.4,0.784,3.3,100.0,5
travel_package,PKG-06,Goa Beach & Nightlife Getaway 4D3N,Coastal/Leisure,16500.0,17500.0,16700.0,0.954,30,5,0.167,0.82,4,0,Autumn Regular,1.0,Normal Day,1.0,Family Group,0.86,0.3,0.399,1.3,45.33,1
travel_package,PKG-07,Kashmir Paradise Valley Tour 6D5N,Hills/Scenic,28000.0,28600.0,22000.0,0.769,20,8,0.4,0.596,12,0,Monsoon (Low),0.75,Normal Day,1.0,Honeymooners,0.36,1.0,0.4,2.3,41.65,0
travel_package,PKG-08,Rajasthan Royal Palaces Safari 4D3N,Heritage/Luxury,24000.0,25500.0,18500.0,0.725,22,7,0.318,0.675,7,0,Monsoon (Low),0.75,Normal Day,1.0,Family Group,0.85,1.1,0.35,1.3,37.83,2
travel_package,PKG-01,Himachal Adventure & Treks 6D5N,Adventure/Sports,17800.0,19000.0,42900.0,2.258,25,4,0.16,0.83,29,0,Winter Peak,1.5,Major Event,1.5,Family Group,0.86,1.0,0.764,5.3,100.0,3
travel_package,PKG-02,Dubai Extravaganza & Safari 5D4N,International Tour,45000.0,49600.0,115800.0,2.335,15,2,0.133,0.9,14,0,Winter Peak,1.5,Festival,1.45,Corporate Retreat,0.48,0.7,0.783,2.3,100.0,2
travel_package,PKG-03,Rajasthan Royal Palaces Safari 4D3N,Heritage/Luxury,24000.0,23100.0,24600.0,1.065,22,12,0.545,0.442,24,0,Autumn Regular,1.0,Normal Day,1.0,Honeymooners,0.36,6.1,0.553,4.3,64.7,4
travel_package,PKG-04,Golden Triangle Heritage 5D4N,Cultural/Heritage,21000.0,20800.0,14700.0,0.707,25,12,0.48,0.503,20,0,Monsoon (Low),0.75,Normal Day,1.0,Corporate Retreat,0.42,0.2,0.365,1.3,36.89,2
travel_package,PKG-05,Andaman Island Reef Explorer 5D4N,Island/Diving,32000.0,31600.0,74400.0,2.354,18,6,0.333,0.64,19,0,Winter Peak,1.5,Major Event,1.5,Solo Backpacker,1.3,0.1,0.742,4.3,100.0,5
travel_package,PKG-06,Dubai Extravaganza & Safari 5D4N,International Tour,45000.0,45300.0,101600.0,2.243,15,5,0.333,0.661,27,1,Winter Peak,1.5,Festival,1.45,Solo Backpacker,1.33,0.8,0.74,3.3,100.0,5
travel_package,PKG-07,Dubai Extravaganza & Safari 5D4N,International Tour,45000.0,48100.0,47000.0,0.977,15,4,0.267,0.704,15,0,Autumn Regular,1.0,Normal Day,1.0,Honeymooners,0.26,0.8,0.48,1.3,52.89,1
travel_package,PKG-08,Andaman Island Reef Explorer 5D4N,Island/Diving,32000.0,37000.0,76000.0,2.054,18,3,0.167,0.813,14,0,Winter Peak,1.5,Major Event,1.5,Solo Backpacker,1.26,0.1,0.744,6.3,100.0,3
travel_package,PKG-01,Kerala Backwaters & Tea Hills 5D4N,Nature/Wellness,19500.0,20200.0,20600.0,1.02,35,12,0.343,0.651,14,0,Autumn Regular,1.0,Normal Day,1.0,Family Group,0.92,2.0,0.405,1.3,46.66,2
travel_package,PKG-02,Dubai Extravaganza & Safari 5D4N,International Tour,45000.0,46400.0,68000.0,1.466,15,3,0.2,0.826,13,1,Autumn Regular,1.0,Festival,1.45,Honeymooners,0.36,2.2,0.715,4.3,88.91,3
travel_package,PKG-03,Andaman Island Reef Explorer 5D4N,Island/Diving,32000.0,31300.0,57300.0,1.831,18,7,0.389,0.619,48,1,Spring Festive,1.25,Festival,1.45,Family Group,0.89,2.1,0.65,0.3,83.13,0
travel_package,PKG-04,Kerala Backwaters & Tea Hills 5D4N,Nature/Wellness,19500.0,18500.0,17800.0,0.962,35,26,0.743,0.263,46,0,Autumn Regular,1.0,Normal Day,1.0,Corporate Retreat,0.46,0.6,0.393,1.3,41.4,1
travel_package,PKG-05,Himachal Adventure & Treks 6D5N,Adventure/Sports,17800.0,19000.0,13500.0,0.711,25,9,0.36,0.652,8,0,Monsoon (Low),0.75,Normal Day,1.0,Family Group,0.9,0.7,0.341,2.3,36.84,2
travel_package,PKG-06,Andaman Island Reef Explorer 5D4N,Island/Diving,32000.0,36000.0,84700.0,2.353,18,1,0.056,0.95,5,0,Winter Peak,1.5,Major Event,1.5,Honeymooners,0.32,0.4,0.791,3.3,100.0,1
travel_package,PKG-07,Dubai Extravaganza & Safari 5D4N,International Tour,45000.0,45200.0,48800.0,1.08,15,6,0.4,0.618,19,0,Autumn Regular,1.0,Normal Day,1.0,Family Group,0.96,3.6,0.54,4.3,67.2,4
travel_package,PKG-08,Himachal Adventure & Treks 6D5N,Adventure/Sports,17800.0,18500.0,37400.0,2.022,25,8,0.32,0.682,26,0,Spring Festive,1.25,Major Event,1.5,Corporate Retreat,0.35,1.3,0.706,2.3,87.59,2
travel_package,PKG-01,Dubai Extravaganza & Safari 5D4N,International Tour,45000.0,46700.0,47400.0,1.015,15,7,0.467,0.566,12,0,Autumn Regular,1.0,Normal Day,1.0,Family Group,0.91,1.0,0.336,0.3,36.15,0
travel_package,PKG-02,Kerala Backwaters & Tea Hills 5D4N,Nature/Wellness,19500.0,21800.0,42100.0,1.931,35,12,0.343,0.657,26,1,Winter Peak,1.5,Holiday,1.35,Family Group,0.82,4.4,0.766,2.3,100.0,2
travel_package,PKG-03,Andaman Island Reef Explorer 5D4N,Island/Diving,32000.0,31100.0,31600.0,1.016,18,9,0.5,0.472,44,0,Autumn Regular,1.0,Normal Day,1.0,Family Group,0.93,0.9,0.392,2.3,44.7,1
travel_package,PKG-04,Goa Beach & Nightlife Getaway 4D3N,Coastal/Leisure,16500.0,16000.0,11300.0,0.706,30,19,0.633,0.359,27,0,Monsoon (Low),0.75,Normal Day,1.0,Family Group,0.86,1.6,0.261,0.3,24.67,0
travel_package,PKG-05,Rajasthan Royal Palaces Safari 4D3N,Heritage/Luxury,24000.0,25200.0,53800.0,2.135,22,3,0.136,0.842,15,1,Winter Peak,1.5,Holiday,1.35,Family Group,0.88,1.0,0.763,4.3,100.0,3
travel_package,PKG-06,Himachal Adventure & Treks 6D5N,Adventure/Sports,17800.0,19100.0,38900.0,2.037,25,6,0.24,0.779,17,1,Winter Peak,1.5,Festival,1.45,Honeymooners,0.29,0.4,0.792,1.3,100.0,1
travel_package,PKG-07,Goa Beach & Nightlife Getaway 4D3N,Coastal/Leisure,16500.0,17200.0,16700.0,0.971,30,11,0.367,0.624,4,0,Autumn Regular,1.0,Normal Day,1.0,Honeymooners,0.29,1.2,0.509,3.3,57.56,5
travel_package,PKG-08,Dubai Extravaganza & Safari 5D4N,International Tour,45000.0,47200.0,107400.0,2.275,15,4,0.267,0.705,21,1,Winter Peak,1.5,Festival,1.45,Solo Backpacker,1.28,1.5,0.743,4.3,100.0,4
travel_package,PKG-01,Kerala Backwaters & Tea Hills 5D4N,Nature/Wellness,19500.0,20500.0,21900.0,1.068,35,9,0.257,0.751,3,0,Autumn Regular,1.0,Normal Day,1.0,Family Group,0.95,3.1,0.421,2.3,49.25,1
travel_package,PKG-02,Dubai Extravaganza & Safari 5D4N,International Tour,45000.0,45100.0,81300.0,1.803,15,6,0.4,0.597,21,0,Spring Festive,1.25,Major Event,1.5,Corporate Retreat,0.41,0.4,0.704,3.3,87.62,4
travel_package,PKG-03,Goa Beach & Nightlife Getaway 4D3N,Coastal/Leisure,16500.0,16800.0,17600.0,1.048,30,14,0.467,0.52,30,0,Autumn Regular,1.0,Normal Day,1.0,Family Group,0.86,1.0,0.381,1.3,42.57,0
travel_package,PKG-04,Dubai Extravaganza & Safari 5D4N,International Tour,45000.0,50600.0,121700.0,2.405,15,1,0.067,0.922,4,0,Winter Peak,1.5,Major Event,1.5,Honeymooners,0.27,0.5,0.793,4.3,100.0,1
travel_package,PKG-05,Kerala Backwaters & Tea Hills 5D4N,Nature/Wellness,19500.0,20200.0,18500.0,0.916,35,13,0.371,0.642,6,0,Autumn Regular,1.0,Normal Day,1.0,Solo Backpacker,1.29,1.8,0.384,2.3,46.3,2
travel_package,PKG-06,Goa Beach & Nightlife Getaway 4D3N,Coastal/Leisure,16500.0,17800.0,17600.0,0.989,30,7,0.233,0.756,31,0,Autumn Regular,1.0,Normal Day,1.0,Honeymooners,0.37,0.1,0.458,0.3,50.47,0
travel_package,PKG-07,Goa Beach & Nightlife Getaway 4D3N,Coastal/Leisure,16500.0,17700.0,21600.0,1.22,30,8,0.267,0.72,4,1,Autumn Regular,1.0,Holiday,1.35,Family Group,0.9,0.7,0.576,4.3,72.08,4
travel_package,PKG-08,Himachal Adventure & Treks 6D5N,Adventure/Sports,17800.0,19700.0,46500.0,2.36,25,3,0.12,0.899,4,1,Winter Peak,1.5,Festival,1.45,Honeymooners,0.28,0.2,0.793,2.3,100.0,3
travel_package,PKG-01,Dubai Extravaganza & Safari 5D4N,International Tour,45000.0,50800.0,65900.0,1.297,15,3,0.2,0.819,8,1,Autumn Regular,1.0,Holiday,1.35,Honeymooners,0.33,2.6,0.715,5.3,88.77,3
travel_package,PKG-02,Andaman Island Reef Explorer 5D4N,Island/Diving,32000.0,32500.0,31300.0,0.963,18,6,0.333,0.639,20,1,Monsoon (Low),0.75,Holiday,1.35,Honeymooners,0.32,0.1,0.539,3.3,62.18,3
travel_package,PKG-03,Andaman Island Reef Explorer 5D4N,Island/Diving,32000.0,34100.0,35800.0,1.05,18,6,0.333,0.675,12,0,Autumn Regular,1.0,Normal Day,1.0,Family Group,0.89,1.8,0.417,1.3,48.27,0
travel_package,PKG-04,Kashmir Paradise Valley Tour 6D5N,Hills/Scenic,28000.0,30300.0,65300.0,2.155,20,3,0.15,0.842,7,0,Winter Peak,1.5,Major Event,1.5,Family Group,0.87,1.0,0.763,4.3,100.0,3
travel_package,PKG-05,Himachal Adventure & Treks 6D5N,Adventure/Sports,17800.0,19200.0,46300.0,2.411,25,2,0.08,0.904,5,0,Winter Peak,1.5,Festival,1.45,Honeymooners,0.29,1.1,0.792,2.3,100.0,2
travel_package,PKG-06,Kerala Backwaters & Tea Hills 5D4N,Nature/Wellness,19500.0,19800.0,20200.0,1.02,35,15,0.429,0.572,16,0,Autumn Regular,1.0,Normal Day,1.0,Family Group,0.92,1.7,0.404,0.3,46.48,1
travel_package,PKG-07,Andaman Island Reef Explorer 5D4N,Island/Diving,32000.0,34600.0,26000.0,0.751,18,5,0.278,0.733,10,0,Monsoon (Low),0.75,Normal Day,1.0,Honeymooners,0.33,1.8,0.419,2.3,44.37,3
travel_package,PKG-08,Dubai Extravaganza & Safari 5D4N,International Tour,45000.0,43500.0,30400.0,0.699,15,10,0.667,0.303,37,0,Monsoon (Low),0.75,Normal Day,1.0,Family Group,0.94,0.6,0.307,2.3,32.04,1
travel_package,PKG-01,Rajasthan Royal Palaces Safari 4D3N,Heritage/Luxury,24000.0,25200.0,17300.0,0.687,22,7,0.318,0.674,7,0,Monsoon (Low),0.75,Normal Day,1.0,Corporate Retreat,0.44,2.5,0.329,0.3,31.72,0
travel_package,PKG-02,Golden Triangle Heritage 5D4N,Cultural/Heritage,21000.0,22700.0,30400.0,1.339,25,7,0.28,0.726,30,1,Autumn Regular,1.0,Holiday,1.35,Honeymooners,0.33,1.6,0.725,6.3,90.25,7
travel_package,PKG-03,Andaman Island Reef Explorer 5D4N,Island/Diving,32000.0,33600.0,35500.0,1.057,18,7,0.389,0.627,11,0,Autumn Regular,1.0,Normal Day,1.0,Solo Backpacker,1.29,2.1,0.415,1.3,50.93,0
travel_package,PKG-04,Himachal Adventure & Treks 6D5N,Adventure/Sports,17800.0,18700.0,18100.0,0.968,25,13,0.52,0.474,42,0,Autumn Regular,1.0,Normal Day,1.0,Family Group,0.87,1.4,0.378,1.3,42.22,0
travel_package,PKG-05,Goa Beach & Nightlife Getaway 4D3N,Coastal/Leisure,16500.0,18300.0,17400.0,0.951,30,7,0.233,0.773,8,0,Autumn Regular,1.0,Normal Day,1.0,Family Group,0.92,0.4,0.471,1.3,56.6,2
travel_package,PKG-06,Kashmir Paradise Valley Tour 6D5N,Hills/Scenic,28000.0,29000.0,21800.0,0.752,20,9,0.45,0.531,31,0,Monsoon (Low),0.75,Normal Day,1.0,Family Group,0.91,2.0,0.314,2.3,32.89,3
travel_package,PKG-07,Himachal Adventure & Treks 6D5N,Adventure/Sports,17800.0,18400.0,45900.0,2.495,25,1,0.04,0.95,7,0,Winter Peak,1.5,Festival,1.45,Honeymooners,0.3,0.2,0.792,4.3,100.0,1
travel_package,PKG-08,Himachal Adventure & Treks 6D5N,Adventure/Sports,17800.0,21100.0,41800.0,1.981,25,1,0.04,0.95,6,1,Winter Peak,1.5,Festival,1.45,Honeymooners,0.24,3.7,0.795,4.3,100.0,1
travel_package,PKG-01,Kerala Backwaters & Tea Hills 5D4N,Nature/Wellness,19500.0,19100.0,18600.0,0.974,35,16,0.457,0.556,23,0,Autumn Regular,1.0,Normal Day,1.0,Family Group,0.85,3.0,0.422,1.3,48.61,1
travel_package,PKG-02,Kerala Backwaters & Tea Hills 5D4N,Nature/Wellness,19500.0,20900.0,42200.0,2.019,35,4,0.114,0.883,15,1,Winter Peak,1.5,Holiday,1.35,Honeymooners,0.3,1.2,0.792,2.3,100.0,3
travel_package,PKG-03,Kerala Backwaters & Tea Hills 5D4N,Nature/Wellness,19500.0,21000.0,20600.0,0.981,35,8,0.229,0.767,7,0,Autumn Regular,1.0,Normal Day,1.0,Corporate Retreat,0.37,0.8,0.538,2.3,62.53,2
travel_package,PKG-04,Andaman Island Reef Explorer 5D4N,Island/Diving,32000.0,35500.0,35300.0,0.994,18,3,0.167,0.806,7,1,Monsoon (Low),0.75,Festival,1.45,Corporate Retreat,0.37,2.1,0.622,4.3,75.13,3
travel_package,PKG-05,Goa Beach & Nightlife Getaway 4D3N,Coastal/Leisure,16500.0,17700.0,38500.0,2.175,30,7,0.233,0.776,12,0,Winter Peak,1.5,Festival,1.45,Solo Backpacker,1.33,0.6,0.688,2.3,92.15,1
travel_package,PKG-06,Dubai Extravaganza & Safari 5D4N,International Tour,45000.0,47100.0,98800.0,2.098,15,4,0.267,0.705,17,0,Winter Peak,1.5,Festival,1.45,Solo Backpacker,1.24,0.1,0.72,3.3,96.33,4
travel_package,PKG-07,Golden Triangle Heritage 5D4N,Cultural/Heritage,21000.0,21500.0,39600.0,1.842,25,7,0.28,0.727,12,0,Spring Festive,1.25,Festival,1.45,Honeymooners,0.18,0.5,0.698,2.3,85.03,4
travel_package,PKG-08,Goa Beach & Nightlife Getaway 4D3N,Coastal/Leisure,16500.0,17100.0,30500.0,1.784,30,15,0.5,0.502,42,0,Spring Festive,1.25,Major Event,1.5,Honeymooners,0.35,1.3,0.73,3.3,91.19,4
travel_package,PKG-01,Kerala Backwaters & Tea Hills 5D4N,Nature/Wellness,19500.0,19900.0,30300.0,1.523,35,8,0.229,0.762,4,1,Autumn Regular,1.0,Festival,1.45,Corporate Retreat,0.43,1.3,0.614,0.3,74.34,0
travel_package,PKG-02,Himachal Adventure & Treks 6D5N,Adventure/Sports,17800.0,18500.0,43500.0,2.351,25,5,0.2,0.79,4,0,Winter Peak,1.5,Festival,1.45,Family Group,0.92,0.3,0.761,2.3,100.0,4
travel_package,PKG-03,Kashmir Paradise Valley Tour 6D5N,Hills/Scenic,28000.0,30900.0,67700.0,2.191,20,3,0.15,0.833,22,0,Winter Peak,1.5,Major Event,1.5,Family Group,0.88,1.1,0.763,3.3,100.0,3
travel_package,PKG-04,Himachal Adventure & Treks 6D5N,Adventure/Sports,17800.0,19000.0,41900.0,2.205,25,4,0.16,0.836,16,1,Winter Peak,1.5,Holiday,1.35,Family Group,0.93,0.7,0.76,3.3,100.0,4
travel_package,PKG-05,Andaman Island Reef Explorer 5D4N,Island/Diving,32000.0,33600.0,24700.0,0.735,18,6,0.333,0.689,3,0,Monsoon (Low),0.75,Normal Day,1.0,Honeymooners,0.28,1.0,0.429,1.3,45.5,1
travel_package,PKG-06,Golden Triangle Heritage 5D4N,Cultural/Heritage,21000.0,22000.0,41100.0,1.868,25,8,0.32,0.694,11,1,Winter Peak,1.5,Holiday,1.35,Corporate Retreat,0.35,2.5,0.789,2.3,100.0,3
travel_package,PKG-07,Rajasthan Royal Palaces Safari 4D3N,Heritage/Luxury,24000.0,25500.0,29300.0,1.149,22,5,0.227,0.788,9,1,Monsoon (Low),0.75,Festival,1.45,Solo Backpacker,1.37,1.3,0.508,1.3,65.48,0
travel_package,PKG-08,Andaman Island Reef Explorer 5D4N,Island/Diving,32000.0,34400.0,24000.0,0.698,18,7,0.389,0.632,14,0,Monsoon (Low),0.75,Normal Day,1.0,Family Group,0.94,1.0,0.294,1.3,30.21,0
travel_package,PKG-01,Kerala Backwaters & Tea Hills 5D4N,Nature/Wellness,19500.0,20200.0,19900.0,0.985,35,10,0.286,0.708,13,0,Autumn Regular,1.0,Normal Day,1.0,Family Group,0.9,2.0,0.407,2.3,46.8,2
travel_package,PKG-02,Kerala Backwaters & Tea Hills 5D4N,Nature/Wellness,19500.0,20800.0,46000.0,2.212,35,2,0.057,0.948,3,0,Winter Peak,1.5,Festival,1.45,Honeymooners,0.31,0.8,0.791,1.3,100.0,1
travel_package,PKG-03,Rajasthan Royal Palaces Safari 4D3N,Heritage/Luxury,24000.0,25300.0,59100.0,2.336,22,5,0.227,0.774,34,0,Winter Peak,1.5,Festival,1.45,Family Group,0.94,0.8,0.76,0.3,100.0,1
travel_package,PKG-04,Kashmir Paradise Valley Tour 6D5N,Hills/Scenic,28000.0,27600.0,37000.0,1.341,20,10,0.5,0.513,17,1,Autumn Regular,1.0,Holiday,1.35,Honeymooners,0.23,1.5,0.697,6.3,85.23,8
travel_package,PKG-05,Andaman Island Reef Explorer 5D4N,Island/Diving,32000.0,35600.0,34400.0,0.966,18,7,0.389,0.608,29,0,Autumn Regular,1.0,Normal Day,1.0,Honeymooners,0.3,0.9,0.436,0.3,46.68,1
travel_package,PKG-06,Kashmir Paradise Valley Tour 6D5N,Hills/Scenic,28000.0,30600.0,28600.0,0.935,20,6,0.3,0.678,12,0,Autumn Regular,1.0,Normal Day,1.0,Family Group,0.91,0.7,0.392,0.3,44.59,1
travel_package,PKG-07,Kerala Backwaters & Tea Hills 5D4N,Nature/Wellness,19500.0,21500.0,21200.0,0.986,35,13,0.371,0.634,11,0,Autumn Regular,1.0,Normal Day,1.0,Family Group,0.88,0.1,0.386,0.3,43.54,1
travel_package,PKG-08,Kerala Backwaters & Tea Hills 5D4N,Nature/Wellness,19500.0,18900.0,18400.0,0.974,35,20,0.571,0.437,9,1,Monsoon (Low),0.75,Holiday,1.35,Corporate Retreat,0.41,0.8,0.542,7.3,63.31,6
travel_package,PKG-01,Dubai Extravaganza & Safari 5D4N,International Tour,45000.0,49800.0,51400.0,1.032,15,3,0.2,0.78,13,1,Monsoon (Low),0.75,Holiday,1.35,Honeymooners,0.28,0.4,0.601,2.3,71.32,2
travel_package,PKG-02,Andaman Island Reef Explorer 5D4N,Island/Diving,32000.0,32600.0,32000.0,0.982,18,8,0.444,0.551,7,0,Autumn Regular,1.0,Normal Day,1.0,Honeymooners,0.27,1.1,0.404,0.3,41.6,0
travel_package,PKG-03,Himachal Adventure & Treks 6D5N,Adventure/Sports,17800.0,18000.0,43500.0,2.417,25,11,0.44,0.571,60,0,Winter Peak,1.5,Major Event,1.5,Honeymooners,0.21,2.1,0.796,2.3,100.0,3
travel_package,PKG-04,Rajasthan Royal Palaces Safari 4D3N,Heritage/Luxury,24000.0,26900.0,25900.0,0.963,22,8,0.364,0.646,21,0,Autumn Regular,1.0,Normal Day,1.0,Family Group,0.97,2.5,0.388,0.3,44.53,0
travel_package,PKG-05,Golden Triangle Heritage 5D4N,Cultural/Heritage,21000.0,23100.0,42000.0,1.818,25,4,0.16,0.851,14,0,Spring Festive,1.25,Festival,1.45,Family Group,0.86,0.7,0.639,1.3,81.3,2
travel_package,PKG-06,Himachal Adventure & Treks 6D5N,Adventure/Sports,17800.0,20400.0,36400.0,1.784,25,1,0.04,0.95,8,0,Spring Festive,1.25,Major Event,1.5,Honeymooners,0.32,0.4,0.709,0.3,87.7,1
travel_package,PKG-07,Golden Triangle Heritage 5D4N,Cultural/Heritage,21000.0,24400.0,47000.0,1.926,25,4,0.16,0.855,5,0,Spring Festive,1.25,Festival,1.45,Family Group,0.9,3.2,0.707,1.3,91.85,1
travel_package,PKG-08,Golden Triangle Heritage 5D4N,Cultural/Heritage,21000.0,23400.0,44600.0,1.906,25,2,0.08,0.938,5,0,Spring Festive,1.25,Festival,1.45,Solo Backpacker,1.29,1.1,0.698,3.3,93.34,2
travel_package,PKG-01,Kerala Backwaters & Tea Hills 5D4N,Nature/Wellness,19500.0,19600.0,13400.0,0.684,35,19,0.543,0.471,26,0,Monsoon (Low),0.75,Normal Day,1.0,Corporate Retreat,0.43,1.3,0.267,0.3,22.26,0
travel_package,PKG-02,Kerala Backwaters & Tea Hills 5D4N,Nature/Wellness,19500.0,21400.0,44000.0,2.056,35,2,0.057,0.95,14,0,Spring Festive,1.25,Festival,1.45,Family Group,0.95,2.1,0.759,0.3,100.0,1
travel_package,PKG-03,Andaman Island Reef Explorer 5D4N,Island/Diving,32000.0,32700.0,34500.0,1.055,18,6,0.333,0.675,8,0,Autumn Regular,1.0,Normal Day,1.0,Family Group,0.92,1.8,0.439,2.3,51.74,2
travel_package,PKG-04,Kashmir Paradise Valley Tour 6D5N,Hills/Scenic,28000.0,27900.0,57800.0,2.072,20,7,0.35,0.628,47,0,Spring Festive,1.25,Major Event,1.5,Family Group,0.92,0.5,0.721,6.3,94.09,7
travel_package,PKG-05,Rajasthan Royal Palaces Safari 4D3N,Heritage/Luxury,24000.0,23100.0,25300.0,1.095,22,11,0.5,0.481,28,0,Autumn Regular,1.0,Normal Day,1.0,Corporate Retreat,0.43,4.7,0.397,1.3,41.7,1
travel_package,PKG-06,Golden Triangle Heritage 5D4N,Cultural/Heritage,21000.0,21900.0,21500.0,0.982,25,11,0.44,0.579,14,0,Autumn Regular,1.0,Normal Day,1.0,Family Group,0.91,1.7,0.385,0.3,43.53,1
travel_package,PKG-07,Andaman Island Reef Explorer 5D4N,Island/Diving,32000.0,31800.0,78200.0,2.459,18,4,0.222,0.788,25,0,Winter Peak,1.5,Major Event,1.5,Honeymooners,0.28,2.4,0.793,2.3,100.0,3
travel_package,PKG-08,Goa Beach & Nightlife Getaway 4D3N,Coastal/Leisure,16500.0,16600.0,35200.0,2.12,30,18,0.6,0.406,60,0,Winter Peak,1.5,Festival,1.45,Family Group,0.89,0.6,0.734,4.3,95.71,7
travel_package,PKG-01,Golden Triangle Heritage 5D4N,Cultural/Heritage,21000.0,21400.0,37800.0,1.766,25,10,0.4,0.596,25,1,Winter Peak,1.5,Holiday,1.35,Corporate Retreat,0.38,0.3,0.788,5.3,100.0,9
travel_package,PKG-02,Dubai Extravaganza & Safari 5D4N,International Tour,45000.0,47800.0,86600.0,1.812,15,3,0.2,0.811,6,1,Spring Festive,1.25,Festival,1.45,Honeymooners,0.3,0.6,0.792,7.3,100.0,3
travel_package,PKG-03,Rajasthan Royal Palaces Safari 4D3N,Heritage/Luxury,24000.0,26100.0,40400.0,1.548,22,5,0.227,0.794,4,1,Autumn Regular,1.0,Festival,1.45,Family Group,0.92,0.9,0.624,5.3,79.47,5
travel_package,PKG-04,Goa Beach & Nightlife Getaway 4D3N,Coastal/Leisure,16500.0,15900.0,16500.0,1.038,30,17,0.567,0.434,29,0,Autumn Regular,1.0,Normal Day,1.0,Honeymooners,0.3,0.7,0.455,1.3,49.43,2
travel_package,PKG-05,Goa Beach & Nightlife Getaway 4D3N,Coastal/Leisure,16500.0,16700.0,12100.0,0.725,30,16,0.533,0.472,15,0,Monsoon (Low),0.75,Normal Day,1.0,Honeymooners,0.33,0.2,0.328,0.3,30.74,0
travel_package,PKG-06,Rajasthan Royal Palaces Safari 4D3N,Heritage/Luxury,24000.0,25800.0,23900.0,0.926,22,5,0.227,0.76,3,1,Monsoon (Low),0.75,Holiday,1.35,Honeymooners,0.33,1.2,0.566,3.3,66.37,3
travel_package,PKG-07,Golden Triangle Heritage 5D4N,Cultural/Heritage,21000.0,22400.0,42700.0,1.906,25,9,0.36,0.657,21,0,Spring Festive,1.25,Major Event,1.5,Family Group,0.89,1.0,0.693,3.3,89.67,4
travel_package,PKG-08,Goa Beach & Nightlife Getaway 4D3N,Coastal/Leisure,16500.0,17600.0,27800.0,1.58,30,10,0.333,0.658,22,1,Autumn Regular,1.0,Festival,1.45,Solo Backpacker,1.28,3.6,0.673,5.3,89.51,8
travel_package,PKG-01,Dubai Extravaganza & Safari 5D4N,International Tour,45000.0,48500.0,109500.0,2.258,15,1,0.067,0.95,29,0,Winter Peak,1.5,Festival,1.45,Family Group,0.91,0.9,0.761,4.3,100.0,1
travel_package,PKG-02,Goa Beach & Nightlife Getaway 4D3N,Coastal/Leisure,16500.0,16700.0,19000.0,1.138,30,9,0.3,0.707,3,0,Autumn Regular,1.0,Normal Day,1.0,Family Group,0.91,1.3,0.421,1.3,49.01,2
travel_package,PKG-03,Himachal Adventure & Treks 6D5N,Adventure/Sports,17800.0,19300.0,27000.0,1.399,25,5,0.2,0.786,22,1,Autumn Regular,1.0,Holiday,1.35,Family Group,0.96,0.2,0.67,3.3,86.69,5
travel_package,PKG-04,Kashmir Paradise Valley Tour 6D5N,Hills/Scenic,28000.0,29900.0,38200.0,1.278,20,6,0.3,0.7,6,1,Autumn Regular,1.0,Holiday,1.35,Family Group,0.96,2.9,0.629,2.3,80.57,3
travel_package,PKG-05,Kashmir Paradise Valley Tour 6D5N,Hills/Scenic,28000.0,31900.0,54700.0,1.715,20,3,0.15,0.84,6,1,Spring Festive,1.25,Festival,1.45,Honeymooners,0.23,0.2,0.783,3.3,98.24,3
travel_package,PKG-06,Rajasthan Royal Palaces Safari 4D3N,Heritage/Luxury,24000.0,24000.0,48100.0,2.004,22,8,0.364,0.634,29,1,Winter Peak,1.5,Holiday,1.35,Solo Backpacker,1.34,2.7,0.664,0.3,88.69,1
travel_package,PKG-07,Goa Beach & Nightlife Getaway 4D3N,Coastal/Leisure,16500.0,17700.0,23300.0,1.316,30,4,0.133,0.861,5,1,Autumn Regular,1.0,Holiday,1.35,Solo Backpacker,1.36,0.0,0.577,3.3,75.79,1
travel_package,PKG-08,Golden Triangle Heritage 5D4N,Cultural/Heritage,21000.0,22100.0,23400.0,1.059,25,4,0.16,0.845,3,0,Autumn Regular,1.0,Normal Day,1.0,Family Group,0.94,1.9,0.475,1.3,57.29,2
travel_package,PKG-01,Goa Beach & Nightlife Getaway 4D3N,Coastal/Leisure,16500.0,18200.0,43300.0,2.379,30,6,0.2,0.795,24,0,Winter Peak,1.5,Major Event,1.5,Honeymooners,0.35,1.1,0.789,1.3,100.0,2
travel_package,PKG-02,Goa Beach & Nightlife Getaway 4D3N,Coastal/Leisure,16500.0,17600.0,18600.0,1.057,30,8,0.267,0.73,5,0,Autumn Regular,1.0,Normal Day,1.0,Family Group,0.86,0.4,0.395,0.3,44.63,0
travel_package,PKG-03,Golden Triangle Heritage 5D4N,Cultural/Heritage,21000.0,20600.0,41800.0,2.029,25,11,0.44,0.567,7,0,Spring Festive,1.25,Major Event,1.5,Family Group,0.93,0.9,0.682,4.3,88.22,6
travel_package,PKG-04,Himachal Adventure & Treks 6D5N,Adventure/Sports,17800.0,16000.0,12600.0,0.787,25,19,0.76,0.235,50,0,Monsoon (Low),0.75,Normal Day,1.0,Family Group,0.85,0.9,0.306,2.3,31.28,1
travel_package,PKG-05,Himachal Adventure & Treks 6D5N,Adventure/Sports,17800.0,18600.0,18200.0,0.978,25,5,0.2,0.794,6,1,Monsoon (Low),0.75,Holiday,1.35,Honeymooners,0.32,0.9,0.614,4.3,73.44,5
travel_package,PKG-06,Himachal Adventure & Treks 6D5N,Adventure/Sports,17800.0,18400.0,29900.0,1.625,25,7,0.28,0.724,8,1,Spring Festive,1.25,Holiday,1.35,Family Group,0.94,1.3,0.649,2.3,83.4,2
travel_package,PKG-07,Goa Beach & Nightlife Getaway 4D3N,Coastal/Leisure,16500.0,18600.0,34200.0,1.839,30,2,0.067,0.95,8,0,Spring Festive,1.25,Major Event,1.5,Family Group,0.93,1.8,0.759,4.3,99.79,2
travel_package,PKG-08,Goa Beach & Nightlife Getaway 4D3N,Coastal/Leisure,16500.0,17200.0,26300.0,1.529,30,8,0.267,0.742,3,1,Autumn Regular,1.0,Festival,1.45,Family Group,0.89,1.1,0.632,2.3,80.45,2
travel_package,PKG-01,Dubai Extravaganza & Safari 5D4N,International Tour,45000.0,45800.0,51700.0,1.129,15,6,0.4,0.606,9,1,Monsoon (Low),0.75,Holiday,1.35,Family Group,0.91,1.8,0.533,4.3,65.81,4
travel_package,PKG-02,Kerala Backwaters & Tea Hills 5D4N,Nature/Wellness,19500.0,21900.0,44100.0,2.014,35,7,0.2,0.813,8,0,Spring Festive,1.25,Festival,1.45,Honeymooners,0.31,0.5,0.761,2.3,95.43,4
travel_package,PKG-03,Kashmir Paradise Valley Tour 6D5N,Hills/Scenic,28000.0,32200.0,69900.0,2.171,20,2,0.1,0.916,16,0,Winter Peak,1.5,Major Event,1.5,Solo Backpacker,1.31,0.6,0.741,5.3,100.0,2
travel_package,PKG-04,Andaman Island Reef Explorer 5D4N,Island/Diving,32000.0,32300.0,73000.0,2.26,18,5,0.278,0.716,20,1,Spring Festive,1.25,Festival,1.45,Corporate Retreat,0.38,1.3,0.788,3.3,100.0,4
travel_package,PKG-05,Kerala Backwaters & Tea Hills 5D4N,Nature/Wellness,19500.0,22000.0,50400.0,2.291,35,6,0.171,0.831,9,1,Winter Peak,1.5,Festival,1.45,Honeymooners,0.33,0.2,0.79,6.3,100.0,6
travel_package,PKG-06,Rajasthan Royal Palaces Safari 4D3N,Heritage/Luxury,24000.0,26700.0,59400.0,2.225,22,4,0.182,0.819,9,0,Winter Peak,1.5,Major Event,1.5,Family Group,0.97,0.0,0.758,2.3,100.0,4
travel_package,PKG-07,Himachal Adventure & Treks 6D5N,Adventure/Sports,17800.0,20600.0,42700.0,2.073,25,1,0.04,0.95,9,0,Winter Peak,1.5,Major Event,1.5,Family Group,0.87,0.9,0.763,4.3,100.0,1
travel_package,PKG-08,Kerala Backwaters & Tea Hills 5D4N,Nature/Wellness,19500.0,18400.0,43600.0,2.37,35,23,0.657,0.329,60,1,Winter Peak,1.5,Festival,1.45,Family Group,0.87,0.6,0.763,1.3,100.0,2
travel_package,PKG-01,Kashmir Paradise Valley Tour 6D5N,Hills/Scenic,28000.0,32200.0,58600.0,1.82,20,3,0.15,0.854,25,0,Spring Festive,1.25,Major Event,1.5,Honeymooners,0.22,1.2,0.723,2.3,89.08,3
travel_package,PKG-02,Dubai Extravaganza & Safari 5D4N,International Tour,45000.0,44300.0,33000.0,0.745,15,8,0.533,0.456,33,0,Monsoon (Low),0.75,Normal Day,1.0,Honeymooners,0.29,1.9,0.398,4.3,40.92,5
travel_package,PKG-03,Golden Triangle Heritage 5D4N,Cultural/Heritage,21000.0,22800.0,42300.0,1.855,25,7,0.28,0.734,16,0,Spring Festive,1.25,Major Event,1.5,Family Group,0.89,3.6,0.673,2.3,86.64,4
travel_package,PKG-04,Goa Beach & Nightlife Getaway 4D3N,Coastal/Leisure,16500.0,16200.0,30800.0,1.901,30,18,0.6,0.404,60,0,Spring Festive,1.25,Festival,1.45,Family Group,0.84,0.1,0.587,2.3,73.28,3
travel_package,PKG-05,Golden Triangle Heritage 5D4N,Cultural/Heritage,21000.0,21900.0,24000.0,1.096,25,10,0.4,0.602,6,1,Monsoon (Low),0.75,Holiday,1.35,Corporate Retreat,0.42,1.5,0.578,3.3,68.79,3
travel_package,PKG-06,Himachal Adventure & Treks 6D5N,Adventure/Sports,17800.0,19000.0,46600.0,2.453,25,8,0.32,0.69,14,0,Winter Peak,1.5,Major Event,1.5,Family Group,0.82,0.6,0.766,2.3,100.0,2
travel_package,PKG-07,Golden Triangle Heritage 5D4N,Cultural/Heritage,21000.0,21800.0,48600.0,2.229,25,7,0.28,0.735,8,0,Winter Peak,1.5,Major Event,1.5,Family Group,0.89,0.6,0.762,3.3,100.0,5
travel_package,PKG-08,Kashmir Paradise Valley Tour 6D5N,Hills/Scenic,28000.0,29100.0,30100.0,1.034,20,6,0.3,0.712,5,0,Autumn Regular,1.0,Normal Day,1.0,Family Group,0.89,1.9,0.363,0.3,40.2,1
travel_package,PKG-01,Dubai Extravaganza & Safari 5D4N,International Tour,45000.0,46500.0,67500.0,1.452,15,7,0.467,0.542,14,1,Autumn Regular,1.0,Festival,1.45,Solo Backpacker,1.34,0.1,0.558,5.3,72.82,7
travel_package,PKG-02,Kerala Backwaters & Tea Hills 5D4N,Nature/Wellness,19500.0,21000.0,29900.0,1.424,35,7,0.2,0.786,13,1,Autumn Regular,1.0,Festival,1.45,Solo Backpacker,1.34,0.7,0.596,4.3,78.52,6
travel_package,PKG-03,Rajasthan Royal Palaces Safari 4D3N,Heritage/Luxury,24000.0,25300.0,24500.0,0.968,22,7,0.318,0.686,6,0,Autumn Regular,1.0,Normal Day,1.0,Honeymooners,0.3,2.1,0.506,4.3,57.2,4
travel_package,PKG-04,Rajasthan Royal Palaces Safari 4D3N,Heritage/Luxury,24000.0,26700.0,51800.0,1.94,22,1,0.045,0.95,5,1,Winter Peak,1.5,Holiday,1.35,Honeymooners,0.37,3.1,0.788,4.3,100.0,1
travel_package,PKG-05,Dubai Extravaganza & Safari 5D4N,International Tour,45000.0,47300.0,97800.0,2.068,15,6,0.4,0.625,27,0,Winter Peak,1.5,Festival,1.45,Corporate Retreat,0.43,0.5,0.785,5.3,100.0,6
travel_package,PKG-06,Himachal Adventure & Treks 6D5N,Adventure/Sports,17800.0,18600.0,17400.0,0.935,25,8,0.32,0.697,5,0,Autumn Regular,1.0,Normal Day,1.0,Family Group,0.94,1.4,0.44,1.3,52.09,2
travel_package,PKG-07,Golden Triangle Heritage 5D4N,Cultural/Heritage,21000.0,21400.0,49900.0,2.332,25,10,0.4,0.599,18,0,Winter Peak,1.5,Festival,1.45,Honeymooners,0.23,7.3,0.795,5.3,100.0,7
travel_package,PKG-08,Kashmir Paradise Valley Tour 6D5N,Hills/Scenic,28000.0,31300.0,71700.0,2.291,20,3,0.15,0.863,9,0,Winter Peak,1.5,Festival,1.45,Honeymooners,0.26,1.2,0.794,2.3,100.0,2
travel_package,PKG-01,Kashmir Paradise Valley Tour 6D5N,Hills/Scenic,28000.0,29400.0,64700.0,2.201,20,7,0.35,0.632,45,0,Winter Peak,1.5,Major Event,1.5,Family Group,0.92,0.4,0.761,3.3,100.0,5
travel_package,PKG-02,Kashmir Paradise Valley Tour 6D5N,Hills/Scenic,28000.0,31100.0,33300.0,1.071,20,2,0.1,0.912,7,0,Autumn Regular,1.0,Normal Day,1.0,Honeymooners,0.24,0.8,0.523,0.3,59.19,0
travel_package,PKG-03,Kashmir Paradise Valley Tour 6D5N,Hills/Scenic,28000.0,31200.0,70300.0,2.253,20,1,0.05,0.95,11,0,Winter Peak,1.5,Major Event,1.5,Family Group,0.87,1.7,0.763,6.3,100.0,1
travel_package,PKG-04,Rajasthan Royal Palaces Safari 4D3N,Heritage/Luxury,24000.0,24500.0,20800.0,0.849,22,7,0.318,0.662,25,0,Monsoon (Low),0.75,Normal Day,1.0,Honeymooners,0.33,0.4,0.395,1.3,40.7,0
travel_package,PKG-05,Dubai Extravaganza & Safari 5D4N,International Tour,45000.0,49300.0,34700.0,0.704,15,4,0.267,0.746,4,0,Monsoon (Low),0.75,Normal Day,1.0,Family Group,0.9,1.2,0.375,1.3,42.03,1
travel_package,PKG-06,Golden Triangle Heritage 5D4N,Cultural/Heritage,21000.0,20900.0,21800.0,1.043,25,12,0.48,0.517,16,0,Autumn Regular,1.0,Normal Day,1.0,Family Group,0.93,1.2,0.382,0.3,43.2,1
travel_package,PKG-07,Kashmir Paradise Valley Tour 6D5N,Hills/Scenic,28000.0,30900.0,31300.0,1.013,20,5,0.25,0.746,4,1,Monsoon (Low),0.75,Holiday,1.35,Honeymooners,0.33,0.3,0.579,4.3,68.29,4
travel_package,PKG-08,Andaman Island Reef Explorer 5D4N,Island/Diving,32000.0,34600.0,57000.0,1.647,18,3,0.167,0.819,8,1,Spring Festive,1.25,Holiday,1.35,Family Group,0.97,2.6,0.707,4.3,92.34,3
travel_package,PKG-01,Andaman Island Reef Explorer 5D4N,Island/Diving,32000.0,31900.0,31400.0,0.984,18,6,0.333,0.674,5,0,Autumn Regular,1.0,Normal Day,1.0,Corporate Retreat,0.41,1.3,0.455,0.3,50.3,1
travel_package,PKG-02,Golden Triangle Heritage 5D4N,Cultural/Heritage,21000.0,22400.0,22400.0,1.0,25,2,0.08,0.907,3,0,Autumn Regular,1.0,Normal Day,1.0,Family Group,0.89,2.8,0.492,2.3,59.4,2
travel_package,PKG-03,Kerala Backwaters & Tea Hills 5D4N,Nature/Wellness,19500.0,22900.0,37800.0,1.651,35,2,0.057,0.95,9,0,Spring Festive,1.25,Major Event,1.5,Corporate Retreat,0.47,1.1,0.724,2.3,91.17,2
travel_package,PKG-04,Goa Beach & Nightlife Getaway 4D3N,Coastal/Leisure,16500.0,17200.0,14600.0,0.849,30,13,0.433,0.582,26,0,Monsoon (Low),0.75,Normal Day,1.0,Family Group,0.89,5.8,0.266,0.3,25.53,0
travel_package,PKG-05,Rajasthan Royal Palaces Safari 4D3N,Heritage/Luxury,24000.0,24400.0,23200.0,0.951,22,6,0.273,0.715,21,0,Autumn Regular,1.0,Normal Day,1.0,Family Group,0.91,0.9,0.397,1.3,45.36,0
travel_package,PKG-06,Rajasthan Royal Palaces Safari 4D3N,Heritage/Luxury,24000.0,22600.0,16800.0,0.743,22,13,0.591,0.399,37,0,Monsoon (Low),0.75,Normal Day,1.0,Family Group,0.85,0.1,0.295,1.3,29.56,1
travel_package,PKG-07,Dubai Extravaganza & Safari 5D4N,International Tour,45000.0,44700.0,83600.0,1.87,15,8,0.533,0.479,38,0,Spring Festive,1.25,Festival,1.45,Corporate Retreat,0.38,0.6,0.656,0.3,80.31,0
travel_package,PKG-08,Andaman Island Reef Explorer 5D4N,Island/Diving,32000.0,32800.0,37700.0,1.149,18,9,0.5,0.519,25,1,Autumn Regular,1.0,Holiday,1.35,Family Group,0.95,1.7,0.498,2.3,60.82,3
travel_package,PKG-01,Rajasthan Royal Palaces Safari 4D3N,Heritage/Luxury,24000.0,26000.0,43700.0,1.681,22,3,0.136,0.85,7,0,Spring Festive,1.25,Festival,1.45,Honeymooners,0.27,0.7,0.682,2.3,83.29,1
travel_package,PKG-02,Dubai Extravaganza & Safari 5D4N,International Tour,45000.0,47000.0,44800.0,0.953,15,7,0.467,0.511,33,0,Autumn Regular,1.0,Normal Day,1.0,Honeymooners,0.31,0.9,0.448,1.3,48.53,1
travel_package,PKG-03,Kashmir Paradise Valley Tour 6D5N,Hills/Scenic,28000.0,29800.0,69100.0,2.319,20,2,0.1,0.901,41,0,Winter Peak,1.5,Festival,1.45,Corporate Retreat,0.42,3.5,0.786,2.3,100.0,2
travel_package,PKG-04,Andaman Island Reef Explorer 5D4N,Island/Diving,32000.0,32500.0,21100.0,0.649,18,7,0.389,0.637,10,0,Monsoon (Low),0.75,Normal Day,1.0,Family Group,0.88,0.9,0.283,0.3,28.04,0
travel_package,PKG-05,Rajasthan Royal Palaces Safari 4D3N,Heritage/Luxury,24000.0,26500.0,60500.0,2.283,22,5,0.227,0.76,12,1,Winter Peak,1.5,Festival,1.45,Family Group,0.91,0.2,0.761,1.3,100.0,1
travel_package,PKG-06,Kashmir Paradise Valley Tour 6D5N,Hills/Scenic,28000.0,30800.0,29100.0,0.945,20,2,0.1,0.879,6,0,Autumn Regular,1.0,Normal Day,1.0,Honeymooners,0.23,0.0,0.506,2.3,56.58,2
travel_package,PKG-07,Dubai Extravaganza & Safari 5D4N,International Tour,45000.0,44000.0,42800.0,0.973,15,9,0.6,0.403,48,1,Monsoon (Low),0.75,Holiday,1.35,Family Group,0.89,0.3,0.432,6.3,50.47,7
travel_package,PKG-08,Kerala Backwaters & Tea Hills 5D4N,Nature/Wellness,19500.0,20000.0,20900.0,1.045,35,14,0.4,0.588,11,1,Monsoon (Low),0.75,Holiday,1.35,Corporate Retreat,0.45,2.9,0.524,1.3,61.03,1
travel_package,PKG-01,Dubai Extravaganza & Safari 5D4N,International Tour,45000.0,48200.0,52300.0,1.085,15,2,0.133,0.838,3,0,Autumn Regular,1.0,Normal Day,1.0,Family Group,0.95,1.5,0.435,1.3,51.41,1
travel_package,PKG-02,Dubai Extravaganza & Safari 5D4N,International Tour,45000.0,51400.0,53400.0,1.039,15,1,0.067,0.938,9,1,Monsoon (Low),0.75,Holiday,1.35,Family Group,0.82,1.4,0.655,5.3,83.41,1
travel_package,PKG-03,Kashmir Paradise Valley Tour 6D5N,Hills/Scenic,28000.0,28900.0,39400.0,1.363,20,6,0.3,0.688,26,1,Autumn Regular,1.0,Holiday,1.35,Solo Backpacker,1.28,1.3,0.533,1.3,68.52,1
travel_package,PKG-04,Golden Triangle Heritage 5D4N,Cultural/Heritage,21000.0,22800.0,24300.0,1.066,25,3,0.12,0.863,7,0,Autumn Regular,1.0,Normal Day,1.0,Honeymooners,0.24,2.3,0.518,0.3,58.43,0
travel_package,PKG-05,Andaman Island Reef Explorer 5D4N,Island/Diving,32000.0,34700.0,76600.0,2.207,18,8,0.444,0.58,60,0,Winter Peak,1.5,Festival,1.45,Family Group,0.85,2.0,0.731,4.3,95.04,6
travel_package,PKG-06,Goa Beach & Nightlife Getaway 4D3N,Coastal/Leisure,16500.0,17500.0,12800.0,0.731,30,11,0.367,0.645,8,0,Monsoon (Low),0.75,Normal Day,1.0,Family Group,0.95,0.1,0.385,2.3,43.89,2
travel_package,PKG-07,Goa Beach & Nightlife Getaway 4D3N,Coastal/Leisure,16500.0,17700.0,37600.0,2.124,30,8,0.267,0.739,17,0,Winter Peak,1.5,Festival,1.45,Family Group,0.89,1.5,0.762,6.3,100.0,8
travel_package,PKG-08,Andaman Island Reef Explorer 5D4N,Island/Diving,32000.0,32800.0,41100.0,1.253,18,9,0.5,0.503,28,1,Autumn Regular,1.0,Holiday,1.35,Family Group,0.88,2.1,0.568,6.3,70.77,7
travel_package,PKG-01,Himachal Adventure & Treks 6D5N,Adventure/Sports,17800.0,17300.0,42000.0,2.428,25,8,0.32,0.686,15,1,Winter Peak,1.5,Festival,1.45,Family Group,0.89,3.2,0.762,4.3,100.0,7
travel_package,PKG-02,Rajasthan Royal Palaces Safari 4D3N,Heritage/Luxury,24000.0,24800.0,23200.0,0.935,22,11,0.5,0.499,44,0,Autumn Regular,1.0,Normal Day,1.0,Family Group,0.96,2.6,0.374,0.3,42.35,0
travel_package,PKG-03,Dubai Extravaganza & Safari 5D4N,International Tour,45000.0,51700.0,118800.0,2.298,15,2,0.133,0.898,7,0,Winter Peak,1.5,Major Event,1.5,Solo Backpacker,1.3,1.2,0.734,1.3,98.88,1
travel_package,PKG-04,Kashmir Paradise Valley Tour 6D5N,Hills/Scenic,28000.0,27000.0,26000.0,0.963,20,15,0.75,0.25,60,0,Autumn Regular,1.0,Normal Day,1.0,Solo Backpacker,1.25,2.7,0.316,1.3,35.72,0
travel_package,PKG-05,Dubai Extravaganza & Safari 5D4N,International Tour,45000.0,41600.0,32900.0,0.791,15,11,0.733,0.258,46,0,Monsoon (Low),0.75,Normal Day,1.0,Honeymooners,0.33,0.1,0.344,2.3,33.14,2
travel_package,PKG-06,Andaman Island Reef Explorer 5D4N,Island/Diving,32000.0,35800.0,84400.0,2.358,18,1,0.056,0.95,12,1,Winter Peak,1.5,Festival,1.45,Solo Backpacker,1.28,0.4,0.743,1.3,100.0,1
travel_package,PKG-07,Rajasthan Royal Palaces Safari 4D3N,Heritage/Luxury,24000.0,24400.0,26700.0,1.094,22,6,0.273,0.73,3,0,Autumn Regular,1.0,Normal Day,1.0,Family Group,0.91,2.7,0.45,2.3,53.27,4
travel_package,PKG-08,Golden Triangle Heritage 5D4N,Cultural/Heritage,21000.0,24000.0,21000.0,0.875,25,5,0.2,0.8,7,0,Autumn Regular,1.0,Normal Day,1.0,Family Group,1.01,1.2,0.4,1.3,46.56,2
travel_package,PKG-01,Andaman Island Reef Explorer 5D4N,Island/Diving,32000.0,28100.0,27700.0,0.986,18,15,0.833,0.178,39,0,Autumn Regular,1.0,Normal Day,1.0,Family Group,0.91,0.8,0.356,1.3,39.19,0
travel_package,PKG-02,Dubai Extravaganza & Safari 5D4N,International Tour,45000.0,45200.0,100500.0,2.223,15,6,0.4,0.6,60,0,Winter Peak,1.5,Major Event,1.5,Corporate Retreat,0.42,0.7,0.786,3.3,100.0,6
travel_package,PKG-03,Himachal Adventure & Treks 6D5N,Adventure/Sports,17800.0,19900.0,13500.0,0.678,25,5,0.2,0.796,4,0,Monsoon (Low),0.75,Normal Day,1.0,Family Group,0.92,0.1,0.307,0.3,31.98,0
travel_package,PKG-04,Dubai Extravaganza & Safari 5D4N,International Tour,45000.0,40800.0,32900.0,0.806,15,11,0.733,0.295,37,0,Monsoon (Low),0.75,Normal Day,1.0,Honeymooners,0.28,0.2,0.303,1.3,26.55,2
travel_package,PKG-05,Kashmir Paradise Valley Tour 6D5N,Hills/Scenic,28000.0,30500.0,75100.0,2.462,20,2,0.1,0.908,10,0,Winter Peak,1.5,Major Event,1.5,Honeymooners,0.24,1.4,0.795,2.3,100.0,2
travel_package,PKG-06,Golden Triangle Heritage 5D4N,Cultural/Heritage,21000.0,22000.0,21700.0,0.986,25,9,0.36,0.635,10,1,Monsoon (Low),0.75,Holiday,1.35,Honeymooners,0.31,6.1,0.605,5.3,72.03,6
travel_package,PKG-07,Dubai Extravaganza & Safari 5D4N,International Tour,45000.0,45900.0,98400.0,2.144,15,6,0.4,0.595,45,1,Winter Peak,1.5,Holiday,1.35,Corporate Retreat,0.47,1.1,0.783,2.3,100.0,4
travel_package,PKG-08,Goa Beach & Nightlife Getaway 4D3N,Coastal/Leisure,16500.0,18900.0,33900.0,1.794,30,2,0.067,0.927,18,0,Spring Festive,1.25,Major Event,1.5,Family Group,0.9,0.7,0.754,4.3,98.84,2
travel_package,PKG-01,Goa Beach & Nightlife Getaway 4D3N,Coastal/Leisure,16500.0,16400.0,36600.0,2.232,30,12,0.4,0.602,13,0,Winter Peak,1.5,Festival,1.45,Honeymooners,0.24,0.7,0.795,2.3,100.0,3
travel_package,PKG-02,Goa Beach & Nightlife Getaway 4D3N,Coastal/Leisure,16500.0,16000.0,16300.0,1.019,30,13,0.433,0.575,14,0,Autumn Regular,1.0,Normal Day,1.0,Family Group,1.0,0.8,0.352,2.3,39.36,1
travel_package,PKG-03,Himachal Adventure & Treks 6D5N,Adventure/Sports,17800.0,19100.0,18100.0,0.948,25,8,0.32,0.699,18,0,Autumn Regular,1.0,Normal Day,1.0,Honeymooners,0.32,1.7,0.446,0.3,48.29,0
travel_package,PKG-04,Andaman Island Reef Explorer 5D4N,Island/Diving,32000.0,36400.0,77900.0,2.14,18,2,0.111,0.886,15,0,Winter Peak,1.5,Major Event,1.5,Family Group,0.9,0.6,0.741,1.3,96.94,2
travel_package,PKG-05,Goa Beach & Nightlife Getaway 4D3N,Coastal/Leisure,16500.0,18000.0,40700.0,2.261,30,5,0.167,0.818,13,0,Winter Peak,1.5,Major Event,1.5,Corporate Retreat,0.43,1.3,0.785,2.3,100.0,3
travel_package,PKG-06,Goa Beach & Nightlife Getaway 4D3N,Coastal/Leisure,16500.0,16400.0,36500.0,2.226,30,9,0.3,0.691,39,0,Winter Peak,1.5,Festival,1.45,Corporate Retreat,0.43,2.3,0.785,3.3,100.0,4
travel_package,PKG-07,Andaman Island Reef Explorer 5D4N,Island/Diving,32000.0,33900.0,61300.0,1.808,18,3,0.167,0.817,6,1,Spring Festive,1.25,Holiday,1.35,Family Group,0.93,0.8,0.746,4.3,97.91,3
travel_package,PKG-08,Andaman Island Reef Explorer 5D4N,Island/Diving,32000.0,29800.0,28600.0,0.96,18,13,0.722,0.253,60,0,Autumn Regular,1.0,Normal Day,1.0,Family Group,0.87,1.8,0.355,1.3,38.74,0
travel_package,PKG-01,Golden Triangle Heritage 5D4N,Cultural/Heritage,21000.0,21300.0,50800.0,2.385,25,7,0.28,0.71,6,0,Winter Peak,1.5,Major Event,1.5,Honeymooners,0.26,0.7,0.794,3.3,100.0,4
travel_package,PKG-02,Andaman Island Reef Explorer 5D4N,Island/Diving,32000.0,33300.0,45300.0,1.36,18,7,0.389,0.599,32,1,Autumn Regular,1.0,Holiday,1.35,Honeymooners,0.34,1.1,0.631,2.3,76.22,1
travel_package,PKG-03,Golden Triangle Heritage 5D4N,Cultural/Heritage,21000.0,21600.0,42100.0,1.949,25,8,0.32,0.664,31,1,Spring Festive,1.25,Festival,1.45,Family Group,0.95,0.9,0.724,2.3,94.7,4
travel_package,PKG-04,Dubai Extravaganza & Safari 5D4N,International Tour,45000.0,48600.0,69200.0,1.424,15,4,0.267,0.723,3,1,Autumn Regular,1.0,Holiday,1.35,Family Group,0.87,0.4,0.722,5.3,93.83,4
travel_package,PKG-05,Kerala Backwaters & Tea Hills 5D4N,Nature/Wellness,19500.0,21900.0,37500.0,1.712,35,6,0.171,0.815,8,0,Spring Festive,1.25,Festival,1.45,Solo Backpacker,1.25,0.1,0.629,1.3,82.7,1
travel_package,PKG-06,Kerala Backwaters & Tea Hills 5D4N,Nature/Wellness,19500.0,20700.0,21800.0,1.053,35,13,0.371,0.628,24,0,Autumn Regular,1.0,Normal Day,1.0,Solo Backpacker,1.29,0.5,0.324,1.3,37.24,2
travel_package,PKG-07,Kerala Backwaters & Tea Hills 5D4N,Nature/Wellness,19500.0,21100.0,51700.0,2.45,35,4,0.114,0.874,17,1,Winter Peak,1.5,Festival,1.45,Corporate Retreat,0.45,0.4,0.784,0.3,100.0,1
travel_package,PKG-08,Rajasthan Royal Palaces Safari 4D3N,Heritage/Luxury,24000.0,24000.0,57300.0,2.388,22,5,0.227,0.764,15,0,Winter Peak,1.5,Festival,1.45,Honeymooners,0.34,0.4,0.79,3.3,100.0,4
travel_package,PKG-01,Golden Triangle Heritage 5D4N,Cultural/Heritage,21000.0,21200.0,36300.0,1.712,25,7,0.28,0.716,3,1,Autumn Regular,1.0,Festival,1.45,Corporate Retreat,0.47,3.8,0.773,5.3,98.5,7
travel_package,PKG-02,Dubai Extravaganza & Safari 5D4N,International Tour,45000.0,47700.0,43400.0,0.91,15,5,0.333,0.642,5,0,Autumn Regular,1.0,Normal Day,1.0,Solo Backpacker,1.24,0.3,0.38,0.3,45.31,0
travel_package,PKG-03,Dubai Extravaganza & Safari 5D4N,International Tour,45000.0,45300.0,34500.0,0.762,15,6,0.4,0.601,10,0,Monsoon (Low),0.75,Normal Day,1.0,Honeymooners,0.21,1.8,0.416,1.3,42.93,0
travel_package,PKG-04,Dubai Extravaganza & Safari 5D4N,International Tour,45000.0,47700.0,51200.0,1.073,15,4,0.267,0.748,8,0,Autumn Regular,1.0,Normal Day,1.0,Corporate Retreat,0.32,1.3,0.569,2.3,66.75,2
travel_package,PKG-05,Andaman Island Reef Explorer 5D4N,Island/Diving,32000.0,34500.0,74800.0,2.168,18,2,0.111,0.874,18,0,Winter Peak,1.5,Festival,1.45,Family Group,0.87,1.6,0.763,6.3,100.0,2
travel_package,PKG-06,Kerala Backwaters & Tea Hills 5D4N,Nature/Wellness,19500.0,20900.0,46600.0,2.23,35,7,0.2,0.787,13,0,Winter Peak,1.5,Festival,1.45,Family Group,0.92,2.5,0.761,3.3,100.0,5
travel_package,PKG-07,Rajasthan Royal Palaces Safari 4D3N,Heritage/Luxury,24000.0,25300.0,23100.0,0.913,22,7,0.318,0.686,10,0,Autumn Regular,1.0,Normal Day,1.0,Honeymooners,0.3,0.7,0.408,0.3,42.47,0
travel_package,PKG-08,Andaman Island Reef Explorer 5D4N,Island/Diving,32000.0,35200.0,34700.0,0.986,18,5,0.278,0.739,15,0,Autumn Regular,1.0,Normal Day,1.0,Family Group,0.95,1.7,0.462,2.3,55.39,0
travel_package,PKG-01,Andaman Island Reef Explorer 5D4N,Island/Diving,32000.0,36000.0,84900.0,2.358,18,1,0.056,0.949,4,0,Winter Peak,1.5,Major Event,1.5,Honeymooners,0.3,0.4,0.792,3.3,100.0,1
travel_package,PKG-02,Golden Triangle Heritage 5D4N,Cultural/Heritage,21000.0,22700.0,45700.0,2.013,25,5,0.2,0.813,12,0,Spring Festive,1.25,Major Event,1.5,Family Group,0.93,4.1,0.76,3.3,100.0,5
travel_package,PKG-03,Andaman Island Reef Explorer 5D4N,Island/Diving,32000.0,33300.0,33000.0,0.991,18,7,0.389,0.61,4,1,Monsoon (Low),0.75,Holiday,1.35,Family Group,0.94,1.4,0.509,5.3,62.44,5
travel_package,PKG-04,Dubai Extravaganza & Safari 5D4N,International Tour,45000.0,45100.0,37900.0,0.84,15,4,0.267,0.747,15,0,Monsoon (Low),0.75,Normal Day,1.0,Honeymooners,0.28,0.3,0.389,1.3,39.44,2
travel_package,PKG-05,Dubai Extravaganza & Safari 5D4N,International Tour,45000.0,45400.0,34800.0,0.767,15,5,0.333,0.645,3,0,Monsoon (Low),0.75,Normal Day,1.0,Corporate Retreat,0.4,0.5,0.396,1.3,41.42,2
travel_package,PKG-06,Kashmir Paradise Valley Tour 6D5N,Hills/Scenic,28000.0,27100.0,41400.0,1.528,20,8,0.4,0.609,3,1,Autumn Regular,1.0,Holiday,1.35,Family Group,0.87,3.2,0.589,3.3,73.91,2
travel_package,PKG-07,Goa Beach & Nightlife Getaway 4D3N,Coastal/Leisure,16500.0,17200.0,16400.0,0.953,30,10,0.333,0.671,12,0,Autumn Regular,1.0,Normal Day,1.0,Corporate Retreat,0.39,1.2,0.483,0.3,54.44,1
travel_package,PKG-08,Himachal Adventure & Treks 6D5N,Adventure/Sports,17800.0,19000.0,19000.0,1.0,25,5,0.2,0.81,11,0,Autumn Regular,1.0,Normal Day,1.0,Family Group,0.89,0.5,0.483,1.3,58.18,0
travel_package,PKG-01,Goa Beach & Nightlife Getaway 4D3N,Coastal/Leisure,16500.0,16100.0,11800.0,0.733,30,16,0.533,0.471,32,0,Monsoon (Low),0.75,Normal Day,1.0,Honeymooners,0.34,0.6,0.308,0.3,27.79,0
travel_package,PKG-02,Dubai Extravaganza & Safari 5D4N,International Tour,45000.0,51600.0,117900.0,2.285,15,1,0.067,0.934,6,0,Winter Peak,1.5,Major Event,1.5,Family Group,0.85,1.6,0.764,3.3,100.0,1
travel_package,PKG-03,Golden Triangle Heritage 5D4N,Cultural/Heritage,21000.0,22000.0,20500.0,0.932,25,6,0.24,0.745,9,0,Autumn Regular,1.0,Normal Day,1.0,Honeymooners,0.37,2.9,0.43,1.3,46.23,0
travel_package,PKG-04,Himachal Adventure & Treks 6D5N,Adventure/Sports,17800.0,18800.0,12800.0,0.681,25,9,0.36,0.658,15,0,Monsoon (Low),0.75,Normal Day,1.0,Family Group,0.94,2.6,0.346,2.3,37.92,1
travel_package,PKG-05,Kerala Backwaters & Tea Hills 5D4N,Nature/Wellness,19500.0,19600.0,20400.0,1.041,35,10,0.286,0.703,18,0,Autumn Regular,1.0,Normal Day,1.0,Family Group,0.86,0.8,0.415,0.3,47.67,1
travel_package,PKG-06,Kerala Backwaters & Tea Hills 5D4N,Nature/Wellness,19500.0,20300.0,16800.0,0.828,35,13,0.371,0.623,11,0,Monsoon (Low),0.75,Normal Day,1.0,Solo Backpacker,1.37,0.1,0.315,0.3,36.51,0
travel_package,PKG-07,Dubai Extravaganza & Safari 5D4N,International Tour,45000.0,52000.0,90900.0,1.748,15,2,0.133,0.837,3,0,Spring Festive,1.25,Major Event,1.5,Family Group,0.86,0.5,0.676,7.3,86.92,2
travel_package,PKG-08,Goa Beach & Nightlife Getaway 4D3N,Coastal/Leisure,16500.0,15600.0,35200.0,2.256,30,12,0.4,0.591,38,0,Winter Peak,1.5,Major Event,1.5,Honeymooners,0.21,0.3,0.796,4.3,100.0,7
travel_package,PKG-01,Himachal Adventure & Treks 6D5N,Adventure/Sports,17800.0,19200.0,43000.0,2.24,25,4,0.16,0.846,7,1,Winter Peak,1.5,Festival,1.45,Solo Backpacker,1.35,0.5,0.739,4.3,100.0,4
travel_package,PKG-02,Rajasthan Royal Palaces Safari 4D3N,Heritage/Luxury,24000.0,25300.0,18600.0,0.735,22,11,0.5,0.483,35,0,Monsoon (Low),0.75,Normal Day,1.0,Family Group,0.89,0.4,0.262,0.3,25.03,0
travel_package,PKG-03,Rajasthan Royal Palaces Safari 4D3N,Heritage/Luxury,24000.0,24200.0,25600.0,1.058,22,13,0.591,0.419,31,0,Autumn Regular,1.0,Normal Day,1.0,Honeymooners,0.39,3.0,0.422,0.3,45.26,0
travel_package,PKG-04,Kashmir Paradise Valley Tour 6D5N,Hills/Scenic,28000.0,28500.0,27300.0,0.958,20,7,0.35,0.628,30,0,Autumn Regular,1.0,Normal Day,1.0,Corporate Retreat,0.4,1.0,0.476,3.3,53.47,4
travel_package,PKG-05,Golden Triangle Heritage 5D4N,Cultural/Heritage,21000.0,21600.0,35800.0,1.657,25,10,0.4,0.59,45,1,Spring Festive,1.25,Holiday,1.35,Family Group,0.81,2.9,0.692,4.3,88.91,5
travel_package,PKG-06,Kerala Backwaters & Tea Hills 5D4N,Nature/Wellness,19500.0,19700.0,34400.0,1.746,35,20,0.571,0.422,43,0,Spring Festive,1.25,Major Event,1.5,Family Group,0.89,0.7,0.616,8.3,78.1,11
travel_package,PKG-07,Kerala Backwaters & Tea Hills 5D4N,Nature/Wellness,19500.0,20900.0,33800.0,1.617,35,7,0.2,0.793,4,0,Spring Festive,1.25,Major Event,1.5,Honeymooners,0.34,1.0,0.746,4.3,93.42,7
travel_package,PKG-08,Golden Triangle Heritage 5D4N,Cultural/Heritage,21000.0,22800.0,38700.0,1.697,25,8,0.32,0.665,19,0,Spring Festive,1.25,Festival,1.45,Family Group,0.88,0.3,0.588,2.3,73.8,3
travel_package,PKG-01,Andaman Island Reef Explorer 5D4N,Island/Diving,32000.0,34500.0,57300.0,1.661,18,5,0.278,0.735,14,0,Spring Festive,1.25,Major Event,1.5,Family Group,0.9,0.6,0.575,0.3,72.01,0
travel_package,PKG-02,Kerala Backwaters & Tea Hills 5D4N,Nature/Wellness,19500.0,21800.0,21800.0,1.0,35,7,0.2,0.788,12,1,Monsoon (Low),0.75,Holiday,1.35,Corporate Retreat,0.35,1.9,0.629,3.3,76.0,5
travel_package,PKG-03,Kerala Backwaters & Tea Hills 5D4N,Nature/Wellness,19500.0,19400.0,15200.0,0.784,35,22,0.629,0.37,42,0,Monsoon (Low),0.75,Normal Day,1.0,Family Group,0.86,3.5,0.34,1.3,36.44,2
travel_package,PKG-04,Kashmir Paradise Valley Tour 6D5N,Hills/Scenic,28000.0,30000.0,48800.0,1.627,20,9,0.45,0.569,18,0,Spring Festive,1.25,Major Event,1.5,Family Group,0.94,1.0,0.65,1.3,83.6,2
travel_package,PKG-05,Andaman Island Reef Explorer 5D4N,Island/Diving,32000.0,31800.0,32300.0,1.016,18,7,0.389,0.594,7,0,Autumn Regular,1.0,Normal Day,1.0,Solo Backpacker,1.35,3.7,0.355,3.3,42.4,2
travel_package,PKG-06,Goa Beach & Nightlife Getaway 4D3N,Coastal/Leisure,16500.0,16900.0,16700.0,0.988,30,12,0.4,0.608,14,0,Autumn Regular,1.0,Normal Day,1.0,Family Group,0.97,0.7,0.422,1.3,49.6,0
travel_package,PKG-07,Rajasthan Royal Palaces Safari 4D3N,Heritage/Luxury,24000.0,25700.0,52300.0,2.035,22,5,0.227,0.775,27,0,Spring Festive,1.25,Festival,1.45,Honeymooners,0.32,0.0,0.791,2.3,100.0,2
travel_package,PKG-08,Rajasthan Royal Palaces Safari 4D3N,Heritage/Luxury,24000.0,24600.0,24800.0,1.008,22,7,0.318,0.698,14,0,Autumn Regular,1.0,Normal Day,1.0,Corporate Retreat,0.44,3.7,0.447,3.3,49.36,4
travel_package,PKG-01,Rajasthan Royal Palaces Safari 4D3N,Heritage/Luxury,24000.0,24200.0,55400.0,2.289,22,9,0.409,0.596,60,0,Winter Peak,1.5,Festival,1.45,Solo Backpacker,1.35,1.1,0.67,2.3,89.57,3
travel_package,PKG-02,Himachal Adventure & Treks 6D5N,Adventure/Sports,17800.0,17600.0,23900.0,1.358,25,14,0.56,0.46,32,1,Autumn Regular,1.0,Festival,1.45,Honeymooners,0.31,1.3,0.631,1.3,75.97,2
travel_package,PKG-03,Kashmir Paradise Valley Tour 6D5N,Hills/Scenic,28000.0,28500.0,27500.0,0.965,20,8,0.4,0.606,12,0,Autumn Regular,1.0,Normal Day,1.0,Honeymooners,0.23,0.9,0.44,1.3,46.75,1
travel_package,PKG-04,Andaman Island Reef Explorer 5D4N,Island/Diving,32000.0,36300.0,82400.0,2.27,18,1,0.056,0.95,10,0,Winter Peak,1.5,Major Event,1.5,Corporate Retreat,0.32,0.5,0.791,7.3,100.0,1
travel_package,PKG-05,Dubai Extravaganza & Safari 5D4N,International Tour,45000.0,46500.0,83600.0,1.798,15,4,0.267,0.72,31,0,Spring Festive,1.25,Major Event,1.5,Solo Backpacker,1.35,1.5,0.691,4.3,92.72,3
travel_package,PKG-06,Goa Beach & Nightlife Getaway 4D3N,Coastal/Leisure,16500.0,15900.0,17100.0,1.075,30,19,0.633,0.361,60,1,Monsoon (Low),0.75,Holiday,1.35,Solo Backpacker,1.33,1.1,0.476,4.3,60.43,4
travel_package,PKG-07,Kashmir Paradise Valley Tour 6D5N,Hills/Scenic,28000.0,29100.0,29200.0,1.003,20,8,0.4,0.585,12,1,Monsoon (Low),0.75,Holiday,1.35,Family Group,0.84,1.7,0.525,4.3,64.08,5
travel_package,PKG-08,Kerala Backwaters & Tea Hills 5D4N,Nature/Wellness,19500.0,19800.0,19800.0,1.0,35,14,0.4,0.614,14,1,Monsoon (Low),0.75,Holiday,1.35,Corporate Retreat,0.41,3.0,0.576,3.3,68.54,5
travel_package,PKG-01,Golden Triangle Heritage 5D4N,Cultural/Heritage,21000.0,22400.0,22200.0,0.991,25,9,0.36,0.623,3,0,Autumn Regular,1.0,Normal Day,1.0,Honeymooners,0.26,1.8,0.519,0.3,58.86,0
travel_package,PKG-02,Golden Triangle Heritage 5D4N,Cultural/Heritage,21000.0,20800.0,48100.0,2.312,25,5,0.2,0.802,3,0,Winter Peak,1.5,Major Event,1.5,Family Group,0.91,0.0,0.761,8.3,100.0,5
travel_package,PKG-03,Goa Beach & Nightlife Getaway 4D3N,Coastal/Leisure,16500.0,17800.0,24300.0,1.365,30,9,0.3,0.695,21,1,Autumn Regular,1.0,Holiday,1.35,Family Group,0.9,0.9,0.592,3.3,74.48,4
travel_package,PKG-04,Dubai Extravaganza & Safari 5D4N,International Tour,45000.0,47200.0,97000.0,2.055,15,4,0.267,0.766,23,1,Winter Peak,1.5,Holiday,1.35,Solo Backpacker,1.23,4.0,0.745,2.3,100.0,3
travel_package,PKG-05,Himachal Adventure & Treks 6D5N,Adventure/Sports,17800.0,18400.0,35900.0,1.951,25,9,0.36,0.637,30,1,Winter Peak,1.5,Holiday,1.35,Corporate Retreat,0.45,1.9,0.757,2.3,95.95,3
travel_package,PKG-06,Kerala Backwaters & Tea Hills 5D4N,Nature/Wellness,19500.0,19700.0,28300.0,1.437,35,13,0.371,0.629,27,1,Autumn Regular,1.0,Holiday,1.35,Honeymooners,0.27,2.2,0.73,4.3,90.51,5
travel_package,PKG-07,Dubai Extravaganza & Safari 5D4N,International Tour,45000.0,43600.0,102000.0,2.339,15,8,0.533,0.49,60,0,Winter Peak,1.5,Major Event,1.5,Family Group,0.84,1.4,0.738,2.3,96.02,2
travel_package,PKG-08,Andaman Island Reef Explorer 5D4N,Island/Diving,32000.0,33400.0,23900.0,0.716,18,7,0.389,0.589,6,0,Monsoon (Low),0.75,Normal Day,1.0,Solo Backpacker,1.29,1.1,0.219,0.3,21.5,0
travel_package,PKG-01,Kerala Backwaters & Tea Hills 5D4N,Nature/Wellness,19500.0,21100.0,52100.0,2.469,35,8,0.229,0.78,11,0,Winter Peak,1.5,Major Event,1.5,Solo Backpacker,1.35,0.3,0.739,3.3,100.0,6
travel_package,PKG-02,Rajasthan Royal Palaces Safari 4D3N,Heritage/Luxury,24000.0,28200.0,53700.0,1.904,22,3,0.136,0.884,13,1,Spring Festive,1.25,Festival,1.45,Honeymooners,0.29,0.9,0.779,2.3,98.07,3
travel_package,PKG-03,Himachal Adventure & Treks 6D5N,Adventure/Sports,17800.0,18700.0,18600.0,0.995,25,8,0.32,0.688,7,1,Monsoon (Low),0.75,Holiday,1.35,Family Group,0.91,0.6,0.517,2.3,63.36,1
travel_package,PKG-04,Andaman Island Reef Explorer 5D4N,Island/Diving,32000.0,33000.0,56600.0,1.715,18,7,0.389,0.619,32,0,Spring Festive,1.25,Festival,1.45,Family Group,0.94,5.6,0.656,2.3,84.48,3
travel_package,PKG-05,Rajasthan Royal Palaces Safari 4D3N,Heritage/Luxury,24000.0,26700.0,49500.0,1.854,22,1,0.045,0.95,5,0,Spring Festive,1.25,Festival,1.45,Family Group,0.93,0.3,0.632,1.3,80.71,1
travel_package,PKG-06,Kerala Backwaters & Tea Hills 5D4N,Nature/Wellness,19500.0,22000.0,55700.0,2.532,35,2,0.057,0.95,3,0,Winter Peak,1.5,Major Event,1.5,Honeymooners,0.31,1.6,0.791,2.3,100.0,2
travel_package,PKG-07,Goa Beach & Nightlife Getaway 4D3N,Coastal/Leisure,16500.0,17900.0,41600.0,2.324,30,7,0.233,0.783,33,0,Winter Peak,1.5,Major Event,1.5,Solo Backpacker,1.29,2.1,0.742,5.3,100.0,7
travel_package,PKG-08,Himachal Adventure & Treks 6D5N,Adventure/Sports,17800.0,18000.0,18200.0,1.011,25,10,0.4,0.605,19,0,Autumn Regular,1.0,Normal Day,1.0,Family Group,0.92,0.9,0.408,2.3,47.12,2
travel_package,PKG-01,Golden Triangle Heritage 5D4N,Cultural/Heritage,21000.0,18900.0,50100.0,2.651,25,15,0.6,0.413,42,0,Winter Peak,1.5,Major Event,1.5,Honeymooners,0.27,2.2,0.793,4.3,100.0,7
travel_package,PKG-02,Himachal Adventure & Treks 6D5N,Adventure/Sports,17800.0,20700.0,28200.0,1.362,25,3,0.12,0.862,12,1,Autumn Regular,1.0,Festival,1.45,Solo Backpacker,1.3,0.2,0.627,4.3,82.77,3
travel_package,PKG-03,Golden Triangle Heritage 5D4N,Cultural/Heritage,21000.0,20900.0,20500.0,0.981,25,14,0.56,0.441,14,0,Autumn Regular,1.0,Normal Day,1.0,Family Group,0.85,0.3,0.345,0.3,37.14,0
travel_package,PKG-04,Dubai Extravaganza & Safari 5D4N,International Tour,45000.0,49300.0,119200.0,2.418,15,1,0.067,0.95,8,1,Winter Peak,1.5,Festival,1.45,Corporate Retreat,0.39,1.5,0.787,5.3,100.0,1
travel_package,PKG-05,Golden Triangle Heritage 5D4N,Cultural/Heritage,21000.0,22100.0,15000.0,0.679,25,8,0.32,0.667,10,0,Monsoon (Low),0.75,Normal Day,1.0,Family Group,0.92,0.3,0.256,1.3,24.3,0
travel_package,PKG-06,Himachal Adventure & Treks 6D5N,Adventure/Sports,17800.0,20800.0,46000.0,2.212,25,4,0.16,0.858,23,0,Winter Peak,1.5,Festival,1.45,Family Group,0.87,0.4,0.763,2.3,100.0,3
travel_package,PKG-07,Kerala Backwaters & Tea Hills 5D4N,Nature/Wellness,19500.0,18600.0,24300.0,1.306,35,18,0.514,0.491,60,1,Autumn Regular,1.0,Holiday,1.35,Solo Backpacker,1.34,0.4,0.416,2.3,51.46,3
travel_package,PKG-08,Himachal Adventure & Treks 6D5N,Adventure/Sports,17800.0,18200.0,48700.0,2.676,25,6,0.24,0.742,5,0,Winter Peak,1.5,Major Event,1.5,Honeymooners,0.28,0.8,0.793,5.3,100.0,6
travel_package,PKG-01,Himachal Adventure & Treks 6D5N,Adventure/Sports,17800.0,17300.0,20100.0,1.162,25,9,0.36,0.658,21,0,Autumn Regular,1.0,Normal Day,1.0,Corporate Retreat,0.41,1.4,0.46,1.3,51.04,0
travel_package,PKG-02,Kashmir Paradise Valley Tour 6D5N,Hills/Scenic,28000.0,28200.0,44400.0,1.574,20,6,0.3,0.683,17,1,Autumn Regular,1.0,Festival,1.45,Honeymooners,0.34,0.2,0.686,2.3,84.49,4
travel_package,PKG-03,Kerala Backwaters & Tea Hills 5D4N,Nature/Wellness,19500.0,18600.0,19800.0,1.065,35,20,0.571,0.435,60,0,Autumn Regular,1.0,Normal Day,1.0,Family Group,0.9,0.5,0.33,1.3,35.25,1
travel_package,PKG-04,Rajasthan Royal Palaces Safari 4D3N,Heritage/Luxury,24000.0,21200.0,22700.0,1.071,22,16,0.727,0.291,60,0,Autumn Regular,1.0,Normal Day,1.0,Family Group,0.95,0.6,0.346,0.3,38.08,0
travel_package,PKG-05,Rajasthan Royal Palaces Safari 4D3N,Heritage/Luxury,24000.0,26100.0,55500.0,2.126,22,7,0.318,0.704,37,0,Winter Peak,1.5,Major Event,1.5,Solo Backpacker,1.37,2.3,0.647,2.3,86.31,3
travel_package,PKG-06,Kashmir Paradise Valley Tour 6D5N,Hills/Scenic,28000.0,27900.0,22100.0,0.792,20,8,0.4,0.619,12,0,Monsoon (Low),0.75,Normal Day,1.0,Honeymooners,0.27,0.9,0.381,0.3,38.25,0
travel_package,PKG-07,Himachal Adventure & Treks 6D5N,Adventure/Sports,17800.0,18200.0,14100.0,0.775,25,11,0.44,0.573,31,0,Monsoon (Low),0.75,Normal Day,1.0,Family Group,0.95,2.8,0.355,1.3,39.33,0
travel_package,PKG-08,Goa Beach & Nightlife Getaway 4D3N,Coastal/Leisure,16500.0,17100.0,22700.0,1.327,30,10,0.333,0.666,23,1,Autumn Regular,1.0,Festival,1.45,Family Group,0.87,0.8,0.591,1.3,74.24,2
travel_package,PKG-01,Rajasthan Royal Palaces Safari 4D3N,Heritage/Luxury,24000.0,21500.0,15600.0,0.726,22,19,0.864,0.141,60,0,Monsoon (Low),0.75,Normal Day,1.0,Family Group,0.9,1.1,0.247,2.3,22.85,1
travel_package,PKG-02,Rajasthan Royal Palaces Safari 4D3N,Heritage/Luxury,24000.0,24300.0,42400.0,1.745,22,11,0.5,0.501,55,1,Spring Festive,1.25,Festival,1.45,Corporate Retreat,0.38,2.6,0.752,5.3,94.6,10
travel_package,PKG-03,Rajasthan Royal Palaces Safari 4D3N,Heritage/Luxury,24000.0,26300.0,50900.0,1.935,22,6,0.273,0.724,25,0,Winter Peak,1.5,Festival,1.45,Honeymooners,0.34,0.5,0.79,5.3,100.0,6
travel_package,PKG-04,Rajasthan Royal Palaces Safari 4D3N,Heritage/Luxury,24000.0,24200.0,43300.0,1.789,22,8,0.364,0.621,6,0,Spring Festive,1.25,Festival,1.45,Family Group,0.86,2.2,0.679,3.3,87.29,5
travel_package,PKG-05,Andaman Island Reef Explorer 5D4N,Island/Diving,32000.0,34100.0,23000.0,0.674,18,4,0.222,0.763,15,0,Monsoon (Low),0.75,Normal Day,1.0,Family Group,0.93,0.2,0.27,0.3,26.54,0
travel_package,PKG-06,Dubai Extravaganza & Safari 5D4N,International Tour,45000.0,47900.0,84700.0,1.768,15,6,0.4,0.577,30,1,Winter Peak,1.5,Holiday,1.35,Family Group,0.92,2.4,0.69,2.3,89.46,4
travel_package,PKG-07,Golden Triangle Heritage 5D4N,Cultural/Heritage,21000.0,21000.0,16400.0,0.781,25,15,0.6,0.385,28,0,Monsoon (Low),0.75,Normal Day,1.0,Honeymooners,0.33,0.7,0.373,1.3,37.5,0
travel_package,PKG-08,Dubai Extravaganza & Safari 5D4N,International Tour,45000.0,49700.0,83700.0,1.684,15,3,0.2,0.795,15,1,Spring Festive,1.25,Festival,1.45,Corporate Retreat,0.44,3.5,0.753,3.3,95.21,3
travel_package,PKG-01,Rajasthan Royal Palaces Safari 4D3N,Heritage/Luxury,24000.0,26500.0,58100.0,2.192,22,5,0.227,0.783,22,1,Winter Peak,1.5,Holiday,1.35,Honeymooners,0.3,1.2,0.792,1.3,100.0,2
travel_package,PKG-02,Dubai Extravaganza & Safari 5D4N,International Tour,45000.0,48900.0,51400.0,1.051,15,2,0.133,0.847,23,0,Autumn Regular,1.0,Normal Day,1.0,Family Group,0.98,2.4,0.447,0.3,53.47,0
travel_package,PKG-03,Goa Beach & Nightlife Getaway 4D3N,Coastal/Leisure,16500.0,16600.0,31300.0,1.886,30,10,0.333,0.668,39,1,Spring Festive,1.25,Festival,1.45,Solo Backpacker,1.32,1.4,0.656,4.3,87.35,6
travel_package,PKG-04,Himachal Adventure & Treks 6D5N,Adventure/Sports,17800.0,19200.0,20600.0,1.073,25,7,0.28,0.716,15,1,Monsoon (Low),0.75,Holiday,1.35,Family Group,0.93,3.1,0.523,4.3,64.44,5
travel_package,PKG-05,Himachal Adventure & Treks 6D5N,Adventure/Sports,17800.0,18000.0,36300.0,2.017,25,10,0.4,0.607,41,1,Winter Peak,1.5,Holiday,1.35,Solo Backpacker,1.21,0.1,0.746,4.3,100.0,8
travel_package,PKG-06,Andaman Island Reef Explorer 5D4N,Island/Diving,32000.0,35800.0,75100.0,2.098,18,1,0.056,0.95,4,0,Winter Peak,1.5,Festival,1.45,Corporate Retreat,0.38,2.7,0.788,2.3,100.0,1
travel_package,PKG-07,Kashmir Paradise Valley Tour 6D5N,Hills/Scenic,28000.0,33100.0,60800.0,1.837,20,1,0.05,0.95,7,1,Winter Peak,1.5,Festival,1.45,Corporate Retreat,0.4,3.2,0.787,2.3,100.0,1
travel_package,PKG-08,Golden Triangle Heritage 5D4N,Cultural/Heritage,21000.0,22200.0,48300.0,2.176,25,7,0.28,0.717,16,1,Winter Peak,1.5,Festival,1.45,Honeymooners,0.27,2.1,0.793,5.3,100.0,7
travel_package,PKG-01,Himachal Adventure & Treks 6D5N,Adventure/Sports,17800.0,18900.0,16900.0,0.894,25,10,0.4,0.594,18,0,Autumn Regular,1.0,Normal Day,1.0,Solo Backpacker,1.38,0.2,0.377,0.3,45.84,0
travel_package,PKG-02,Kerala Backwaters & Tea Hills 5D4N,Nature/Wellness,19500.0,20000.0,39300.0,1.965,35,14,0.4,0.605,5,1,Winter Peak,1.5,Holiday,1.35,Honeymooners,0.26,0.1,0.794,3.3,100.0,4
travel_package,PKG-03,Dubai Extravaganza & Safari 5D4N,International Tour,45000.0,45800.0,51400.0,1.122,15,5,0.333,0.656,9,0,Autumn Regular,1.0,Normal Day,1.0,Honeymooners,0.29,0.7,0.503,2.3,56.67,2
travel_package,PKG-04,Andaman Island Reef Explorer 5D4N,Island/Diving,32000.0,32000.0,22600.0,0.706,18,7,0.389,0.586,15,0,Monsoon (Low),0.75,Normal Day,1.0,Family Group,0.98,4.3,0.294,1.3,30.52,1
travel_package,PKG-05,Rajasthan Royal Palaces Safari 4D3N,Heritage/Luxury,24000.0,25300.0,18100.0,0.715,22,7,0.318,0.677,11,0,Monsoon (Low),0.75,Normal Day,1.0,Honeymooners,0.31,1.7,0.397,0.3,40.93,0
travel_package,PKG-06,Himachal Adventure & Treks 6D5N,Adventure/Sports,17800.0,21000.0,36200.0,1.724,25,1,0.04,0.95,4,0,Spring Festive,1.25,Major Event,1.5,Solo Backpacker,1.3,0.8,0.711,5.3,95.34,1
travel_package,PKG-07,Goa Beach & Nightlife Getaway 4D3N,Coastal/Leisure,16500.0,17500.0,32700.0,1.869,30,4,0.133,0.852,17,0,Spring Festive,1.25,Festival,1.45,Family Group,0.95,1.5,0.673,3.3,87.11,4
travel_package,PKG-08,Kashmir Paradise Valley Tour 6D5N,Hills/Scenic,28000.0,29900.0,61400.0,2.054,20,8,0.4,0.612,60,1,Winter Peak,1.5,Festival,1.45,Family Group,0.87,5.1,0.763,1.3,100.0,2
travel_package,PKG-01,Himachal Adventure & Treks 6D5N,Adventure/Sports,17800.0,17300.0,19200.0,1.11,25,7,0.28,0.725,6,0,Autumn Regular,1.0,Normal Day,1.0,Family Group,0.86,2.6,0.441,0.3,51.65,0
travel_package,PKG-02,Goa Beach & Nightlife Getaway 4D3N,Coastal/Leisure,16500.0,16800.0,38300.0,2.28,30,9,0.3,0.694,20,0,Winter Peak,1.5,Festival,1.45,Corporate Retreat,0.41,1.7,0.786,2.3,100.0,4
travel_package,PKG-03,Golden Triangle Heritage 5D4N,Cultural/Heritage,21000.0,20400.0,24000.0,1.176,25,10,0.4,0.588,5,1,Monsoon (Low),0.75,Holiday,1.35,Honeymooners,0.29,1.3,0.582,4.3,68.45,5
travel_package,PKG-04,Kerala Backwaters & Tea Hills 5D4N,Nature/Wellness,19500.0,19400.0,44400.0,2.289,35,9,0.257,0.741,38,1,Winter Peak,1.5,Holiday,1.35,Solo Backpacker,1.39,3.5,0.737,1.3,100.0,1
travel_package,PKG-05,Rajasthan Royal Palaces Safari 4D3N,Heritage/Luxury,24000.0,24800.0,20900.0,0.843,22,7,0.318,0.672,10,0,Monsoon (Low),0.75,Normal Day,1.0,Corporate Retreat,0.37,1.7,0.38,0.3,38.81,1
travel_package,PKG-06,Himachal Adventure & Treks 6D5N,Adventure/Sports,17800.0,19300.0,44100.0,2.285,25,7,0.28,0.73,7,1,Winter Peak,1.5,Festival,1.45,Family Group,0.97,1.2,0.758,3.3,100.0,4
travel_package,PKG-07,Himachal Adventure & Treks 6D5N,Adventure/Sports,17800.0,17600.0,13000.0,0.739,25,12,0.48,0.529,21,0,Monsoon (Low),0.75,Normal Day,1.0,Family Group,0.88,0.7,0.297,0.3,30.09,0
travel_package,PKG-08,Rajasthan Royal Palaces Safari 4D3N,Heritage/Luxury,24000.0,25600.0,34100.0,1.332,22,6,0.273,0.727,13,1,Autumn Regular,1.0,Holiday,1.35,Solo Backpacker,1.29,1.5,0.562,3.3,72.93,4
travel_package,PKG-01,Himachal Adventure & Treks 6D5N,Adventure/Sports,17800.0,18500.0,32300.0,1.746,25,11,0.44,0.563,11,0,Spring Festive,1.25,Major Event,1.5,Corporate Retreat,0.41,1.4,0.643,2.3,78.59,2
travel_package,PKG-02,Dubai Extravaganza & Safari 5D4N,International Tour,45000.0,44400.0,51900.0,1.169,15,7,0.467,0.546,44,0,Autumn Regular,1.0,Normal Day,1.0,Family Group,0.84,1.6,0.461,2.3,54.44,2
travel_package,PKG-03,Kerala Backwaters & Tea Hills 5D4N,Nature/Wellness,19500.0,20900.0,27900.0,1.335,35,9,0.257,0.742,5,1,Autumn Regular,1.0,Holiday,1.35,Solo Backpacker,1.35,0.4,0.546,1.3,70.96,0
travel_package,PKG-04,Kashmir Paradise Valley Tour 6D5N,Hills/Scenic,28000.0,30200.0,31600.0,1.046,20,4,0.2,0.823,4,1,Monsoon (Low),0.75,Holiday,1.35,Family Group,0.89,0.9,0.56,3.3,69.69,4
travel_package,PKG-05,Rajasthan Royal Palaces Safari 4D3N,Heritage/Luxury,24000.0,26700.0,27000.0,1.011,22,5,0.227,0.783,4,0,Autumn Regular,1.0,Normal Day,1.0,Honeymooners,0.32,4.7,0.525,2.3,60.11,1
travel_package,PKG-06,Andaman Island Reef Explorer 5D4N,Island/Diving,32000.0,34600.0,82500.0,2.384,18,2,0.111,0.861,11,0,Winter Peak,1.5,Major Event,1.5,Family Group,0.91,0.9,0.761,4.3,100.0,2
travel_package,PKG-07,Goa Beach & Nightlife Getaway 4D3N,Coastal/Leisure,16500.0,17600.0,16300.0,0.926,30,8,0.267,0.745,14,0,Autumn Regular,1.0,Normal Day,1.0,Solo Backpacker,1.21,0.3,0.435,0.3,53.34,0
travel_package,PKG-08,Golden Triangle Heritage 5D4N,Cultural/Heritage,21000.0,22900.0,49600.0,2.166,25,6,0.24,0.756,30,0,Winter Peak,1.5,Major Event,1.5,Honeymooners,0.32,3.9,0.791,2.3,100.0,3
travel_package,PKG-01,Rajasthan Royal Palaces Safari 4D3N,Heritage/Luxury,24000.0,23200.0,16000.0,0.69,22,15,0.682,0.309,51,0,Monsoon (Low),0.75,Normal Day,1.0,Honeymooners,0.32,0.3,0.323,1.3,29.78,1
travel_package,PKG-02,Kashmir Paradise Valley Tour 6D5N,Hills/Scenic,28000.0,30000.0,67100.0,2.237,20,2,0.1,0.881,3,0,Winter Peak,1.5,Festival,1.45,Corporate Retreat,0.43,0.6,0.785,5.3,100.0,2
travel_package,PKG-03,Dubai Extravaganza & Safari 5D4N,International Tour,45000.0,44200.0,44600.0,1.009,15,7,0.467,0.555,4,1,Monsoon (Low),0.75,Holiday,1.35,Family Group,0.96,0.4,0.506,5.3,62.04,4
travel_package,PKG-04,Kerala Backwaters & Tea Hills 5D4N,Nature/Wellness,19500.0,19800.0,20000.0,1.01,35,20,0.571,0.436,26,0,Autumn Regular,1.0,Normal Day,1.0,Honeymooners,0.28,1.0,0.413,1.3,43.0,1
travel_package,PKG-05,Rajasthan Royal Palaces Safari 4D3N,Heritage/Luxury,24000.0,25800.0,51400.0,1.992,22,2,0.091,0.89,4,0,Spring Festive,1.25,Major Event,1.5,Corporate Retreat,0.35,1.0,0.787,2.3,99.68,2
travel_package,PKG-06,Goa Beach & Nightlife Getaway 4D3N,Coastal/Leisure,16500.0,17100.0,45300.0,2.649,30,4,0.133,0.871,22,0,Winter Peak,1.5,Major Event,1.5,Family Group,0.87,4.4,0.763,2.3,100.0,3
travel_package,PKG-07,Rajasthan Royal Palaces Safari 4D3N,Heritage/Luxury,24000.0,23800.0,32400.0,1.361,22,14,0.636,0.373,59,1,Autumn Regular,1.0,Festival,1.45,Corporate Retreat,0.41,1.6,0.641,7.3,78.28,7
travel_package,PKG-08,Kashmir Paradise Valley Tour 6D5N,Hills/Scenic,28000.0,28900.0,23100.0,0.799,20,5,0.25,0.742,3,0,Monsoon (Low),0.75,Normal Day,1.0,Solo Backpacker,1.32,0.6,0.302,0.3,34.17,1
travel_package,PKG-01,Golden Triangle Heritage 5D4N,Cultural/Heritage,21000.0,22800.0,47000.0,2.061,25,5,0.2,0.814,12,0,Winter Peak,1.5,Festival,1.45,Honeymooners,0.31,0.2,0.791,5.3,100.0,5
travel_package,PKG-02,Himachal Adventure & Treks 6D5N,Adventure/Sports,17800.0,17200.0,42600.0,2.477,25,9,0.36,0.622,20,0,Winter Peak,1.5,Major Event,1.5,Family Group,0.86,0.2,0.764,3.3,100.0,4
travel_package,PKG-03,Andaman Island Reef Explorer 5D4N,Island/Diving,32000.0,34900.0,71000.0,2.034,18,3,0.167,0.835,3,0,Winter Peak,1.5,Major Event,1.5,Family Group,0.89,0.2,0.762,0.3,100.0,1
travel_package,PKG-04,Dubai Extravaganza & Safari 5D4N,International Tour,45000.0,47400.0,51700.0,1.091,15,4,0.267,0.726,26,0,Autumn Regular,1.0,Normal Day,1.0,Honeymooners,0.34,1.5,0.458,0.3,50.27,0
travel_package,PKG-05,Kerala Backwaters & Tea Hills 5D4N,Nature/Wellness,19500.0,19600.0,37900.0,1.934,35,14,0.4,0.608,25,0,Spring Festive,1.25,Major Event,1.5,Honeymooners,0.33,1.8,0.744,3.3,93.12,5
travel_package,PKG-06,Dubai Extravaganza & Safari 5D4N,International Tour,45000.0,51900.0,44000.0,0.848,15,3,0.2,0.825,6,0,Autumn Regular,1.0,Normal Day,1.0,Corporate Retreat,0.43,2.4,0.451,1.3,49.87,1
travel_package,PKG-07,Golden Triangle Heritage 5D4N,Cultural/Heritage,21000.0,22700.0,17900.0,0.789,25,5,0.2,0.785,3,0,Monsoon (Low),0.75,Normal Day,1.0,Corporate Retreat,0.53,0.9,0.38,0.3,39.95,0
travel_package,PKG-08,Andaman Island Reef Explorer 5D4N,Island/Diving,32000.0,35100.0,53000.0,1.51,18,4,0.222,0.792,5,1,Autumn Regular,1.0,Festival,1.45,Family Group,0.88,0.5,0.619,1.3,78.45,2
travel_package,PKG-01,Goa Beach & Nightlife Getaway 4D3N,Coastal/Leisure,16500.0,17500.0,32300.0,1.846,30,6,0.2,0.808,6,1,Spring Festive,1.25,Holiday,1.35,Corporate Retreat,0.45,1.3,0.784,2.3,100.0,4
travel_package,PKG-02,Golden Triangle Heritage 5D4N,Cultural/Heritage,21000.0,22700.0,20600.0,0.907,25,9,0.36,0.623,13,0,Autumn Regular,1.0,Normal Day,1.0,Corporate Retreat,0.45,1.7,0.441,1.3,48.6,1
travel_package,PKG-03,Kashmir Paradise Valley Tour 6D5N,Hills/Scenic,28000.0,30000.0,43100.0,1.437,20,5,0.25,0.757,15,1,Autumn Regular,1.0,Festival,1.45,Corporate Retreat,0.33,1.2,0.673,2.3,82.45,2
travel_package,PKG-04,Andaman Island Reef Explorer 5D4N,Island/Diving,32000.0,35500.0,68900.0,1.941,18,1,0.056,0.932,12,1,Winter Peak,1.5,Holiday,1.35,Honeymooners,0.31,3.9,0.791,4.3,100.0,1
travel_package,PKG-05,Golden Triangle Heritage 5D4N,Cultural/Heritage,21000.0,25100.0,33200.0,1.323,25,6,0.24,0.769,10,1,Autumn Regular,1.0,Festival,1.45,Corporate Retreat,0.44,3.4,0.628,3.3,76.51,6
travel_package,PKG-06,Golden Triangle Heritage 5D4N,Cultural/Heritage,21000.0,21300.0,20100.0,0.944,25,10,0.4,0.593,24,0,Autumn Regular,1.0,Normal Day,1.0,Honeymooners,0.23,3.0,0.42,0.3,43.7,1
travel_package,PKG-07,Andaman Island Reef Explorer 5D4N,Island/Diving,32000.0,31700.0,22500.0,0.71,18,9,0.5,0.512,14,0,Monsoon (Low),0.75,Normal Day,1.0,Family Group,0.94,2.4,0.317,3.3,33.54,1
travel_package,PKG-08,Goa Beach & Nightlife Getaway 4D3N,Coastal/Leisure,16500.0,18000.0,31900.0,1.772,30,3,0.1,0.912,16,0,Spring Festive,1.25,Major Event,1.5,Family Group,0.9,2.4,0.738,5.3,96.47,3
travel_package,PKG-01,Andaman Island Reef Explorer 5D4N,Island/Diving,32000.0,31800.0,31600.0,0.994,18,10,0.556,0.458,34,0,Autumn Regular,1.0,Normal Day,1.0,Honeymooners,0.26,0.7,0.406,0.3,41.79,0
travel_package,PKG-02,Himachal Adventure & Treks 6D5N,Adventure/Sports,17800.0,18900.0,18900.0,1.0,25,7,0.28,0.726,15,0,Autumn Regular,1.0,Normal Day,1.0,Family Group,0.89,0.5,0.389,0.3,43.96,0
travel_package,PKG-03,Kashmir Paradise Valley Tour 6D5N,Hills/Scenic,28000.0,31200.0,73600.0,2.359,20,4,0.2,0.779,16,0,Winter Peak,1.5,Major Event,1.5,Corporate Retreat,0.5,2.4,0.782,5.3,100.0,4
travel_package,PKG-04,Goa Beach & Nightlife Getaway 4D3N,Coastal/Leisure,16500.0,18500.0,36900.0,1.995,30,2,0.067,0.93,5,0,Winter Peak,1.5,Festival,1.45,Honeymooners,0.29,3.5,0.792,2.3,100.0,2
travel_package,PKG-05,Kashmir Paradise Valley Tour 6D5N,Hills/Scenic,28000.0,28400.0,48300.0,1.701,20,5,0.25,0.727,9,1,Spring Festive,1.25,Holiday,1.35,Family Group,0.86,3.3,0.764,2.3,100.0,2
travel_package,PKG-06,Dubai Extravaganza & Safari 5D4N,International Tour,45000.0,47700.0,106200.0,2.226,15,3,0.2,0.805,12,1,Winter Peak,1.5,Holiday,1.35,Family Group,0.95,2.5,0.759,2.3,100.0,3
travel_package,PKG-07,Goa Beach & Nightlife Getaway 4D3N,Coastal/Leisure,16500.0,17100.0,17800.0,1.041,30,10,0.333,0.666,18,0,Autumn Regular,1.0,Normal Day,1.0,Honeymooners,0.33,3.8,0.504,3.3,57.01,3
travel_package,PKG-08,Golden Triangle Heritage 5D4N,Cultural/Heritage,21000.0,21500.0,41600.0,1.935,25,11,0.44,0.552,48,0,Spring Festive,1.25,Major Event,1.5,Honeymooners,0.27,0.3,0.752,4.3,93.86,3
travel_package,PKG-01,Golden Triangle Heritage 5D4N,Cultural/Heritage,21000.0,22400.0,50500.0,2.254,25,6,0.24,0.765,39,0,Winter Peak,1.5,Major Event,1.5,Corporate Retreat,0.41,0.6,0.786,6.3,100.0,6
travel_package,PKG-02,Andaman Island Reef Explorer 5D4N,Island/Diving,32000.0,35400.0,71500.0,2.02,18,2,0.111,0.881,13,0,Spring Festive,1.25,Major Event,1.5,Family Group,0.83,0.3,0.761,2.3,99.37,2
travel_package,PKG-03,Kashmir Paradise Valley Tour 6D5N,Hills/Scenic,28000.0,30000.0,62900.0,2.097,20,6,0.3,0.676,34,0,Winter Peak,1.5,Major Event,1.5,Honeymooners,0.24,4.0,0.795,1.3,100.0,2
travel_package,PKG-04,Kashmir Paradise Valley Tour 6D5N,Hills/Scenic,28000.0,29700.0,58900.0,1.983,20,4,0.2,0.808,10,0,Spring Festive,1.25,Major Event,1.5,Family Group,0.85,0.0,0.672,1.3,86.16,2
travel_package,PKG-05,Goa Beach & Nightlife Getaway 4D3N,Coastal/Leisure,16500.0,17400.0,17900.0,1.029,30,3,0.1,0.905,4,0,Autumn Regular,1.0,Normal Day,1.0,Family Group,0.88,0.2,0.423,0.3,49.12,0
travel_package,PKG-06,Kerala Backwaters & Tea Hills 5D4N,Nature/Wellness,19500.0,18000.0,25700.0,1.428,35,21,0.6,0.395,60,1,Autumn Regular,1.0,Holiday,1.35,Family Group,0.91,2.3,0.576,4.3,72.17,7
travel_package,PKG-07,Himachal Adventure & Treks 6D5N,Adventure/Sports,17800.0,18800.0,26400.0,1.404,25,5,0.2,0.783,20,1,Autumn Regular,1.0,Holiday,1.35,Family Group,0.97,0.3,0.647,4.3,83.26,5
travel_package,PKG-08,Andaman Island Reef Explorer 5D4N,Island/Diving,32000.0,35200.0,77000.0,2.188,18,3,0.167,0.843,18,0,Winter Peak,1.5,Festival,1.45,Honeymooners,0.25,2.7,0.794,8.3,100.0,3
travel_package,PKG-01,Golden Triangle Heritage 5D4N,Cultural/Heritage,21000.0,22700.0,24900.0,1.097,25,4,0.16,0.837,10,1,Monsoon (Low),0.75,Holiday,1.35,Family Group,0.87,2.4,0.594,6.3,74.58,4
travel_package,PKG-02,Dubai Extravaganza & Safari 5D4N,International Tour,45000.0,49100.0,93000.0,1.894,15,2,0.133,0.855,5,0,Spring Festive,1.25,Festival,1.45,Honeymooners,0.33,2.4,0.779,3.3,98.28,2
travel_package,PKG-03,Andaman Island Reef Explorer 5D4N,Island/Diving,32000.0,31300.0,49800.0,1.591,18,12,0.667,0.338,60,1,Spring Festive,1.25,Holiday,1.35,Family Group,0.91,2.8,0.598,4.3,75.54,6
travel_package,PKG-04,Rajasthan Royal Palaces Safari 4D3N,Heritage/Luxury,24000.0,25200.0,51200.0,2.032,22,4,0.182,0.822,4,1,Winter Peak,1.5,Holiday,1.35,Corporate Retreat,0.42,1.9,0.766,1.3,96.99,1
travel_package,PKG-05,Dubai Extravaganza & Safari 5D4N,International Tour,45000.0,44500.0,61100.0,1.373,15,5,0.333,0.643,28,1,Autumn Regular,1.0,Holiday,1.35,Honeymooners,0.41,2.2,0.563,0.3,66.47,1
travel_package,PKG-06,Goa Beach & Nightlife Getaway 4D3N,Coastal/Leisure,16500.0,18600.0,41700.0,2.242,30,2,0.067,0.929,14,0,Winter Peak,1.5,Festival,1.45,Honeymooners,0.25,0.5,0.794,3.3,100.0,2
travel_package,PKG-07,Himachal Adventure & Treks 6D5N,Adventure/Sports,17800.0,18900.0,20100.0,1.063,25,7,0.28,0.706,7,1,Monsoon (Low),0.75,Festival,1.45,Honeymooners,0.31,0.7,0.604,2.3,71.95,2
travel_package,PKG-08,Andaman Island Reef Explorer 5D4N,Island/Diving,32000.0,30400.0,24400.0,0.803,18,11,0.611,0.387,35,0,Monsoon (Low),0.75,Normal Day,1.0,Family Group,0.95,0.4,0.223,0.3,19.55,0
travel_package,PKG-01,Kerala Backwaters & Tea Hills 5D4N,Nature/Wellness,19500.0,20200.0,42900.0,2.124,35,18,0.514,0.488,60,0,Winter Peak,1.5,Festival,1.45,Corporate Retreat,0.39,0.7,0.764,4.3,96.5,6
travel_package,PKG-02,Kashmir Paradise Valley Tour 6D5N,Hills/Scenic,28000.0,28000.0,25500.0,0.911,20,10,0.5,0.476,33,0,Autumn Regular,1.0,Normal Day,1.0,Family Group,0.89,0.3,0.345,3.3,37.49,0
travel_package,PKG-03,Dubai Extravaganza & Safari 5D4N,International Tour,45000.0,49100.0,43900.0,0.894,15,4,0.267,0.765,4,0,Autumn Regular,1.0,Normal Day,1.0,Corporate Retreat,0.4,3.4,0.446,0.3,48.86,0
travel_package,PKG-04,Golden Triangle Heritage 5D4N,Cultural/Heritage,21000.0,23400.0,52100.0,2.226,25,1,0.04,0.95,15,0,Winter Peak,1.5,Major Event,1.5,Family Group,0.89,1.3,0.762,3.3,100.0,1
travel_package,PKG-05,Golden Triangle Heritage 5D4N,Cultural/Heritage,21000.0,22700.0,51500.0,2.269,25,7,0.28,0.74,44,0,Winter Peak,1.5,Festival,1.45,Honeymooners,0.34,1.3,0.79,4.3,100.0,5
travel_package,PKG-06,Rajasthan Royal Palaces Safari 4D3N,Heritage/Luxury,24000.0,24900.0,34500.0,1.386,22,9,0.409,0.597,37,1,Autumn Regular,1.0,Holiday,1.35,Honeymooners,0.27,0.9,0.616,0.3,73.4,1
travel_package,PKG-07,Kerala Backwaters & Tea Hills 5D4N,Nature/Wellness,19500.0,21800.0,22900.0,1.05,35,3,0.086,0.925,4,0,Autumn Regular,1.0,Normal Day,1.0,Solo Backpacker,1.37,3.4,0.504,2.3,64.95,2
travel_package,PKG-08,Dubai Extravaganza & Safari 5D4N,International Tour,45000.0,48100.0,102600.0,2.133,15,6,0.4,0.585,46,0,Winter Peak,1.5,Festival,1.45,Family Group,0.92,2.8,0.726,1.3,94.73,2
travel_package,PKG-01,Andaman Island Reef Explorer 5D4N,Island/Diving,32000.0,33700.0,31700.0,0.941,18,8,0.444,0.573,13,0,Autumn Regular,1.0,Normal Day,1.0,Honeymooners,0.32,0.2,0.482,3.3,53.68,5
travel_package,PKG-02,Kerala Backwaters & Tea Hills 5D4N,Nature/Wellness,19500.0,20100.0,22900.0,1.139,35,8,0.229,0.767,8,0,Autumn Regular,1.0,Normal Day,1.0,Corporate Retreat,0.41,0.9,0.47,1.3,52.6,1
travel_package,PKG-03,Goa Beach & Nightlife Getaway 4D3N,Coastal/Leisure,16500.0,17300.0,22200.0,1.283,30,12,0.4,0.591,20,1,Autumn Regular,1.0,Festival,1.45,Family Group,0.89,6.3,0.602,2.3,76.04,3
travel_package,PKG-04,Goa Beach & Nightlife Getaway 4D3N,Coastal/Leisure,16500.0,17600.0,27900.0,1.585,30,8,0.267,0.74,4,1,Spring Festive,1.25,Holiday,1.35,Family Group,0.89,3.1,0.704,2.3,91.26,3
